internal_record_id,functional_record_id,household_id,first_name,middle_name,last_name,full_name,given_name,gender,birth_date,estimated_age,marital_status,phone_numbers,emails,foundational_id,foundational_id_masked,education_level,language_code,image_file,country,region,district,ward,village,latitude,longitude,altitude,plus_code,address_line_1,address_line_2,postal_code,country_code,primary_livelihood,secondary_livelihood,employment_status,coping_strategies_index,mobile_phone_type,disability_status,orphanhood_flag,chronic_illness_flag,displacement_status,pastoralist_classification,high_mobility_indicator,plw_status,plw_status_date,livestock,land,shocks,disabilities,programs
i0001,IND-0001,h001,Lance,,Hoffman,Lance Hoffman,Lance Hoffman,MALE,1968-04-14,58,MARRIED,"[{""type"": ""mobile"", ""number"": ""+10000000001"", ""is_primary"": true}]",lrobinson@example.com,4733616459,XXXXXX6459,CAN_READ_AND_WRITE,en,images/IND-0001.jpg,kamuntu,jasiri,baraka,umani,bimaka,13.5559,71.496,158,35AB+14,65423 Garcia Light,Sector 2,000001,KM,SERVICES,,SELF_EMPLOYED,6,BASIC,,,,,,,,,"[{""livestock_species"": ""GOATS"", ""livestock_counts"": ""BAND_1_5""}, {""livestock_species"": ""CHICKEN"", ""livestock_counts"": ""BAND_6_10""}, {""livestock_species"": ""DONKEY"", ""livestock_counts"": ""BAND_21_PLUS""}]","[{""land_access"": ""TRUE"", ""land_size"": 4.44, ""productive_assets"": ""[\""PLOUGH\"", \""TRACTOR\""]""}, {""land_access"": ""TRUE"", ""land_size"": 6.49, ""productive_assets"": ""[\""TRACTOR\"", \""OTHER\""]""}, {""land_access"": ""TRUE"", ""land_size"": 3.19, ""productive_assets"": null}]",[],[],"[{""program_name"": ""PROG_EDUCATION_SUPPORT"", ""program_start_date"": ""2024-01-28"", ""program_exit_date"": null}, {""program_name"": ""PROG_HEALTH_INSURANCE"", ""program_start_date"": ""2023-01-28"", ""program_exit_date"": null}]"
i0002,IND-0002,h001,Brent,,Hoffman,Brent Hoffman,Brent Hoffman,FEMALE,1999-06-01,27,MARRIED,"[{""type"": ""mobile"", ""number"": ""+10000000002"", ""is_primary"": true}]",lindsay78@example.org,9776552803,XXXXXX2803,HIGHER_EDUCATION,en,images/IND-0002.jpg,kamuntu,jasiri,baraka,umani,bimaka,13.5259,71.4925,286,35AB+14,84959 Janet Cape Apt. 413,Sector 3,000002,KM,SERVICES,,UNEMPLOYED,3,BASIC,,,,,,,,,[],"[{""land_access"": ""TRUE"", ""land_size"": 7.28, ""productive_assets"": ""[\""PLOUGH\""]""}, {""land_access"": ""TRUE"", ""land_size"": 5.52, ""productive_assets"": ""[\""PLOUGH\""]""}]",[],[],[]
i0003,IND-0003,h001,Sharon,,Hoffman,Sharon Hoffman,Sharon Hoffman,FEMALE,1982-03-02,44,MARRIED,"[{""type"": ""mobile"", ""number"": ""+10000000003"", ""is_primary"": true}]",,1298737106,XXXXXX7106,ILLITERATE,en,images/IND-0003.jpg,kamuntu,jasiri,baraka,umani,bimaka,13.5461,71.5573,70,35AB+15,525 Clark Grove Apt. 928,Sector 4,000003,KM,SERVICES,CRAFT,EMPLOYED,5,NONE,NO,FALSE,FALSE,HOST_COMMUNITY,SETTLED,FALSE,NO,,[],[],[],"[{""disability_domain"": ""HEARING"", ""disability_severity"": ""CANNOT_DO_AT_ALL""}, {""disability_domain"": ""SELF_CARE"", ""disability_severity"": ""SOME_DIFFICULTY""}]",[]
i0004,IND-0004,h002,Monica,,Martin,Monica Martin,Monica Martin,FEMALE,1993-03-11,33,MARRIED,"[{""type"": ""mobile"", ""number"": ""+10000000004"", ""is_primary"": true}]",,8173347748,XXXXXX7748,CAN_READ_AND_WRITE,en,images/IND-0004.jpg,kamuntu,chakula,rafiki,uhuruumeme,biluju,17.1602,69.1584,68,71AB+91,8350 Lydia Valley Suite 641,Sector 5,000004,KM,CRAFT,,UNEMPLOYED,0,NONE,,,,,,,,,[],[],"[{""shock_type"": ""ILLNESS"", ""shock_date"": ""2025-03-12"", ""shock_period"": ""2025-Q1"", ""coping_strategy"": ""CS_BORROW""}]",[],[]
i0005,IND-0005,h002,Daniel,Nancy,Martin,Daniel Nancy Martin,Daniel Nancy Martin,MALE,1987-02-21,39,MARRIED,"[{""type"": ""mobile"", ""number"": ""+10000000005"", ""is_primary"": true}]",jason76@example.net,1240251661,XXXXXX1661,CAN_READ_AND_WRITE,en,images/IND-0005.jpg,kamuntu,chakula,rafiki,uhuruumeme,biluju,17.1722,69.1705,152,71AB+91,42388 Burgess Meadow Suite 532,Sector 6,000005,KM,SERVICES,,RETIRED,2,SMARTPHONE,,,,,,,,,[],"[{""land_access"": ""FALSE"", ""land_size"": null, ""productive_assets"": null}, {""land_access"": ""TRUE"", ""land_size"": 7.2, ""productive_assets"": ""[\""TRACTOR\""]""}, {""land_access"": ""TRUE"", ""land_size"": 7.78, ""productive_assets"": ""[\""OTHER\""]""}]",[],[],[]
i0006,IND-0006,h002,Katrina,Brandon,Martin,Katrina Brandon Martin,Katrina Brandon Martin,FEMALE,1981-08-26,44,DIVORCED,"[{""type"": ""mobile"", ""number"": ""+10000000006"", ""is_primary"": true}]",hernandezernest@example.net,2970753705,XXXXXX3705,HIGHER_EDUCATION,en,images/IND-0006.jpg,kamuntu,chakula,rafiki,uhuruumeme,biluju,17.1165,69.1147,193,71AB+91,166 Rice Plaza Apt. 184,Sector 7,000006,KM,SERVICES,,RETIRED,4,NONE,,,,,,,,,[],"[{""land_access"": ""TRUE"", ""land_size"": 1.43, ""productive_assets"": null}]","[{""shock_type"": ""DROUGHT"", ""shock_date"": ""2025-09-02"", ""shock_period"": ""2025-Q3"", ""coping_strategy"": ""CS_SELL_ASSETS""}]",[],[]
i0007,IND-0007,h002,Patricia,,Martin,Patricia Martin,Patricia Martin,FEMALE,1996-07-29,29,DIVORCED,"[{""type"": ""mobile"", ""number"": ""+10000000007"", ""is_primary"": true}]",,3119634399,XXXXXX4399,INTERMEDIARY,en,images/IND-0007.jpg,kamuntu,chakula,rafiki,uhuruumeme,biluju,17.1656,69.1761,89,71AB+91,2704 William Coves Suite 893,Sector 8,000007,KM,BUSINESS_TRADE,,EMPLOYED,6,SMARTPHONE,,,,,,,,,[],[],"[{""shock_type"": ""ILLNESS"", ""shock_date"": ""2025-10-25"", ""shock_period"": ""2025-Q4"", ""coping_strategy"": ""CS_REDUCE_MEALS""}, {""shock_type"": ""DROUGHT"", ""shock_date"": ""2025-02-14"", ""shock_period"": ""2025-Q1"", ""coping_strategy"": ""CS_BORROW""}]",[],[]
i0008,IND-0008,h002,Christian,,Martin,Christian Martin,Christian Martin,MALE,1990-12-30,35,MARRIED,"[{""type"": ""mobile"", ""number"": ""+10000000008"", ""is_primary"": true}]",,9639245200,XXXXXX5200,BASIC,en,images/IND-0008.jpg,kamuntu,chakula,rafiki,uhuruumeme,biluju,17.1621,69.1582,187,71AB+91,570 Sarah Wells,Sector 9,000008,KM,AGRICULTURE,,SELF_EMPLOYED,1,SMARTPHONE,,,,,,,,,"[{""livestock_species"": ""CATTLE"", ""livestock_counts"": ""BAND_1_5""}]",[],[],[],[]
i0009,IND-0009,h003,Pamela,,Anderson,Pamela Anderson,Pamela Anderson,FEMALE,1997-01-12,29,MARRIED,"[{""type"": ""mobile"", ""number"": ""+10000000009"", ""is_primary"": true}]",,4274958945,XXXXXX8945,HIGHER_EDUCATION,en,images/IND-0009.jpg,kamuntu,kilima,pembe,upande,bigeu,14.0239,66.0479,185,40AB+60,248 Brandt Plains Apt. 465,Sector 1,000009,KM,GOVT_EMPLOYMENT,SERVICES,EMPLOYED,5,NONE,,,,,,,,,[],[],"[{""shock_type"": ""ILLNESS"", ""shock_date"": ""2025-10-09"", ""shock_period"": ""2025-Q4"", ""coping_strategy"": ""CS_REDUCE_MEALS""}]","[{""disability_domain"": ""MOBILITY"", ""disability_severity"": ""CANNOT_DO_AT_ALL""}]",[]
i0010,IND-0010,h003,Jessica,,Anderson,Jessica Anderson,Jessica Anderson,MALE,2013-05-04,13,MARRIED,"[{""type"": ""mobile"", ""number"": ""+10000000010"", ""is_primary"": true}]",,2320763135,XXXXXX3135,ILLITERATE,en,images/IND-0010.jpg,kamuntu,kilima,pembe,upande,bigeu,13.9758,66.0578,292,39AB+60,31509 Brianna Avenue,Sector 2,000010,KM,,,,,,NO,FALSE,FALSE,HOST_COMMUNITY,PASTORALIST,TRUE,NO,,[],[],[],[],[]
i0011,IND-0011,h003,Benjamin,,Anderson,Benjamin Anderson,Benjamin Anderson,MALE,1968-07-24,57,MARRIED,"[{""type"": ""mobile"", ""number"": ""+10000000011"", ""is_primary"": true}]",,3361388464,XXXXXX8464,HIGHER_EDUCATION,en,images/IND-0011.jpg,kamuntu,kilima,pembe,upande,bigeu,13.9965,66.0572,158,39AB+60,05183 Caldwell Forest,Sector 3,000011,KM,CRAFT,,SELF_EMPLOYED,0,NONE,,,,,,,,,[],"[{""land_access"": ""FALSE"", ""land_size"": null, ""productive_assets"": ""[\""OTHER\""]""}, {""land_access"": ""TRUE"", ""land_size"": 1.02, ""productive_assets"": ""[\""OTHER\""]""}, {""land_access"": ""FALSE"", ""land_size"": null, ""productive_assets"": ""[\""TRACTOR\""]""}]","[{""shock_type"": ""ILLNESS"", ""shock_date"": ""2025-07-02"", ""shock_period"": ""2025-Q3"", ""coping_strategy"": ""CS_SEEK_AID""}, {""shock_type"": ""CONFLICT"", ""shock_date"": ""2025-05-12"", ""shock_period"": ""2025-Q2"", ""coping_strategy"": ""CS_REDUCE_MEALS""}]",[],"[{""program_name"": ""PROG_HEALTH_INSURANCE"", ""program_start_date"": ""2023-08-07"", ""program_exit_date"": null}]"
i0012,IND-0012,h003,Joshua,,Anderson,Joshua Anderson,Joshua Anderson,MALE,1986-06-06,40,MARRIED,"[{""type"": ""mobile"", ""number"": ""+10000000012"", ""is_primary"": true}]",esanchez@example.com,7517938612,XXXXXX8612,HIGHER_EDUCATION,en,images/IND-0012.jpg,kamuntu,kilima,pembe,upande,bigeu,13.9821,65.9925,136,39AB+59,16566 Shields Center,Sector 4,000012,KM,GOVT_EMPLOYMENT,,SELF_EMPLOYED,2,NONE,,,,,,,,,[],[],"[{""shock_type"": ""ILLNESS"", ""shock_date"": ""2025-02-21"", ""shock_period"": ""2025-Q1"", ""coping_strategy"": ""CS_SELL_ASSETS""}, {""shock_type"": ""JOB_LOSS"", ""shock_date"": ""2025-01-16"", ""shock_period"": ""2025-Q1"", ""coping_strategy"": ""CS_SELL_ASSETS""}]",[],[]
i0013,IND-0013,h003,Michael,,Anderson,Michael Anderson,Michael Anderson,MALE,2022-07-05,3,SINGLE,"[{""type"": ""mobile"", ""number"": ""+10000000013"", ""is_primary"": true}]",,3710566582,XXXXXX6582,,en,images/IND-0013.jpg,kamuntu,kilima,pembe,upande,bigeu,13.9929,66.0605,270,39AB+60,65133 Amanda Dam,Sector 5,000013,KM,,,,,,NO,FALSE,FALSE,HOST_COMMUNITY,SETTLED,FALSE,NO,,[],[],[],"[{""disability_domain"": ""SELF_CARE"", ""disability_severity"": ""A_LOT_OF_DIFFICULTY""}, {""disability_domain"": ""MOBILITY"", ""disability_severity"": ""A_LOT_OF_DIFFICULTY""}]",[]
i0014,IND-0014,h004,Javier,John,Ramirez,Javier John Ramirez,Javier John Ramirez,MALE,1989-05-26,37,MARRIED,"[{""type"": ""mobile"", ""number"": ""+10000000014"", ""is_primary"": true}]",ramosmichelle@example.net,3030106617,XXXXXX6617,INTERMEDIARY,en,images/IND-0014.jpg,kamuntu,chakula,njia,wingu,bilufu,17.8385,67.8407,98,78AB+78,80132 Tucker Forest,Sector 6,000014,KM,WAGE_LABOR,,EMPLOYED,7,NONE,,,,,,,,,"[{""livestock_species"": ""CATTLE"", ""livestock_counts"": ""BAND_21_PLUS""}, {""livestock_species"": ""GOATS"", ""livestock_counts"": ""BAND_21_PLUS""}]",[],[],"[{""disability_domain"": ""VISION"", ""disability_severity"": ""CANNOT_DO_AT_ALL""}]",[]
i0015,IND-0015,h004,Sharon,,Ramirez,Sharon Ramirez,Sharon Ramirez,FEMALE,1985-02-21,41,MARRIED,"[{""type"": ""mobile"", ""number"": ""+10000000015"", ""is_primary"": true}]",,3775320897,XXXXXX0897,CAN_READ_AND_WRITE,en,images/IND-0015.jpg,kamuntu,chakula,njia,wingu,bilufu,17.7661,67.8328,254,77AB+78,0647 Henderson Street,Sector 7,000015,KM,UNEMPLOYED,,EMPLOYED,7,NONE,,,,,,,,,[],[],"[{""shock_type"": ""FLOOD"", ""shock_date"": ""2025-09-22"", ""shock_period"": ""2025-Q3"", ""coping_strategy"": ""CS_BORROW""}]","[{""disability_domain"": ""SELF_CARE"", ""disability_severity"": ""SOME_DIFFICULTY""}, {""disability_domain"": ""MOBILITY"", ""disability_severity"": ""SOME_DIFFICULTY""}]",[]
i0016,IND-0016,h004,Zachary,Jennifer,Ramirez,Zachary Jennifer Ramirez,Zachary Jennifer Ramirez,MALE,1992-01-12,34,SINGLE,"[{""type"": ""mobile"", ""number"": ""+10000000016"", ""is_primary"": true}]",,2986972437,XXXXXX2437,HIGHER_EDUCATION,en,images/IND-0016.jpg,kamuntu,chakula,njia,wingu,bilufu,17.8474,67.7675,256,78AB+77,43098 Julie Centers,Sector 8,000016,KM,SERVICES,,UNEMPLOYED,1,BASIC,NO,FALSE,FALSE,HOST_COMMUNITY,SETTLED,FALSE,NO,,[],"[{""land_access"": ""TRUE"", ""land_size"": 6.56, ""productive_assets"": null}, {""land_access"": ""TRUE"", ""land_size"": 3.95, ""productive_assets"": null}, {""land_access"": ""TRUE"", ""land_size"": 3.68, ""productive_assets"": ""[\""PLOUGH\""]""}]",[],[],[]
i0017,IND-0017,h005,Anthony,,Woods,Anthony Woods,Anthony Woods,MALE,1954-12-01,71,MARRIED,"[{""type"": ""mobile"", ""number"": ""+10000000017"", ""is_primary"": true}]",brianromero@example.org,7380780055,XXXXXX0055,ILLITERATE,en,images/IND-0017.jpg,kamuntu,kilima,pembe,wingi,bieke,12.8714,71.8901,65,28AB+18,136 Shelly Port,Sector 9,000017,KM,WAGE_LABOR,,SELF_EMPLOYED,1,BASIC,NO,FALSE,FALSE,HOST_COMMUNITY,SETTLED,FALSE,NO,,"[{""livestock_species"": ""GOATS"", ""livestock_counts"": ""BAND_6_10""}, {""livestock_species"": ""CATTLE"", ""livestock_counts"": ""BAND_11_20""}]","[{""land_access"": ""TRUE"", ""land_size"": 9.47, ""productive_assets"": null}]","[{""shock_type"": ""ILLNESS"", ""shock_date"": ""2025-11-24"", ""shock_period"": ""2025-Q4"", ""coping_strategy"": ""CS_BORROW""}]",[],[]
i0018,IND-0018,h005,Danielle,Christine,Woods,Danielle Christine Woods,Danielle Christine Woods,FEMALE,1970-04-21,56,MARRIED,"[{""type"": ""mobile"", ""number"": ""+10000000018"", ""is_primary"": true}]",ksandoval@example.net,3090237817,XXXXXX7817,HIGHER_EDUCATION,en,images/IND-0018.jpg,kamuntu,kilima,pembe,wingi,bieke,12.869,71.8718,64,28AB+18,3534 Anderson Rue Suite 751,Sector 1,000018,KM,BUSINESS_TRADE,,UNEMPLOYED,2,SMARTPHONE,,,,,,,,,[],"[{""land_access"": ""TRUE"", ""land_size"": 2.64, ""productive_assets"": ""[\""TRACTOR\""]""}, {""land_access"": ""TRUE"", ""land_size"": 7.22, ""productive_assets"": ""[\""OTHER\"", \""TRACTOR\""]""}]","[{""shock_type"": ""JOB_LOSS"", ""shock_date"": ""2025-12-08"", ""shock_period"": ""2025-Q4"", ""coping_strategy"": ""CS_SEEK_AID""}, {""shock_type"": ""FLOOD"", ""shock_date"": ""2025-09-23"", ""shock_period"": ""2025-Q3"", ""coping_strategy"": ""CS_BORROW""}]",[],[]
i0019,IND-0019,h005,Adam,,Woods,Adam Woods,Adam Woods,MALE,2010-10-15,15,SINGLE,"[{""type"": ""mobile"", ""number"": ""+10000000019"", ""is_primary"": true}]",,1676168421,XXXXXX8421,ILLITERATE,en,images/IND-0019.jpg,kamuntu,kilima,pembe,wingi,bieke,12.9461,71.858,97,29AB+18,83842 Ibarra Gardens,Sector 2,000019,KM,CRAFT,AGRICULTURE,RETIRED,2,BASIC,NO,FALSE,FALSE,HOST_COMMUNITY,SETTLED,FALSE,NO,,[],[],[],[],[]
i0020,IND-0020,h006,Jacob,,Moore,Jacob Moore,Jacob Moore,MALE,1954-06-23,72,MARRIED,"[{""type"": ""mobile"", ""number"": ""+10000000020"", ""is_primary"": true}]",,5647083348,XXXXXX3348,CAN_READ_AND_WRITE,en,images/IND-0020.jpg,kamuntu,jasiri,ndoto,habari,biluzo,12.4657,68.4565,130,24AB+84,808 Huynh Cove Apt. 411,Sector 3,000020,KM,AGRICULTURE,,UNEMPLOYED,1,BASIC,NO,FALSE,TRUE,HOST_COMMUNITY,SETTLED,FALSE,NO,,"[{""livestock_species"": ""GOATS"", ""livestock_counts"": ""BAND_21_PLUS""}]",[],"[{""shock_type"": ""DROUGHT"", ""shock_date"": ""2025-02-20"", ""shock_period"": ""2025-Q1"", ""coping_strategy"": ""CS_REDUCE_MEALS""}, {""shock_type"": ""ILLNESS"", ""shock_date"": ""2025-06-24"", ""shock_period"": ""2025-Q2"", ""coping_strategy"": ""CS_REDUCE_MEALS""}]","[{""disability_domain"": ""HEARING"", ""disability_severity"": ""A_LOT_OF_DIFFICULTY""}]",[]
i0021,IND-0021,h006,Natalie,Juan,Moore,Natalie Juan Moore,Natalie Juan Moore,FEMALE,1986-06-06,40,MARRIED,"[{""type"": ""mobile"", ""number"": ""+10000000021"", ""is_primary"": true}]",jenniferharris@example.net,7258731893,XXXXXX1893,HIGHER_EDUCATION,en,images/IND-0021.jpg,kamuntu,jasiri,ndoto,habari,biluzo,12.4929,68.4936,52,24AB+84,740 Cynthia Village Suite 005,Sector 4,000021,KM,BUSINESS_TRADE,GOVT_EMPLOYMENT,SELF_EMPLOYED,2,SMARTPHONE,,,,,,,,,[],[],[],[],[]
i0022,IND-0022,h006,Ray,Jose,Moore,Ray Jose Moore,Ray Jose Moore,MALE,2005-07-07,20,SINGLE,"[{""type"": ""mobile"", ""number"": ""+10000000022"", ""is_primary"": true}]",,6344160868,XXXXXX0868,HIGHER_EDUCATION,en,images/IND-0022.jpg,kamuntu,jasiri,ndoto,habari,biluzo,12.4285,68.4438,189,24AB+84,680 Charles Spurs Apt. 805,Sector 5,000022,KM,UNEMPLOYED,CRAFT,UNEMPLOYED,3,SMARTPHONE,,,,,,,,,"[{""livestock_species"": ""CATTLE"", ""livestock_counts"": ""BAND_6_10""}, {""livestock_species"": ""CHICKEN"", ""livestock_counts"": ""BAND_11_20""}]",[],"[{""shock_type"": ""CONFLICT"", ""shock_date"": ""2025-07-14"", ""shock_period"": ""2025-Q3"", ""coping_strategy"": ""CS_SEEK_AID""}, {""shock_type"": ""CONFLICT"", ""shock_date"": ""2025-06-12"", ""shock_period"": ""2025-Q2"", ""coping_strategy"": ""CS_SELL_ASSETS""}]",[],[]
i0023,IND-0023,h007,Kevin,,Hernandez,Kevin Hernandez,Kevin Hernandez,MALE,1986-08-13,39,MARRIED,"[{""type"": ""mobile"", ""number"": ""+10000000023"", ""is_primary"": true}]",bobbydiaz@example.org,4771526597,XXXXXX6597,BASIC,en,images/IND-0023.jpg,kamuntu,faraja,tunza,kuitwa,bilova,17.8664,71.929,240,78AB+19,31586 Sara Freeway Apt. 260,Sector 6,000023,KM,SERVICES,BUSINESS_TRADE,RETIRED,7,SMARTPHONE,,,,,,,,,"[{""livestock_species"": ""CATTLE"", ""livestock_counts"": ""BAND_1_5""}]",[],"[{""shock_type"": ""JOB_LOSS"", ""shock_date"": ""2025-09-01"", ""shock_period"": ""2025-Q3"", ""coping_strategy"": ""CS_SELL_ASSETS""}]",[],[]
i0024,IND-0024,h007,Cassie,,Hernandez,Cassie Hernandez,Cassie Hernandez,FEMALE,1975-12-11,50,MARRIED,"[{""type"": ""mobile"", ""number"": ""+10000000024"", ""is_primary"": true}]",,8958199946,XXXXXX9946,ILLITERATE,en,images/IND-0024.jpg,kamuntu,faraja,tunza,kuitwa,bilova,17.8905,71.8651,282,78AB+18,342 Patrick Camp Suite 337,Sector 7,000024,KM,SERVICES,BUSINESS_TRADE,RETIRED,5,BASIC,,,,,,,,,[],"[{""land_access"": ""TRUE"", ""land_size"": 3.71, ""productive_assets"": null}, {""land_access"": ""TRUE"", ""land_size"": 2.5, ""productive_assets"": ""[\""OTHER\""]""}]",[],[],"[{""program_name"": ""PROG_FOOD_AID"", ""program_start_date"": ""2024-08-25"", ""program_exit_date"": null}, {""program_name"": ""PROG_HEALTH_INSURANCE"", ""program_start_date"": ""2023-05-26"", ""program_exit_date"": null}]"
i0025,IND-0025,h007,Hannah,,Hernandez,Hannah Hernandez,Hannah Hernandez,FEMALE,2024-08-09,1,SINGLE,"[{""type"": ""mobile"", ""number"": ""+10000000025"", ""is_primary"": true}]",,4311931853,XXXXXX1853,,en,images/IND-0025.jpg,kamuntu,faraja,tunza,kuitwa,bilova,17.9037,71.8662,239,79AB+18,03654 Tammy Harbors,Sector 8,000025,KM,,,,,,NO,FALSE,FALSE,IDP,SETTLED,FALSE,NO,,[],[],[],[],[]
i0026,IND-0026,h007,Heather,,Hernandez,Heather Hernandez,Heather Hernandez,FEMALE,2001-04-11,25,SINGLE,"[{""type"": ""mobile"", ""number"": ""+10000000026"", ""is_primary"": true}]",,3373077218,XXXXXX7218,ILLITERATE,en,images/IND-0026.jpg,kamuntu,faraja,tunza,kuitwa,bilova,17.883,71.8442,143,78AB+18,14294 Daniel Mews Suite 569,Sector 9,000026,KM,CRAFT,,SELF_EMPLOYED,7,BASIC,,,,,,,,,"[{""livestock_species"": ""CATTLE"", ""livestock_counts"": ""BAND_1_5""}, {""livestock_species"": ""DONKEY"", ""livestock_counts"": ""BAND_11_20""}, {""livestock_species"": ""CAMEL"", ""livestock_counts"": ""BAND_1_5""}]",[],[],[],"[{""program_name"": ""PROG_HEALTH_INSURANCE"", ""program_start_date"": ""2023-01-03"", ""program_exit_date"": null}]"
i0027,IND-0027,h007,Victoria,Rachel,Hernandez,Victoria Rachel Hernandez,Victoria Rachel Hernandez,FEMALE,2007-05-03,19,MARRIED,"[{""type"": ""mobile"", ""number"": ""+10000000027"", ""is_primary"": true}]",,9051829827,XXXXXX9827,CAN_READ_AND_WRITE,en,images/IND-0027.jpg,kamuntu,faraja,tunza,kuitwa,bilova,17.9374,71.9149,286,79AB+19,0608 Michael Cliff,Sector 1,000027,KM,CRAFT,,RETIRED,4,SMARTPHONE,NO,FALSE,FALSE,IDP,PASTORALIST,TRUE,NO,,[],"[{""land_access"": ""FALSE"", ""land_size"": null, ""productive_assets"": ""[\""OTHER\""]""}]","[{""shock_type"": ""CONFLICT"", ""shock_date"": ""2025-08-08"", ""shock_period"": ""2025-Q3"", ""coping_strategy"": ""CS_SELL_ASSETS""}]",[],"[{""program_name"": ""PROG_HEALTH_INSURANCE"", ""program_start_date"": ""2025-10-07"", ""program_exit_date"": null}]"
i0028,IND-0028,h007,Travis,,Hernandez,Travis Hernandez,Travis Hernandez,MALE,2024-08-12,1,SINGLE,"[{""type"": ""mobile"", ""number"": ""+10000000028"", ""is_primary"": true}]",,6360837474,XXXXXX7474,,en,images/IND-0028.jpg,kamuntu,faraja,tunza,kuitwa,bilova,17.8559,71.9101,147,78AB+19,148 Estrada Islands Suite 482,Sector 2,000028,KM,,,,,,NO,TRUE,FALSE,HOST_COMMUNITY,SETTLED,FALSE,NO,,[],[],[],[],[]
i0029,IND-0029,h007,Corey,,Hernandez,Corey Hernandez,Corey Hernandez,MALE,2003-04-30,23,MARRIED,"[{""type"": ""mobile"", ""number"": ""+10000000029"", ""is_primary"": true}]",lbyrd@example.net,4742303947,XXXXXX3947,ILLITERATE,en,images/IND-0029.jpg,kamuntu,faraja,tunza,kuitwa,bilova,17.8623,71.906,152,78AB+19,8044 Russell Prairie Suite 777,Sector 3,000029,KM,BUSINESS_TRADE,LIVESTOCK,RETIRED,0,NONE,,,,,,,,,[],"[{""land_access"": ""TRUE"", ""land_size"": 1.02, ""productive_assets"": null}, {""land_access"": ""TRUE"", ""land_size"": 2.02, ""productive_assets"": ""[\""TRACTOR\"", \""OTHER\""]""}, {""land_access"": ""TRUE"", ""land_size"": 0.25, ""productive_assets"": null}]",[],[],[]
i0030,IND-0030,h008,Megan,,Dixon,Megan Dixon,Megan Dixon,FEMALE,1982-07-28,43,MARRIED,"[{""type"": ""mobile"", ""number"": ""+10000000030"", ""is_primary"": true}]",donnacampbell@example.net,5033992825,XXXXXX2825,BASIC,en,images/IND-0030.jpg,kamuntu,faraja,tunza,kufa,bilosi,10.3015,69.387,95,03AB+93,34332 Brandon Mountains Apt. 769,Sector 4,000030,KM,SERVICES,GOVT_EMPLOYMENT,RETIRED,6,NONE,,,,,,,,,[],"[{""land_access"": ""TRUE"", ""land_size"": 2.63, ""productive_assets"": ""[\""OTHER\"", \""PLOUGH\""]""}, {""land_access"": ""TRUE"", ""land_size"": 5.61, ""productive_assets"": ""[\""OTHER\"", \""TRACTOR\""]""}, {""land_access"": ""FALSE"", ""land_size"": null, ""productive_assets"": ""[\""PLOUGH\"", \""OTHER\""]""}]",[],"[{""disability_domain"": ""MOBILITY"", ""disability_severity"": ""CANNOT_DO_AT_ALL""}]",[]
i0031,IND-0031,h008,Cory,Troy,Dixon,Cory Troy Dixon,Cory Troy Dixon,MALE,1985-02-25,41,MARRIED,"[{""type"": ""mobile"", ""number"": ""+10000000031"", ""is_primary"": true}]",,5791662169,XXXXXX2169,ILLITERATE,en,images/IND-0031.jpg,kamuntu,faraja,tunza,kufa,bilosi,10.38,69.309,61,03AB+93,01632 Williams Gateway,Sector 5,000031,KM,WAGE_LABOR,CRAFT,SELF_EMPLOYED,7,NONE,,,,,,,,,[],[],[],"[{""disability_domain"": ""HEARING"", ""disability_severity"": ""A_LOT_OF_DIFFICULTY""}, {""disability_domain"": ""COGNITION"", ""disability_severity"": ""A_LOT_OF_DIFFICULTY""}]",[]
i0032,IND-0032,h008,Thomas,,Dixon,Thomas Dixon,Thomas Dixon,MALE,2014-01-28,12,SINGLE,"[{""type"": ""mobile"", ""number"": ""+10000000032"", ""is_primary"": true}]",,7971399399,XXXXXX9399,BASIC,en,images/IND-0032.jpg,kamuntu,faraja,tunza,kufa,bilosi,10.3563,69.3025,280,03AB+93,8895 Salazar Stravenue,Sector 6,000032,KM,,,,,,NO,FALSE,FALSE,HOST_COMMUNITY,SETTLED,FALSE,NO,,[],[],[],[],[]
i0033,IND-0033,h008,Stephanie,,Dixon,Stephanie Dixon,Stephanie Dixon,FEMALE,1985-11-09,40,MARRIED,"[{""type"": ""mobile"", ""number"": ""+10000000033"", ""is_primary"": true}]",,1546696950,XXXXXX6950,CAN_READ_AND_WRITE,en,images/IND-0033.jpg,kamuntu,faraja,tunza,kufa,bilosi,10.332,69.384,223,03AB+93,77434 Sims Harbor Suite 143,Sector 7,000033,KM,LIVESTOCK,,UNEMPLOYED,7,SMARTPHONE,,,,,,,,,[],"[{""land_access"": ""TRUE"", ""land_size"": 2.25, ""productive_assets"": ""[\""OTHER\""]""}, {""land_access"": ""FALSE"", ""land_size"": null, ""productive_assets"": null}, {""land_access"": ""TRUE"", ""land_size"": 9.21, ""productive_assets"": ""[\""PLOUGH\"", \""OTHER\""]""}]",[],[],"[{""program_name"": ""PROG_FOOD_AID"", ""program_start_date"": ""2023-03-14"", ""program_exit_date"": null}, {""program_name"": ""PROG_EDUCATION_SUPPORT"", ""program_start_date"": ""2025-07-18"", ""program_exit_date"": null}]"
i0034,IND-0034,h008,Denise,,Dixon,Denise Dixon,Denise Dixon,FEMALE,1973-09-10,52,MARRIED,"[{""type"": ""mobile"", ""number"": ""+10000000034"", ""is_primary"": true}]",taylorjesse@example.net,8106906538,XXXXXX6538,CAN_READ_AND_WRITE,en,images/IND-0034.jpg,kamuntu,faraja,tunza,kufa,bilosi,10.3365,69.3342,104,03AB+93,316 Rivera Mountain,Sector 8,000034,KM,BUSINESS_TRADE,SERVICES,UNEMPLOYED,1,NONE,,,,,,,,,[],"[{""land_access"": ""TRUE"", ""land_size"": 4.18, ""productive_assets"": ""[\""TRACTOR\""]""}, {""land_access"": ""TRUE"", ""land_size"": 6.88, ""productive_assets"": ""[\""TRACTOR\"", \""OTHER\""]""}, {""land_access"": ""FALSE"", ""land_size"": null, ""productive_assets"": ""[\""PLOUGH\"", \""TRACTOR\""]""}]",[],"[{""disability_domain"": ""HEARING"", ""disability_severity"": ""CANNOT_DO_AT_ALL""}]","[{""program_name"": ""PROG_EDUCATION_SUPPORT"", ""program_start_date"": ""2023-12-14"", ""program_exit_date"": null}, {""program_name"": ""PROG_FOOD_AID"", ""program_start_date"": ""2023-02-23"", ""program_exit_date"": null}]"
i0035,IND-0035,h009,Jennifer,,Clark,Jennifer Clark,Jennifer Clark,FEMALE,1993-12-23,32,MARRIED,"[{""type"": ""mobile"", ""number"": ""+10000000035"", ""is_primary"": true}]",xprice@example.net,2333241445,XXXXXX1445,INTERMEDIARY,en,images/IND-0035.jpg,kamuntu,jasiri,baraka,safari,bimaqa,14.9307,71.8647,61,49AB+18,670 Evans Loaf,Sector 9,000035,KM,WAGE_LABOR,,EMPLOYED,7,NONE,,,,,,,,,[],[],[],[],"[{""program_name"": ""PROG_FOOD_AID"", ""program_start_date"": ""2024-03-25"", ""program_exit_date"": null}, {""program_name"": ""PROG_HEALTH_INSURANCE"", ""program_start_date"": ""2023-11-06"", ""program_exit_date"": null}]"
i0036,IND-0036,h009,Scott,,Clark,Scott Clark,Scott Clark,MALE,1967-08-07,58,MARRIED,"[{""type"": ""mobile"", ""number"": ""+10000000036"", ""is_primary"": true}]",,8285786023,XXXXXX6023,ILLITERATE,en,images/IND-0036.jpg,kamuntu,jasiri,baraka,safari,bimaqa,14.8994,71.8744,217,48AB+18,893 Robinson Mews Suite 065,Sector 1,000036,KM,GOVT_EMPLOYMENT,WAGE_LABOR,RETIRED,7,SMARTPHONE,,,,,,,,,[],[],[],"[{""disability_domain"": ""COGNITION"", ""disability_severity"": ""CANNOT_DO_AT_ALL""}, {""disability_domain"": ""COMMUNICATION"", ""disability_severity"": ""CANNOT_DO_AT_ALL""}]",[]
i0037,IND-0037,h009,Maureen,Jennifer,Clark,Maureen Jennifer Clark,Maureen Jennifer Clark,FEMALE,1968-11-21,57,MARRIED,"[{""type"": ""mobile"", ""number"": ""+10000000037"", ""is_primary"": true}]",,3394039673,XXXXXX9673,HIGHER_EDUCATION,en,images/IND-0037.jpg,kamuntu,jasiri,baraka,safari,bimaqa,14.9417,71.8621,84,49AB+18,98069 Christopher Meadow Apt. 720,Sector 2,000037,KM,UNEMPLOYED,,EMPLOYED,3,SMARTPHONE,,,,,,,,,[],[],"[{""shock_type"": ""FLOOD"", ""shock_date"": ""2025-11-16"", ""shock_period"": ""2025-Q4"", ""coping_strategy"": ""CS_SELL_ASSETS""}]",[],[]
i0038,IND-0038,h010,Debbie,,Murphy,Debbie Murphy,Debbie Murphy,FEMALE,1966-10-08,59,MARRIED,"[{""type"": ""mobile"", ""number"": ""+10000000038"", ""is_primary"": true}]",,8995059760,XXXXXX9760,HIGHER_EDUCATION,en,images/IND-0038.jpg,kamuntu,faraja,tunza,kuitwa,bilovi,12.885,67.9152,265,28AB+79,5646 Conley Mountains Apt. 805,Sector 3,000038,KM,WAGE_LABOR,BUSINESS_TRADE,EMPLOYED,7,NONE,NO,FALSE,FALSE,HOST_COMMUNITY,SETTLED,FALSE,NO,,[],[],[],[],"[{""program_name"": ""PROG_FOOD_AID"", ""program_start_date"": ""2024-10-01"", ""program_exit_date"": null}, {""program_name"": ""PROG_EDUCATION_SUPPORT"", ""program_start_date"": ""2024-04-15"", ""program_exit_date"": null}]"
i0039,IND-0039,h010,Courtney,,Murphy,Courtney Murphy,Courtney Murphy,MALE,2007-08-15,18,MARRIED,"[{""type"": ""mobile"", ""number"": ""+10000000039"", ""is_primary"": true}]",websterstefanie@example.org,6302109556,XXXXXX9556,CAN_READ_AND_WRITE,en,images/IND-0039.jpg,kamuntu,faraja,tunza,kuitwa,bilovi,12.8736,67.9293,70,28AB+79,232 Caldwell Port,Sector 4,000039,KM,UNEMPLOYED,,RETIRED,4,NONE,,,,,,,,,"[{""livestock_species"": ""SHEEP"", ""livestock_counts"": ""BAND_21_PLUS""}, {""livestock_species"": ""CATTLE"", ""livestock_counts"": ""BAND_6_10""}]",[],[],[],[]
i0040,IND-0040,h010,Theresa,,Murphy,Theresa Murphy,Theresa Murphy,FEMALE,1979-01-25,47,MARRIED,"[{""type"": ""mobile"", ""number"": ""+10000000040"", ""is_primary"": true}]",,7296096954,XXXXXX6954,HIGHER_EDUCATION,en,images/IND-0040.jpg,kamuntu,faraja,tunza,kuitwa,bilovi,12.8462,67.9233,149,28AB+79,2991 Tami Coves Apt. 496,Sector 5,000040,KM,SERVICES,CRAFT,UNEMPLOYED,1,NONE,,,,,,,,,[],"[{""land_access"": ""TRUE"", ""land_size"": 6.23, ""productive_assets"": ""[\""OTHER\"", \""PLOUGH\""]""}]","[{""shock_type"": ""JOB_LOSS"", ""shock_date"": ""2025-08-13"", ""shock_period"": ""2025-Q3"", ""coping_strategy"": ""CS_SEEK_AID""}]",[],"[{""program_name"": ""PROG_FOOD_AID"", ""program_start_date"": ""2023-07-10"", ""program_exit_date"": null}]"
i0041,IND-0041,h010,James,,Murphy,James Murphy,James Murphy,MALE,1971-12-23,54,MARRIED,"[{""type"": ""mobile"", ""number"": ""+10000000041"", ""is_primary"": true}]",,9344011888,XXXXXX1888,INTERMEDIARY,en,images/IND-0041.jpg,kamuntu,faraja,tunza,kuitwa,bilovi,12.8699,67.879,278,28AB+78,314 Laura Port,Sector 6,000041,KM,WAGE_LABOR,AGRICULTURE,UNEMPLOYED,3,NONE,,,,,,,,,[],[],[],[],"[{""program_name"": ""PROG_HEALTH_INSURANCE"", ""program_start_date"": ""2025-04-16"", ""program_exit_date"": null}, {""program_name"": ""PROG_EDUCATION_SUPPORT"", ""program_start_date"": ""2025-05-13"", ""program_exit_date"": null}]"
i0042,IND-0042,h010,Richard,,Murphy,Richard Murphy,Richard Murphy,MALE,2003-01-16,23,SINGLE,"[{""type"": ""mobile"", ""number"": ""+10000000042"", ""is_primary"": true}]",estanley@example.net,1116402431,XXXXXX2431,BASIC,en,images/IND-0042.jpg,kamuntu,faraja,tunza,kuitwa,bilovi,12.9043,67.8536,168,29AB+78,67165 Zimmerman Mews Apt. 849,Sector 7,000042,KM,WAGE_LABOR,,EMPLOYED,2,SMARTPHONE,,,,,,,,,"[{""livestock_species"": ""DONKEY"", ""livestock_counts"": ""BAND_1_5""}]",[],[],[],[]
i0043,IND-0043,h010,Rhonda,,Murphy,Rhonda Murphy,Rhonda Murphy,FEMALE,1993-12-04,32,MARRIED,"[{""type"": ""mobile"", ""number"": ""+10000000043"", ""is_primary"": true}]",,6923301988,XXXXXX1988,INTERMEDIARY,en,images/IND-0043.jpg,kamuntu,faraja,tunza,kuitwa,bilovi,12.9152,67.9232,114,29AB+79,6945 Mariah Corners Suite 737,Sector 8,000043,KM,CRAFT,,SELF_EMPLOYED,6,SMARTPHONE,,,,,,,,,"[{""livestock_species"": ""CHICKEN"", ""livestock_counts"": ""BAND_11_20""}, {""livestock_species"": ""DONKEY"", ""livestock_counts"": ""BAND_1_5""}]",[],[],[],[]
i0044,IND-0044,h010,Kelly,,Murphy,Kelly Murphy,Kelly Murphy,MALE,2013-08-19,12,SINGLE,"[{""type"": ""mobile"", ""number"": ""+10000000044"", ""is_primary"": true}]",,2062073697,XXXXXX3697,CAN_READ_AND_WRITE,en,images/IND-0044.jpg,kamuntu,faraja,tunza,kuitwa,bilovi,12.9239,67.9021,111,29AB+79,75273 Salinas Junctions Suite 948,Sector 9,000044,KM,,,,,,NO,FALSE,FALSE,HOST_COMMUNITY,SETTLED,FALSE,NO,,[],[],[],[],[]
i0045,IND-0045,h011,Anna,,Walker,Anna Walker,Anna Walker,FEMALE,1978-10-21,47,MARRIED,"[{""type"": ""mobile"", ""number"": ""+10000000045"", ""is_primary"": true}]",,2043030161,XXXXXX0161,ILLITERATE,en,images/IND-0045.jpg,kamuntu,chakula,makali,sura,biluqu,12.4997,66.4602,225,24AB+64,9578 Coleman Summit,Sector 1,000045,KM,BUSINESS_TRADE,,RETIRED,7,BASIC,,,,,,,,,[],"[{""land_access"": ""TRUE"", ""land_size"": 7.28, ""productive_assets"": ""[\""OTHER\""]""}]",[],[],"[{""program_name"": ""PROG_EDUCATION_SUPPORT"", ""program_start_date"": ""2025-02-11"", ""program_exit_date"": null}, {""program_name"": ""PROG_CASH_TRANSFER"", ""program_start_date"": ""2024-08-05"", ""program_exit_date"": null}]"
i0046,IND-0046,h011,Joshua,,Walker,Joshua Walker,Joshua Walker,MALE,1993-03-08,33,MARRIED,"[{""type"": ""mobile"", ""number"": ""+10000000046"", ""is_primary"": true}]",qnelson@example.org,8076144396,XXXXXX4396,BASIC,en,images/IND-0046.jpg,kamuntu,chakula,makali,sura,biluqu,12.4313,66.472,175,24AB+64,351 James Streets,Sector 2,000046,KM,UNEMPLOYED,,EMPLOYED,1,SMARTPHONE,,,,,,,,,[],"[{""land_access"": ""TRUE"", ""land_size"": 5.83, ""productive_assets"": ""[\""TRACTOR\"", \""OTHER\""]""}]","[{""shock_type"": ""FLOOD"", ""shock_date"": ""2025-01-23"", ""shock_period"": ""2025-Q1"", ""coping_strategy"": ""CS_REDUCE_MEALS""}, {""shock_type"": ""CONFLICT"", ""shock_date"": ""2025-06-12"", ""shock_period"": ""2025-Q2"", ""coping_strategy"": ""CS_BORROW""}]","[{""disability_domain"": ""MOBILITY"", ""disability_severity"": ""SOME_DIFFICULTY""}, {""disability_domain"": ""SELF_CARE"", ""disability_severity"": ""CANNOT_DO_AT_ALL""}]","[{""program_name"": ""PROG_HEALTH_INSURANCE"", ""program_start_date"": ""2024-06-20"", ""program_exit_date"": null}, {""program_name"": ""PROG_FOOD_AID"", ""program_start_date"": ""2025-02-17"", ""program_exit_date"": null}]"
i0047,IND-0047,h011,Kari,,Walker,Kari Walker,Kari Walker,FEMALE,1985-01-13,41,MARRIED,"[{""type"": ""mobile"", ""number"": ""+10000000047"", ""is_primary"": true}]",tina34@example.org,8088660633,XXXXXX0633,INTERMEDIARY,en,images/IND-0047.jpg,kamuntu,chakula,makali,sura,biluqu,12.4916,66.522,248,24AB+65,40824 Terri Plaza Suite 271,Sector 3,000047,KM,WAGE_LABOR,CRAFT,EMPLOYED,3,SMARTPHONE,,,,,,,,,[],[],[],[],[]
i0048,IND-0048,h012,Melissa,,Hernandez,Melissa Hernandez,Melissa Hernandez,FEMALE,2016-09-21,9,MARRIED,"[{""type"": ""mobile"", ""number"": ""+10000000048"", ""is_primary"": true}]",,6404582459,XXXXXX2459,BASIC,en,images/IND-0048.jpg,kamuntu,faraja,sihaya,kusoma,bicha,14.758,65.7896,275,47AB+57,31869 Kimberly Light Suite 749,Sector 4,000048,KM,,,,,,NO,TRUE,FALSE,IDP,PASTORALIST,TRUE,NO,,[],[],[],[],[]
i0049,IND-0049,h012,William,,Hernandez,William Hernandez,William Hernandez,MALE,2016-01-25,10,MARRIED,"[{""type"": ""mobile"", ""number"": ""+10000000049"", ""is_primary"": true}]",,8387664437,XXXXXX4437,INTERMEDIARY,en,images/IND-0049.jpg,kamuntu,faraja,sihaya,kusoma,bicha,14.7789,65.8058,226,47AB+58,133 Guerrero Estate,Sector 5,000049,KM,,,,,,NO,FALSE,FALSE,HOST_COMMUNITY,SETTLED,FALSE,NO,,[],[],[],[],[]
i0050,IND-0050,h012,Cynthia,,Hernandez,Cynthia Hernandez,Cynthia Hernandez,FEMALE,2024-10-29,1,SINGLE,"[{""type"": ""mobile"", ""number"": ""+10000000050"", ""is_primary"": true}]",,6246716604,XXXXXX6604,,en,images/IND-0050.jpg,kamuntu,faraja,sihaya,kusoma,bicha,14.7992,65.7606,198,47AB+57,67974 Jesse Squares,Sector 6,000050,KM,,,,,,NO,TRUE,FALSE,HOST_COMMUNITY,PASTORALIST,TRUE,NO,,[],[],[],[],[]
i0051,IND-0051,h012,Diane,,Hernandez,Diane Hernandez,Diane Hernandez,FEMALE,1991-12-14,34,DIVORCED,"[{""type"": ""mobile"", ""number"": ""+10000000051"", ""is_primary"": true}]",mcdanielsandra@example.net,7658867789,XXXXXX7789,ILLITERATE,en,images/IND-0051.jpg,kamuntu,faraja,sihaya,kusoma,bicha,14.7652,65.7754,128,47AB+57,1832 Serrano Cliffs,Sector 7,000051,KM,AGRICULTURE,,EMPLOYED,6,NONE,NO,FALSE,FALSE,HOST_COMMUNITY,SETTLED,FALSE,NO,,[],[],[],[],[]
i0052,IND-0052,h012,Anthony,,Hernandez,Anthony Hernandez,Anthony Hernandez,MALE,1976-05-10,50,SINGLE,"[{""type"": ""mobile"", ""number"": ""+10000000052"", ""is_primary"": true}]",scott74@example.net,8467250120,XXXXXX0120,BASIC,en,images/IND-0052.jpg,kamuntu,faraja,sihaya,kusoma,bicha,14.7576,65.789,244,47AB+57,8877 Carly Meadows Suite 940,Sector 8,000052,KM,GOVT_EMPLOYMENT,,UNEMPLOYED,0,SMARTPHONE,,,,,,,,,[],[],"[{""shock_type"": ""FLOOD"", ""shock_date"": ""2025-12-14"", ""shock_period"": ""2025-Q4"", ""coping_strategy"": ""CS_SELL_ASSETS""}]",[],[]
i0053,IND-0053,h012,Brandon,,Hernandez,Brandon Hernandez,Brandon Hernandez,MALE,2004-06-10,22,SINGLE,"[{""type"": ""mobile"", ""number"": ""+10000000053"", ""is_primary"": true}]",keyemily@example.com,9650701349,XXXXXX1349,BASIC,en,images/IND-0053.jpg,kamuntu,faraja,sihaya,kusoma,bicha,14.7834,65.7574,299,47AB+57,78742 Walters Overpass,Sector 9,000053,KM,CRAFT,SERVICES,EMPLOYED,5,NONE,,,,,,,,,[],[],[],[],[]
i0054,IND-0054,h012,Wayne,,Hernandez,Wayne Hernandez,Wayne Hernandez,MALE,1978-03-17,48,WIDOWED,"[{""type"": ""mobile"", ""number"": ""+10000000054"", ""is_primary"": true}]",,7760554363,XXXXXX4363,BASIC,en,images/IND-0054.jpg,kamuntu,faraja,sihaya,kusoma,bicha,14.7769,65.774,97,47AB+57,5125 Steele Heights Suite 807,Sector 1,000054,KM,AGRICULTURE,,EMPLOYED,0,SMARTPHONE,,,,,,,,,"[{""livestock_species"": ""CHICKEN"", ""livestock_counts"": ""BAND_1_5""}]",[],"[{""shock_type"": ""FLOOD"", ""shock_date"": ""2025-02-19"", ""shock_period"": ""2025-Q1"", ""coping_strategy"": ""CS_REDUCE_MEALS""}, {""shock_type"": ""DROUGHT"", ""shock_date"": ""2025-08-12"", ""shock_period"": ""2025-Q3"", ""coping_strategy"": ""CS_SEEK_AID""}]",[],"[{""program_name"": ""PROG_FOOD_AID"", ""program_start_date"": ""2025-08-20"", ""program_exit_date"": null}, {""program_name"": ""PROG_HEALTH_INSURANCE"", ""program_start_date"": ""2025-11-01"", ""program_exit_date"": null}]"
i0055,IND-0055,h013,Brandon,,King,Brandon King,Brandon King,MALE,1999-11-01,26,MARRIED,"[{""type"": ""mobile"", ""number"": ""+10000000055"", ""is_primary"": true}]",cordovarichard@example.net,3948284698,XXXXXX4698,CAN_READ_AND_WRITE,en,images/IND-0055.jpg,kamuntu,faraja,tunza,kuwasha,bilkua,11.2752,68.3411,292,12AB+83,876 Jacob Lake,Sector 2,000055,KM,SERVICES,,RETIRED,7,BASIC,,,,,,,,,[],[],[],[],"[{""program_name"": ""PROG_EDUCATION_SUPPORT"", ""program_start_date"": ""2024-10-02"", ""program_exit_date"": null}]"
i0056,IND-0056,h013,Marcus,,King,Marcus King,Marcus King,FEMALE,1988-02-15,38,MARRIED,"[{""type"": ""mobile"", ""number"": ""+10000000056"", ""is_primary"": true}]",nwolf@example.com,7539399243,XXXXXX9243,INTERMEDIARY,en,images/IND-0056.jpg,kamuntu,faraja,tunza,kuwasha,bilkua,11.3051,68.3043,270,13AB+83,7710 Jennifer Inlet,Sector 3,000056,KM,WAGE_LABOR,WAGE_LABOR,SELF_EMPLOYED,6,SMARTPHONE,,,,,,,,,[],"[{""land_access"": ""TRUE"", ""land_size"": 9.52, ""productive_assets"": null}, {""land_access"": ""TRUE"", ""land_size"": 3.5, ""productive_assets"": null}, {""land_access"": ""TRUE"", ""land_size"": 5.6, ""productive_assets"": null}]","[{""shock_type"": ""FLOOD"", ""shock_date"": ""2025-10-28"", ""shock_period"": ""2025-Q4"", ""coping_strategy"": ""CS_SEEK_AID""}]",[],[]
i0057,IND-0057,h013,Krista,,King,Krista King,Krista King,FEMALE,2019-04-04,7,SINGLE,"[{""type"": ""mobile"", ""number"": ""+10000000057"", ""is_primary"": true}]",,6201313620,XXXXXX3620,HIGHER_EDUCATION,en,images/IND-0057.jpg,kamuntu,faraja,tunza,kuwasha,bilkua,11.326,68.2757,94,13AB+82,17127 Hicks Groves,Sector 4,000057,KM,,,,,,NO,FALSE,FALSE,HOST_COMMUNITY,SETTLED,FALSE,NO,,[],[],[],[],[]
i0058,IND-0058,h013,Jason,Thomas,King,Jason Thomas King,Jason Thomas King,MALE,1986-01-12,40,MARRIED,"[{""type"": ""mobile"", ""number"": ""+10000000058"", ""is_primary"": true}]",,2250949136,XXXXXX9136,ILLITERATE,en,images/IND-0058.jpg,kamuntu,faraja,tunza,kuwasha,bilkua,11.2831,68.3307,229,12AB+83,263 Michelle Harbor Suite 584,Sector 5,000058,KM,BUSINESS_TRADE,WAGE_LABOR,RETIRED,1,SMARTPHONE,NO,FALSE,FALSE,HOST_COMMUNITY,SETTLED,FALSE,NO,,"[{""livestock_species"": ""DONKEY"", ""livestock_counts"": ""BAND_11_20""}]","[{""land_access"": ""TRUE"", ""land_size"": 8.29, ""productive_assets"": ""[\""PLOUGH\"", \""OTHER\""]""}, {""land_access"": ""TRUE"", ""land_size"": 5.24, ""productive_assets"": ""[\""PLOUGH\""]""}, {""land_access"": ""TRUE"", ""land_size"": 5.31, ""productive_assets"": ""[\""OTHER\""]""}]",[],[],[]
i0059,IND-0059,h013,Robert,,King,Robert King,Robert King,MALE,1967-04-13,59,MARRIED,"[{""type"": ""mobile"", ""number"": ""+10000000059"", ""is_primary"": true}]",mary97@example.org,5010075517,XXXXXX5517,BASIC,en,images/IND-0059.jpg,kamuntu,faraja,tunza,kuwasha,bilkua,11.3025,68.3145,215,13AB+83,755 Gibson Islands Apt. 396,Sector 6,000059,KM,BUSINESS_TRADE,,RETIRED,6,SMARTPHONE,,,,,,,,,"[{""livestock_species"": ""DONKEY"", ""livestock_counts"": ""BAND_11_20""}, {""livestock_species"": ""GOATS"", ""livestock_counts"": ""BAND_21_PLUS""}, {""livestock_species"": ""GOATS"", ""livestock_counts"": ""BAND_1_5""}]","[{""land_access"": ""TRUE"", ""land_size"": 9.6, ""productive_assets"": null}, {""land_access"": ""TRUE"", ""land_size"": 0.86, ""productive_assets"": ""[\""TRACTOR\"", \""OTHER\""]""}]",[],[],[]
i0060,IND-0060,h013,David,Bradley,King,David Bradley King,David Bradley King,MALE,2014-08-01,11,SINGLE,"[{""type"": ""mobile"", ""number"": ""+10000000060"", ""is_primary"": true}]",,9251459094,XXXXXX9094,INTERMEDIARY,en,images/IND-0060.jpg,kamuntu,faraja,tunza,kuwasha,bilkua,11.3039,68.3069,127,13AB+83,662 Hanna Crossroad Suite 171,Sector 7,000060,KM,,,,,,NO,FALSE,FALSE,HOST_COMMUNITY,SETTLED,FALSE,NO,,[],[],[],[],[]
i0061,IND-0061,h014,Kelly,,Bryant,Kelly Bryant,Kelly Bryant,FEMALE,1981-07-18,44,MARRIED,"[{""type"": ""mobile"", ""number"": ""+10000000061"", ""is_primary"": true}]",,2075321966,XXXXXX1966,HIGHER_EDUCATION,en,images/IND-0061.jpg,kamuntu,faraja,tunza,kuwasha,billah,10.0491,65.1362,264,00AB+51,2174 Hanson Locks,Sector 8,000061,KM,GOVT_EMPLOYMENT,SERVICES,UNEMPLOYED,7,SMARTPHONE,,,,,,,,,[],"[{""land_access"": ""TRUE"", ""land_size"": 2.11, ""productive_assets"": null}]",[],[],"[{""program_name"": ""PROG_FOOD_AID"", ""program_start_date"": ""2023-09-18"", ""program_exit_date"": null}]"
i0062,IND-0062,h014,Matthew,,Bryant,Matthew Bryant,Matthew Bryant,MALE,1995-06-14,31,MARRIED,"[{""type"": ""mobile"", ""number"": ""+10000000062"", ""is_primary"": true}]",ofinley@example.net,6047405755,XXXXXX5755,HIGHER_EDUCATION,en,images/IND-0062.jpg,kamuntu,faraja,tunza,kuwasha,billah,10.0919,65.0842,121,00AB+50,091 Crystal Heights Apt. 161,Sector 9,000062,KM,SERVICES,,UNEMPLOYED,5,SMARTPHONE,NO,FALSE,FALSE,HOST_COMMUNITY,SETTLED,FALSE,NO,,[],"[{""land_access"": ""TRUE"", ""land_size"": 3.64, ""productive_assets"": ""[\""OTHER\""]""}]",[],[],"[{""program_name"": ""PROG_CASH_TRANSFER"", ""program_start_date"": ""2023-05-10"", ""program_exit_date"": null}]"
i0063,IND-0063,h014,Paige,,Bryant,Paige Bryant,Paige Bryant,FEMALE,1999-06-13,27,MARRIED,"[{""type"": ""mobile"", ""number"": ""+10000000063"", ""is_primary"": true}]",wallaceheather@example.org,7048809022,XXXXXX9022,INTERMEDIARY,en,images/IND-0063.jpg,kamuntu,faraja,tunza,kuwasha,billah,10.0721,65.0505,91,00AB+50,0455 Thomas Pines,Sector 1,000063,KM,SERVICES,,SELF_EMPLOYED,0,SMARTPHONE,,,,,,,,,[],"[{""land_access"": ""TRUE"", ""land_size"": 3.69, ""productive_assets"": null}, {""land_access"": ""TRUE"", ""land_size"": 9.67, ""productive_assets"": null}]",[],[],"[{""program_name"": ""PROG_CASH_TRANSFER"", ""program_start_date"": ""2023-11-10"", ""program_exit_date"": null}, {""program_name"": ""PROG_HEALTH_INSURANCE"", ""program_start_date"": ""2024-02-19"", ""program_exit_date"": null}]"
i0064,IND-0064,h014,Jennifer,,Bryant,Jennifer Bryant,Jennifer Bryant,FEMALE,1984-06-08,42,MARRIED,"[{""type"": ""mobile"", ""number"": ""+10000000064"", ""is_primary"": true}]",,2953462417,XXXXXX2417,HIGHER_EDUCATION,en,images/IND-0064.jpg,kamuntu,faraja,tunza,kuwasha,billah,10.0715,65.0723,298,00AB+50,21969 Tyler Prairie,Sector 2,000064,KM,AGRICULTURE,,RETIRED,6,SMARTPHONE,,,,,,,,,[],[],[],[],[]
i0065,IND-0065,h014,Charles,,Bryant,Charles Bryant,Charles Bryant,MALE,1992-03-23,34,SINGLE,"[{""type"": ""mobile"", ""number"": ""+10000000065"", ""is_primary"": true}]",,7521647547,XXXXXX7547,CAN_READ_AND_WRITE,en,images/IND-0065.jpg,kamuntu,faraja,tunza,kuwasha,billah,10.1023,65.0898,163,01AB+50,4074 Charles Key Suite 647,Sector 3,000065,KM,AGRICULTURE,,EMPLOYED,6,NONE,NO,FALSE,FALSE,HOST_COMMUNITY,SETTLED,FALSE,NO,,"[{""livestock_species"": ""DONKEY"", ""livestock_counts"": ""BAND_11_20""}, {""livestock_species"": ""GOATS"", ""livestock_counts"": ""BAND_11_20""}]",[],[],[],[]
i0066,IND-0066,h015,Ryan,,Gonzalez,Ryan Gonzalez,Ryan Gonzalez,MALE,1985-10-31,40,MARRIED,"[{""type"": ""mobile"", ""number"": ""+10000000066"", ""is_primary"": true}]",gcastaneda@example.org,4433026356,XXXXXX6356,ILLITERATE,en,images/IND-0066.jpg,kamuntu,chakula,mfumo,changa,biloxa,19.971,68.9311,53,99AB+89,594 Johnson Village Suite 409,Sector 4,000066,KM,UNEMPLOYED,SERVICES,RETIRED,3,NONE,NO,FALSE,FALSE,HOST_COMMUNITY,SETTLED,FALSE,NO,,[],"[{""land_access"": ""TRUE"", ""land_size"": 3.75, ""productive_assets"": ""[\""OTHER\""]""}, {""land_access"": ""TRUE"", ""land_size"": 8.94, ""productive_assets"": ""[\""PLOUGH\""]""}, {""land_access"": ""FALSE"", ""land_size"": null, ""productive_assets"": ""[\""OTHER\""]""}]",[],[],[]
i0067,IND-0067,h015,Sean,,Gonzalez,Sean Gonzalez,Sean Gonzalez,FEMALE,1944-10-26,81,MARRIED,"[{""type"": ""mobile"", ""number"": ""+10000000067"", ""is_primary"": true}]",lozanojulie@example.com,5956268238,XXXXXX8238,INTERMEDIARY,en,images/IND-0067.jpg,kamuntu,chakula,mfumo,changa,biloxa,19.9933,68.9292,230,99AB+89,533 Byrd Stravenue,Sector 5,000067,KM,LIVESTOCK,,UNEMPLOYED,5,NONE,NO,FALSE,FALSE,HOST_COMMUNITY,SETTLED,FALSE,NO,,"[{""livestock_species"": ""CHICKEN"", ""livestock_counts"": ""BAND_21_PLUS""}]",[],"[{""shock_type"": ""JOB_LOSS"", ""shock_date"": ""2025-02-10"", ""shock_period"": ""2025-Q1"", ""coping_strategy"": ""CS_SELL_ASSETS""}, {""shock_type"": ""DROUGHT"", ""shock_date"": ""2025-03-14"", ""shock_period"": ""2025-Q1"", ""coping_strategy"": ""CS_REDUCE_MEALS""}]",[],"[{""program_name"": ""PROG_HEALTH_INSURANCE"", ""program_start_date"": ""2024-04-22"", ""program_exit_date"": null}]"
i0068,IND-0068,h015,Patricia,Derrick,Gonzalez,Patricia Derrick Gonzalez,Patricia Derrick Gonzalez,FEMALE,1992-11-21,33,SINGLE,"[{""type"": ""mobile"", ""number"": ""+10000000068"", ""is_primary"": true}]",,5594799319,XXXXXX9319,HIGHER_EDUCATION,en,images/IND-0068.jpg,kamuntu,chakula,mfumo,changa,biloxa,19.9773,68.9854,137,99AB+89,047 Bethany Street,Sector 6,000068,KM,AGRICULTURE,LIVESTOCK,SELF_EMPLOYED,6,NONE,NO,FALSE,FALSE,HOST_COMMUNITY,PASTORALIST,TRUE,NO,,[],"[{""land_access"": ""TRUE"", ""land_size"": 9.05, ""productive_assets"": ""[\""PLOUGH\"", \""OTHER\""]""}, {""land_access"": ""TRUE"", ""land_size"": 2.5, ""productive_assets"": ""[\""OTHER\""]""}]","[{""shock_type"": ""JOB_LOSS"", ""shock_date"": ""2025-12-19"", ""shock_period"": ""2025-Q4"", ""coping_strategy"": ""CS_SEEK_AID""}]","[{""disability_domain"": ""VISION"", ""disability_severity"": ""A_LOT_OF_DIFFICULTY""}]","[{""program_name"": ""PROG_FOOD_AID"", ""program_start_date"": ""2023-11-03"", ""program_exit_date"": null}]"
i0069,IND-0069,h015,Bonnie,,Gonzalez,Bonnie Gonzalez,Bonnie Gonzalez,FEMALE,2005-02-21,21,WIDOWED,"[{""type"": ""mobile"", ""number"": ""+10000000069"", ""is_primary"": true}]",julie23@example.org,8129391249,XXXXXX1249,HIGHER_EDUCATION,en,images/IND-0069.jpg,kamuntu,chakula,mfumo,changa,biloxa,19.9865,68.9447,173,99AB+89,842 Sloan Orchard Suite 517,Sector 7,000069,KM,WAGE_LABOR,GOVT_EMPLOYMENT,RETIRED,5,BASIC,,,,,,,,,"[{""livestock_species"": ""CATTLE"", ""livestock_counts"": ""BAND_1_5""}, {""livestock_species"": ""CAMEL"", ""livestock_counts"": ""BAND_11_20""}, {""livestock_species"": ""SHEEP"", ""livestock_counts"": ""BAND_21_PLUS""}]","[{""land_access"": ""TRUE"", ""land_size"": 0.84, ""productive_assets"": ""[\""TRACTOR\""]""}, {""land_access"": ""TRUE"", ""land_size"": 4.72, ""productive_assets"": ""[\""TRACTOR\"", \""OTHER\""]""}, {""land_access"": ""TRUE"", ""land_size"": 0.63, ""productive_assets"": ""[\""OTHER\"", \""TRACTOR\""]""}]",[],[],[]
i0070,IND-0070,h015,Tonya,,Gonzalez,Tonya Gonzalez,Tonya Gonzalez,FEMALE,1997-04-06,29,DIVORCED,"[{""type"": ""mobile"", ""number"": ""+10000000070"", ""is_primary"": true}]",,2644847276,XXXXXX7276,INTERMEDIARY,en,images/IND-0070.jpg,kamuntu,chakula,mfumo,changa,biloxa,19.9856,68.9411,131,99AB+89,685 Krystal Bridge,Sector 8,000070,KM,LIVESTOCK,BUSINESS_TRADE,SELF_EMPLOYED,7,NONE,,,,,,,,,"[{""livestock_species"": ""SHEEP"", ""livestock_counts"": ""BAND_11_20""}, {""livestock_species"": ""GOATS"", ""livestock_counts"": ""BAND_21_PLUS""}]",[],[],[],[]
i0071,IND-0071,h015,Deborah,,Gonzalez,Deborah Gonzalez,Deborah Gonzalez,FEMALE,1977-02-04,49,MARRIED,"[{""type"": ""mobile"", ""number"": ""+10000000071"", ""is_primary"": true}]",emily49@example.com,1158998032,XXXXXX8032,INTERMEDIARY,en,images/IND-0071.jpg,kamuntu,chakula,mfumo,changa,biloxa,19.9502,68.959,272,99AB+89,37098 Herman Forges Apt. 746,Sector 9,000071,KM,GOVT_EMPLOYMENT,,EMPLOYED,4,NONE,,,,,,,,,[],"[{""land_access"": ""FALSE"", ""land_size"": null, ""productive_assets"": ""[\""OTHER\""]""}, {""land_access"": ""TRUE"", ""land_size"": 4.08, ""productive_assets"": ""[\""PLOUGH\"", \""TRACTOR\""]""}]",[],[],[]
i0072,IND-0072,h015,Bruce,,Gonzalez,Bruce Gonzalez,Bruce Gonzalez,MALE,1985-04-16,41,SINGLE,"[{""type"": ""mobile"", ""number"": ""+10000000072"", ""is_primary"": true}]",torrestravis@example.org,5165932723,XXXXXX2723,INTERMEDIARY,en,images/IND-0072.jpg,kamuntu,chakula,mfumo,changa,biloxa,19.9075,68.9782,117,99AB+89,267 Santiago Summit,Sector 1,000072,KM,UNEMPLOYED,LIVESTOCK,SELF_EMPLOYED,2,SMARTPHONE,,,,,,,,,[],[],[],[],"[{""program_name"": ""PROG_HEALTH_INSURANCE"", ""program_start_date"": ""2023-09-15"", ""program_exit_date"": null}, {""program_name"": ""PROG_CASH_TRANSFER"", ""program_start_date"": ""2023-12-13"", ""program_exit_date"": null}]"
i0073,IND-0073,h016,Melissa,,Fernandez,Melissa Fernandez,Melissa Fernandez,FEMALE,1971-12-26,54,MARRIED,"[{""type"": ""mobile"", ""number"": ""+10000000073"", ""is_primary"": true}]",,3323646093,XXXXXX6093,CAN_READ_AND_WRITE,en,images/IND-0073.jpg,kamuntu,jasiri,baraka,umani,bimana,10.7717,66.7335,225,07AB+67,1796 Johnson Land,Sector 2,000073,KM,WAGE_LABOR,AGRICULTURE,EMPLOYED,5,SMARTPHONE,,,,,,,,,[],[],[],[],"[{""program_name"": ""PROG_HEALTH_INSURANCE"", ""program_start_date"": ""2023-05-15"", ""program_exit_date"": null}]"
i0074,IND-0074,h016,Daniel,,Fernandez,Daniel Fernandez,Daniel Fernandez,MALE,2019-03-24,7,MARRIED,"[{""type"": ""mobile"", ""number"": ""+10000000074"", ""is_primary"": true}]",,2905584866,XXXXXX4866,BASIC,en,images/IND-0074.jpg,kamuntu,jasiri,baraka,umani,bimana,10.7794,66.8003,61,07AB+68,1585 Raymond Field,Sector 3,000074,KM,,,,,,NO,FALSE,FALSE,HOST_COMMUNITY,SETTLED,FALSE,NO,,[],[],[],[],[]
i0075,IND-0075,h016,Walter,Madison,Fernandez,Walter Madison Fernandez,Walter Madison Fernandez,MALE,1998-03-25,28,MARRIED,"[{""type"": ""mobile"", ""number"": ""+10000000075"", ""is_primary"": true}]",,1773338452,XXXXXX8452,CAN_READ_AND_WRITE,en,images/IND-0075.jpg,kamuntu,jasiri,baraka,umani,bimana,10.7275,66.7709,147,07AB+67,390 Kristin Gardens,Sector 4,000075,KM,LIVESTOCK,LIVESTOCK,RETIRED,6,NONE,,,,,,,,,[],[],[],[],"[{""program_name"": ""PROG_CASH_TRANSFER"", ""program_start_date"": ""2025-11-04"", ""program_exit_date"": null}, {""program_name"": ""PROG_FOOD_AID"", ""program_start_date"": ""2023-05-20"", ""program_exit_date"": null}]"
i0076,IND-0076,h017,William,Jamie,Buchanan,William Jamie Buchanan,William Jamie Buchanan,MALE,1991-03-10,35,MARRIED,"[{""type"": ""mobile"", ""number"": ""+10000000076"", ""is_primary"": true}]",brendali@example.org,8750840032,XXXXXX0032,BASIC,en,images/IND-0076.jpg,kamuntu,jasiri,simba,tanzu,bilusi,14.0101,69.9878,90,40AB+99,90422 Lindsey Creek Apt. 205,Sector 5,000076,KM,CRAFT,WAGE_LABOR,UNEMPLOYED,3,NONE,,,,,,,,,"[{""livestock_species"": ""CATTLE"", ""livestock_counts"": ""BAND_11_20""}]",[],[],[],[]
i0077,IND-0077,h017,Rachel,,Buchanan,Rachel Buchanan,Rachel Buchanan,FEMALE,1995-11-20,30,MARRIED,"[{""type"": ""mobile"", ""number"": ""+10000000077"", ""is_primary"": true}]",alfred40@example.org,2297602688,XXXXXX2688,HIGHER_EDUCATION,en,images/IND-0077.jpg,kamuntu,jasiri,simba,tanzu,bilusi,14.0199,70.0053,77,40AB+00,117 Strickland Passage Apt. 783,Sector 6,000077,KM,AGRICULTURE,,SELF_EMPLOYED,4,SMARTPHONE,NO,FALSE,FALSE,IDP,SETTLED,FALSE,NO,,[],[],[],[],[]
i0078,IND-0078,h017,Theresa,,Buchanan,Theresa Buchanan,Theresa Buchanan,FEMALE,1952-04-10,74,WIDOWED,"[{""type"": ""mobile"", ""number"": ""+10000000078"", ""is_primary"": true}]",,6994940029,XXXXXX0029,ILLITERATE,en,images/IND-0078.jpg,kamuntu,jasiri,simba,tanzu,bilusi,13.9208,70.0065,249,39AB+00,0076 Parks Overpass Suite 115,Sector 7,000078,KM,SERVICES,GOVT_EMPLOYMENT,EMPLOYED,6,BASIC,NO,FALSE,TRUE,HOST_COMMUNITY,SETTLED,FALSE,NO,,[],[],[],[],"[{""program_name"": ""PROG_CASH_TRANSFER"", ""program_start_date"": ""2023-11-26"", ""program_exit_date"": null}]"
i0079,IND-0079,h017,Lisa,,Buchanan,Lisa Buchanan,Lisa Buchanan,FEMALE,1955-03-13,71,MARRIED,"[{""type"": ""mobile"", ""number"": ""+10000000079"", ""is_primary"": true}]",,3734252963,XXXXXX2963,CAN_READ_AND_WRITE,en,images/IND-0079.jpg,kamuntu,jasiri,simba,tanzu,bilusi,13.9821,69.9878,234,39AB+99,985 Vang Pines Suite 789,Sector 8,000079,KM,SERVICES,LIVESTOCK,UNEMPLOYED,4,NONE,NO,FALSE,TRUE,IDP,SETTLED,FALSE,NO,,"[{""livestock_species"": ""CHICKEN"", ""livestock_counts"": ""BAND_11_20""}]",[],[],[],"[{""program_name"": ""PROG_FOOD_AID"", ""program_start_date"": ""2023-07-04"", ""program_exit_date"": null}]"
i0080,IND-0080,h017,Jeffrey,,Buchanan,Jeffrey Buchanan,Jeffrey Buchanan,MALE,1994-07-26,31,MARRIED,"[{""type"": ""mobile"", ""number"": ""+10000000080"", ""is_primary"": true}]",farrelldebra@example.net,9733234156,XXXXXX4156,INTERMEDIARY,en,images/IND-0080.jpg,kamuntu,jasiri,simba,tanzu,bilusi,13.9565,69.9331,282,39AB+99,7365 Ross Stream,Sector 9,000080,KM,AGRICULTURE,,EMPLOYED,6,SMARTPHONE,,,,,,,,,"[{""livestock_species"": ""CATTLE"", ""livestock_counts"": ""BAND_1_5""}]","[{""land_access"": ""TRUE"", ""land_size"": 2.85, ""productive_assets"": null}, {""land_access"": ""TRUE"", ""land_size"": 1.01, ""productive_assets"": ""[\""OTHER\""]""}]",[],[],"[{""program_name"": ""PROG_CASH_TRANSFER"", ""program_start_date"": ""2023-07-21"", ""program_exit_date"": null}]"
i0081,IND-0081,h017,Brandon,Elizabeth,Buchanan,Brandon Elizabeth Buchanan,Brandon Elizabeth Buchanan,MALE,1972-04-20,54,MARRIED,"[{""type"": ""mobile"", ""number"": ""+10000000081"", ""is_primary"": true}]",,9218363978,XXXXXX3978,BASIC,en,images/IND-0081.jpg,kamuntu,jasiri,simba,tanzu,bilusi,14.003,69.9457,261,40AB+99,71111 Davis Streets Suite 280,Sector 1,000081,KM,UNEMPLOYED,,UNEMPLOYED,6,SMARTPHONE,,,,,,,,,[],"[{""land_access"": ""TRUE"", ""land_size"": 0.32, ""productive_assets"": ""[\""PLOUGH\""]""}, {""land_access"": ""TRUE"", ""land_size"": 9.61, ""productive_assets"": ""[\""PLOUGH\""]""}, {""land_access"": ""TRUE"", ""land_size"": 3.53, ""productive_assets"": ""[\""PLOUGH\""]""}]","[{""shock_type"": ""CONFLICT"", ""shock_date"": ""2025-12-23"", ""shock_period"": ""2025-Q4"", ""coping_strategy"": ""CS_BORROW""}, {""shock_type"": ""FLOOD"", ""shock_date"": ""2025-09-07"", ""shock_period"": ""2025-Q3"", ""coping_strategy"": ""CS_BORROW""}]",[],[]
i0082,IND-0082,h017,Laurie,,Buchanan,Laurie Buchanan,Laurie Buchanan,FEMALE,1999-10-22,26,SINGLE,"[{""type"": ""mobile"", ""number"": ""+10000000082"", ""is_primary"": true}]",elizabeth65@example.net,5151086814,XXXXXX6814,HIGHER_EDUCATION,en,images/IND-0082.jpg,kamuntu,jasiri,simba,tanzu,bilusi,14.006,69.9924,300,40AB+99,049 Bell Ports Apt. 273,Sector 2,000082,KM,AGRICULTURE,,SELF_EMPLOYED,6,NONE,,,,,,,,,[],"[{""land_access"": ""FALSE"", ""land_size"": null, ""productive_assets"": ""[\""OTHER\""]""}, {""land_access"": ""TRUE"", ""land_size"": 5.78, ""productive_assets"": ""[\""TRACTOR\"", \""OTHER\""]""}]",[],"[{""disability_domain"": ""COMMUNICATION"", ""disability_severity"": ""A_LOT_OF_DIFFICULTY""}, {""disability_domain"": ""SELF_CARE"", ""disability_severity"": ""SOME_DIFFICULTY""}]",[]
i0083,IND-0083,h018,Sarah,Angela,Bell,Sarah Angela Bell,Sarah Angela Bell,FEMALE,1991-04-18,35,MARRIED,"[{""type"": ""mobile"", ""number"": ""+10000000083"", ""is_primary"": true}]",,2595467139,XXXXXX7139,HIGHER_EDUCATION,en,images/IND-0083.jpg,kamuntu,chakula,njia,barafu,biluhu,17.9575,70.9371,208,79AB+09,9368 Chelsea Shoals,Sector 3,000083,KM,GOVT_EMPLOYMENT,UNEMPLOYED,RETIRED,7,NONE,,,,,,,,,[],"[{""land_access"": ""FALSE"", ""land_size"": null, ""productive_assets"": ""[\""OTHER\""]""}]",[],[],"[{""program_name"": ""PROG_FOOD_AID"", ""program_start_date"": ""2023-07-13"", ""program_exit_date"": null}]"
i0084,IND-0084,h018,Sandra,,Bell,Sandra Bell,Sandra Bell,MALE,2007-10-13,18,MARRIED,"[{""type"": ""mobile"", ""number"": ""+10000000084"", ""is_primary"": true}]",,8306070814,XXXXXX0814,BASIC,en,images/IND-0084.jpg,kamuntu,chakula,njia,barafu,biluhu,17.9549,70.9017,61,79AB+09,4550 Molly Port,Sector 4,000084,KM,WAGE_LABOR,CRAFT,SELF_EMPLOYED,4,SMARTPHONE,NO,FALSE,FALSE,HOST_COMMUNITY,SETTLED,FALSE,NO,,[],[],"[{""shock_type"": ""DROUGHT"", ""shock_date"": ""2025-07-21"", ""shock_period"": ""2025-Q3"", ""coping_strategy"": ""CS_SELL_ASSETS""}, {""shock_type"": ""FLOOD"", ""shock_date"": ""2025-11-03"", ""shock_period"": ""2025-Q4"", ""coping_strategy"": ""CS_REDUCE_MEALS""}]",[],[]
i0085,IND-0085,h018,Mary,Joyce,Bell,Mary Joyce Bell,Mary Joyce Bell,FEMALE,2006-12-20,19,MARRIED,"[{""type"": ""mobile"", ""number"": ""+10000000085"", ""is_primary"": true}]",davisalyssa@example.com,7615076397,XXXXXX6397,ILLITERATE,en,images/IND-0085.jpg,kamuntu,chakula,njia,barafu,biluhu,17.9487,70.9627,276,79AB+09,5254 Frank Port Apt. 022,Sector 5,000085,KM,SERVICES,GOVT_EMPLOYMENT,UNEMPLOYED,1,SMARTPHONE,NO,FALSE,FALSE,HOST_COMMUNITY,SETTLED,FALSE,NO,,"[{""livestock_species"": ""GOATS"", ""livestock_counts"": ""BAND_11_20""}, {""livestock_species"": ""SHEEP"", ""livestock_counts"": ""BAND_6_10""}]",[],[],[],"[{""program_name"": ""PROG_EDUCATION_SUPPORT"", ""program_start_date"": ""2024-09-05"", ""program_exit_date"": null}]"
i0086,IND-0086,h019,Paul,,Wilson,Paul Wilson,Paul Wilson,MALE,2018-09-28,7,MARRIED,"[{""type"": ""mobile"", ""number"": ""+10000000086"", ""is_primary"": true}]",,8834841054,XXXXXX1054,HIGHER_EDUCATION,en,images/IND-0086.jpg,kamuntu,faraja,sihaya,kusoma,bidi,10.6192,65.6312,213,06AB+56,49784 Jeffrey Rapid Apt. 034,Sector 6,000086,KM,,,,,,NO,TRUE,FALSE,IDP,SETTLED,FALSE,NO,,[],[],[],[],[]
i0087,IND-0087,h019,Tony,Kathryn,Wilson,Tony Kathryn Wilson,Tony Kathryn Wilson,FEMALE,1998-09-02,27,MARRIED,"[{""type"": ""mobile"", ""number"": ""+10000000087"", ""is_primary"": true}]",mark07@example.net,1881351238,XXXXXX1238,CAN_READ_AND_WRITE,en,images/IND-0087.jpg,kamuntu,faraja,sihaya,kusoma,bidi,10.693,65.6654,200,06AB+56,26838 Jones Wall Apt. 607,Sector 7,000087,KM,WAGE_LABOR,CRAFT,SELF_EMPLOYED,1,NONE,,,,,,,,,"[{""livestock_species"": ""DONKEY"", ""livestock_counts"": ""BAND_11_20""}, {""livestock_species"": ""DONKEY"", ""livestock_counts"": ""BAND_21_PLUS""}]",[],[],[],"[{""program_name"": ""PROG_HEALTH_INSURANCE"", ""program_start_date"": ""2023-04-26"", ""program_exit_date"": null}]"
i0088,IND-0088,h019,Tammy,,Wilson,Tammy Wilson,Tammy Wilson,FEMALE,1967-02-21,59,SINGLE,"[{""type"": ""mobile"", ""number"": ""+10000000088"", ""is_primary"": true}]",tberry@example.net,1749459431,XXXXXX9431,CAN_READ_AND_WRITE,en,images/IND-0088.jpg,kamuntu,faraja,sihaya,kusoma,bidi,10.6761,65.6126,53,06AB+56,1605 Laurie River Suite 516,Sector 8,000088,KM,WAGE_LABOR,,UNEMPLOYED,6,NONE,NO,FALSE,FALSE,HOST_COMMUNITY,PASTORALIST,TRUE,NO,,"[{""livestock_species"": ""SHEEP"", ""livestock_counts"": ""BAND_1_5""}, {""livestock_species"": ""CHICKEN"", ""livestock_counts"": ""BAND_6_10""}, {""livestock_species"": ""SHEEP"", ""livestock_counts"": ""BAND_1_5""}]","[{""land_access"": ""FALSE"", ""land_size"": null, ""productive_assets"": null}, {""land_access"": ""TRUE"", ""land_size"": 7.0, ""productive_assets"": ""[\""TRACTOR\""]""}, {""land_access"": ""TRUE"", ""land_size"": 3.5, ""productive_assets"": null}]","[{""shock_type"": ""FLOOD"", ""shock_date"": ""2025-11-01"", ""shock_period"": ""2025-Q4"", ""coping_strategy"": ""CS_REDUCE_MEALS""}, {""shock_type"": ""ILLNESS"", ""shock_date"": ""2025-11-06"", ""shock_period"": ""2025-Q4"", ""coping_strategy"": ""CS_SELL_ASSETS""}]",[],[]
i0089,IND-0089,h019,Sarah,Brianna,Wilson,Sarah Brianna Wilson,Sarah Brianna Wilson,FEMALE,2007-01-25,19,MARRIED,"[{""type"": ""mobile"", ""number"": ""+10000000089"", ""is_primary"": true}]",fosterkyle@example.com,3259520140,XXXXXX0140,HIGHER_EDUCATION,en,images/IND-0089.jpg,kamuntu,faraja,sihaya,kusoma,bidi,10.6846,65.6576,249,06AB+56,2181 Rebecca Keys,Sector 9,000089,KM,AGRICULTURE,,UNEMPLOYED,6,SMARTPHONE,,,,,,,,,[],[],[],[],"[{""program_name"": ""PROG_CASH_TRANSFER"", ""program_start_date"": ""2025-03-28"", ""program_exit_date"": null}]"
i0090,IND-0090,h019,Gregory,,Wilson,Gregory Wilson,Gregory Wilson,MALE,2008-01-02,18,MARRIED,"[{""type"": ""mobile"", ""number"": ""+10000000090"", ""is_primary"": true}]",,6590459705,XXXXXX9705,INTERMEDIARY,en,images/IND-0090.jpg,kamuntu,faraja,sihaya,kusoma,bidi,10.6743,65.6131,172,06AB+56,12432 Kathleen Shoal,Sector 1,000090,KM,CRAFT,,RETIRED,1,SMARTPHONE,,,,,,,,,[],[],[],[],"[{""program_name"": ""PROG_HEALTH_INSURANCE"", ""program_start_date"": ""2024-08-02"", ""program_exit_date"": null}, {""program_name"": ""PROG_EDUCATION_SUPPORT"", ""program_start_date"": ""2025-09-28"", ""program_exit_date"": null}]"
i0091,IND-0091,h019,Bernard,,Wilson,Bernard Wilson,Bernard Wilson,MALE,1962-03-22,64,MARRIED,"[{""type"": ""mobile"", ""number"": ""+10000000091"", ""is_primary"": true}]",kmarshall@example.net,1637088959,XXXXXX8959,BASIC,en,images/IND-0091.jpg,kamuntu,faraja,sihaya,kusoma,bidi,10.6226,65.6724,199,06AB+56,995 Hernandez Cliff Suite 744,Sector 2,000091,KM,AGRICULTURE,,SELF_EMPLOYED,3,SMARTPHONE,NO,FALSE,FALSE,HOST_COMMUNITY,SETTLED,FALSE,NO,,[],"[{""land_access"": ""TRUE"", ""land_size"": 7.13, ""productive_assets"": null}, {""land_access"": ""TRUE"", ""land_size"": 5.26, ""productive_assets"": ""[\""PLOUGH\"", \""OTHER\""]""}, {""land_access"": ""TRUE"", ""land_size"": 7.71, ""productive_assets"": ""[\""TRACTOR\"", \""OTHER\""]""}]",[],[],[]
i0092,IND-0092,h020,Leslie,,Bell,Leslie Bell,Leslie Bell,FEMALE,1999-04-09,27,MARRIED,"[{""type"": ""mobile"", ""number"": ""+10000000092"", ""is_primary"": true}]",collinsshannon@example.org,4717261214,XXXXXX1214,INTERMEDIARY,en,images/IND-0092.jpg,kamuntu,chakula,rafiki,uhuruumeme,biluju,17.133,69.1788,155,71AB+91,1199 Ford Plaza Apt. 793,Sector 3,000092,KM,LIVESTOCK,,EMPLOYED,0,NONE,,,,,,,,,[],[],[],[],[]
i0093,IND-0093,h020,Erica,,Bell,Erica Bell,Erica Bell,MALE,2011-11-28,14,MARRIED,"[{""type"": ""mobile"", ""number"": ""+10000000093"", ""is_primary"": true}]",,6389710636,XXXXXX0636,ILLITERATE,en,images/IND-0093.jpg,kamuntu,chakula,rafiki,uhuruumeme,biluju,17.1854,69.1587,171,71AB+91,71518 Benjamin Station,Sector 4,000093,KM,,,,,,NO,FALSE,FALSE,HOST_COMMUNITY,SETTLED,FALSE,NO,,[],[],[],[],[]
i0094,IND-0094,h020,Jeffrey,,Bell,Jeffrey Bell,Jeffrey Bell,MALE,2019-04-25,7,SINGLE,"[{""type"": ""mobile"", ""number"": ""+10000000094"", ""is_primary"": true}]",,9847550931,XXXXXX0931,ILLITERATE,en,images/IND-0094.jpg,kamuntu,chakula,rafiki,uhuruumeme,biluju,17.1857,69.1462,221,71AB+91,5466 Shelton Center,Sector 5,000094,KM,,,,,,NO,FALSE,FALSE,IDP,SETTLED,FALSE,NO,,[],[],[],[],[]
i0095,IND-0095,h020,Rachel,,Bell,Rachel Bell,Rachel Bell,FEMALE,1984-08-31,41,MARRIED,"[{""type"": ""mobile"", ""number"": ""+10000000095"", ""is_primary"": true}]",,6636925105,XXXXXX5105,CAN_READ_AND_WRITE,en,images/IND-0095.jpg,kamuntu,chakula,rafiki,uhuruumeme,biluju,17.1004,69.1407,89,71AB+91,1864 Cummings Shoals,Sector 6,000095,KM,AGRICULTURE,,UNEMPLOYED,5,SMARTPHONE,,,,,,,,,[],"[{""land_access"": ""FALSE"", ""land_size"": null, ""productive_assets"": ""[\""TRACTOR\""]""}, {""land_access"": ""TRUE"", ""land_size"": 8.08, ""productive_assets"": null}]","[{""shock_type"": ""ILLNESS"", ""shock_date"": ""2025-02-21"", ""shock_period"": ""2025-Q1"", ""coping_strategy"": ""CS_SELL_ASSETS""}]",[],"[{""program_name"": ""PROG_EDUCATION_SUPPORT"", ""program_start_date"": ""2024-06-28"", ""program_exit_date"": null}, {""program_name"": ""PROG_HEALTH_INSURANCE"", ""program_start_date"": ""2023-07-20"", ""program_exit_date"": null}]"
i0096,IND-0096,h020,Vincent,,Bell,Vincent Bell,Vincent Bell,MALE,1998-12-01,27,MARRIED,"[{""type"": ""mobile"", ""number"": ""+10000000096"", ""is_primary"": true}]",,3465740756,XXXXXX0756,HIGHER_EDUCATION,en,images/IND-0096.jpg,kamuntu,chakula,rafiki,uhuruumeme,biluju,17.1707,69.1745,299,71AB+91,1925 Ponce Square,Sector 7,000096,KM,BUSINESS_TRADE,GOVT_EMPLOYMENT,UNEMPLOYED,6,BASIC,,,,,,,,,"[{""livestock_species"": ""DONKEY"", ""livestock_counts"": ""BAND_1_5""}, {""livestock_species"": ""DONKEY"", ""livestock_counts"": ""BAND_21_PLUS""}]",[],[],[],[]
i0097,IND-0097,h020,Matthew,,Bell,Matthew Bell,Matthew Bell,MALE,1985-12-10,40,MARRIED,"[{""type"": ""mobile"", ""number"": ""+10000000097"", ""is_primary"": true}]",collinsnicholas@example.com,6069848439,XXXXXX8439,CAN_READ_AND_WRITE,en,images/IND-0097.jpg,kamuntu,chakula,rafiki,uhuruumeme,biluju,17.1603,69.1209,136,71AB+91,816 Smith Inlet,Sector 8,000097,KM,SERVICES,,EMPLOYED,6,NONE,NO,FALSE,FALSE,HOST_COMMUNITY,SETTLED,FALSE,NO,,[],[],"[{""shock_type"": ""DROUGHT"", ""shock_date"": ""2025-11-21"", ""shock_period"": ""2025-Q4"", ""coping_strategy"": ""CS_SELL_ASSETS""}, {""shock_type"": ""DROUGHT"", ""shock_date"": ""2025-09-13"", ""shock_period"": ""2025-Q3"", ""coping_strategy"": ""CS_SELL_ASSETS""}]",[],[]
i0098,IND-0098,h020,Christopher,,Bell,Christopher Bell,Christopher Bell,MALE,1998-04-24,28,MARRIED,"[{""type"": ""mobile"", ""number"": ""+10000000098"", ""is_primary"": true}]",ilee@example.org,5173893550,XXXXXX3550,BASIC,en,images/IND-0098.jpg,kamuntu,chakula,rafiki,uhuruumeme,biluju,17.0992,69.143,146,70AB+91,1888 Ebony Wells,Sector 9,000098,KM,LIVESTOCK,,RETIRED,7,SMARTPHONE,,,,,,,,,"[{""livestock_species"": ""CATTLE"", ""livestock_counts"": ""BAND_11_20""}, {""livestock_species"": ""CAMEL"", ""livestock_counts"": ""BAND_6_10""}, {""livestock_species"": ""CATTLE"", ""livestock_counts"": ""BAND_11_20""}]",[],"[{""shock_type"": ""DROUGHT"", ""shock_date"": ""2025-06-08"", ""shock_period"": ""2025-Q2"", ""coping_strategy"": ""CS_REDUCE_MEALS""}]",[],"[{""program_name"": ""PROG_FOOD_AID"", ""program_start_date"": ""2025-11-10"", ""program_exit_date"": null}, {""program_name"": ""PROG_HEALTH_INSURANCE"", ""program_start_date"": ""2023-08-16"", ""program_exit_date"": null}]"
i0099,IND-0099,h021,Pamela,,Anderson,Pamela Anderson,Pamela Anderson,FEMALE,1967-10-12,58,MARRIED,"[{""type"": ""mobile"", ""number"": ""+10000000099"", ""is_primary"": true}]",,4793925798,XXXXXX5798,BASIC,en,images/IND-0099.jpg,kamuntu,kilima,nyani,shimo,bilina,12.5656,71.6254,62,25AB+16,22927 Robert Springs Apt. 794,Sector 1,000099,KM,LIVESTOCK,WAGE_LABOR,RETIRED,5,BASIC,,,,,,,,,[],[],[],[],"[{""program_name"": ""PROG_EDUCATION_SUPPORT"", ""program_start_date"": ""2024-08-08"", ""program_exit_date"": null}]"
i0100,IND-0100,h021,Nicole,,Anderson,Nicole Anderson,Nicole Anderson,MALE,1991-07-31,34,MARRIED,"[{""type"": ""mobile"", ""number"": ""+10000000100"", ""is_primary"": true}]",,3200510647,XXXXXX0647,INTERMEDIARY,en,images/IND-0100.jpg,kamuntu,kilima,nyani,shimo,bilina,12.5845,71.5611,223,25AB+15,347 Micheal Ports,Sector 2,000100,KM,GOVT_EMPLOYMENT,,EMPLOYED,4,SMARTPHONE,,,,,,,,,"[{""livestock_species"": ""CATTLE"", ""livestock_counts"": ""BAND_11_20""}, {""livestock_species"": ""CHICKEN"", ""livestock_counts"": ""BAND_21_PLUS""}]",[],[],[],[]
i0101,IND-0101,h021,Victoria,Juan,Anderson,Victoria Juan Anderson,Victoria Juan Anderson,FEMALE,1988-01-20,38,SINGLE,"[{""type"": ""mobile"", ""number"": ""+10000000101"", ""is_primary"": true}]",ashaw@example.org,6172957943,XXXXXX7943,BASIC,en,images/IND-0101.jpg,kamuntu,kilima,nyani,shimo,bilina,12.6445,71.6267,245,26AB+16,240 Sawyer Plaza,Sector 3,000101,KM,SERVICES,,UNEMPLOYED,3,NONE,,,,,,,,,[],[],[],[],"[{""program_name"": ""PROG_CASH_TRANSFER"", ""program_start_date"": ""2025-08-18"", ""program_exit_date"": null}, {""program_name"": ""PROG_EDUCATION_SUPPORT"", ""program_start_date"": ""2024-04-11"", ""program_exit_date"": null}]"
i0102,IND-0102,h021,Timothy,Zachary,Anderson,Timothy Zachary Anderson,Timothy Zachary Anderson,MALE,1976-07-26,49,SINGLE,"[{""type"": ""mobile"", ""number"": ""+10000000102"", ""is_primary"": true}]",mitchellkathryn@example.com,2521136431,XXXXXX6431,ILLITERATE,en,images/IND-0102.jpg,kamuntu,kilima,nyani,shimo,bilina,12.5897,71.6242,161,25AB+16,261 Lisa Keys Apt. 606,Sector 4,000102,KM,UNEMPLOYED,SERVICES,EMPLOYED,3,SMARTPHONE,,,,,,,,,[],[],[],[],[]
i0103,IND-0103,h021,Kathryn,,Anderson,Kathryn Anderson,Kathryn Anderson,FEMALE,1985-07-31,40,MARRIED,"[{""type"": ""mobile"", ""number"": ""+10000000103"", ""is_primary"": true}]",,2243458354,XXXXXX8354,HIGHER_EDUCATION,en,images/IND-0103.jpg,kamuntu,kilima,nyani,shimo,bilina,12.5905,71.6466,93,25AB+16,3051 Moody Dam,Sector 5,000103,KM,GOVT_EMPLOYMENT,,UNEMPLOYED,2,BASIC,YES,FALSE,FALSE,HOST_COMMUNITY,SETTLED,FALSE,NO,,[],"[{""land_access"": ""TRUE"", ""land_size"": 3.0, ""productive_assets"": null}, {""land_access"": ""TRUE"", ""land_size"": 9.09, ""productive_assets"": ""[\""OTHER\""]""}, {""land_access"": ""TRUE"", ""land_size"": 7.96, ""productive_assets"": null}]",[],[],"[{""program_name"": ""PROG_HEALTH_INSURANCE"", ""program_start_date"": ""2025-06-11"", ""program_exit_date"": null}]"
i0104,IND-0104,h022,Todd,,Lynch,Todd Lynch,Todd Lynch,MALE,2010-01-12,16,MARRIED,"[{""type"": ""mobile"", ""number"": ""+10000000104"", ""is_primary"": true}]",,3719679239,XXXXXX9239,BASIC,en,images/IND-0104.jpg,kamuntu,chakula,makali,cheka,bilupu,19.9831,66.9494,248,99AB+69,43410 Robert Underpass Suite 117,Sector 6,000104,KM,AGRICULTURE,,UNEMPLOYED,7,NONE,NO,TRUE,FALSE,HOST_COMMUNITY,SETTLED,FALSE,NO,,[],[],[],[],[]
i0105,IND-0105,h022,Linda,,Lynch,Linda Lynch,Linda Lynch,FEMALE,1977-03-13,49,MARRIED,"[{""type"": ""mobile"", ""number"": ""+10000000105"", ""is_primary"": true}]",,5923940434,XXXXXX0434,ILLITERATE,en,images/IND-0105.jpg,kamuntu,chakula,makali,cheka,bilupu,19.9497,66.9902,244,99AB+69,246 Christina Garden,Sector 7,000105,KM,CRAFT,,EMPLOYED,7,SMARTPHONE,,,,,,,,,[],[],[],[],[]
i0106,IND-0106,h022,Kenneth,,Lynch,Kenneth Lynch,Kenneth Lynch,MALE,1991-02-02,35,MARRIED,"[{""type"": ""mobile"", ""number"": ""+10000000106"", ""is_primary"": true}]",millsmichael@example.net,7977267911,XXXXXX7911,INTERMEDIARY,en,images/IND-0106.jpg,kamuntu,chakula,makali,cheka,bilupu,20.0164,66.9927,88,00AB+69,7065 Burgess Knolls,Sector 8,000106,KM,WAGE_LABOR,,UNEMPLOYED,2,BASIC,NO,FALSE,FALSE,HOST_COMMUNITY,SETTLED,FALSE,NO,,[],[],[],[],[]
i0107,IND-0107,h022,Rachel,,Lynch,Rachel Lynch,Rachel Lynch,FEMALE,1967-03-31,59,SINGLE,"[{""type"": ""mobile"", ""number"": ""+10000000107"", ""is_primary"": true}]",ingramjill@example.com,3178995337,XXXXXX5337,BASIC,en,images/IND-0107.jpg,kamuntu,chakula,makali,cheka,bilupu,19.961,66.9752,64,99AB+69,58527 Welch Valleys,Sector 9,000107,KM,UNEMPLOYED,,UNEMPLOYED,7,BASIC,,,,,,,,,[],[],"[{""shock_type"": ""ILLNESS"", ""shock_date"": ""2025-05-28"", ""shock_period"": ""2025-Q2"", ""coping_strategy"": ""CS_REDUCE_MEALS""}, {""shock_type"": ""CONFLICT"", ""shock_date"": ""2025-01-05"", ""shock_period"": ""2025-Q1"", ""coping_strategy"": ""CS_SELL_ASSETS""}]",[],"[{""program_name"": ""PROG_HEALTH_INSURANCE"", ""program_start_date"": ""2023-04-06"", ""program_exit_date"": null}]"
i0108,IND-0108,h022,Chad,,Lynch,Chad Lynch,Chad Lynch,MALE,1961-06-20,65,MARRIED,"[{""type"": ""mobile"", ""number"": ""+10000000108"", ""is_primary"": true}]",mjohnson@example.org,4847761430,XXXXXX1430,HIGHER_EDUCATION,en,images/IND-0108.jpg,kamuntu,chakula,makali,cheka,bilupu,19.975,67.011,216,99AB+70,54868 King Terrace,Sector 1,000108,KM,CRAFT,,SELF_EMPLOYED,1,BASIC,NO,FALSE,TRUE,IDP,SETTLED,FALSE,NO,,[],[],[],[],[]
i0109,IND-0109,h023,Matthew,,Mitchell,Matthew Mitchell,Matthew Mitchell,MALE,1983-04-22,43,MARRIED,"[{""type"": ""mobile"", ""number"": ""+10000000109"", ""is_primary"": true}]",,4067961943,XXXXXX1943,INTERMEDIARY,en,images/IND-0109.jpg,kamuntu,chakula,makali,sura,biluqu,12.4805,66.4473,113,24AB+64,541 Kim Locks,Sector 2,000109,KM,CRAFT,BUSINESS_TRADE,SELF_EMPLOYED,4,BASIC,NO,FALSE,FALSE,HOST_COMMUNITY,SETTLED,FALSE,NO,,[],"[{""land_access"": ""TRUE"", ""land_size"": 9.78, ""productive_assets"": ""[\""PLOUGH\"", \""OTHER\""]""}, {""land_access"": ""TRUE"", ""land_size"": 3.16, ""productive_assets"": ""[\""TRACTOR\"", \""OTHER\""]""}]","[{""shock_type"": ""ILLNESS"", ""shock_date"": ""2025-07-12"", ""shock_period"": ""2025-Q3"", ""coping_strategy"": ""CS_REDUCE_MEALS""}, {""shock_type"": ""CONFLICT"", ""shock_date"": ""2025-05-24"", ""shock_period"": ""2025-Q2"", ""coping_strategy"": ""CS_SELL_ASSETS""}]",[],"[{""program_name"": ""PROG_FOOD_AID"", ""program_start_date"": ""2023-02-21"", ""program_exit_date"": null}]"
i0110,IND-0110,h023,Patrick,,Mitchell,Patrick Mitchell,Patrick Mitchell,FEMALE,1948-02-21,78,MARRIED,"[{""type"": ""mobile"", ""number"": ""+10000000110"", ""is_primary"": true}]",lmorgan@example.com,3567900251,XXXXXX0251,HIGHER_EDUCATION,en,images/IND-0110.jpg,kamuntu,chakula,makali,sura,biluqu,12.5089,66.4947,66,25AB+64,8416 Ryan View Apt. 845,Sector 3,000110,KM,WAGE_LABOR,,SELF_EMPLOYED,1,BASIC,NO,FALSE,TRUE,IDP,SETTLED,FALSE,NO,,[],"[{""land_access"": ""TRUE"", ""land_size"": 8.13, ""productive_assets"": ""[\""PLOUGH\"", \""TRACTOR\""]""}, {""land_access"": ""TRUE"", ""land_size"": 1.08, ""productive_assets"": ""[\""OTHER\""]""}, {""land_access"": ""TRUE"", ""land_size"": 3.64, ""productive_assets"": ""[\""TRACTOR\"", \""PLOUGH\""]""}]","[{""shock_type"": ""JOB_LOSS"", ""shock_date"": ""2025-08-19"", ""shock_period"": ""2025-Q3"", ""coping_strategy"": ""CS_BORROW""}, {""shock_type"": ""ILLNESS"", ""shock_date"": ""2025-09-21"", ""shock_period"": ""2025-Q3"", ""coping_strategy"": ""CS_SELL_ASSETS""}]","[{""disability_domain"": ""HEARING"", ""disability_severity"": ""SOME_DIFFICULTY""}, {""disability_domain"": ""COGNITION"", ""disability_severity"": ""A_LOT_OF_DIFFICULTY""}]","[{""program_name"": ""PROG_EDUCATION_SUPPORT"", ""program_start_date"": ""2025-05-04"", ""program_exit_date"": null}]"
i0111,IND-0111,h023,Ashley,Kenneth,Mitchell,Ashley Kenneth Mitchell,Ashley Kenneth Mitchell,FEMALE,1966-12-28,59,WIDOWED,"[{""type"": ""mobile"", ""number"": ""+10000000111"", ""is_primary"": true}]",bmorrison@example.org,2431779064,XXXXXX9064,INTERMEDIARY,en,images/IND-0111.jpg,kamuntu,chakula,makali,sura,biluqu,12.4883,66.4441,139,24AB+64,7059 Hill Turnpike Apt. 165,Sector 4,000111,KM,UNEMPLOYED,AGRICULTURE,EMPLOYED,3,SMARTPHONE,NO,FALSE,FALSE,HOST_COMMUNITY,SETTLED,FALSE,NO,,[],[],[],[],"[{""program_name"": ""PROG_EDUCATION_SUPPORT"", ""program_start_date"": ""2023-02-14"", ""program_exit_date"": null}]"
i0112,IND-0112,h023,Jose,,Mitchell,Jose Mitchell,Jose Mitchell,MALE,1951-08-19,74,MARRIED,"[{""type"": ""mobile"", ""number"": ""+10000000112"", ""is_primary"": true}]",stephaniethomas@example.net,9991312028,XXXXXX2028,CAN_READ_AND_WRITE,en,images/IND-0112.jpg,kamuntu,chakula,makali,sura,biluqu,12.497,66.4808,54,24AB+64,21355 Herring Bypass Apt. 755,Sector 5,000112,KM,BUSINESS_TRADE,,RETIRED,6,NONE,NO,FALSE,FALSE,IDP,SETTLED,FALSE,NO,,[],"[{""land_access"": ""TRUE"", ""land_size"": 2.22, ""productive_assets"": ""[\""OTHER\""]""}, {""land_access"": ""TRUE"", ""land_size"": 5.03, ""productive_assets"": null}]",[],[],"[{""program_name"": ""PROG_FOOD_AID"", ""program_start_date"": ""2024-03-07"", ""program_exit_date"": null}, {""program_name"": ""PROG_EDUCATION_SUPPORT"", ""program_start_date"": ""2024-08-05"", ""program_exit_date"": null}]"
i0113,IND-0113,h023,Jeremy,,Mitchell,Jeremy Mitchell,Jeremy Mitchell,MALE,1976-03-15,50,MARRIED,"[{""type"": ""mobile"", ""number"": ""+10000000113"", ""is_primary"": true}]",alyssasanders@example.net,1590838716,XXXXXX8716,HIGHER_EDUCATION,en,images/IND-0113.jpg,kamuntu,chakula,makali,sura,biluqu,12.4377,66.5144,75,24AB+65,10278 Mcintyre Crest Suite 473,Sector 6,000113,KM,LIVESTOCK,,EMPLOYED,2,SMARTPHONE,NO,FALSE,FALSE,HOST_COMMUNITY,SETTLED,FALSE,NO,,[],[],[],[],[]
i0114,IND-0114,h023,Zachary,,Mitchell,Zachary Mitchell,Zachary Mitchell,MALE,1966-08-25,59,SINGLE,"[{""type"": ""mobile"", ""number"": ""+10000000114"", ""is_primary"": true}]",,2617999521,XXXXXX9521,CAN_READ_AND_WRITE,en,images/IND-0114.jpg,kamuntu,chakula,makali,sura,biluqu,12.4462,66.5131,247,24AB+65,12172 Osborn Valleys Suite 518,Sector 7,000114,KM,BUSINESS_TRADE,,EMPLOYED,7,BASIC,,,,,,,,,[],[],[],[],[]
i0115,IND-0115,h023,Kimberly,Melissa,Mitchell,Kimberly Melissa Mitchell,Kimberly Melissa Mitchell,FEMALE,1985-05-10,41,MARRIED,"[{""type"": ""mobile"", ""number"": ""+10000000115"", ""is_primary"": true}]",,2928130926,XXXXXX0926,CAN_READ_AND_WRITE,en,images/IND-0115.jpg,kamuntu,chakula,makali,sura,biluqu,12.4834,66.4609,257,24AB+64,8313 Joel Park,Sector 8,000115,KM,AGRICULTURE,SERVICES,SELF_EMPLOYED,4,BASIC,,,,,,,,,[],"[{""land_access"": ""FALSE"", ""land_size"": null, ""productive_assets"": ""[\""PLOUGH\"", \""TRACTOR\""]""}, {""land_access"": ""TRUE"", ""land_size"": 7.12, ""productive_assets"": ""[\""PLOUGH\""]""}]",[],[],[]
i0116,IND-0116,h024,Rodney,,Jones,Rodney Jones,Rodney Jones,MALE,1998-09-12,27,MARRIED,"[{""type"": ""mobile"", ""number"": ""+10000000116"", ""is_primary"": true}]",,4277561834,XXXXXX1834,ILLITERATE,en,images/IND-0116.jpg,kamuntu,chakula,njia,barafu,biluja,10.4073,68.4705,87,04AB+84,177 Anderson Village Apt. 268,Sector 9,000116,KM,SERVICES,,RETIRED,1,BASIC,,,,,,,,,"[{""livestock_species"": ""CHICKEN"", ""livestock_counts"": ""BAND_11_20""}, {""livestock_species"": ""CATTLE"", ""livestock_counts"": ""BAND_1_5""}]","[{""land_access"": ""TRUE"", ""land_size"": 1.05, ""productive_assets"": ""[\""PLOUGH\""]""}, {""land_access"": ""TRUE"", ""land_size"": 1.18, ""productive_assets"": ""[\""TRACTOR\""]""}]",[],[],"[{""program_name"": ""PROG_FOOD_AID"", ""program_start_date"": ""2025-06-09"", ""program_exit_date"": null}, {""program_name"": ""PROG_HEALTH_INSURANCE"", ""program_start_date"": ""2023-01-26"", ""program_exit_date"": null}]"
i0117,IND-0117,h024,Thomas,,Jones,Thomas Jones,Thomas Jones,FEMALE,1979-11-29,46,MARRIED,"[{""type"": ""mobile"", ""number"": ""+10000000117"", ""is_primary"": true}]",holmeskevin@example.org,2606152369,XXXXXX2369,ILLITERATE,en,images/IND-0117.jpg,kamuntu,chakula,njia,barafu,biluja,10.4186,68.3882,107,04AB+83,358 Singleton Glen Apt. 842,Sector 1,000117,KM,UNEMPLOYED,AGRICULTURE,EMPLOYED,4,SMARTPHONE,,,,,,,,,"[{""livestock_species"": ""CAMEL"", ""livestock_counts"": ""BAND_1_5""}, {""livestock_species"": ""CATTLE"", ""livestock_counts"": ""BAND_21_PLUS""}]","[{""land_access"": ""FALSE"", ""land_size"": null, ""productive_assets"": ""[\""TRACTOR\""]""}, {""land_access"": ""TRUE"", ""land_size"": 5.48, ""productive_assets"": ""[\""PLOUGH\""]""}]",[],[],"[{""program_name"": ""PROG_EDUCATION_SUPPORT"", ""program_start_date"": ""2025-07-04"", ""program_exit_date"": null}]"
i0118,IND-0118,h024,Lori,,Jones,Lori Jones,Lori Jones,FEMALE,2015-01-17,11,SINGLE,"[{""type"": ""mobile"", ""number"": ""+10000000118"", ""is_primary"": true}]",,4569592370,XXXXXX2370,ILLITERATE,en,images/IND-0118.jpg,kamuntu,chakula,njia,barafu,biluja,10.4559,68.4269,207,04AB+84,299 George Road,Sector 2,000118,KM,,,,,,NO,FALSE,FALSE,HOST_COMMUNITY,SETTLED,FALSE,NO,,[],[],[],[],[]
i0119,IND-0119,h024,Nathan,Megan,Jones,Nathan Megan Jones,Nathan Megan Jones,MALE,2006-10-24,19,MARRIED,"[{""type"": ""mobile"", ""number"": ""+10000000119"", ""is_primary"": true}]",bryananthony@example.org,7561728644,XXXXXX8644,CAN_READ_AND_WRITE,en,images/IND-0119.jpg,kamuntu,chakula,njia,barafu,biluja,10.3911,68.4088,127,03AB+84,396 Tyler Road Suite 473,Sector 3,000119,KM,GOVT_EMPLOYMENT,WAGE_LABOR,SELF_EMPLOYED,2,SMARTPHONE,,,,,,,,,[],"[{""land_access"": ""TRUE"", ""land_size"": 0.75, ""productive_assets"": ""[\""PLOUGH\""]""}, {""land_access"": ""TRUE"", ""land_size"": 4.95, ""productive_assets"": ""[\""TRACTOR\""]""}]",[],[],"[{""program_name"": ""PROG_HEALTH_INSURANCE"", ""program_start_date"": ""2025-11-19"", ""program_exit_date"": null}]"
i0120,IND-0120,h024,Regina,,Jones,Regina Jones,Regina Jones,FEMALE,2000-02-01,26,SINGLE,"[{""type"": ""mobile"", ""number"": ""+10000000120"", ""is_primary"": true}]",shawn02@example.com,9182543558,XXXXXX3558,CAN_READ_AND_WRITE,en,images/IND-0120.jpg,kamuntu,chakula,njia,barafu,biluja,10.4397,68.3816,181,04AB+83,7359 Larry Stravenue Suite 562,Sector 4,000120,KM,LIVESTOCK,,UNEMPLOYED,4,NONE,,,,,,,,,[],[],"[{""shock_type"": ""ILLNESS"", ""shock_date"": ""2025-10-13"", ""shock_period"": ""2025-Q4"", ""coping_strategy"": ""CS_SEEK_AID""}, {""shock_type"": ""CONFLICT"", ""shock_date"": ""2025-01-04"", ""shock_period"": ""2025-Q1"", ""coping_strategy"": ""CS_REDUCE_MEALS""}]",[],[]
i0121,IND-0121,h024,Paige,,Jones,Paige Jones,Paige Jones,FEMALE,1996-02-06,30,MARRIED,"[{""type"": ""mobile"", ""number"": ""+10000000121"", ""is_primary"": true}]",floressteven@example.com,3869961166,XXXXXX1166,HIGHER_EDUCATION,en,images/IND-0121.jpg,kamuntu,chakula,njia,barafu,biluja,10.4323,68.4161,294,04AB+84,21046 Wright Way Apt. 595,Sector 5,000121,KM,LIVESTOCK,GOVT_EMPLOYMENT,RETIRED,6,BASIC,,,,,,,,,[],[],"[{""shock_type"": ""FLOOD"", ""shock_date"": ""2025-06-10"", ""shock_period"": ""2025-Q2"", ""coping_strategy"": ""CS_SEEK_AID""}, {""shock_type"": ""CONFLICT"", ""shock_date"": ""2025-12-11"", ""shock_period"": ""2025-Q4"", ""coping_strategy"": ""CS_BORROW""}]",[],"[{""program_name"": ""PROG_EDUCATION_SUPPORT"", ""program_start_date"": ""2025-06-08"", ""program_exit_date"": null}]"
i0122,IND-0122,h024,Colton,,Jones,Colton Jones,Colton Jones,MALE,1987-03-28,39,MARRIED,"[{""type"": ""mobile"", ""number"": ""+10000000122"", ""is_primary"": true}]",tjimenez@example.com,6898288854,XXXXXX8854,ILLITERATE,en,images/IND-0122.jpg,kamuntu,chakula,njia,barafu,biluja,10.4547,68.4157,67,04AB+84,68733 Williams Haven,Sector 6,000122,KM,AGRICULTURE,,SELF_EMPLOYED,7,BASIC,NO,FALSE,FALSE,HOST_COMMUNITY,SETTLED,FALSE,NO,,"[{""livestock_species"": ""DONKEY"", ""livestock_counts"": ""BAND_6_10""}]",[],"[{""shock_type"": ""DROUGHT"", ""shock_date"": ""2025-03-04"", ""shock_period"": ""2025-Q1"", ""coping_strategy"": ""CS_SELL_ASSETS""}]",[],[]
i0123,IND-0123,h025,Kathleen,Destiny,Khan,Kathleen Destiny Khan,Kathleen Destiny Khan,FEMALE,1993-11-25,32,MARRIED,"[{""type"": ""mobile"", ""number"": ""+10000000123"", ""is_primary"": true}]",,8281641403,XXXXXX1403,INTERMEDIARY,en,images/IND-0123.jpg,kamuntu,faraja,asilani,nguvu,bano,13.6332,66.6511,66,36AB+66,8016 Nicole Stream Suite 650,Sector 7,000123,KM,GOVT_EMPLOYMENT,,UNEMPLOYED,6,NONE,,,,,,,,,[],"[{""land_access"": ""TRUE"", ""land_size"": 7.0, ""productive_assets"": ""[\""PLOUGH\""]""}, {""land_access"": ""TRUE"", ""land_size"": 6.1, ""productive_assets"": null}, {""land_access"": ""TRUE"", ""land_size"": 7.09, ""productive_assets"": ""[\""TRACTOR\"", \""OTHER\""]""}]","[{""shock_type"": ""FLOOD"", ""shock_date"": ""2025-01-13"", ""shock_period"": ""2025-Q1"", ""coping_strategy"": ""CS_REDUCE_MEALS""}]",[],"[{""program_name"": ""PROG_HEALTH_INSURANCE"", ""program_start_date"": ""2023-02-16"", ""program_exit_date"": null}]"
i0124,IND-0124,h025,James,James,Khan,James James Khan,James James Khan,MALE,2025-05-11,1,MARRIED,"[{""type"": ""mobile"", ""number"": ""+10000000124"", ""is_primary"": true}]",,4804440746,XXXXXX0746,,en,images/IND-0124.jpg,kamuntu,faraja,asilani,nguvu,bano,13.6016,66.601,151,36AB+66,68784 David Court Suite 558,Sector 8,000124,KM,,,,,,YES,FALSE,FALSE,HOST_COMMUNITY,SETTLED,FALSE,NO,,[],[],[],[],[]
i0125,IND-0125,h025,Teresa,James,Khan,Teresa James Khan,Teresa James Khan,FEMALE,1976-03-22,50,MARRIED,"[{""type"": ""mobile"", ""number"": ""+10000000125"", ""is_primary"": true}]",,8111312076,XXXXXX2076,INTERMEDIARY,en,images/IND-0125.jpg,kamuntu,faraja,asilani,nguvu,bano,13.5973,66.6499,161,35AB+66,000 Jennifer Unions Suite 872,Sector 9,000125,KM,LIVESTOCK,,UNEMPLOYED,5,SMARTPHONE,,,,,,,,,[],"[{""land_access"": ""TRUE"", ""land_size"": 2.06, ""productive_assets"": ""[\""PLOUGH\"", \""OTHER\""]""}]","[{""shock_type"": ""JOB_LOSS"", ""shock_date"": ""2025-02-07"", ""shock_period"": ""2025-Q1"", ""coping_strategy"": ""CS_SELL_ASSETS""}, {""shock_type"": ""ILLNESS"", ""shock_date"": ""2025-02-27"", ""shock_period"": ""2025-Q1"", ""coping_strategy"": ""CS_SELL_ASSETS""}]",[],[]
i0126,IND-0126,h025,Lisa,,Khan,Lisa Khan,Lisa Khan,FEMALE,2010-04-28,16,SINGLE,"[{""type"": ""mobile"", ""number"": ""+10000000126"", ""is_primary"": true}]",,9944748312,XXXXXX8312,CAN_READ_AND_WRITE,en,images/IND-0126.jpg,kamuntu,faraja,asilani,nguvu,bano,13.6124,66.6131,260,36AB+66,526 Wheeler Parkways Suite 947,Sector 1,000126,KM,SERVICES,,RETIRED,2,BASIC,NO,FALSE,FALSE,HOST_COMMUNITY,SETTLED,FALSE,NO,,[],[],[],[],[]
i0127,IND-0127,h025,Robyn,,Khan,Robyn Khan,Robyn Khan,FEMALE,2014-11-07,11,SINGLE,"[{""type"": ""mobile"", ""number"": ""+10000000127"", ""is_primary"": true}]",,6611356986,XXXXXX6986,INTERMEDIARY,en,images/IND-0127.jpg,kamuntu,faraja,asilani,nguvu,bano,13.6303,66.6126,226,36AB+66,9409 Baker Shoal,Sector 2,000127,KM,,,,,,NO,FALSE,FALSE,HOST_COMMUNITY,SETTLED,FALSE,NO,,[],[],[],[],[]
i0128,IND-0128,h025,Rachel,,Khan,Rachel Khan,Rachel Khan,FEMALE,1972-08-07,53,MARRIED,"[{""type"": ""mobile"", ""number"": ""+10000000128"", ""is_primary"": true}]",jennifersilva@example.org,7163022531,XXXXXX2531,INTERMEDIARY,en,images/IND-0128.jpg,kamuntu,faraja,asilani,nguvu,bano,13.6339,66.6491,64,36AB+66,30913 Scott Manor Apt. 636,Sector 3,000128,KM,CRAFT,,RETIRED,2,NONE,,,,,,,,,[],[],[],[],[]
i0129,IND-0129,h025,Kathryn,,Khan,Kathryn Khan,Kathryn Khan,FEMALE,1976-12-02,49,DIVORCED,"[{""type"": ""mobile"", ""number"": ""+10000000129"", ""is_primary"": true}]",,8650676663,XXXXXX6663,BASIC,en,images/IND-0129.jpg,kamuntu,faraja,asilani,nguvu,bano,13.5735,66.5767,249,35AB+65,028 Ann Shore Suite 865,Sector 4,000129,KM,GOVT_EMPLOYMENT,AGRICULTURE,UNEMPLOYED,1,BASIC,,,,,,,,,"[{""livestock_species"": ""CHICKEN"", ""livestock_counts"": ""BAND_11_20""}, {""livestock_species"": ""CHICKEN"", ""livestock_counts"": ""BAND_11_20""}]",[],[],[],"[{""program_name"": ""PROG_CASH_TRANSFER"", ""program_start_date"": ""2025-12-28"", ""program_exit_date"": null}, {""program_name"": ""PROG_FOOD_AID"", ""program_start_date"": ""2024-01-09"", ""program_exit_date"": null}]"
i0130,IND-0130,h026,Tyler,,Stevens,Tyler Stevens,Tyler Stevens,MALE,1993-03-05,33,MARRIED,"[{""type"": ""mobile"", ""number"": ""+10000000130"", ""is_primary"": true}]",amy49@example.com,4277422858,XXXXXX2858,BASIC,en,images/IND-0130.jpg,kamuntu,chakula,rafiki,uhuruumeme,biluka,14.9874,70.9829,151,49AB+09,48434 Bush Spurs,Sector 5,000130,KM,GOVT_EMPLOYMENT,,SELF_EMPLOYED,4,BASIC,,,,,,,,,"[{""livestock_species"": ""CHICKEN"", ""livestock_counts"": ""BAND_1_5""}, {""livestock_species"": ""CATTLE"", ""livestock_counts"": ""BAND_1_5""}]","[{""land_access"": ""TRUE"", ""land_size"": 2.98, ""productive_assets"": ""[\""PLOUGH\"", \""TRACTOR\""]""}, {""land_access"": ""TRUE"", ""land_size"": 3.62, ""productive_assets"": null}, {""land_access"": ""TRUE"", ""land_size"": 7.36, ""productive_assets"": ""[\""TRACTOR\""]""}]",[],[],"[{""program_name"": ""PROG_EDUCATION_SUPPORT"", ""program_start_date"": ""2023-05-04"", ""program_exit_date"": null}]"
i0131,IND-0131,h026,Michael,,Stevens,Michael Stevens,Michael Stevens,FEMALE,2025-06-07,1,MARRIED,"[{""type"": ""mobile"", ""number"": ""+10000000131"", ""is_primary"": true}]",,3412365931,XXXXXX5931,,en,images/IND-0131.jpg,kamuntu,chakula,rafiki,uhuruumeme,biluka,14.9562,70.956,164,49AB+09,441 Huang Locks Suite 240,Sector 6,000131,KM,,,,,,NO,FALSE,FALSE,HOST_COMMUNITY,SETTLED,FALSE,NO,,[],[],[],[],[]
i0132,IND-0132,h026,Dwayne,,Stevens,Dwayne Stevens,Dwayne Stevens,MALE,2002-12-25,23,MARRIED,"[{""type"": ""mobile"", ""number"": ""+10000000132"", ""is_primary"": true}]",,5613018394,XXXXXX8394,BASIC,en,images/IND-0132.jpg,kamuntu,chakula,rafiki,uhuruumeme,biluka,14.9473,71.0013,72,49AB+10,4733 Fitzpatrick Square Suite 219,Sector 7,000132,KM,WAGE_LABOR,,UNEMPLOYED,2,BASIC,,,,,,,,,"[{""livestock_species"": ""SHEEP"", ""livestock_counts"": ""BAND_6_10""}, {""livestock_species"": ""DONKEY"", ""livestock_counts"": ""BAND_6_10""}, {""livestock_species"": ""CAMEL"", ""livestock_counts"": ""BAND_11_20""}]",[],"[{""shock_type"": ""ILLNESS"", ""shock_date"": ""2025-07-17"", ""shock_period"": ""2025-Q3"", ""coping_strategy"": ""CS_REDUCE_MEALS""}]",[],"[{""program_name"": ""PROG_EDUCATION_SUPPORT"", ""program_start_date"": ""2023-10-23"", ""program_exit_date"": null}]"
i0133,IND-0133,h026,Natalie,,Stevens,Natalie Stevens,Natalie Stevens,FEMALE,1994-12-25,31,WIDOWED,"[{""type"": ""mobile"", ""number"": ""+10000000133"", ""is_primary"": true}]",santiagoamanda@example.net,4656572173,XXXXXX2173,BASIC,en,images/IND-0133.jpg,kamuntu,chakula,rafiki,uhuruumeme,biluka,15.0012,71.0227,213,50AB+10,16571 Adam Plaza,Sector 8,000133,KM,SERVICES,SERVICES,EMPLOYED,7,BASIC,,,,,,,,,[],[],[],[],[]
i0134,IND-0134,h026,William,Denise,Stevens,William Denise Stevens,William Denise Stevens,MALE,2006-12-07,19,MARRIED,"[{""type"": ""mobile"", ""number"": ""+10000000134"", ""is_primary"": true}]",,3121808073,XXXXXX8073,HIGHER_EDUCATION,en,images/IND-0134.jpg,kamuntu,chakula,rafiki,uhuruumeme,biluka,14.9661,70.9872,169,49AB+09,3454 Rebecca Corners Apt. 802,Sector 9,000134,KM,BUSINESS_TRADE,,UNEMPLOYED,7,NONE,NO,FALSE,FALSE,HOST_COMMUNITY,SETTLED,FALSE,NO,,[],[],[],[],[]
i0135,IND-0135,h026,Jason,,Stevens,Jason Stevens,Jason Stevens,MALE,2014-07-18,11,SINGLE,"[{""type"": ""mobile"", ""number"": ""+10000000135"", ""is_primary"": true}]",,3469178881,XXXXXX8881,INTERMEDIARY,en,images/IND-0135.jpg,kamuntu,chakula,rafiki,uhuruumeme,biluka,14.9425,70.9617,68,49AB+09,7240 Kenneth Rapids,Sector 1,000135,KM,,,,,,NO,FALSE,FALSE,HOST_COMMUNITY,SETTLED,FALSE,NO,,[],[],[],[],[]
i0136,IND-0136,h026,Ashley,,Stevens,Ashley Stevens,Ashley Stevens,FEMALE,1981-10-20,44,WIDOWED,"[{""type"": ""mobile"", ""number"": ""+10000000136"", ""is_primary"": true}]",,3524521602,XXXXXX1602,ILLITERATE,en,images/IND-0136.jpg,kamuntu,chakula,rafiki,uhuruumeme,biluka,15.0068,70.9429,178,50AB+09,8872 Nelson Valleys Apt. 527,Sector 2,000136,KM,CRAFT,BUSINESS_TRADE,UNEMPLOYED,3,BASIC,,,,,,,,,"[{""livestock_species"": ""DONKEY"", ""livestock_counts"": ""BAND_11_20""}]","[{""land_access"": ""TRUE"", ""land_size"": 0.31, ""productive_assets"": ""[\""PLOUGH\""]""}]",[],"[{""disability_domain"": ""SELF_CARE"", ""disability_severity"": ""CANNOT_DO_AT_ALL""}, {""disability_domain"": ""MOBILITY"", ""disability_severity"": ""CANNOT_DO_AT_ALL""}]",[]
i0137,IND-0137,h027,Margaret,Ronald,Sullivan,Margaret Ronald Sullivan,Margaret Ronald Sullivan,FEMALE,1989-07-12,36,MARRIED,"[{""type"": ""mobile"", ""number"": ""+10000000137"", ""is_primary"": true}]",,3753020051,XXXXXX0051,HIGHER_EDUCATION,en,images/IND-0137.jpg,kamuntu,faraja,sihaya,kusoma,bichi,17.1992,65.1981,93,71AB+51,61227 Boyle Avenue Suite 637,Sector 3,000137,KM,WAGE_LABOR,,RETIRED,6,NONE,,,,,,,,,[],"[{""land_access"": ""FALSE"", ""land_size"": null, ""productive_assets"": null}]","[{""shock_type"": ""JOB_LOSS"", ""shock_date"": ""2025-05-21"", ""shock_period"": ""2025-Q2"", ""coping_strategy"": ""CS_SEEK_AID""}]",[],"[{""program_name"": ""PROG_CASH_TRANSFER"", ""program_start_date"": ""2023-01-24"", ""program_exit_date"": null}]"
i0138,IND-0138,h027,Nicole,,Sullivan,Nicole Sullivan,Nicole Sullivan,MALE,1982-12-26,43,MARRIED,"[{""type"": ""mobile"", ""number"": ""+10000000138"", ""is_primary"": true}]",,1348849508,XXXXXX9508,HIGHER_EDUCATION,en,images/IND-0138.jpg,kamuntu,faraja,sihaya,kusoma,bichi,17.2349,65.2171,117,72AB+52,904 Schwartz Circle Apt. 742,Sector 4,000138,KM,AGRICULTURE,GOVT_EMPLOYMENT,UNEMPLOYED,2,SMARTPHONE,,,,,,,,,"[{""livestock_species"": ""GOATS"", ""livestock_counts"": ""BAND_11_20""}]","[{""land_access"": ""TRUE"", ""land_size"": 9.42, ""productive_assets"": null}, {""land_access"": ""FALSE"", ""land_size"": null, ""productive_assets"": ""[\""TRACTOR\""]""}]",[],[],"[{""program_name"": ""PROG_FOOD_AID"", ""program_start_date"": ""2025-01-09"", ""program_exit_date"": null}]"
i0139,IND-0139,h027,Jennifer,,Sullivan,Jennifer Sullivan,Jennifer Sullivan,FEMALE,2022-12-17,3,SINGLE,"[{""type"": ""mobile"", ""number"": ""+10000000139"", ""is_primary"": true}]",,7638204740,XXXXXX4740,,en,images/IND-0139.jpg,kamuntu,faraja,sihaya,kusoma,bichi,17.2042,65.1702,112,72AB+51,145 Jeffrey Dale Suite 279,Sector 5,000139,KM,,,,,,NO,FALSE,FALSE,HOST_COMMUNITY,SETTLED,FALSE,NO,,[],[],[],[],[]
i0140,IND-0140,h028,Jacqueline,,Miles,Jacqueline Miles,Jacqueline Miles,FEMALE,1997-12-13,28,MARRIED,"[{""type"": ""mobile"", ""number"": ""+10000000140"", ""is_primary"": true}]",,7374810067,XXXXXX0067,BASIC,en,images/IND-0140.jpg,kamuntu,faraja,asilani,kufa,berio,10.9104,68.9507,130,09AB+89,339 Alicia Pines Suite 191,Sector 6,000140,KM,SERVICES,,UNEMPLOYED,0,NONE,,,,,,,,,[],[],[],[],"[{""program_name"": ""PROG_FOOD_AID"", ""program_start_date"": ""2025-03-11"", ""program_exit_date"": null}]"
i0141,IND-0141,h028,Amy,,Miles,Amy Miles,Amy Miles,MALE,2013-03-03,13,MARRIED,"[{""type"": ""mobile"", ""number"": ""+10000000141"", ""is_primary"": true}]",,5751023835,XXXXXX3835,CAN_READ_AND_WRITE,en,images/IND-0141.jpg,kamuntu,faraja,asilani,kufa,berio,10.9142,68.9023,165,09AB+89,822 Bond Mills,Sector 7,000141,KM,,,,,,NO,FALSE,FALSE,IDP,PASTORALIST,TRUE,NO,,[],[],[],[],[]
i0142,IND-0142,h028,Brian,Brandy,Miles,Brian Brandy Miles,Brian Brandy Miles,MALE,2004-03-07,22,WIDOWED,"[{""type"": ""mobile"", ""number"": ""+10000000142"", ""is_primary"": true}]",nolansean@example.org,2795875043,XXXXXX5043,HIGHER_EDUCATION,en,images/IND-0142.jpg,kamuntu,faraja,asilani,kufa,berio,10.9863,68.9802,258,09AB+89,86790 Chambers Inlet Apt. 640,Sector 8,000142,KM,WAGE_LABOR,BUSINESS_TRADE,RETIRED,5,SMARTPHONE,,,,,,,,,[],"[{""land_access"": ""TRUE"", ""land_size"": 1.45, ""productive_assets"": ""[\""PLOUGH\""]""}, {""land_access"": ""TRUE"", ""land_size"": 5.54, ""productive_assets"": null}]","[{""shock_type"": ""FLOOD"", ""shock_date"": ""2025-06-23"", ""shock_period"": ""2025-Q2"", ""coping_strategy"": ""CS_REDUCE_MEALS""}]",[],[]
i0143,IND-0143,h028,Nichole,Brandon,Miles,Nichole Brandon Miles,Nichole Brandon Miles,FEMALE,2009-12-08,16,SINGLE,"[{""type"": ""mobile"", ""number"": ""+10000000143"", ""is_primary"": true}]",,7299922974,XXXXXX2974,INTERMEDIARY,en,images/IND-0143.jpg,kamuntu,faraja,asilani,kufa,berio,10.9779,68.9397,73,09AB+89,180 Valerie Mountains Apt. 462,Sector 9,000143,KM,CRAFT,BUSINESS_TRADE,SELF_EMPLOYED,5,SMARTPHONE,NO,TRUE,FALSE,HOST_COMMUNITY,SETTLED,FALSE,NO,,[],[],[],[],[]
i0144,IND-0144,h028,Patricia,,Miles,Patricia Miles,Patricia Miles,FEMALE,2004-07-13,21,SINGLE,"[{""type"": ""mobile"", ""number"": ""+10000000144"", ""is_primary"": true}]",ybrooks@example.com,6503383556,XXXXXX3556,HIGHER_EDUCATION,en,images/IND-0144.jpg,kamuntu,faraja,asilani,kufa,berio,10.9498,68.9743,222,09AB+89,1825 Gregory Plain Suite 823,Sector 1,000144,KM,WAGE_LABOR,,UNEMPLOYED,4,SMARTPHONE,NO,FALSE,FALSE,IDP,SETTLED,FALSE,YES,2025-03-06,[],"[{""land_access"": ""TRUE"", ""land_size"": 2.11, ""productive_assets"": ""[\""TRACTOR\""]""}, {""land_access"": ""TRUE"", ""land_size"": 3.85, ""productive_assets"": ""[\""OTHER\""]""}]",[],[],"[{""program_name"": ""PROG_FOOD_AID"", ""program_start_date"": ""2023-09-04"", ""program_exit_date"": null}]"
i0145,IND-0145,h028,Ruben,,Miles,Ruben Miles,Ruben Miles,MALE,1981-09-13,44,MARRIED,"[{""type"": ""mobile"", ""number"": ""+10000000145"", ""is_primary"": true}]",steven86@example.net,7026930365,XXXXXX0365,HIGHER_EDUCATION,en,images/IND-0145.jpg,kamuntu,faraja,asilani,kufa,berio,10.8945,68.8951,193,08AB+88,37524 Sharon Stream Apt. 069,Sector 2,000145,KM,LIVESTOCK,,UNEMPLOYED,0,BASIC,,,,,,,,,[],[],[],"[{""disability_domain"": ""VISION"", ""disability_severity"": ""SOME_DIFFICULTY""}, {""disability_domain"": ""MOBILITY"", ""disability_severity"": ""CANNOT_DO_AT_ALL""}]",[]
i0146,IND-0146,h029,Pamela,,Stephenson,Pamela Stephenson,Pamela Stephenson,FEMALE,1974-03-27,52,MARRIED,"[{""type"": ""mobile"", ""number"": ""+10000000146"", ""is_primary"": true}]",,3624410325,XXXXXX0325,BASIC,en,images/IND-0146.jpg,kamuntu,chakula,mfumo,wimbo,biluba,14.4129,65.4097,145,44AB+54,31190 Harper Squares,Sector 3,000146,KM,UNEMPLOYED,CRAFT,UNEMPLOYED,3,BASIC,YES,FALSE,FALSE,HOST_COMMUNITY,SETTLED,FALSE,NO,,[],[],"[{""shock_type"": ""CONFLICT"", ""shock_date"": ""2025-09-15"", ""shock_period"": ""2025-Q3"", ""coping_strategy"": ""CS_REDUCE_MEALS""}]",[],"[{""program_name"": ""PROG_HEALTH_INSURANCE"", ""program_start_date"": ""2023-11-20"", ""program_exit_date"": null}, {""program_name"": ""PROG_EDUCATION_SUPPORT"", ""program_start_date"": ""2023-02-11"", ""program_exit_date"": null}]"
i0147,IND-0147,h029,Shelby,,Stephenson,Shelby Stephenson,Shelby Stephenson,MALE,2010-01-23,16,MARRIED,"[{""type"": ""mobile"", ""number"": ""+10000000147"", ""is_primary"": true}]",,1172893522,XXXXXX3522,INTERMEDIARY,en,images/IND-0147.jpg,kamuntu,chakula,mfumo,wimbo,biluba,14.4039,65.4714,255,44AB+54,7383 Donald Highway,Sector 4,000147,KM,WAGE_LABOR,,RETIRED,0,NONE,NO,FALSE,FALSE,HOST_COMMUNITY,SETTLED,FALSE,NO,,[],[],[],"[{""disability_domain"": ""SELF_CARE"", ""disability_severity"": ""SOME_DIFFICULTY""}]",[]
i0148,IND-0148,h029,Cynthia,Barbara,Stephenson,Cynthia Barbara Stephenson,Cynthia Barbara Stephenson,FEMALE,1977-05-16,49,MARRIED,"[{""type"": ""mobile"", ""number"": ""+10000000148"", ""is_primary"": true}]",,7928074841,XXXXXX4841,HIGHER_EDUCATION,en,images/IND-0148.jpg,kamuntu,chakula,mfumo,wimbo,biluba,14.4163,65.4991,239,44AB+54,42836 Hill Point Apt. 687,Sector 5,000148,KM,UNEMPLOYED,,RETIRED,6,NONE,,,,,,,,,[],"[{""land_access"": ""TRUE"", ""land_size"": 8.93, ""productive_assets"": null}, {""land_access"": ""TRUE"", ""land_size"": 3.56, ""productive_assets"": null}]",[],[],[]
i0149,IND-0149,h030,Shannon,Steven,Thomas,Shannon Steven Thomas,Shannon Steven Thomas,FEMALE,1984-02-01,42,MARRIED,"[{""type"": ""mobile"", ""number"": ""+10000000149"", ""is_primary"": true}]",,9810503338,XXXXXX3338,INTERMEDIARY,en,images/IND-0149.jpg,kamuntu,chakula,njia,wingu,bilugi,17.748,66.7524,234,77AB+67,668 Paul Glens,Sector 6,000149,KM,SERVICES,,EMPLOYED,4,BASIC,NO,FALSE,FALSE,IDP,SETTLED,FALSE,NO,,"[{""livestock_species"": ""DONKEY"", ""livestock_counts"": ""BAND_6_10""}]",[],[],"[{""disability_domain"": ""COGNITION"", ""disability_severity"": ""CANNOT_DO_AT_ALL""}, {""disability_domain"": ""VISION"", ""disability_severity"": ""CANNOT_DO_AT_ALL""}]",[]
i0150,IND-0150,h030,Dalton,,Thomas,Dalton Thomas,Dalton Thomas,MALE,2007-04-04,19,MARRIED,"[{""type"": ""mobile"", ""number"": ""+10000000150"", ""is_primary"": true}]",fboone@example.net,7189213526,XXXXXX3526,HIGHER_EDUCATION,en,images/IND-0150.jpg,kamuntu,chakula,njia,wingu,bilugi,17.7419,66.7413,102,77AB+67,46990 Jacob Trace,Sector 7,000150,KM,LIVESTOCK,,UNEMPLOYED,3,SMARTPHONE,,,,,,,,,"[{""livestock_species"": ""DONKEY"", ""livestock_counts"": ""BAND_6_10""}]",[],[],"[{""disability_domain"": ""HEARING"", ""disability_severity"": ""SOME_DIFFICULTY""}]",[]
i0151,IND-0151,h030,Laurie,,Thomas,Laurie Thomas,Laurie Thomas,FEMALE,1979-02-10,47,MARRIED,"[{""type"": ""mobile"", ""number"": ""+10000000151"", ""is_primary"": true}]",timothybooth@example.com,3227727430,XXXXXX7430,BASIC,en,images/IND-0151.jpg,kamuntu,chakula,njia,wingu,bilugi,17.7561,66.7998,172,77AB+67,33173 Randy Garden Suite 467,Sector 8,000151,KM,UNEMPLOYED,,EMPLOYED,1,NONE,NO,FALSE,FALSE,HOST_COMMUNITY,SETTLED,FALSE,NO,,[],[],[],[],[]
i0152,IND-0152,h030,Joseph,,Thomas,Joseph Thomas,Joseph Thomas,MALE,1989-03-29,37,MARRIED,"[{""type"": ""mobile"", ""number"": ""+10000000152"", ""is_primary"": true}]",michael77@example.org,8272725281,XXXXXX5281,BASIC,en,images/IND-0152.jpg,kamuntu,chakula,njia,wingu,bilugi,17.761,66.7192,113,77AB+67,3556 Anna Forges Apt. 048,Sector 9,000152,KM,LIVESTOCK,,SELF_EMPLOYED,6,BASIC,,,,,,,,,[],[],[],[],[]
i0153,IND-0153,h030,Timothy,,Thomas,Timothy Thomas,Timothy Thomas,MALE,1952-07-21,73,MARRIED,"[{""type"": ""mobile"", ""number"": ""+10000000153"", ""is_primary"": true}]",,7395219544,XXXXXX9544,BASIC,en,images/IND-0153.jpg,kamuntu,chakula,njia,wingu,bilugi,17.748,66.756,289,77AB+67,2353 Hudson Gardens Suite 854,Sector 1,000153,KM,UNEMPLOYED,,SELF_EMPLOYED,4,BASIC,NO,FALSE,TRUE,HOST_COMMUNITY,SETTLED,FALSE,NO,,[],"[{""land_access"": ""TRUE"", ""land_size"": 6.09, ""productive_assets"": ""[\""PLOUGH\"", \""TRACTOR\""]""}, {""land_access"": ""TRUE"", ""land_size"": 0.42, ""productive_assets"": ""[\""OTHER\""]""}, {""land_access"": ""TRUE"", ""land_size"": 9.93, ""productive_assets"": ""[\""TRACTOR\""]""}]","[{""shock_type"": ""FLOOD"", ""shock_date"": ""2025-03-27"", ""shock_period"": ""2025-Q1"", ""coping_strategy"": ""CS_SEEK_AID""}, {""shock_type"": ""CONFLICT"", ""shock_date"": ""2025-02-18"", ""shock_period"": ""2025-Q1"", ""coping_strategy"": ""CS_SELL_ASSETS""}]",[],[]
i0154,IND-0154,h030,Pamela,Jennifer,Thomas,Pamela Jennifer Thomas,Pamela Jennifer Thomas,FEMALE,1992-12-23,33,WIDOWED,"[{""type"": ""mobile"", ""number"": ""+10000000154"", ""is_primary"": true}]",umurray@example.com,5924077461,XXXXXX7461,INTERMEDIARY,en,images/IND-0154.jpg,kamuntu,chakula,njia,wingu,bilugi,17.7042,66.7955,70,77AB+67,87280 Mary Club,Sector 2,000154,KM,LIVESTOCK,BUSINESS_TRADE,EMPLOYED,2,SMARTPHONE,,,,,,,,,[],[],"[{""shock_type"": ""DROUGHT"", ""shock_date"": ""2025-07-19"", ""shock_period"": ""2025-Q3"", ""coping_strategy"": ""CS_SEEK_AID""}, {""shock_type"": ""ILLNESS"", ""shock_date"": ""2025-09-18"", ""shock_period"": ""2025-Q3"", ""coping_strategy"": ""CS_BORROW""}]",[],"[{""program_name"": ""PROG_CASH_TRANSFER"", ""program_start_date"": ""2023-06-06"", ""program_exit_date"": null}, {""program_name"": ""PROG_HEALTH_INSURANCE"", ""program_start_date"": ""2024-02-08"", ""program_exit_date"": null}]"
i0155,IND-0155,h030,Theresa,,Thomas,Theresa Thomas,Theresa Thomas,FEMALE,2005-06-13,21,DIVORCED,"[{""type"": ""mobile"", ""number"": ""+10000000155"", ""is_primary"": true}]",gutierrezmegan@example.org,8285000265,XXXXXX0265,ILLITERATE,en,images/IND-0155.jpg,kamuntu,chakula,njia,wingu,bilugi,17.7137,66.7616,200,77AB+67,203 Brooks River,Sector 3,000155,KM,LIVESTOCK,GOVT_EMPLOYMENT,UNEMPLOYED,4,NONE,,,,,,,,,[],[],[],[],"[{""program_name"": ""PROG_HEALTH_INSURANCE"", ""program_start_date"": ""2024-08-10"", ""program_exit_date"": null}, {""program_name"": ""PROG_FOOD_AID"", ""program_start_date"": ""2024-08-25"", ""program_exit_date"": null}]"
i0156,IND-0156,h031,Jonathan,,Wolfe,Jonathan Wolfe,Jonathan Wolfe,MALE,1944-03-07,82,MARRIED,"[{""type"": ""mobile"", ""number"": ""+10000000156"", ""is_primary"": true}]",,9434946584,XXXXXX6584,HIGHER_EDUCATION,en,images/IND-0156.jpg,kamuntu,jasiri,baraka,walili,bimata,11.0621,66.0946,282,10AB+60,11823 Christine Glen Suite 461,Sector 4,000156,KM,CRAFT,,SELF_EMPLOYED,2,NONE,NO,FALSE,TRUE,IDP,SETTLED,FALSE,NO,,[],"[{""land_access"": ""TRUE"", ""land_size"": 4.44, ""productive_assets"": ""[\""TRACTOR\""]""}]","[{""shock_type"": ""DROUGHT"", ""shock_date"": ""2025-01-12"", ""shock_period"": ""2025-Q1"", ""coping_strategy"": ""CS_SEEK_AID""}]",[],[]
i0157,IND-0157,h031,Jake,,Wolfe,Jake Wolfe,Jake Wolfe,FEMALE,1979-09-03,46,MARRIED,"[{""type"": ""mobile"", ""number"": ""+10000000157"", ""is_primary"": true}]",veronicaperez@example.net,6046864799,XXXXXX4799,INTERMEDIARY,en,images/IND-0157.jpg,kamuntu,jasiri,baraka,walili,bimata,11.1182,66.0476,285,11AB+60,016 Bennett Mountains,Sector 5,000157,KM,GOVT_EMPLOYMENT,CRAFT,UNEMPLOYED,1,SMARTPHONE,,,,,,,,,[],[],[],[],[]
i0158,IND-0158,h031,Amy,George,Wolfe,Amy George Wolfe,Amy George Wolfe,FEMALE,1974-01-06,52,WIDOWED,"[{""type"": ""mobile"", ""number"": ""+10000000158"", ""is_primary"": true}]",pbruce@example.com,5334769475,XXXXXX9475,HIGHER_EDUCATION,en,images/IND-0158.jpg,kamuntu,jasiri,baraka,walili,bimata,11.0868,66.0407,135,10AB+60,033 Nelson Club,Sector 6,000158,KM,UNEMPLOYED,,UNEMPLOYED,6,NONE,NO,FALSE,FALSE,HOST_COMMUNITY,SETTLED,FALSE,NO,,[],[],[],[],[]
i0159,IND-0159,h031,Melinda,,Wolfe,Melinda Wolfe,Melinda Wolfe,FEMALE,2010-03-04,16,SINGLE,"[{""type"": ""mobile"", ""number"": ""+10000000159"", ""is_primary"": true}]",,7305101214,XXXXXX1214,INTERMEDIARY,en,images/IND-0159.jpg,kamuntu,jasiri,baraka,walili,bimata,11.0493,66.0413,91,10AB+60,50392 Hickman Hills,Sector 7,000159,KM,SERVICES,SERVICES,SELF_EMPLOYED,2,SMARTPHONE,YES,FALSE,FALSE,HOST_COMMUNITY,SETTLED,FALSE,NO,,[],[],[],[],[]
i0160,IND-0160,h031,Carla,,Wolfe,Carla Wolfe,Carla Wolfe,FEMALE,2024-08-02,1,SINGLE,"[{""type"": ""mobile"", ""number"": ""+10000000160"", ""is_primary"": true}]",,8691288568,XXXXXX8568,,en,images/IND-0160.jpg,kamuntu,jasiri,baraka,walili,bimata,11.0868,66.1057,94,10AB+61,856 Krystal Spurs Apt. 850,Sector 8,000160,KM,,,,,,NO,FALSE,FALSE,HOST_COMMUNITY,SETTLED,FALSE,NO,,[],[],[],"[{""disability_domain"": ""SELF_CARE"", ""disability_severity"": ""SOME_DIFFICULTY""}]",[]
i0161,IND-0161,h031,Anne,,Wolfe,Anne Wolfe,Anne Wolfe,FEMALE,1999-07-20,26,MARRIED,"[{""type"": ""mobile"", ""number"": ""+10000000161"", ""is_primary"": true}]",petersonkayla@example.net,1409675904,XXXXXX5904,BASIC,en,images/IND-0161.jpg,kamuntu,jasiri,baraka,walili,bimata,11.1282,66.0777,289,11AB+60,0477 Michael Lane Suite 296,Sector 9,000161,KM,BUSINESS_TRADE,LIVESTOCK,EMPLOYED,1,BASIC,,,,,,,,,[],[],[],"[{""disability_domain"": ""COGNITION"", ""disability_severity"": ""CANNOT_DO_AT_ALL""}]",[]
i0162,IND-0162,h031,Angelica,Lauren,Wolfe,Angelica Lauren Wolfe,Angelica Lauren Wolfe,FEMALE,1973-02-11,53,MARRIED,"[{""type"": ""mobile"", ""number"": ""+10000000162"", ""is_primary"": true}]",,5344083406,XXXXXX3406,INTERMEDIARY,en,images/IND-0162.jpg,kamuntu,jasiri,baraka,walili,bimata,11.0954,66.0993,65,10AB+60,42626 Ward Course,Sector 1,000162,KM,WAGE_LABOR,,UNEMPLOYED,3,SMARTPHONE,,,,,,,,,[],[],[],[],[]
i0163,IND-0163,h032,Abigail,,Parker,Abigail Parker,Abigail Parker,FEMALE,1951-07-27,74,MARRIED,"[{""type"": ""mobile"", ""number"": ""+10000000163"", ""is_primary"": true}]",kathleen12@example.org,9334966533,XXXXXX6533,CAN_READ_AND_WRITE,en,images/IND-0163.jpg,kamuntu,chakula,mfumo,nguvu,biluci,16.6068,65.5921,295,66AB+55,7888 Garcia Corners,Sector 2,000163,KM,BUSINESS_TRADE,,SELF_EMPLOYED,6,NONE,NO,FALSE,FALSE,HOST_COMMUNITY,PASTORALIST,TRUE,NO,,"[{""livestock_species"": ""CHICKEN"", ""livestock_counts"": ""BAND_21_PLUS""}]",[],[],[],"[{""program_name"": ""PROG_CASH_TRANSFER"", ""program_start_date"": ""2025-03-26"", ""program_exit_date"": null}, {""program_name"": ""PROG_HEALTH_INSURANCE"", ""program_start_date"": ""2023-09-12"", ""program_exit_date"": null}]"
i0164,IND-0164,h032,Heather,,Parker,Heather Parker,Heather Parker,MALE,1992-03-02,34,MARRIED,"[{""type"": ""mobile"", ""number"": ""+10000000164"", ""is_primary"": true}]",michelle04@example.com,9215400091,XXXXXX0091,CAN_READ_AND_WRITE,en,images/IND-0164.jpg,kamuntu,chakula,mfumo,nguvu,biluci,16.6457,65.6502,261,66AB+56,83982 Jackson Grove Suite 472,Sector 3,000164,KM,LIVESTOCK,BUSINESS_TRADE,SELF_EMPLOYED,5,NONE,NO,FALSE,FALSE,HOST_COMMUNITY,SETTLED,FALSE,NO,,"[{""livestock_species"": ""DONKEY"", ""livestock_counts"": ""BAND_6_10""}, {""livestock_species"": ""SHEEP"", ""livestock_counts"": ""BAND_1_5""}, {""livestock_species"": ""GOATS"", ""livestock_counts"": ""BAND_1_5""}]",[],[],[],[]
i0165,IND-0165,h032,Arthur,,Parker,Arthur Parker,Arthur Parker,MALE,1993-05-19,33,SINGLE,"[{""type"": ""mobile"", ""number"": ""+10000000165"", ""is_primary"": true}]",yevans@example.org,3423086220,XXXXXX6220,HIGHER_EDUCATION,en,images/IND-0165.jpg,kamuntu,chakula,mfumo,nguvu,biluci,16.5762,65.6248,179,65AB+56,3799 Stephen Dale Suite 065,Sector 4,000165,KM,SERVICES,UNEMPLOYED,UNEMPLOYED,0,SMARTPHONE,,,,,,,,,"[{""livestock_species"": ""GOATS"", ""livestock_counts"": ""BAND_6_10""}, {""livestock_species"": ""CHICKEN"", ""livestock_counts"": ""BAND_21_PLUS""}, {""livestock_species"": ""GOATS"", ""livestock_counts"": ""BAND_21_PLUS""}]",[],[],[],"[{""program_name"": ""PROG_EDUCATION_SUPPORT"", ""program_start_date"": ""2023-03-24"", ""program_exit_date"": null}, {""program_name"": ""PROG_HEALTH_INSURANCE"", ""program_start_date"": ""2024-02-06"", ""program_exit_date"": null}]"
i0166,IND-0166,h032,Ryan,Michelle,Parker,Ryan Michelle Parker,Ryan Michelle Parker,MALE,1970-08-07,55,SINGLE,"[{""type"": ""mobile"", ""number"": ""+10000000166"", ""is_primary"": true}]",pcook@example.net,7799567490,XXXXXX7490,CAN_READ_AND_WRITE,en,images/IND-0166.jpg,kamuntu,chakula,mfumo,nguvu,biluci,16.5791,65.621,257,65AB+56,5937 Thompson Locks,Sector 5,000166,KM,LIVESTOCK,,RETIRED,0,SMARTPHONE,,,,,,,,,[],"[{""land_access"": ""TRUE"", ""land_size"": 8.83, ""productive_assets"": null}]",[],[],[]
i0167,IND-0167,h033,Tracy,,Carter,Tracy Carter,Tracy Carter,FEMALE,1986-05-28,40,MARRIED,"[{""type"": ""mobile"", ""number"": ""+10000000167"", ""is_primary"": true}]",yfaulkner@example.org,4106464319,XXXXXX4319,ILLITERATE,en,images/IND-0167.jpg,kamuntu,jasiri,simba,walizo,biluti,13.2596,66.3016,240,32AB+63,4651 Brittany Plains Apt. 807,Sector 6,000167,KM,LIVESTOCK,,UNEMPLOYED,2,NONE,,,,,,,,,"[{""livestock_species"": ""SHEEP"", ""livestock_counts"": ""BAND_6_10""}]",[],[],[],[]
i0168,IND-0168,h033,Tommy,,Carter,Tommy Carter,Tommy Carter,MALE,1968-05-15,58,MARRIED,"[{""type"": ""mobile"", ""number"": ""+10000000168"", ""is_primary"": true}]",marie16@example.net,9305502799,XXXXXX2799,INTERMEDIARY,en,images/IND-0168.jpg,kamuntu,jasiri,simba,walizo,biluti,13.2232,66.2609,246,32AB+62,43426 Jones Rapid Suite 968,Sector 7,000168,KM,UNEMPLOYED,,RETIRED,4,NONE,,,,,,,,,[],[],"[{""shock_type"": ""ILLNESS"", ""shock_date"": ""2025-03-28"", ""shock_period"": ""2025-Q1"", ""coping_strategy"": ""CS_SELL_ASSETS""}]",[],[]
i0169,IND-0169,h033,Katie,,Carter,Katie Carter,Katie Carter,FEMALE,1981-12-28,44,DIVORCED,"[{""type"": ""mobile"", ""number"": ""+10000000169"", ""is_primary"": true}]",ystephens@example.com,6916301780,XXXXXX1780,BASIC,en,images/IND-0169.jpg,kamuntu,jasiri,simba,walizo,biluti,13.228,66.3164,273,32AB+63,35290 Rasmussen Isle,Sector 8,000169,KM,AGRICULTURE,,SELF_EMPLOYED,3,BASIC,,,,,,,,,[],[],"[{""shock_type"": ""FLOOD"", ""shock_date"": ""2025-01-20"", ""shock_period"": ""2025-Q1"", ""coping_strategy"": ""CS_SEEK_AID""}]",[],[]
i0170,IND-0170,h033,Vincent,Alex,Carter,Vincent Alex Carter,Vincent Alex Carter,MALE,1989-08-19,36,SINGLE,"[{""type"": ""mobile"", ""number"": ""+10000000170"", ""is_primary"": true}]",jeffrey88@example.net,5203589186,XXXXXX9186,HIGHER_EDUCATION,en,images/IND-0170.jpg,kamuntu,jasiri,simba,walizo,biluti,13.3035,66.2956,300,33AB+62,5679 Michael Burg,Sector 9,000170,KM,SERVICES,,EMPLOYED,2,BASIC,,,,,,,,,"[{""livestock_species"": ""SHEEP"", ""livestock_counts"": ""BAND_21_PLUS""}, {""livestock_species"": ""DONKEY"", ""livestock_counts"": ""BAND_1_5""}, {""livestock_species"": ""SHEEP"", ""livestock_counts"": ""BAND_11_20""}]","[{""land_access"": ""TRUE"", ""land_size"": 4.82, ""productive_assets"": ""[\""PLOUGH\""]""}, {""land_access"": ""FALSE"", ""land_size"": null, ""productive_assets"": ""[\""PLOUGH\""]""}, {""land_access"": ""TRUE"", ""land_size"": 3.39, ""productive_assets"": ""[\""PLOUGH\""]""}]",[],[],"[{""program_name"": ""PROG_HEALTH_INSURANCE"", ""program_start_date"": ""2023-09-21"", ""program_exit_date"": null}, {""program_name"": ""PROG_FOOD_AID"", ""program_start_date"": ""2025-07-14"", ""program_exit_date"": null}]"
i0171,IND-0171,h033,Karen,,Carter,Karen Carter,Karen Carter,FEMALE,1974-12-16,51,MARRIED,"[{""type"": ""mobile"", ""number"": ""+10000000171"", ""is_primary"": true}]",wilsonshelia@example.org,5961208540,XXXXXX8540,INTERMEDIARY,en,images/IND-0171.jpg,kamuntu,jasiri,simba,walizo,biluti,13.2388,66.3075,245,32AB+63,5738 Bailey Court Suite 751,Sector 1,000171,KM,BUSINESS_TRADE,,EMPLOYED,4,SMARTPHONE,,,,,,,,,[],[],"[{""shock_type"": ""FLOOD"", ""shock_date"": ""2025-05-01"", ""shock_period"": ""2025-Q2"", ""coping_strategy"": ""CS_BORROW""}, {""shock_type"": ""JOB_LOSS"", ""shock_date"": ""2025-11-19"", ""shock_period"": ""2025-Q4"", ""coping_strategy"": ""CS_REDUCE_MEALS""}]",[],"[{""program_name"": ""PROG_EDUCATION_SUPPORT"", ""program_start_date"": ""2024-08-28"", ""program_exit_date"": null}]"
i0172,IND-0172,h033,Eric,Darin,Carter,Eric Darin Carter,Eric Darin Carter,MALE,2020-09-22,5,SINGLE,"[{""type"": ""mobile"", ""number"": ""+10000000172"", ""is_primary"": true}]",,4746123831,XXXXXX3831,,en,images/IND-0172.jpg,kamuntu,jasiri,simba,walizo,biluti,13.2445,66.2244,162,32AB+62,123 Andrea Isle Suite 736,Sector 2,000172,KM,,,,,,YES,FALSE,FALSE,HOST_COMMUNITY,PASTORALIST,TRUE,NO,,[],[],[],[],[]
i0173,IND-0173,h034,Mark,,Lopez,Mark Lopez,Mark Lopez,MALE,1977-05-14,49,MARRIED,"[{""type"": ""mobile"", ""number"": ""+10000000173"", ""is_primary"": true}]",vfoster@example.net,2242377075,XXXXXX7075,BASIC,en,images/IND-0173.jpg,kamuntu,kilima,karamu,hasara,bilota,12.8016,65.7932,131,28AB+57,9660 Jamie Terrace,Sector 3,000173,KM,WAGE_LABOR,,RETIRED,5,BASIC,,,,,,,,,"[{""livestock_species"": ""CATTLE"", ""livestock_counts"": ""BAND_21_PLUS""}, {""livestock_species"": ""CATTLE"", ""livestock_counts"": ""BAND_6_10""}]","[{""land_access"": ""TRUE"", ""land_size"": 6.54, ""productive_assets"": ""[\""TRACTOR\""]""}, {""land_access"": ""FALSE"", ""land_size"": null, ""productive_assets"": ""[\""OTHER\"", \""PLOUGH\""]""}]","[{""shock_type"": ""ILLNESS"", ""shock_date"": ""2025-03-23"", ""shock_period"": ""2025-Q1"", ""coping_strategy"": ""CS_REDUCE_MEALS""}]","[{""disability_domain"": ""COMMUNICATION"", ""disability_severity"": ""CANNOT_DO_AT_ALL""}]",[]
i0174,IND-0174,h034,Michael,,Lopez,Michael Lopez,Michael Lopez,FEMALE,2009-10-15,16,MARRIED,"[{""type"": ""mobile"", ""number"": ""+10000000174"", ""is_primary"": true}]",,6244338653,XXXXXX8653,HIGHER_EDUCATION,en,images/IND-0174.jpg,kamuntu,kilima,karamu,hasara,bilota,12.7501,65.7261,292,27AB+57,255 Stephen Greens,Sector 4,000174,KM,AGRICULTURE,,EMPLOYED,2,NONE,NO,FALSE,FALSE,HOST_COMMUNITY,SETTLED,FALSE,NO,,[],[],[],"[{""disability_domain"": ""SELF_CARE"", ""disability_severity"": ""CANNOT_DO_AT_ALL""}]",[]
i0175,IND-0175,h034,Michael,,Lopez,Michael Lopez,Michael Lopez,MALE,1990-05-18,36,SINGLE,"[{""type"": ""mobile"", ""number"": ""+10000000175"", ""is_primary"": true}]",candice96@example.net,7547518979,XXXXXX8979,HIGHER_EDUCATION,en,images/IND-0175.jpg,kamuntu,kilima,karamu,hasara,bilota,12.7896,65.7608,126,27AB+57,5792 Sellers Ramp,Sector 5,000175,KM,BUSINESS_TRADE,CRAFT,EMPLOYED,2,SMARTPHONE,NO,FALSE,FALSE,HOST_COMMUNITY,SETTLED,FALSE,NO,,[],[],[],"[{""disability_domain"": ""VISION"", ""disability_severity"": ""A_LOT_OF_DIFFICULTY""}, {""disability_domain"": ""COGNITION"", ""disability_severity"": ""A_LOT_OF_DIFFICULTY""}]",[]
i0176,IND-0176,h034,Angela,David,Lopez,Angela David Lopez,Angela David Lopez,FEMALE,2006-11-14,19,WIDOWED,"[{""type"": ""mobile"", ""number"": ""+10000000176"", ""is_primary"": true}]",daryl52@example.net,4928783441,XXXXXX3441,INTERMEDIARY,en,images/IND-0176.jpg,kamuntu,kilima,karamu,hasara,bilota,12.7762,65.8168,192,27AB+58,9296 Lopez Roads Apt. 827,Sector 6,000176,KM,GOVT_EMPLOYMENT,,SELF_EMPLOYED,3,NONE,NO,FALSE,FALSE,HOST_COMMUNITY,SETTLED,FALSE,NO,,"[{""livestock_species"": ""GOATS"", ""livestock_counts"": ""BAND_21_PLUS""}, {""livestock_species"": ""CATTLE"", ""livestock_counts"": ""BAND_11_20""}, {""livestock_species"": ""SHEEP"", ""livestock_counts"": ""BAND_6_10""}]",[],[],"[{""disability_domain"": ""MOBILITY"", ""disability_severity"": ""A_LOT_OF_DIFFICULTY""}, {""disability_domain"": ""COGNITION"", ""disability_severity"": ""SOME_DIFFICULTY""}]","[{""program_name"": ""PROG_CASH_TRANSFER"", ""program_start_date"": ""2023-08-05"", ""program_exit_date"": null}]"
i0177,IND-0177,h034,Dylan,Megan,Lopez,Dylan Megan Lopez,Dylan Megan Lopez,MALE,1999-09-21,26,DIVORCED,"[{""type"": ""mobile"", ""number"": ""+10000000177"", ""is_primary"": true}]",glennstephanie@example.com,8933377472,XXXXXX7472,INTERMEDIARY,en,images/IND-0177.jpg,kamuntu,kilima,karamu,hasara,bilota,12.7292,65.7925,98,27AB+57,68876 Perry Ville,Sector 7,000177,KM,GOVT_EMPLOYMENT,,SELF_EMPLOYED,0,NONE,,,,,,,,,[],"[{""land_access"": ""TRUE"", ""land_size"": 2.01, ""productive_assets"": null}]","[{""shock_type"": ""ILLNESS"", ""shock_date"": ""2025-09-14"", ""shock_period"": ""2025-Q3"", ""coping_strategy"": ""CS_SELL_ASSETS""}, {""shock_type"": ""DROUGHT"", ""shock_date"": ""2025-08-17"", ""shock_period"": ""2025-Q3"", ""coping_strategy"": ""CS_REDUCE_MEALS""}]",[],[]
i0178,IND-0178,h034,Jeremy,,Lopez,Jeremy Lopez,Jeremy Lopez,MALE,2016-08-12,9,SINGLE,"[{""type"": ""mobile"", ""number"": ""+10000000178"", ""is_primary"": true}]",,3058982440,XXXXXX2440,ILLITERATE,en,images/IND-0178.jpg,kamuntu,kilima,karamu,hasara,bilota,12.8069,65.7533,294,28AB+57,40438 Jackson Mount,Sector 8,000178,KM,,,,,,NO,FALSE,FALSE,HOST_COMMUNITY,SETTLED,FALSE,NO,,[],[],[],[],[]
i0179,IND-0179,h034,Keith,,Lopez,Keith Lopez,Keith Lopez,MALE,1960-04-03,66,MARRIED,"[{""type"": ""mobile"", ""number"": ""+10000000179"", ""is_primary"": true}]",,4927495468,XXXXXX5468,HIGHER_EDUCATION,en,images/IND-0179.jpg,kamuntu,kilima,karamu,hasara,bilota,12.7896,65.7904,151,27AB+57,819 Joseph Plains Suite 807,Sector 9,000179,KM,GOVT_EMPLOYMENT,UNEMPLOYED,EMPLOYED,6,NONE,NO,FALSE,FALSE,HOST_COMMUNITY,SETTLED,FALSE,NO,,[],[],[],"[{""disability_domain"": ""COMMUNICATION"", ""disability_severity"": ""A_LOT_OF_DIFFICULTY""}]",[]
i0180,IND-0180,h035,Kimberly,,Fritz,Kimberly Fritz,Kimberly Fritz,FEMALE,1994-07-30,31,MARRIED,"[{""type"": ""mobile"", ""number"": ""+10000000180"", ""is_primary"": true}]",,7430757004,XXXXXX7004,BASIC,en,images/IND-0180.jpg,kamuntu,chakula,njia,moyo,bilufi,16.3599,71.4481,170,63AB+14,340 Baker Wall,Sector 1,000180,KM,UNEMPLOYED,,EMPLOYED,4,BASIC,NO,FALSE,FALSE,HOST_COMMUNITY,SETTLED,FALSE,NO,,[],"[{""land_access"": ""TRUE"", ""land_size"": 5.96, ""productive_assets"": ""[\""PLOUGH\"", \""OTHER\""]""}, {""land_access"": ""TRUE"", ""land_size"": 8.65, ""productive_assets"": ""[\""TRACTOR\"", \""PLOUGH\""]""}, {""land_access"": ""FALSE"", ""land_size"": null, ""productive_assets"": null}]",[],[],[]
i0181,IND-0181,h035,Robert,,Fritz,Robert Fritz,Robert Fritz,MALE,1988-11-16,37,MARRIED,"[{""type"": ""mobile"", ""number"": ""+10000000181"", ""is_primary"": true}]",rowejoel@example.net,4183654731,XXXXXX4731,INTERMEDIARY,en,images/IND-0181.jpg,kamuntu,chakula,njia,moyo,bilufi,16.3516,71.4053,199,63AB+14,962 Kristen Via Apt. 095,Sector 2,000181,KM,LIVESTOCK,UNEMPLOYED,UNEMPLOYED,4,NONE,YES,FALSE,FALSE,HOST_COMMUNITY,SETTLED,FALSE,NO,,[],"[{""land_access"": ""TRUE"", ""land_size"": 0.38, ""productive_assets"": null}, {""land_access"": ""TRUE"", ""land_size"": 7.2, ""productive_assets"": null}]",[],[],[]
i0182,IND-0182,h035,Kim,Gary,Fritz,Kim Gary Fritz,Kim Gary Fritz,FEMALE,1992-12-22,33,MARRIED,"[{""type"": ""mobile"", ""number"": ""+10000000182"", ""is_primary"": true}]",keith48@example.net,6350369667,XXXXXX9667,INTERMEDIARY,en,images/IND-0182.jpg,kamuntu,chakula,njia,moyo,bilufi,16.4051,71.4443,136,64AB+14,60422 Dustin Islands,Sector 3,000182,KM,AGRICULTURE,BUSINESS_TRADE,SELF_EMPLOYED,0,SMARTPHONE,,,,,,,,,"[{""livestock_species"": ""DONKEY"", ""livestock_counts"": ""BAND_11_20""}, {""livestock_species"": ""GOATS"", ""livestock_counts"": ""BAND_1_5""}]","[{""land_access"": ""TRUE"", ""land_size"": 3.11, ""productive_assets"": ""[\""OTHER\""]""}, {""land_access"": ""TRUE"", ""land_size"": 0.17, ""productive_assets"": ""[\""TRACTOR\""]""}]",[],[],[]
i0183,IND-0183,h035,Sandra,,Fritz,Sandra Fritz,Sandra Fritz,FEMALE,1972-08-10,53,SINGLE,"[{""type"": ""mobile"", ""number"": ""+10000000183"", ""is_primary"": true}]",,3097302637,XXXXXX2637,HIGHER_EDUCATION,en,images/IND-0183.jpg,kamuntu,chakula,njia,moyo,bilufi,16.4417,71.4042,214,64AB+14,2946 Hayes Roads Apt. 684,Sector 4,000183,KM,LIVESTOCK,GOVT_EMPLOYMENT,UNEMPLOYED,5,BASIC,,,,,,,,,[],[],[],[],[]
i0184,IND-0184,h035,Michael,,Fritz,Michael Fritz,Michael Fritz,MALE,2020-05-23,6,SINGLE,"[{""type"": ""mobile"", ""number"": ""+10000000184"", ""is_primary"": true}]",,4282810353,XXXXXX0353,ILLITERATE,en,images/IND-0184.jpg,kamuntu,chakula,njia,moyo,bilufi,16.3912,71.4343,109,63AB+14,5901 Reid Square Suite 186,Sector 5,000184,KM,,,,,,NO,FALSE,FALSE,HOST_COMMUNITY,SETTLED,FALSE,NO,,[],[],[],[],[]
i0185,IND-0185,h036,Daniel,Jason,Jordan,Daniel Jason Jordan,Daniel Jason Jordan,MALE,2000-02-20,26,MARRIED,"[{""type"": ""mobile"", ""number"": ""+10000000185"", ""is_primary"": true}]",marcus45@example.net,3095318649,XXXXXX8649,BASIC,en,images/IND-0185.jpg,kamuntu,jasiri,mapema,upendo,bimbee,15.7307,68.7852,53,57AB+87,750 Cory Tunnel,Sector 6,000185,KM,WAGE_LABOR,,SELF_EMPLOYED,7,BASIC,NO,FALSE,FALSE,HOST_COMMUNITY,SETTLED,FALSE,NO,,"[{""livestock_species"": ""GOATS"", ""livestock_counts"": ""BAND_21_PLUS""}]",[],[],[],[]
i0186,IND-0186,h036,Sara,Sarah,Jordan,Sara Sarah Jordan,Sara Sarah Jordan,FEMALE,1970-11-07,55,MARRIED,"[{""type"": ""mobile"", ""number"": ""+10000000186"", ""is_primary"": true}]",scottsmith@example.com,4907446848,XXXXXX6848,HIGHER_EDUCATION,en,images/IND-0186.jpg,kamuntu,jasiri,mapema,upendo,bimbee,15.7407,68.7396,88,57AB+87,242 Davis Lake,Sector 7,000186,KM,WAGE_LABOR,LIVESTOCK,EMPLOYED,7,BASIC,,,,,,,,,"[{""livestock_species"": ""CHICKEN"", ""livestock_counts"": ""BAND_21_PLUS""}]","[{""land_access"": ""TRUE"", ""land_size"": 6.9, ""productive_assets"": null}]","[{""shock_type"": ""CONFLICT"", ""shock_date"": ""2025-08-06"", ""shock_period"": ""2025-Q3"", ""coping_strategy"": ""CS_BORROW""}, {""shock_type"": ""JOB_LOSS"", ""shock_date"": ""2025-07-21"", ""shock_period"": ""2025-Q3"", ""coping_strategy"": ""CS_BORROW""}]",[],"[{""program_name"": ""PROG_HEALTH_INSURANCE"", ""program_start_date"": ""2023-03-01"", ""program_exit_date"": null}]"
i0187,IND-0187,h036,Danielle,,Jordan,Danielle Jordan,Danielle Jordan,FEMALE,2004-01-15,22,SINGLE,"[{""type"": ""mobile"", ""number"": ""+10000000187"", ""is_primary"": true}]",brettgarrett@example.net,9415119956,XXXXXX9956,ILLITERATE,en,images/IND-0187.jpg,kamuntu,jasiri,mapema,upendo,bimbee,15.7759,68.7543,228,57AB+87,1103 Miller Ramp,Sector 8,000187,KM,AGRICULTURE,,RETIRED,5,SMARTPHONE,,,,,,,,,[],"[{""land_access"": ""FALSE"", ""land_size"": null, ""productive_assets"": null}]",[],[],[]
i0188,IND-0188,h036,Darrell,Albert,Jordan,Darrell Albert Jordan,Darrell Albert Jordan,MALE,1989-02-05,37,MARRIED,"[{""type"": ""mobile"", ""number"": ""+10000000188"", ""is_primary"": true}]",lisa62@example.com,3734812163,XXXXXX2163,BASIC,en,images/IND-0188.jpg,kamuntu,jasiri,mapema,upendo,bimbee,15.8003,68.7383,266,58AB+87,61115 Ibarra Dam,Sector 9,000188,KM,AGRICULTURE,,RETIRED,6,SMARTPHONE,,,,,,,,,[],[],[],[],"[{""program_name"": ""PROG_CASH_TRANSFER"", ""program_start_date"": ""2023-06-19"", ""program_exit_date"": null}, {""program_name"": ""PROG_FOOD_AID"", ""program_start_date"": ""2024-07-15"", ""program_exit_date"": null}]"
i0189,IND-0189,h037,James,Nancy,Li,James Nancy Li,James Nancy Li,MALE,1944-03-10,82,MARRIED,"[{""type"": ""mobile"", ""number"": ""+10000000189"", ""is_primary"": true}]",caseyelliott@example.net,4969233836,XXXXXX3836,ILLITERATE,en,images/IND-0189.jpg,kamuntu,jasiri,ndoto,pamoja,biluxo,12.3184,70.278,189,23AB+02,5326 Heath Corners,Sector 1,000189,KM,AGRICULTURE,BUSINESS_TRADE,RETIRED,4,BASIC,YES,FALSE,TRUE,HOST_COMMUNITY,SETTLED,FALSE,NO,,[],[],[],"[{""disability_domain"": ""VISION"", ""disability_severity"": ""SOME_DIFFICULTY""}]","[{""program_name"": ""PROG_CASH_TRANSFER"", ""program_start_date"": ""2025-09-05"", ""program_exit_date"": null}, {""program_name"": ""PROG_EDUCATION_SUPPORT"", ""program_start_date"": ""2025-06-04"", ""program_exit_date"": null}]"
i0190,IND-0190,h037,Steven,,Li,Steven Li,Steven Li,FEMALE,1996-11-05,29,MARRIED,"[{""type"": ""mobile"", ""number"": ""+10000000190"", ""is_primary"": true}]",,5625411308,XXXXXX1308,HIGHER_EDUCATION,en,images/IND-0190.jpg,kamuntu,jasiri,ndoto,pamoja,biluxo,12.2662,70.274,263,22AB+02,656 Moody Gateway,Sector 2,000190,KM,GOVT_EMPLOYMENT,UNEMPLOYED,EMPLOYED,2,SMARTPHONE,,,,,,,,,[],[],[],[],[]
i0191,IND-0191,h037,Destiny,,Li,Destiny Li,Destiny Li,FEMALE,1978-10-01,47,MARRIED,"[{""type"": ""mobile"", ""number"": ""+10000000191"", ""is_primary"": true}]",kimberly04@example.org,9479654136,XXXXXX4136,HIGHER_EDUCATION,en,images/IND-0191.jpg,kamuntu,jasiri,ndoto,pamoja,biluxo,12.2554,70.2937,264,22AB+02,640 Troy Creek,Sector 3,000191,KM,SERVICES,,SELF_EMPLOYED,1,SMARTPHONE,,,,,,,,,[],[],[],[],[]
i0192,IND-0192,h038,Daisy,,Little,Daisy Little,Daisy Little,FEMALE,1987-04-10,39,MARRIED,"[{""type"": ""mobile"", ""number"": ""+10000000192"", ""is_primary"": true}]",ricetiffany@example.com,9558091177,XXXXXX1177,CAN_READ_AND_WRITE,en,images/IND-0192.jpg,kamuntu,faraja,asilani,nguvu,bandari,10.8991,65.8856,290,08AB+58,69658 Kathryn Trail Apt. 091,Sector 4,000192,KM,LIVESTOCK,,SELF_EMPLOYED,2,NONE,,,,,,,,,[],[],[],"[{""disability_domain"": ""COGNITION"", ""disability_severity"": ""CANNOT_DO_AT_ALL""}, {""disability_domain"": ""SELF_CARE"", ""disability_severity"": ""SOME_DIFFICULTY""}]","[{""program_name"": ""PROG_CASH_TRANSFER"", ""program_start_date"": ""2025-01-20"", ""program_exit_date"": null}, {""program_name"": ""PROG_FOOD_AID"", ""program_start_date"": ""2025-11-04"", ""program_exit_date"": null}]"
i0193,IND-0193,h038,Alexis,Sandra,Little,Alexis Sandra Little,Alexis Sandra Little,MALE,1983-08-06,42,MARRIED,"[{""type"": ""mobile"", ""number"": ""+10000000193"", ""is_primary"": true}]",,1315708805,XXXXXX8805,INTERMEDIARY,en,images/IND-0193.jpg,kamuntu,faraja,asilani,nguvu,bandari,10.8768,65.888,250,08AB+58,486 Miles Corner Apt. 414,Sector 5,000193,KM,CRAFT,,UNEMPLOYED,1,NONE,NO,FALSE,FALSE,HOST_COMMUNITY,SETTLED,FALSE,NO,,[],[],"[{""shock_type"": ""FLOOD"", ""shock_date"": ""2025-10-10"", ""shock_period"": ""2025-Q4"", ""coping_strategy"": ""CS_SEEK_AID""}]",[],"[{""program_name"": ""PROG_CASH_TRANSFER"", ""program_start_date"": ""2023-11-09"", ""program_exit_date"": null}]"
i0194,IND-0194,h038,Angela,,Little,Angela Little,Angela Little,FEMALE,2014-07-26,11,SINGLE,"[{""type"": ""mobile"", ""number"": ""+10000000194"", ""is_primary"": true}]",,7205093305,XXXXXX3305,CAN_READ_AND_WRITE,en,images/IND-0194.jpg,kamuntu,faraja,asilani,nguvu,bandari,10.9261,65.8602,72,09AB+58,569 Kyle Mews,Sector 6,000194,KM,,,,,,NO,FALSE,FALSE,HOST_COMMUNITY,SETTLED,FALSE,NO,,[],[],[],[],[]
i0195,IND-0195,h038,Monica,,Little,Monica Little,Monica Little,FEMALE,1992-05-05,34,SINGLE,"[{""type"": ""mobile"", ""number"": ""+10000000195"", ""is_primary"": true}]",sanchezsandy@example.org,5679877282,XXXXXX7282,INTERMEDIARY,en,images/IND-0195.jpg,kamuntu,faraja,asilani,nguvu,bandari,10.9054,65.9097,250,09AB+59,904 David Station Apt. 027,Sector 7,000195,KM,BUSINESS_TRADE,,RETIRED,4,BASIC,,,,,,,,,[],"[{""land_access"": ""TRUE"", ""land_size"": 0.85, ""productive_assets"": null}, {""land_access"": ""TRUE"", ""land_size"": 1.78, ""productive_assets"": ""[\""OTHER\""]""}, {""land_access"": ""TRUE"", ""land_size"": 7.21, ""productive_assets"": null}]",[],[],[]
i0196,IND-0196,h038,Troy,Krista,Little,Troy Krista Little,Troy Krista Little,MALE,1999-08-06,26,MARRIED,"[{""type"": ""mobile"", ""number"": ""+10000000196"", ""is_primary"": true}]",gary24@example.net,3238126936,XXXXXX6936,INTERMEDIARY,en,images/IND-0196.jpg,kamuntu,faraja,asilani,nguvu,bandari,10.9185,65.867,118,09AB+58,56481 Joseph Ports,Sector 8,000196,KM,CRAFT,,SELF_EMPLOYED,5,NONE,,,,,,,,,[],[],"[{""shock_type"": ""JOB_LOSS"", ""shock_date"": ""2025-06-03"", ""shock_period"": ""2025-Q2"", ""coping_strategy"": ""CS_REDUCE_MEALS""}, {""shock_type"": ""DROUGHT"", ""shock_date"": ""2025-11-05"", ""shock_period"": ""2025-Q4"", ""coping_strategy"": ""CS_SELL_ASSETS""}]","[{""disability_domain"": ""COGNITION"", ""disability_severity"": ""CANNOT_DO_AT_ALL""}, {""disability_domain"": ""VISION"", ""disability_severity"": ""SOME_DIFFICULTY""}]",[]
i0197,IND-0197,h038,Mark,William,Little,Mark William Little,Mark William Little,MALE,1992-01-19,34,MARRIED,"[{""type"": ""mobile"", ""number"": ""+10000000197"", ""is_primary"": true}]",,4361527572,XXXXXX7572,HIGHER_EDUCATION,en,images/IND-0197.jpg,kamuntu,faraja,asilani,nguvu,bandari,10.8861,65.9444,234,08AB+59,9252 Ayala Ports,Sector 9,000197,KM,WAGE_LABOR,,UNEMPLOYED,4,SMARTPHONE,,,,,,,,,"[{""livestock_species"": ""CATTLE"", ""livestock_counts"": ""BAND_6_10""}, {""livestock_species"": ""DONKEY"", ""livestock_counts"": ""BAND_6_10""}, {""livestock_species"": ""CHICKEN"", ""livestock_counts"": ""BAND_6_10""}]",[],[],[],[]
i0198,IND-0198,h038,Michael,,Little,Michael Little,Michael Little,MALE,2021-04-30,5,SINGLE,"[{""type"": ""mobile"", ""number"": ""+10000000198"", ""is_primary"": true}]",,9370133032,XXXXXX3032,,en,images/IND-0198.jpg,kamuntu,faraja,asilani,nguvu,bandari,10.8832,65.912,255,08AB+59,03075 Mora Fall,Sector 1,000198,KM,,,,,,NO,FALSE,FALSE,IDP,SETTLED,FALSE,NO,,[],[],[],[],[]
i0199,IND-0199,h039,Tara,,Mathews,Tara Mathews,Tara Mathews,FEMALE,1967-03-06,59,MARRIED,"[{""type"": ""mobile"", ""number"": ""+10000000199"", ""is_primary"": true}]",pwalker@example.com,6157617867,XXXXXX7867,INTERMEDIARY,en,images/IND-0199.jpg,kamuntu,faraja,sihaya,kutaka,bileh,18.5214,68.5865,297,85AB+85,1951 Harry Unions Apt. 617,Sector 2,000199,KM,BUSINESS_TRADE,SERVICES,RETIRED,1,BASIC,,,,,,,,,"[{""livestock_species"": ""GOATS"", ""livestock_counts"": ""BAND_1_5""}, {""livestock_species"": ""DONKEY"", ""livestock_counts"": ""BAND_6_10""}]",[],[],[],"[{""program_name"": ""PROG_EDUCATION_SUPPORT"", ""program_start_date"": ""2023-01-22"", ""program_exit_date"": null}, {""program_name"": ""PROG_HEALTH_INSURANCE"", ""program_start_date"": ""2023-05-21"", ""program_exit_date"": null}]"
i0200,IND-0200,h039,Sean,,Mathews,Sean Mathews,Sean Mathews,MALE,2004-01-31,22,MARRIED,"[{""type"": ""mobile"", ""number"": ""+10000000200"", ""is_primary"": true}]",mark87@example.org,8418324922,XXXXXX4922,ILLITERATE,en,images/IND-0200.jpg,kamuntu,faraja,sihaya,kutaka,bileh,18.5843,68.511,254,85AB+85,49493 Richardson Park Apt. 832,Sector 3,000200,KM,BUSINESS_TRADE,GOVT_EMPLOYMENT,SELF_EMPLOYED,4,BASIC,,,,,,,,,[],[],[],[],[]
i0201,IND-0201,h039,Abigail,,Mathews,Abigail Mathews,Abigail Mathews,FEMALE,2014-09-09,11,SINGLE,"[{""type"": ""mobile"", ""number"": ""+10000000201"", ""is_primary"": true}]",,6334440295,XXXXXX0295,INTERMEDIARY,en,images/IND-0201.jpg,kamuntu,faraja,sihaya,kutaka,bileh,18.5559,68.5615,252,85AB+85,505 Katherine Lane,Sector 4,000201,KM,,,,,,NO,FALSE,FALSE,IDP,SETTLED,FALSE,NO,,[],[],[],[],[]
i0202,IND-0202,h039,Samuel,,Mathews,Samuel Mathews,Samuel Mathews,MALE,1988-06-08,38,MARRIED,"[{""type"": ""mobile"", ""number"": ""+10000000202"", ""is_primary"": true}]",,8265834251,XXXXXX4251,HIGHER_EDUCATION,en,images/IND-0202.jpg,kamuntu,faraja,sihaya,kutaka,bileh,18.5444,68.5691,142,85AB+85,83670 Jennifer Course,Sector 5,000202,KM,BUSINESS_TRADE,,UNEMPLOYED,2,SMARTPHONE,,,,,,,,,[],[],[],[],[]
i0203,IND-0203,h039,Andrew,Megan,Mathews,Andrew Megan Mathews,Andrew Megan Mathews,MALE,2004-07-04,21,SINGLE,"[{""type"": ""mobile"", ""number"": ""+10000000203"", ""is_primary"": true}]",xhaynes@example.com,3631431563,XXXXXX1563,BASIC,en,images/IND-0203.jpg,kamuntu,faraja,sihaya,kutaka,bileh,18.5463,68.5545,215,85AB+85,182 Jones Port,Sector 6,000203,KM,CRAFT,LIVESTOCK,RETIRED,7,SMARTPHONE,,,,,,,,,"[{""livestock_species"": ""DONKEY"", ""livestock_counts"": ""BAND_11_20""}, {""livestock_species"": ""CHICKEN"", ""livestock_counts"": ""BAND_11_20""}, {""livestock_species"": ""DONKEY"", ""livestock_counts"": ""BAND_21_PLUS""}]","[{""land_access"": ""TRUE"", ""land_size"": 1.03, ""productive_assets"": ""[\""PLOUGH\""]""}, {""land_access"": ""TRUE"", ""land_size"": 1.37, ""productive_assets"": ""[\""TRACTOR\""]""}, {""land_access"": ""TRUE"", ""land_size"": 2.94, ""productive_assets"": null}]",[],[],[]
i0204,IND-0204,h040,Jerry,,Edwards,Jerry Edwards,Jerry Edwards,MALE,2025-11-21,0,MARRIED,"[{""type"": ""mobile"", ""number"": ""+10000000204"", ""is_primary"": true}]",,6563839027,XXXXXX9027,,en,images/IND-0204.jpg,kamuntu,faraja,tunza,kufa,bilosi,10.3821,69.2986,262,03AB+92,537 Ford Walk,Sector 7,000204,KM,,,,,,NO,FALSE,FALSE,HOST_COMMUNITY,SETTLED,FALSE,NO,,[],[],[],[],[]
i0205,IND-0205,h040,Bryan,,Edwards,Bryan Edwards,Bryan Edwards,FEMALE,1983-11-27,42,MARRIED,"[{""type"": ""mobile"", ""number"": ""+10000000205"", ""is_primary"": true}]",margaret90@example.org,7369118672,XXXXXX8672,ILLITERATE,en,images/IND-0205.jpg,kamuntu,faraja,tunza,kufa,bilosi,10.3376,69.3338,228,03AB+93,13568 Erica Green Apt. 067,Sector 8,000205,KM,WAGE_LABOR,,EMPLOYED,7,SMARTPHONE,,,,,,,,,[],[],"[{""shock_type"": ""JOB_LOSS"", ""shock_date"": ""2025-03-27"", ""shock_period"": ""2025-Q1"", ""coping_strategy"": ""CS_SELL_ASSETS""}, {""shock_type"": ""ILLNESS"", ""shock_date"": ""2025-09-08"", ""shock_period"": ""2025-Q3"", ""coping_strategy"": ""CS_SEEK_AID""}]","[{""disability_domain"": ""COGNITION"", ""disability_severity"": ""CANNOT_DO_AT_ALL""}, {""disability_domain"": ""COMMUNICATION"", ""disability_severity"": ""CANNOT_DO_AT_ALL""}]","[{""program_name"": ""PROG_EDUCATION_SUPPORT"", ""program_start_date"": ""2023-06-06"", ""program_exit_date"": null}, {""program_name"": ""PROG_HEALTH_INSURANCE"", ""program_start_date"": ""2023-04-28"", ""program_exit_date"": null}]"
i0206,IND-0206,h040,Kristi,Cody,Edwards,Kristi Cody Edwards,Kristi Cody Edwards,FEMALE,1980-01-01,46,WIDOWED,"[{""type"": ""mobile"", ""number"": ""+10000000206"", ""is_primary"": true}]",laradonald@example.org,3783009621,XXXXXX9621,CAN_READ_AND_WRITE,en,images/IND-0206.jpg,kamuntu,faraja,tunza,kufa,bilosi,10.3577,69.3064,239,03AB+93,23651 Lowery Club,Sector 9,000206,KM,GOVT_EMPLOYMENT,,SELF_EMPLOYED,3,BASIC,,,,,,,,,"[{""livestock_species"": ""SHEEP"", ""livestock_counts"": ""BAND_21_PLUS""}]",[],[],[],[]
i0207,IND-0207,h040,Alex,,Edwards,Alex Edwards,Alex Edwards,MALE,1991-02-17,35,MARRIED,"[{""type"": ""mobile"", ""number"": ""+10000000207"", ""is_primary"": true}]",,1792214339,XXXXXX4339,CAN_READ_AND_WRITE,en,images/IND-0207.jpg,kamuntu,faraja,tunza,kufa,bilosi,10.354,69.3332,57,03AB+93,15107 Gary Ports Suite 670,Sector 1,000207,KM,WAGE_LABOR,,UNEMPLOYED,5,SMARTPHONE,,,,,,,,,[],"[{""land_access"": ""TRUE"", ""land_size"": 3.21, ""productive_assets"": ""[\""OTHER\""]""}, {""land_access"": ""TRUE"", ""land_size"": 8.58, ""productive_assets"": ""[\""TRACTOR\"", \""OTHER\""]""}, {""land_access"": ""TRUE"", ""land_size"": 9.32, ""productive_assets"": null}]",[],[],"[{""program_name"": ""PROG_EDUCATION_SUPPORT"", ""program_start_date"": ""2025-06-21"", ""program_exit_date"": null}]"
i0208,IND-0208,h040,Janet,,Edwards,Janet Edwards,Janet Edwards,FEMALE,1985-09-08,40,MARRIED,"[{""type"": ""mobile"", ""number"": ""+10000000208"", ""is_primary"": true}]",jason24@example.com,4418828570,XXXXXX8570,BASIC,en,images/IND-0208.jpg,kamuntu,faraja,tunza,kufa,bilosi,10.3477,69.37,187,03AB+93,09993 Porter Plaza Suite 014,Sector 2,000208,KM,GOVT_EMPLOYMENT,,UNEMPLOYED,5,BASIC,,,,,,,,,[],[],[],[],"[{""program_name"": ""PROG_FOOD_AID"", ""program_start_date"": ""2025-08-16"", ""program_exit_date"": null}]"
i0209,IND-0209,h040,James,,Edwards,James Edwards,James Edwards,MALE,2003-01-01,23,MARRIED,"[{""type"": ""mobile"", ""number"": ""+10000000209"", ""is_primary"": true}]",crystalpham@example.org,8039917766,XXXXXX7766,BASIC,en,images/IND-0209.jpg,kamuntu,faraja,tunza,kufa,bilosi,10.3497,69.3511,200,03AB+93,578 Cooper Port Suite 642,Sector 3,000209,KM,SERVICES,,EMPLOYED,4,NONE,,,,,,,,,"[{""livestock_species"": ""SHEEP"", ""livestock_counts"": ""BAND_1_5""}, {""livestock_species"": ""DONKEY"", ""livestock_counts"": ""BAND_6_10""}]",[],[],[],"[{""program_name"": ""PROG_HEALTH_INSURANCE"", ""program_start_date"": ""2023-10-10"", ""program_exit_date"": null}, {""program_name"": ""PROG_CASH_TRANSFER"", ""program_start_date"": ""2025-08-22"", ""program_exit_date"": null}]"
i0210,IND-0210,h041,Alexander,,Harper,Alexander Harper,Alexander Harper,MALE,1973-11-02,52,MARRIED,"[{""type"": ""mobile"", ""number"": ""+10000000210"", ""is_primary"": true}]",huangkimberly@example.org,3534753843,XXXXXX3843,CAN_READ_AND_WRITE,en,images/IND-0210.jpg,kamuntu,faraja,sihaya,kuzaa,bievu,16.4972,68.4613,111,64AB+84,593 Craig Shoals Apt. 480,Sector 4,000210,KM,SERVICES,,RETIRED,2,NONE,,,,,,,,,[],[],"[{""shock_type"": ""DROUGHT"", ""shock_date"": ""2025-09-10"", ""shock_period"": ""2025-Q3"", ""coping_strategy"": ""CS_SEEK_AID""}, {""shock_type"": ""ILLNESS"", ""shock_date"": ""2025-03-15"", ""shock_period"": ""2025-Q1"", ""coping_strategy"": ""CS_REDUCE_MEALS""}]",[],[]
i0211,IND-0211,h041,Pamela,,Harper,Pamela Harper,Pamela Harper,FEMALE,1992-02-11,34,MARRIED,"[{""type"": ""mobile"", ""number"": ""+10000000211"", ""is_primary"": true}]",,7763740453,XXXXXX0453,CAN_READ_AND_WRITE,en,images/IND-0211.jpg,kamuntu,faraja,sihaya,kuzaa,bievu,16.4723,68.4787,187,64AB+84,2239 Drake Square Suite 905,Sector 5,000211,KM,BUSINESS_TRADE,WAGE_LABOR,EMPLOYED,3,NONE,,,,,,,,,[],"[{""land_access"": ""FALSE"", ""land_size"": null, ""productive_assets"": ""[\""OTHER\""]""}, {""land_access"": ""TRUE"", ""land_size"": 7.73, ""productive_assets"": null}, {""land_access"": ""FALSE"", ""land_size"": null, ""productive_assets"": ""[\""PLOUGH\"", \""OTHER\""]""}]","[{""shock_type"": ""FLOOD"", ""shock_date"": ""2025-10-03"", ""shock_period"": ""2025-Q4"", ""coping_strategy"": ""CS_BORROW""}, {""shock_type"": ""CONFLICT"", ""shock_date"": ""2025-02-18"", ""shock_period"": ""2025-Q1"", ""coping_strategy"": ""CS_SEEK_AID""}]","[{""disability_domain"": ""COGNITION"", ""disability_severity"": ""A_LOT_OF_DIFFICULTY""}, {""disability_domain"": ""SELF_CARE"", ""disability_severity"": ""SOME_DIFFICULTY""}]","[{""program_name"": ""PROG_EDUCATION_SUPPORT"", ""program_start_date"": ""2023-09-17"", ""program_exit_date"": null}, {""program_name"": ""PROG_HEALTH_INSURANCE"", ""program_start_date"": ""2023-07-23"", ""program_exit_date"": null}]"
i0212,IND-0212,h041,Travis,,Harper,Travis Harper,Travis Harper,MALE,2014-06-04,12,SINGLE,"[{""type"": ""mobile"", ""number"": ""+10000000212"", ""is_primary"": true}]",,8911266259,XXXXXX6259,ILLITERATE,en,images/IND-0212.jpg,kamuntu,faraja,sihaya,kuzaa,bievu,16.4919,68.5166,293,64AB+85,8427 Christopher Fort,Sector 6,000212,KM,,,,,,YES,FALSE,FALSE,HOST_COMMUNITY,SETTLED,FALSE,NO,,[],[],[],[],[]
i0213,IND-0213,h041,Lindsay,Timothy,Harper,Lindsay Timothy Harper,Lindsay Timothy Harper,FEMALE,1967-11-30,58,MARRIED,"[{""type"": ""mobile"", ""number"": ""+10000000213"", ""is_primary"": true}]",samantha32@example.com,7420846622,XXXXXX6622,CAN_READ_AND_WRITE,en,images/IND-0213.jpg,kamuntu,faraja,sihaya,kuzaa,bievu,16.4985,68.4716,265,64AB+84,0029 Kim Vista,Sector 7,000213,KM,LIVESTOCK,,UNEMPLOYED,5,NONE,,,,,,,,,[],[],"[{""shock_type"": ""ILLNESS"", ""shock_date"": ""2025-01-03"", ""shock_period"": ""2025-Q1"", ""coping_strategy"": ""CS_BORROW""}]",[],[]
i0214,IND-0214,h041,Joseph,,Harper,Joseph Harper,Joseph Harper,MALE,1975-07-25,50,MARRIED,"[{""type"": ""mobile"", ""number"": ""+10000000214"", ""is_primary"": true}]",brookssheri@example.com,2180484299,XXXXXX4299,INTERMEDIARY,en,images/IND-0214.jpg,kamuntu,faraja,sihaya,kuzaa,bievu,16.4838,68.4468,167,64AB+84,4522 Conner Oval,Sector 8,000214,KM,CRAFT,,SELF_EMPLOYED,3,NONE,,,,,,,,,[],[],[],[],"[{""program_name"": ""PROG_CASH_TRANSFER"", ""program_start_date"": ""2024-08-27"", ""program_exit_date"": null}, {""program_name"": ""PROG_FOOD_AID"", ""program_start_date"": ""2025-04-02"", ""program_exit_date"": null}]"
i0215,IND-0215,h041,Matthew,,Harper,Matthew Harper,Matthew Harper,MALE,2004-05-17,22,MARRIED,"[{""type"": ""mobile"", ""number"": ""+10000000215"", ""is_primary"": true}]",,4250372185,XXXXXX2185,ILLITERATE,en,images/IND-0215.jpg,kamuntu,faraja,sihaya,kuzaa,bievu,16.506,68.4741,105,65AB+84,92644 Gregory Alley Suite 902,Sector 9,000215,KM,GOVT_EMPLOYMENT,SERVICES,UNEMPLOYED,0,BASIC,,,,,,,,,[],[],"[{""shock_type"": ""DROUGHT"", ""shock_date"": ""2025-06-14"", ""shock_period"": ""2025-Q2"", ""coping_strategy"": ""CS_BORROW""}]","[{""disability_domain"": ""HEARING"", ""disability_severity"": ""SOME_DIFFICULTY""}]",[]
i0216,IND-0216,h042,David,Gary,Haas,David Gary Haas,David Gary Haas,MALE,1972-08-23,53,MARRIED,"[{""type"": ""mobile"", ""number"": ""+10000000216"", ""is_primary"": true}]",underwoodelizabeth@example.net,2838963536,XXXXXX3536,ILLITERATE,en,images/IND-0216.jpg,kamuntu,jasiri,mapema,tahini,bimbez,17.8116,68.8285,258,78AB+88,0433 Michael Turnpike Apt. 006,Sector 1,000216,KM,SERVICES,,EMPLOYED,2,NONE,,,,,,,,,[],[],"[{""shock_type"": ""ILLNESS"", ""shock_date"": ""2025-01-23"", ""shock_period"": ""2025-Q1"", ""coping_strategy"": ""CS_BORROW""}, {""shock_type"": ""CONFLICT"", ""shock_date"": ""2025-06-12"", ""shock_period"": ""2025-Q2"", ""coping_strategy"": ""CS_SELL_ASSETS""}]",[],"[{""program_name"": ""PROG_HEALTH_INSURANCE"", ""program_start_date"": ""2025-06-17"", ""program_exit_date"": null}]"
i0217,IND-0217,h042,Jessica,,Haas,Jessica Haas,Jessica Haas,FEMALE,1997-09-19,28,MARRIED,"[{""type"": ""mobile"", ""number"": ""+10000000217"", ""is_primary"": true}]",nicolesnyder@example.com,8318855178,XXXXXX5178,ILLITERATE,en,images/IND-0217.jpg,kamuntu,jasiri,mapema,tahini,bimbez,17.7789,68.7767,269,77AB+87,617 Francisco Cliffs Apt. 405,Sector 2,000217,KM,GOVT_EMPLOYMENT,BUSINESS_TRADE,UNEMPLOYED,3,BASIC,,,,,,,,,[],[],[],"[{""disability_domain"": ""SELF_CARE"", ""disability_severity"": ""CANNOT_DO_AT_ALL""}, {""disability_domain"": ""HEARING"", ""disability_severity"": ""A_LOT_OF_DIFFICULTY""}]","[{""program_name"": ""PROG_EDUCATION_SUPPORT"", ""program_start_date"": ""2024-06-03"", ""program_exit_date"": null}]"
i0218,IND-0218,h042,Dean,,Haas,Dean Haas,Dean Haas,MALE,1979-03-07,47,DIVORCED,"[{""type"": ""mobile"", ""number"": ""+10000000218"", ""is_primary"": true}]",george62@example.net,4719780110,XXXXXX0110,INTERMEDIARY,en,images/IND-0218.jpg,kamuntu,jasiri,mapema,tahini,bimbez,17.775,68.8211,262,77AB+88,159 Bush Meadows,Sector 3,000218,KM,LIVESTOCK,,EMPLOYED,0,BASIC,NO,FALSE,FALSE,IDP,PASTORALIST,TRUE,NO,,[],[],[],[],[]
i0219,IND-0219,h042,Terri,Pamela,Haas,Terri Pamela Haas,Terri Pamela Haas,FEMALE,1987-05-31,39,MARRIED,"[{""type"": ""mobile"", ""number"": ""+10000000219"", ""is_primary"": true}]",brianrivera@example.org,2941289685,XXXXXX9685,BASIC,en,images/IND-0219.jpg,kamuntu,jasiri,mapema,tahini,bimbez,17.8134,68.838,73,78AB+88,884 Evans Court Apt. 698,Sector 4,000219,KM,BUSINESS_TRADE,,EMPLOYED,6,NONE,,,,,,,,,"[{""livestock_species"": ""CAMEL"", ""livestock_counts"": ""BAND_1_5""}, {""livestock_species"": ""CHICKEN"", ""livestock_counts"": ""BAND_6_10""}, {""livestock_species"": ""SHEEP"", ""livestock_counts"": ""BAND_1_5""}]",[],[],[],[]
i0220,IND-0220,h043,Sara,,Hernandez,Sara Hernandez,Sara Hernandez,FEMALE,2001-06-09,25,MARRIED,"[{""type"": ""mobile"", ""number"": ""+10000000220"", ""is_primary"": true}]",adam14@example.net,9989974968,XXXXXX4968,ILLITERATE,en,images/IND-0220.jpg,kamuntu,jasiri,mapema,ushindi,bimaza,18.3372,65.3035,228,83AB+53,10324 Thomas Crescent Suite 677,Sector 5,000220,KM,AGRICULTURE,,RETIRED,7,SMARTPHONE,,,,,,,,,"[{""livestock_species"": ""CHICKEN"", ""livestock_counts"": ""BAND_1_5""}, {""livestock_species"": ""CHICKEN"", ""livestock_counts"": ""BAND_6_10""}]",[],[],[],"[{""program_name"": ""PROG_CASH_TRANSFER"", ""program_start_date"": ""2025-06-08"", ""program_exit_date"": null}, {""program_name"": ""PROG_EDUCATION_SUPPORT"", ""program_start_date"": ""2023-08-20"", ""program_exit_date"": null}]"
i0221,IND-0221,h043,Stephanie,Darlene,Hernandez,Stephanie Darlene Hernandez,Stephanie Darlene Hernandez,MALE,1996-09-28,29,MARRIED,"[{""type"": ""mobile"", ""number"": ""+10000000221"", ""is_primary"": true}]",ylopez@example.com,6512990303,XXXXXX0303,BASIC,en,images/IND-0221.jpg,kamuntu,jasiri,mapema,ushindi,bimaza,18.2947,65.2531,268,82AB+52,0477 Perez Grove,Sector 6,000221,KM,AGRICULTURE,,SELF_EMPLOYED,0,NONE,NO,FALSE,FALSE,HOST_COMMUNITY,SETTLED,FALSE,NO,,[],"[{""land_access"": ""TRUE"", ""land_size"": 2.88, ""productive_assets"": ""[\""PLOUGH\""]""}, {""land_access"": ""TRUE"", ""land_size"": 2.78, ""productive_assets"": null}]",[],[],[]
i0222,IND-0222,h043,Justin,Heather,Hernandez,Justin Heather Hernandez,Justin Heather Hernandez,MALE,1982-09-23,43,MARRIED,"[{""type"": ""mobile"", ""number"": ""+10000000222"", ""is_primary"": true}]",millermaurice@example.net,4683585586,XXXXXX5586,CAN_READ_AND_WRITE,en,images/IND-0222.jpg,kamuntu,jasiri,mapema,ushindi,bimaza,18.2841,65.2401,295,82AB+52,380 Cardenas Manor Suite 937,Sector 7,000222,KM,BUSINESS_TRADE,BUSINESS_TRADE,EMPLOYED,7,NONE,,,,,,,,,[],"[{""land_access"": ""TRUE"", ""land_size"": 5.02, ""productive_assets"": ""[\""PLOUGH\""]""}]",[],[],[]
i0223,IND-0223,h043,Elizabeth,Melissa,Hernandez,Elizabeth Melissa Hernandez,Elizabeth Melissa Hernandez,FEMALE,1953-03-24,73,WIDOWED,"[{""type"": ""mobile"", ""number"": ""+10000000223"", ""is_primary"": true}]",shawrachel@example.net,6843025485,XXXXXX5485,INTERMEDIARY,en,images/IND-0223.jpg,kamuntu,jasiri,mapema,ushindi,bimaza,18.2482,65.3065,216,82AB+53,72233 Brad Common,Sector 8,000223,KM,GOVT_EMPLOYMENT,WAGE_LABOR,RETIRED,5,BASIC,NO,FALSE,FALSE,HOST_COMMUNITY,SETTLED,FALSE,NO,,[],[],"[{""shock_type"": ""ILLNESS"", ""shock_date"": ""2025-02-25"", ""shock_period"": ""2025-Q1"", ""coping_strategy"": ""CS_SEEK_AID""}, {""shock_type"": ""ILLNESS"", ""shock_date"": ""2025-04-05"", ""shock_period"": ""2025-Q2"", ""coping_strategy"": ""CS_REDUCE_MEALS""}]",[],[]
i0224,IND-0224,h043,Virginia,,Hernandez,Virginia Hernandez,Virginia Hernandez,FEMALE,1970-11-18,55,MARRIED,"[{""type"": ""mobile"", ""number"": ""+10000000224"", ""is_primary"": true}]",maryscott@example.net,4022360089,XXXXXX0089,HIGHER_EDUCATION,en,images/IND-0224.jpg,kamuntu,jasiri,mapema,ushindi,bimaza,18.2401,65.2877,83,82AB+52,68685 Stone Well,Sector 9,000224,KM,LIVESTOCK,,RETIRED,2,NONE,YES,FALSE,FALSE,HOST_COMMUNITY,PASTORALIST,TRUE,NO,,"[{""livestock_species"": ""CAMEL"", ""livestock_counts"": ""BAND_11_20""}, {""livestock_species"": ""GOATS"", ""livestock_counts"": ""BAND_6_10""}, {""livestock_species"": ""DONKEY"", ""livestock_counts"": ""BAND_6_10""}]",[],[],[],[]
i0225,IND-0225,h044,Adam,Briana,Graves,Adam Briana Graves,Adam Briana Graves,MALE,1998-10-16,27,MARRIED,"[{""type"": ""mobile"", ""number"": ""+10000000225"", ""is_primary"": true}]",,5862655247,XXXXXX5247,ILLITERATE,en,images/IND-0225.jpg,kamuntu,jasiri,baraka,walili,bimawa,19.7471,65.7783,237,97AB+57,62299 Sara Port Apt. 485,Sector 1,000225,KM,WAGE_LABOR,,UNEMPLOYED,0,BASIC,NO,FALSE,FALSE,HOST_COMMUNITY,SETTLED,FALSE,NO,,[],[],[],[],[]
i0226,IND-0226,h044,Sherry,,Graves,Sherry Graves,Sherry Graves,FEMALE,2004-03-13,22,MARRIED,"[{""type"": ""mobile"", ""number"": ""+10000000226"", ""is_primary"": true}]",earmstrong@example.org,1613549255,XXXXXX9255,BASIC,en,images/IND-0226.jpg,kamuntu,jasiri,baraka,walili,bimawa,19.7931,65.7408,216,97AB+57,6299 Williams Isle,Sector 2,000226,KM,GOVT_EMPLOYMENT,,EMPLOYED,4,NONE,,,,,,,,,[],[],[],[],[]
i0227,IND-0227,h044,Michael,,Graves,Michael Graves,Michael Graves,MALE,2012-03-31,14,SINGLE,"[{""type"": ""mobile"", ""number"": ""+10000000227"", ""is_primary"": true}]",,1933058809,XXXXXX8809,HIGHER_EDUCATION,en,images/IND-0227.jpg,kamuntu,jasiri,baraka,walili,bimawa,19.8297,65.754,81,98AB+57,5054 Ramirez Overpass Apt. 324,Sector 3,000227,KM,,,,,,NO,FALSE,FALSE,IDP,SETTLED,FALSE,NO,,[],[],[],[],[]
i0228,IND-0228,h044,Valerie,,Graves,Valerie Graves,Valerie Graves,FEMALE,1983-10-02,42,SINGLE,"[{""type"": ""mobile"", ""number"": ""+10000000228"", ""is_primary"": true}]",joseph69@example.net,1361845490,XXXXXX5490,ILLITERATE,en,images/IND-0228.jpg,kamuntu,jasiri,baraka,walili,bimawa,19.7953,65.8,205,97AB+58,73678 Nicholson Passage,Sector 4,000228,KM,CRAFT,BUSINESS_TRADE,EMPLOYED,5,BASIC,,,,,,,,,"[{""livestock_species"": ""GOATS"", ""livestock_counts"": ""BAND_11_20""}]",[],[],[],[]
i0229,IND-0229,h044,Rebecca,Jenna,Graves,Rebecca Jenna Graves,Rebecca Jenna Graves,FEMALE,1997-04-06,29,MARRIED,"[{""type"": ""mobile"", ""number"": ""+10000000229"", ""is_primary"": true}]",,5100282913,XXXXXX2913,ILLITERATE,en,images/IND-0229.jpg,kamuntu,jasiri,baraka,walili,bimawa,19.7895,65.7513,177,97AB+57,89023 Mary Gateway Apt. 705,Sector 5,000229,KM,LIVESTOCK,,UNEMPLOYED,3,NONE,NO,FALSE,FALSE,HOST_COMMUNITY,SETTLED,FALSE,NO,,[],"[{""land_access"": ""TRUE"", ""land_size"": 6.82, ""productive_assets"": null}, {""land_access"": ""TRUE"", ""land_size"": 1.13, ""productive_assets"": ""[\""PLOUGH\""]""}]",[],[],[]
i0230,IND-0230,h044,Michael,,Graves,Michael Graves,Michael Graves,MALE,1959-08-07,66,WIDOWED,"[{""type"": ""mobile"", ""number"": ""+10000000230"", ""is_primary"": true}]",,7102562415,XXXXXX2415,ILLITERATE,en,images/IND-0230.jpg,kamuntu,jasiri,baraka,walili,bimawa,19.7946,65.7573,170,97AB+57,610 Nathan Ranch Suite 279,Sector 6,000230,KM,UNEMPLOYED,,RETIRED,6,NONE,YES,FALSE,FALSE,HOST_COMMUNITY,SETTLED,FALSE,NO,,[],[],[],[],"[{""program_name"": ""PROG_EDUCATION_SUPPORT"", ""program_start_date"": ""2025-01-18"", ""program_exit_date"": null}]"
i0231,IND-0231,h045,Matthew,Alan,Burke,Matthew Alan Burke,Matthew Alan Burke,MALE,1990-01-10,36,MARRIED,"[{""type"": ""mobile"", ""number"": ""+10000000231"", ""is_primary"": true}]",,6698349136,XXXXXX9136,ILLITERATE,en,images/IND-0231.jpg,kamuntu,kilima,mkutani,msitu,baadhi,15.8286,71.8463,216,58AB+18,446 York Mount Suite 374,Sector 7,000231,KM,SERVICES,BUSINESS_TRADE,EMPLOYED,7,SMARTPHONE,,,,,,,,,[],[],[],[],[]
i0232,IND-0232,h045,Megan,,Burke,Megan Burke,Megan Burke,FEMALE,1975-02-27,51,MARRIED,"[{""type"": ""mobile"", ""number"": ""+10000000232"", ""is_primary"": true}]",,2866092821,XXXXXX2821,CAN_READ_AND_WRITE,en,images/IND-0232.jpg,kamuntu,kilima,mkutani,msitu,baadhi,15.8153,71.8309,129,58AB+18,108 Hoffman Ranch Suite 417,Sector 8,000232,KM,AGRICULTURE,,SELF_EMPLOYED,4,SMARTPHONE,,,,,,,,,[],"[{""land_access"": ""TRUE"", ""land_size"": 7.1, ""productive_assets"": ""[\""TRACTOR\""]""}, {""land_access"": ""TRUE"", ""land_size"": 1.85, ""productive_assets"": ""[\""PLOUGH\""]""}, {""land_access"": ""TRUE"", ""land_size"": 2.91, ""productive_assets"": ""[\""PLOUGH\""]""}]",[],[],"[{""program_name"": ""PROG_CASH_TRANSFER"", ""program_start_date"": ""2025-06-17"", ""program_exit_date"": null}]"
i0233,IND-0233,h045,Arthur,Danielle,Burke,Arthur Danielle Burke,Arthur Danielle Burke,MALE,2021-03-24,5,SINGLE,"[{""type"": ""mobile"", ""number"": ""+10000000233"", ""is_primary"": true}]",,5998623100,XXXXXX3100,,en,images/IND-0233.jpg,kamuntu,kilima,mkutani,msitu,baadhi,15.8653,71.8223,250,58AB+18,4328 Rachel Valley Suite 520,Sector 9,000233,KM,,,,,,NO,FALSE,FALSE,HOST_COMMUNITY,SETTLED,FALSE,NO,,[],[],[],[],[]
i0234,IND-0234,h045,Mary,Jordan,Burke,Mary Jordan Burke,Mary Jordan Burke,FEMALE,2015-06-15,11,SINGLE,"[{""type"": ""mobile"", ""number"": ""+10000000234"", ""is_primary"": true}]",,4865030023,XXXXXX0023,ILLITERATE,en,images/IND-0234.jpg,kamuntu,kilima,mkutani,msitu,baadhi,15.8035,71.8129,184,58AB+18,6099 Matthew Station Apt. 875,Sector 1,000234,KM,,,,,,NO,FALSE,FALSE,HOST_COMMUNITY,PASTORALIST,TRUE,NO,,[],[],[],[],[]
i0235,IND-0235,h045,Katie,,Burke,Katie Burke,Katie Burke,FEMALE,1999-10-07,26,MARRIED,"[{""type"": ""mobile"", ""number"": ""+10000000235"", ""is_primary"": true}]",kellyruiz@example.net,7488758768,XXXXXX8768,BASIC,en,images/IND-0235.jpg,kamuntu,kilima,mkutani,msitu,baadhi,15.7755,71.8559,92,57AB+18,825 Jeffrey Fork Suite 655,Sector 2,000235,KM,WAGE_LABOR,,EMPLOYED,7,SMARTPHONE,,,,,,,,,[],[],[],[],[]
i0236,IND-0236,h045,David,,Burke,David Burke,David Burke,MALE,1998-11-28,27,MARRIED,"[{""type"": ""mobile"", ""number"": ""+10000000236"", ""is_primary"": true}]",ruizmichelle@example.net,3185386258,XXXXXX6258,BASIC,en,images/IND-0236.jpg,kamuntu,kilima,mkutani,msitu,baadhi,15.7744,71.8563,112,57AB+18,3816 Gutierrez Ways,Sector 3,000236,KM,GOVT_EMPLOYMENT,BUSINESS_TRADE,SELF_EMPLOYED,2,SMARTPHONE,,,,,,,,,[],[],"[{""shock_type"": ""CONFLICT"", ""shock_date"": ""2025-06-09"", ""shock_period"": ""2025-Q2"", ""coping_strategy"": ""CS_SELL_ASSETS""}]",[],"[{""program_name"": ""PROG_CASH_TRANSFER"", ""program_start_date"": ""2023-11-14"", ""program_exit_date"": null}]"
i0237,IND-0237,h045,Sarah,,Burke,Sarah Burke,Sarah Burke,FEMALE,2020-09-08,5,SINGLE,"[{""type"": ""mobile"", ""number"": ""+10000000237"", ""is_primary"": true}]",,2801177461,XXXXXX7461,,en,images/IND-0237.jpg,kamuntu,kilima,mkutani,msitu,baadhi,15.8022,71.8116,234,58AB+18,6972 Huffman Falls,Sector 4,000237,KM,,,,,,NO,FALSE,FALSE,HOST_COMMUNITY,SETTLED,FALSE,NO,,[],[],[],[],[]
i0238,IND-0238,h046,Kenneth,,Moore,Kenneth Moore,Kenneth Moore,MALE,1973-07-16,52,MARRIED,"[{""type"": ""mobile"", ""number"": ""+10000000238"", ""is_primary"": true}]",,7670476743,XXXXXX6743,HIGHER_EDUCATION,en,images/IND-0238.jpg,kamuntu,chakula,njia,moyo,bilufa,18.6508,65.6701,194,86AB+56,96666 Reyes Camp,Sector 5,000238,KM,AGRICULTURE,BUSINESS_TRADE,SELF_EMPLOYED,7,SMARTPHONE,,,,,,,,,[],"[{""land_access"": ""TRUE"", ""land_size"": 4.33, ""productive_assets"": null}]",[],"[{""disability_domain"": ""COGNITION"", ""disability_severity"": ""CANNOT_DO_AT_ALL""}, {""disability_domain"": ""SELF_CARE"", ""disability_severity"": ""A_LOT_OF_DIFFICULTY""}]","[{""program_name"": ""PROG_EDUCATION_SUPPORT"", ""program_start_date"": ""2025-06-20"", ""program_exit_date"": null}]"
i0239,IND-0239,h046,Joseph,,Moore,Joseph Moore,Joseph Moore,FEMALE,1990-06-06,36,MARRIED,"[{""type"": ""mobile"", ""number"": ""+10000000239"", ""is_primary"": true}]",mcclainkatherine@example.net,4332404822,XXXXXX4822,ILLITERATE,en,images/IND-0239.jpg,kamuntu,chakula,njia,moyo,bilufa,18.7232,65.7047,253,87AB+57,03354 Curtis Parkway,Sector 6,000239,KM,LIVESTOCK,,SELF_EMPLOYED,6,SMARTPHONE,,,,,,,,,[],[],[],[],[]
i0240,IND-0240,h046,Leah,Madison,Moore,Leah Madison Moore,Leah Madison Moore,FEMALE,1987-03-26,39,WIDOWED,"[{""type"": ""mobile"", ""number"": ""+10000000240"", ""is_primary"": true}]",stacy78@example.net,4767539382,XXXXXX9382,BASIC,en,images/IND-0240.jpg,kamuntu,chakula,njia,moyo,bilufa,18.7451,65.6501,218,87AB+56,2575 Frederick Valleys Suite 033,Sector 7,000240,KM,LIVESTOCK,,RETIRED,3,BASIC,,,,,,,,,[],"[{""land_access"": ""TRUE"", ""land_size"": 1.99, ""productive_assets"": ""[\""OTHER\""]""}, {""land_access"": ""TRUE"", ""land_size"": 6.87, ""productive_assets"": ""[\""OTHER\"", \""PLOUGH\""]""}, {""land_access"": ""TRUE"", ""land_size"": 3.0, ""productive_assets"": ""[\""PLOUGH\"", \""TRACTOR\""]""}]",[],[],"[{""program_name"": ""PROG_HEALTH_INSURANCE"", ""program_start_date"": ""2025-05-25"", ""program_exit_date"": null}]"
i0241,IND-0241,h046,Nicholas,Jessica,Moore,Nicholas Jessica Moore,Nicholas Jessica Moore,MALE,1946-09-08,79,SINGLE,"[{""type"": ""mobile"", ""number"": ""+10000000241"", ""is_primary"": true}]",daviddawson@example.org,5281907480,XXXXXX7480,HIGHER_EDUCATION,en,images/IND-0241.jpg,kamuntu,chakula,njia,moyo,bilufa,18.7212,65.6593,285,87AB+56,489 Brittney Causeway Apt. 001,Sector 8,000241,KM,BUSINESS_TRADE,,UNEMPLOYED,0,NONE,NO,FALSE,FALSE,IDP,SETTLED,FALSE,NO,,[],[],"[{""shock_type"": ""CONFLICT"", ""shock_date"": ""2025-05-24"", ""shock_period"": ""2025-Q2"", ""coping_strategy"": ""CS_SELL_ASSETS""}, {""shock_type"": ""FLOOD"", ""shock_date"": ""2025-04-08"", ""shock_period"": ""2025-Q2"", ""coping_strategy"": ""CS_SELL_ASSETS""}]",[],[]
i0242,IND-0242,h046,Jennifer,,Moore,Jennifer Moore,Jennifer Moore,FEMALE,1984-09-20,41,SINGLE,"[{""type"": ""mobile"", ""number"": ""+10000000242"", ""is_primary"": true}]",,8816681105,XXXXXX1105,CAN_READ_AND_WRITE,en,images/IND-0242.jpg,kamuntu,chakula,njia,moyo,bilufa,18.6575,65.7068,161,86AB+57,2304 Stanley Shore Suite 992,Sector 9,000242,KM,WAGE_LABOR,,SELF_EMPLOYED,6,BASIC,,,,,,,,,[],[],"[{""shock_type"": ""ILLNESS"", ""shock_date"": ""2025-02-15"", ""shock_period"": ""2025-Q1"", ""coping_strategy"": ""CS_BORROW""}, {""shock_type"": ""CONFLICT"", ""shock_date"": ""2025-10-25"", ""shock_period"": ""2025-Q4"", ""coping_strategy"": ""CS_SEEK_AID""}]","[{""disability_domain"": ""HEARING"", ""disability_severity"": ""CANNOT_DO_AT_ALL""}]",[]
i0243,IND-0243,h047,Jennifer,,Roach,Jennifer Roach,Jennifer Roach,FEMALE,1947-11-22,78,MARRIED,"[{""type"": ""mobile"", ""number"": ""+10000000243"", ""is_primary"": true}]",campbellkristen@example.com,6661014794,XXXXXX4794,HIGHER_EDUCATION,en,images/IND-0243.jpg,kamuntu,kilima,karamu,hasara,biloti,13.9072,67.8875,101,39AB+78,348 Michael Lodge,Sector 1,000243,KM,WAGE_LABOR,,RETIRED,6,NONE,NO,FALSE,FALSE,HOST_COMMUNITY,SETTLED,FALSE,NO,,[],[],[],[],"[{""program_name"": ""PROG_HEALTH_INSURANCE"", ""program_start_date"": ""2025-07-05"", ""program_exit_date"": null}]"
i0244,IND-0244,h047,Edward,Tyler,Roach,Edward Tyler Roach,Edward Tyler Roach,MALE,2011-01-11,15,MARRIED,"[{""type"": ""mobile"", ""number"": ""+10000000244"", ""is_primary"": true}]",,6643730009,XXXXXX0009,CAN_READ_AND_WRITE,en,images/IND-0244.jpg,kamuntu,kilima,karamu,hasara,biloti,13.8921,67.9158,247,38AB+79,753 Alexander Corners,Sector 2,000244,KM,CRAFT,GOVT_EMPLOYMENT,UNEMPLOYED,1,NONE,YES,FALSE,FALSE,HOST_COMMUNITY,SETTLED,FALSE,NO,,[],[],[],[],[]
i0245,IND-0245,h047,Susan,,Roach,Susan Roach,Susan Roach,FEMALE,2007-02-22,19,SINGLE,"[{""type"": ""mobile"", ""number"": ""+10000000245"", ""is_primary"": true}]",fhernandez@example.net,3591164476,XXXXXX4476,CAN_READ_AND_WRITE,en,images/IND-0245.jpg,kamuntu,kilima,karamu,hasara,biloti,13.9015,67.9657,87,39AB+79,143 Hinton Hill,Sector 3,000245,KM,WAGE_LABOR,,RETIRED,6,NONE,,,,,,,,,"[{""livestock_species"": ""CATTLE"", ""livestock_counts"": ""BAND_6_10""}]","[{""land_access"": ""TRUE"", ""land_size"": 2.2, ""productive_assets"": null}]",[],[],"[{""program_name"": ""PROG_CASH_TRANSFER"", ""program_start_date"": ""2023-11-24"", ""program_exit_date"": null}]"
i0246,IND-0246,h047,Deborah,,Roach,Deborah Roach,Deborah Roach,FEMALE,2024-10-19,1,SINGLE,"[{""type"": ""mobile"", ""number"": ""+10000000246"", ""is_primary"": true}]",,5254923696,XXXXXX3696,,en,images/IND-0246.jpg,kamuntu,kilima,karamu,hasara,biloti,13.8831,67.9204,165,38AB+79,45561 Melissa Cape,Sector 4,000246,KM,,,,,,YES,FALSE,FALSE,HOST_COMMUNITY,SETTLED,FALSE,NO,,[],[],[],[],[]
i0247,IND-0247,h047,Adam,Deborah,Roach,Adam Deborah Roach,Adam Deborah Roach,MALE,2018-05-06,8,SINGLE,"[{""type"": ""mobile"", ""number"": ""+10000000247"", ""is_primary"": true}]",,1521637779,XXXXXX7779,CAN_READ_AND_WRITE,en,images/IND-0247.jpg,kamuntu,kilima,karamu,hasara,biloti,13.8862,67.9581,106,38AB+79,7941 Briggs Falls Apt. 667,Sector 5,000247,KM,,,,,,YES,FALSE,FALSE,HOST_COMMUNITY,SETTLED,FALSE,NO,,[],[],[],[],[]
i0248,IND-0248,h048,Denise,,Cruz,Denise Cruz,Denise Cruz,FEMALE,1961-10-01,64,MARRIED,"[{""type"": ""mobile"", ""number"": ""+10000000248"", ""is_primary"": true}]",,4490722186,XXXXXX2186,CAN_READ_AND_WRITE,en,images/IND-0248.jpg,kamuntu,kilima,karamu,damu,bilkou,16.5522,65.5564,281,65AB+55,2120 Dale Ramp Suite 972,Sector 6,000248,KM,GOVT_EMPLOYMENT,WAGE_LABOR,EMPLOYED,1,SMARTPHONE,NO,FALSE,FALSE,HOST_COMMUNITY,PASTORALIST,TRUE,NO,,[],"[{""land_access"": ""TRUE"", ""land_size"": 3.55, ""productive_assets"": ""[\""OTHER\"", \""PLOUGH\""]""}, {""land_access"": ""TRUE"", ""land_size"": 1.05, ""productive_assets"": ""[\""TRACTOR\"", \""PLOUGH\""]""}, {""land_access"": ""TRUE"", ""land_size"": 4.86, ""productive_assets"": ""[\""OTHER\""]""}]","[{""shock_type"": ""CONFLICT"", ""shock_date"": ""2025-04-16"", ""shock_period"": ""2025-Q2"", ""coping_strategy"": ""CS_BORROW""}, {""shock_type"": ""ILLNESS"", ""shock_date"": ""2025-01-22"", ""shock_period"": ""2025-Q1"", ""coping_strategy"": ""CS_SEEK_AID""}]",[],"[{""program_name"": ""PROG_HEALTH_INSURANCE"", ""program_start_date"": ""2023-10-27"", ""program_exit_date"": null}, {""program_name"": ""PROG_EDUCATION_SUPPORT"", ""program_start_date"": ""2024-11-28"", ""program_exit_date"": null}]"
i0249,IND-0249,h048,Logan,,Cruz,Logan Cruz,Logan Cruz,MALE,1973-01-26,53,MARRIED,"[{""type"": ""mobile"", ""number"": ""+10000000249"", ""is_primary"": true}]",,9342031932,XXXXXX1932,INTERMEDIARY,en,images/IND-0249.jpg,kamuntu,kilima,karamu,damu,bilkou,16.5551,65.6424,160,65AB+56,277 Paige Mill,Sector 7,000249,KM,CRAFT,LIVESTOCK,EMPLOYED,4,NONE,,,,,,,,,[],"[{""land_access"": ""FALSE"", ""land_size"": null, ""productive_assets"": ""[\""TRACTOR\""]""}, {""land_access"": ""TRUE"", ""land_size"": 0.91, ""productive_assets"": ""[\""OTHER\""]""}, {""land_access"": ""TRUE"", ""land_size"": 2.93, ""productive_assets"": ""[\""PLOUGH\""]""}]",[],"[{""disability_domain"": ""COGNITION"", ""disability_severity"": ""CANNOT_DO_AT_ALL""}]","[{""program_name"": ""PROG_FOOD_AID"", ""program_start_date"": ""2023-11-16"", ""program_exit_date"": null}, {""program_name"": ""PROG_EDUCATION_SUPPORT"", ""program_start_date"": ""2025-08-01"", ""program_exit_date"": null}]"
i0250,IND-0250,h048,Amber,Leon,Cruz,Amber Leon Cruz,Amber Leon Cruz,FEMALE,1997-08-14,28,MARRIED,"[{""type"": ""mobile"", ""number"": ""+10000000250"", ""is_primary"": true}]",tiffanysantiago@example.com,4901136913,XXXXXX6913,HIGHER_EDUCATION,en,images/IND-0250.jpg,kamuntu,kilima,karamu,damu,bilkou,16.5775,65.5946,88,65AB+55,3756 Mary Point,Sector 8,000250,KM,BUSINESS_TRADE,,UNEMPLOYED,1,SMARTPHONE,,,,,,,,,"[{""livestock_species"": ""CATTLE"", ""livestock_counts"": ""BAND_21_PLUS""}, {""livestock_species"": ""CHICKEN"", ""livestock_counts"": ""BAND_6_10""}]","[{""land_access"": ""TRUE"", ""land_size"": 8.9, ""productive_assets"": ""[\""OTHER\"", \""TRACTOR\""]""}]",[],[],[]
i0251,IND-0251,h048,Steven,,Cruz,Steven Cruz,Steven Cruz,MALE,1981-09-11,44,MARRIED,"[{""type"": ""mobile"", ""number"": ""+10000000251"", ""is_primary"": true}]",,1261903104,XXXXXX3104,HIGHER_EDUCATION,en,images/IND-0251.jpg,kamuntu,kilima,karamu,damu,bilkou,16.578,65.5637,101,65AB+55,287 Booth Club,Sector 9,000251,KM,AGRICULTURE,SERVICES,EMPLOYED,7,SMARTPHONE,,,,,,,,,[],[],[],[],[]
i0252,IND-0252,h048,Paul,,Cruz,Paul Cruz,Paul Cruz,MALE,1980-01-27,46,DIVORCED,"[{""type"": ""mobile"", ""number"": ""+10000000252"", ""is_primary"": true}]",tara08@example.org,6837342064,XXXXXX2064,BASIC,en,images/IND-0252.jpg,kamuntu,kilima,karamu,damu,bilkou,16.6045,65.5985,283,66AB+55,3177 Miller Parks Suite 517,Sector 1,000252,KM,AGRICULTURE,,EMPLOYED,4,BASIC,,,,,,,,,[],"[{""land_access"": ""FALSE"", ""land_size"": null, ""productive_assets"": null}, {""land_access"": ""TRUE"", ""land_size"": 4.31, ""productive_assets"": null}, {""land_access"": ""TRUE"", ""land_size"": 8.41, ""productive_assets"": null}]",[],[],[]
i0253,IND-0253,h048,Nichole,Richard,Cruz,Nichole Richard Cruz,Nichole Richard Cruz,FEMALE,2023-02-17,3,SINGLE,"[{""type"": ""mobile"", ""number"": ""+10000000253"", ""is_primary"": true}]",,1940684569,XXXXXX4569,,en,images/IND-0253.jpg,kamuntu,kilima,karamu,damu,bilkou,16.6396,65.6279,64,66AB+56,801 Wu Points,Sector 2,000253,KM,,,,,,NO,FALSE,FALSE,HOST_COMMUNITY,SETTLED,FALSE,NO,,[],[],[],[],[]
i0254,IND-0254,h049,Christine,,Powers,Christine Powers,Christine Powers,FEMALE,1958-05-11,68,MARRIED,"[{""type"": ""mobile"", ""number"": ""+10000000254"", ""is_primary"": true}]",,3821211202,XXXXXX1202,CAN_READ_AND_WRITE,en,images/IND-0254.jpg,kamuntu,faraja,sihaya,kupika,bertu,13.9567,71.0116,284,39AB+10,0375 Moran Lakes Suite 113,Sector 3,000254,KM,SERVICES,,UNEMPLOYED,2,NONE,NO,FALSE,FALSE,HOST_COMMUNITY,SETTLED,FALSE,NO,,[],"[{""land_access"": ""FALSE"", ""land_size"": null, ""productive_assets"": ""[\""PLOUGH\""]""}]",[],[],"[{""program_name"": ""PROG_CASH_TRANSFER"", ""program_start_date"": ""2024-10-07"", ""program_exit_date"": null}]"
i0255,IND-0255,h049,April,,Powers,April Powers,April Powers,MALE,1976-08-11,49,MARRIED,"[{""type"": ""mobile"", ""number"": ""+10000000255"", ""is_primary"": true}]",amy51@example.org,7839819230,XXXXXX9230,BASIC,en,images/IND-0255.jpg,kamuntu,faraja,sihaya,kupika,bertu,14.0106,70.9998,283,40AB+09,2614 Jacob Walk,Sector 4,000255,KM,WAGE_LABOR,,EMPLOYED,7,SMARTPHONE,NO,FALSE,FALSE,HOST_COMMUNITY,SETTLED,FALSE,NO,,"[{""livestock_species"": ""GOATS"", ""livestock_counts"": ""BAND_1_5""}, {""livestock_species"": ""DONKEY"", ""livestock_counts"": ""BAND_21_PLUS""}, {""livestock_species"": ""SHEEP"", ""livestock_counts"": ""BAND_6_10""}]",[],[],"[{""disability_domain"": ""COGNITION"", ""disability_severity"": ""SOME_DIFFICULTY""}, {""disability_domain"": ""VISION"", ""disability_severity"": ""A_LOT_OF_DIFFICULTY""}]",[]
i0256,IND-0256,h049,James,,Powers,James Powers,James Powers,MALE,2010-06-10,16,SINGLE,"[{""type"": ""mobile"", ""number"": ""+10000000256"", ""is_primary"": true}]",,7623374739,XXXXXX4739,CAN_READ_AND_WRITE,en,images/IND-0256.jpg,kamuntu,faraja,sihaya,kupika,bertu,13.9476,70.9338,64,39AB+09,516 Sara Villages,Sector 5,000256,KM,WAGE_LABOR,GOVT_EMPLOYMENT,SELF_EMPLOYED,2,NONE,NO,FALSE,FALSE,HOST_COMMUNITY,SETTLED,FALSE,NO,,[],[],[],[],[]
i0257,IND-0257,h049,Michael,Patricia,Powers,Michael Patricia Powers,Michael Patricia Powers,MALE,1994-01-20,32,DIVORCED,"[{""type"": ""mobile"", ""number"": ""+10000000257"", ""is_primary"": true}]",,5855415646,XXXXXX5646,ILLITERATE,en,images/IND-0257.jpg,kamuntu,faraja,sihaya,kupika,bertu,14.0017,71.0219,266,40AB+10,982 Smith Street Apt. 869,Sector 6,000257,KM,LIVESTOCK,LIVESTOCK,UNEMPLOYED,4,SMARTPHONE,,,,,,,,,[],[],"[{""shock_type"": ""JOB_LOSS"", ""shock_date"": ""2025-12-16"", ""shock_period"": ""2025-Q4"", ""coping_strategy"": ""CS_SEEK_AID""}, {""shock_type"": ""CONFLICT"", ""shock_date"": ""2025-12-04"", ""shock_period"": ""2025-Q4"", ""coping_strategy"": ""CS_SEEK_AID""}]",[],"[{""program_name"": ""PROG_CASH_TRANSFER"", ""program_start_date"": ""2023-12-05"", ""program_exit_date"": null}]"
i0258,IND-0258,h049,John,Samantha,Powers,John Samantha Powers,John Samantha Powers,MALE,1977-05-01,49,MARRIED,"[{""type"": ""mobile"", ""number"": ""+10000000258"", ""is_primary"": true}]",,8991514523,XXXXXX4523,HIGHER_EDUCATION,en,images/IND-0258.jpg,kamuntu,faraja,sihaya,kupika,bertu,14.0261,70.9674,291,40AB+09,922 Paul Rapid,Sector 7,000258,KM,BUSINESS_TRADE,UNEMPLOYED,RETIRED,3,SMARTPHONE,,,,,,,,,[],[],[],[],[]
i0259,IND-0259,h049,Larry,,Powers,Larry Powers,Larry Powers,MALE,1997-12-17,28,MARRIED,"[{""type"": ""mobile"", ""number"": ""+10000000259"", ""is_primary"": true}]",,2362721798,XXXXXX1798,BASIC,en,images/IND-0259.jpg,kamuntu,faraja,sihaya,kupika,bertu,14.0007,70.9862,277,40AB+09,9346 Waller Mission Apt. 269,Sector 8,000259,KM,GOVT_EMPLOYMENT,,UNEMPLOYED,1,NONE,,,,,,,,,[],[],[],[],[]
i0260,IND-0260,h050,Michael,,Goodman,Michael Goodman,Michael Goodman,MALE,1973-11-26,52,MARRIED,"[{""type"": ""mobile"", ""number"": ""+10000000260"", ""is_primary"": true}]",,4130305126,XXXXXX5126,HIGHER_EDUCATION,en,images/IND-0260.jpg,kamuntu,kilima,karamu,uzima,bilosa,18.2149,68.2149,150,82AB+82,858 James Road Suite 522,Sector 9,000260,KM,GOVT_EMPLOYMENT,AGRICULTURE,EMPLOYED,1,SMARTPHONE,,,,,,,,,[],[],[],[],"[{""program_name"": ""PROG_EDUCATION_SUPPORT"", ""program_start_date"": ""2025-03-01"", ""program_exit_date"": null}]"
i0261,IND-0261,h050,Jonathan,Marcus,Goodman,Jonathan Marcus Goodman,Jonathan Marcus Goodman,FEMALE,1983-05-10,43,MARRIED,"[{""type"": ""mobile"", ""number"": ""+10000000261"", ""is_primary"": true}]",hodgesanna@example.net,3429019820,XXXXXX9820,BASIC,en,images/IND-0261.jpg,kamuntu,kilima,karamu,uzima,bilosa,18.2137,68.1341,240,82AB+81,846 Alexandra Burg Suite 200,Sector 1,000261,KM,SERVICES,UNEMPLOYED,RETIRED,5,NONE,,,,,,,,,"[{""livestock_species"": ""GOATS"", ""livestock_counts"": ""BAND_6_10""}, {""livestock_species"": ""SHEEP"", ""livestock_counts"": ""BAND_6_10""}, {""livestock_species"": ""SHEEP"", ""livestock_counts"": ""BAND_11_20""}]","[{""land_access"": ""FALSE"", ""land_size"": null, ""productive_assets"": ""[\""TRACTOR\""]""}]",[],[],"[{""program_name"": ""PROG_HEALTH_INSURANCE"", ""program_start_date"": ""2025-12-02"", ""program_exit_date"": null}, {""program_name"": ""PROG_CASH_TRANSFER"", ""program_start_date"": ""2024-05-12"", ""program_exit_date"": null}]"
i0262,IND-0262,h050,Christina,Eugene,Goodman,Christina Eugene Goodman,Christina Eugene Goodman,FEMALE,1978-07-09,47,WIDOWED,"[{""type"": ""mobile"", ""number"": ""+10000000262"", ""is_primary"": true}]",frances20@example.net,6737000272,XXXXXX0272,BASIC,en,images/IND-0262.jpg,kamuntu,kilima,karamu,uzima,bilosa,18.1211,68.141,227,81AB+81,80571 Julia Points Suite 384,Sector 2,000262,KM,SERVICES,,UNEMPLOYED,2,BASIC,,,,,,,,,[],"[{""land_access"": ""TRUE"", ""land_size"": 3.58, ""productive_assets"": ""[\""PLOUGH\"", \""TRACTOR\""]""}]",[],"[{""disability_domain"": ""COMMUNICATION"", ""disability_severity"": ""SOME_DIFFICULTY""}]","[{""program_name"": ""PROG_HEALTH_INSURANCE"", ""program_start_date"": ""2024-11-27"", ""program_exit_date"": null}]"
i0263,IND-0263,h050,Michael,,Goodman,Michael Goodman,Michael Goodman,MALE,2024-01-08,2,SINGLE,"[{""type"": ""mobile"", ""number"": ""+10000000263"", ""is_primary"": true}]",,8441393731,XXXXXX3731,,en,images/IND-0263.jpg,kamuntu,kilima,karamu,uzima,bilosa,18.2169,68.2085,176,82AB+82,6580 Julia Flats Suite 359,Sector 3,000263,KM,,,,,,YES,FALSE,FALSE,HOST_COMMUNITY,PASTORALIST,TRUE,NO,,[],[],[],[],[]
i0264,IND-0264,h050,Kimberly,,Goodman,Kimberly Goodman,Kimberly Goodman,FEMALE,1982-11-27,43,MARRIED,"[{""type"": ""mobile"", ""number"": ""+10000000264"", ""is_primary"": true}]",kellythompson@example.net,3951331472,XXXXXX1472,ILLITERATE,en,images/IND-0264.jpg,kamuntu,kilima,karamu,uzima,bilosa,18.1363,68.1274,266,81AB+81,28160 Ramirez Greens,Sector 4,000264,KM,BUSINESS_TRADE,,EMPLOYED,1,SMARTPHONE,,,,,,,,,"[{""livestock_species"": ""CAMEL"", ""livestock_counts"": ""BAND_21_PLUS""}, {""livestock_species"": ""CATTLE"", ""livestock_counts"": ""BAND_11_20""}, {""livestock_species"": ""CAMEL"", ""livestock_counts"": ""BAND_1_5""}]",[],[],[],[]
i0265,IND-0265,h050,Beverly,Jonathan,Goodman,Beverly Jonathan Goodman,Beverly Jonathan Goodman,FEMALE,2013-10-24,12,SINGLE,"[{""type"": ""mobile"", ""number"": ""+10000000265"", ""is_primary"": true}]",,2612579345,XXXXXX9345,ILLITERATE,en,images/IND-0265.jpg,kamuntu,kilima,karamu,uzima,bilosa,18.1932,68.1747,279,81AB+81,2025 Kim Road Suite 798,Sector 5,000265,KM,,,,,,NO,FALSE,FALSE,HOST_COMMUNITY,SETTLED,FALSE,NO,,[],[],[],[],[]
i0266,IND-0266,h050,Heather,,Goodman,Heather Goodman,Heather Goodman,FEMALE,1990-09-01,35,MARRIED,"[{""type"": ""mobile"", ""number"": ""+10000000266"", ""is_primary"": true}]",alicia28@example.org,3807341727,XXXXXX1727,CAN_READ_AND_WRITE,en,images/IND-0266.jpg,kamuntu,kilima,karamu,uzima,bilosa,18.1807,68.1634,63,81AB+81,8861 Walker Forest,Sector 6,000266,KM,SERVICES,,UNEMPLOYED,7,NONE,,,,,,,,,[],[],"[{""shock_type"": ""ILLNESS"", ""shock_date"": ""2025-02-22"", ""shock_period"": ""2025-Q1"", ""coping_strategy"": ""CS_BORROW""}, {""shock_type"": ""CONFLICT"", ""shock_date"": ""2025-02-07"", ""shock_period"": ""2025-Q1"", ""coping_strategy"": ""CS_REDUCE_MEALS""}]",[],[]
i0267,IND-0267,h051,Mary,,Rivera,Mary Rivera,Mary Rivera,FEMALE,1968-05-24,58,MARRIED,"[{""type"": ""mobile"", ""number"": ""+10000000267"", ""is_primary"": true}]",jeffery98@example.com,6504099682,XXXXXX9682,INTERMEDIARY,en,images/IND-0267.jpg,kamuntu,faraja,tunza,kufa,biloti,14.6438,69.625,196,46AB+96,57399 Susan Springs,Sector 7,000267,KM,SERVICES,,UNEMPLOYED,3,NONE,,,,,,,,,[],[],[],[],"[{""program_name"": ""PROG_CASH_TRANSFER"", ""program_start_date"": ""2025-06-03"", ""program_exit_date"": null}]"
i0268,IND-0268,h051,Stephen,Laura,Rivera,Stephen Laura Rivera,Stephen Laura Rivera,MALE,2025-12-26,0,MARRIED,"[{""type"": ""mobile"", ""number"": ""+10000000268"", ""is_primary"": true}]",,7872873371,XXXXXX3371,,en,images/IND-0268.jpg,kamuntu,faraja,tunza,kufa,biloti,14.64,69.6226,93,46AB+96,4840 Robertson Pass,Sector 8,000268,KM,,,,,,NO,FALSE,FALSE,HOST_COMMUNITY,SETTLED,FALSE,NO,,[],[],[],"[{""disability_domain"": ""VISION"", ""disability_severity"": ""SOME_DIFFICULTY""}]",[]
i0269,IND-0269,h051,Jill,,Rivera,Jill Rivera,Jill Rivera,FEMALE,1998-11-26,27,MARRIED,"[{""type"": ""mobile"", ""number"": ""+10000000269"", ""is_primary"": true}]",,7002076563,XXXXXX6563,INTERMEDIARY,en,images/IND-0269.jpg,kamuntu,faraja,tunza,kufa,biloti,14.6689,69.6861,73,46AB+96,8112 Courtney Fords,Sector 9,000269,KM,AGRICULTURE,,RETIRED,4,BASIC,,,,,,,,,[],"[{""land_access"": ""TRUE"", ""land_size"": 7.23, ""productive_assets"": ""[\""OTHER\""]""}, {""land_access"": ""TRUE"", ""land_size"": 8.23, ""productive_assets"": null}, {""land_access"": ""TRUE"", ""land_size"": 8.06, ""productive_assets"": ""[\""PLOUGH\""]""}]",[],[],[]
i0270,IND-0270,h051,Michael,,Rivera,Michael Rivera,Michael Rivera,MALE,1997-04-23,29,MARRIED,"[{""type"": ""mobile"", ""number"": ""+10000000270"", ""is_primary"": true}]",nhouston@example.net,6425814872,XXXXXX4872,CAN_READ_AND_WRITE,en,images/IND-0270.jpg,kamuntu,faraja,tunza,kufa,biloti,14.6665,69.6426,118,46AB+96,120 Love Camp Apt. 102,Sector 1,000270,KM,AGRICULTURE,,UNEMPLOYED,6,NONE,,,,,,,,,[],[],[],[],"[{""program_name"": ""PROG_EDUCATION_SUPPORT"", ""program_start_date"": ""2025-02-24"", ""program_exit_date"": null}]"
i0271,IND-0271,h052,Robert,,Grant,Robert Grant,Robert Grant,MALE,1971-03-23,55,MARRIED,"[{""type"": ""mobile"", ""number"": ""+10000000271"", ""is_primary"": true}]",rhondarussell@example.com,3532855799,XXXXXX5799,HIGHER_EDUCATION,en,images/IND-0271.jpg,kamuntu,faraja,asilani,usawa,athari,19.2354,71.2641,259,92AB+12,5061 Darlene River Apt. 901,Sector 2,000271,KM,CRAFT,,UNEMPLOYED,0,NONE,,,,,,,,,[],[],[],[],[]
i0272,IND-0272,h052,Heather,,Grant,Heather Grant,Heather Grant,FEMALE,2005-02-19,21,MARRIED,"[{""type"": ""mobile"", ""number"": ""+10000000272"", ""is_primary"": true}]",kristin49@example.org,4067919621,XXXXXX9621,HIGHER_EDUCATION,en,images/IND-0272.jpg,kamuntu,faraja,asilani,usawa,athari,19.2302,71.27,254,92AB+12,6607 Amanda Dale Suite 842,Sector 3,000272,KM,WAGE_LABOR,,SELF_EMPLOYED,6,NONE,NO,FALSE,FALSE,IDP,SETTLED,FALSE,NO,,"[{""livestock_species"": ""GOATS"", ""livestock_counts"": ""BAND_6_10""}]",[],[],[],[]
i0273,IND-0273,h052,Edward,Tammy,Grant,Edward Tammy Grant,Edward Tammy Grant,MALE,1976-08-18,49,DIVORCED,"[{""type"": ""mobile"", ""number"": ""+10000000273"", ""is_primary"": true}]",susan08@example.net,1827752234,XXXXXX2234,CAN_READ_AND_WRITE,en,images/IND-0273.jpg,kamuntu,faraja,asilani,usawa,athari,19.1843,71.1878,224,91AB+11,00996 Kevin Summit,Sector 4,000273,KM,BUSINESS_TRADE,,SELF_EMPLOYED,7,SMARTPHONE,,,,,,,,,[],[],[],[],[]
i0274,IND-0274,h053,Natalie,,Swanson,Natalie Swanson,Natalie Swanson,FEMALE,1979-01-03,47,MARRIED,"[{""type"": ""mobile"", ""number"": ""+10000000274"", ""is_primary"": true}]",robertbrewer@example.net,7684533347,XXXXXX3347,ILLITERATE,en,images/IND-0274.jpg,kamuntu,faraja,sihaya,kusoma,bidi,10.6652,65.6957,183,06AB+56,23943 Howard Union,Sector 5,000274,KM,SERVICES,LIVESTOCK,RETIRED,3,BASIC,,,,,,,,,[],[],[],[],[]
i0275,IND-0275,h053,Latoya,Karen,Swanson,Latoya Karen Swanson,Latoya Karen Swanson,MALE,2019-03-27,7,MARRIED,"[{""type"": ""mobile"", ""number"": ""+10000000275"", ""is_primary"": true}]",,4972536230,XXXXXX6230,HIGHER_EDUCATION,en,images/IND-0275.jpg,kamuntu,faraja,sihaya,kusoma,bidi,10.6663,65.6201,123,06AB+56,814 John Flat Suite 552,Sector 6,000275,KM,,,,,,YES,FALSE,FALSE,IDP,PASTORALIST,TRUE,NO,,[],[],[],[],[]
i0276,IND-0276,h053,Megan,,Swanson,Megan Swanson,Megan Swanson,FEMALE,2003-01-17,23,MARRIED,"[{""type"": ""mobile"", ""number"": ""+10000000276"", ""is_primary"": true}]",,3031719772,XXXXXX9772,INTERMEDIARY,en,images/IND-0276.jpg,kamuntu,faraja,sihaya,kusoma,bidi,10.6272,65.6503,208,06AB+56,135 Hayes Ridges Suite 929,Sector 7,000276,KM,AGRICULTURE,GOVT_EMPLOYMENT,SELF_EMPLOYED,6,NONE,,,,,,,,,[],"[{""land_access"": ""TRUE"", ""land_size"": 8.6, ""productive_assets"": null}]",[],[],[]
i0277,IND-0277,h053,Keith,,Swanson,Keith Swanson,Keith Swanson,MALE,1975-03-07,51,SINGLE,"[{""type"": ""mobile"", ""number"": ""+10000000277"", ""is_primary"": true}]",ujackson@example.org,2599620611,XXXXXX0611,INTERMEDIARY,en,images/IND-0277.jpg,kamuntu,faraja,sihaya,kusoma,bidi,10.6438,65.6894,129,06AB+56,645 Erin Isle,Sector 8,000277,KM,WAGE_LABOR,,UNEMPLOYED,0,BASIC,,,,,,,,,"[{""livestock_species"": ""CATTLE"", ""livestock_counts"": ""BAND_1_5""}]",[],"[{""shock_type"": ""CONFLICT"", ""shock_date"": ""2025-04-06"", ""shock_period"": ""2025-Q2"", ""coping_strategy"": ""CS_SELL_ASSETS""}, {""shock_type"": ""DROUGHT"", ""shock_date"": ""2025-01-04"", ""shock_period"": ""2025-Q1"", ""coping_strategy"": ""CS_BORROW""}]",[],"[{""program_name"": ""PROG_FOOD_AID"", ""program_start_date"": ""2024-12-03"", ""program_exit_date"": null}, {""program_name"": ""PROG_EDUCATION_SUPPORT"", ""program_start_date"": ""2024-12-22"", ""program_exit_date"": null}]"
i0278,IND-0278,h053,Shawn,,Swanson,Shawn Swanson,Shawn Swanson,MALE,2005-02-13,21,DIVORCED,"[{""type"": ""mobile"", ""number"": ""+10000000278"", ""is_primary"": true}]",kim78@example.org,8841851495,XXXXXX1495,INTERMEDIARY,en,images/IND-0278.jpg,kamuntu,faraja,sihaya,kusoma,bidi,10.6369,65.6517,215,06AB+56,914 Patricia Flat,Sector 9,000278,KM,WAGE_LABOR,SERVICES,UNEMPLOYED,3,SMARTPHONE,,,,,,,,,"[{""livestock_species"": ""DONKEY"", ""livestock_counts"": ""BAND_11_20""}, {""livestock_species"": ""CATTLE"", ""livestock_counts"": ""BAND_6_10""}, {""livestock_species"": ""SHEEP"", ""livestock_counts"": ""BAND_11_20""}]","[{""land_access"": ""TRUE"", ""land_size"": 5.25, ""productive_assets"": ""[\""OTHER\"", \""PLOUGH\""]""}, {""land_access"": ""TRUE"", ""land_size"": 8.81, ""productive_assets"": ""[\""OTHER\"", \""TRACTOR\""]""}]",[],[],[]
i0279,IND-0279,h053,Dennis,,Swanson,Dennis Swanson,Dennis Swanson,MALE,1990-08-18,35,MARRIED,"[{""type"": ""mobile"", ""number"": ""+10000000279"", ""is_primary"": true}]",lunapatricia@example.net,9019515562,XXXXXX5562,HIGHER_EDUCATION,en,images/IND-0279.jpg,kamuntu,faraja,sihaya,kusoma,bidi,10.6921,65.6615,90,06AB+56,969 Rebecca Plaza,Sector 1,000279,KM,CRAFT,,SELF_EMPLOYED,3,BASIC,,,,,,,,,[],[],[],[],[]
i0280,IND-0280,h053,Debbie,Amber,Swanson,Debbie Amber Swanson,Debbie Amber Swanson,FEMALE,1967-10-03,58,SINGLE,"[{""type"": ""mobile"", ""number"": ""+10000000280"", ""is_primary"": true}]",michaelwalker@example.net,4577406847,XXXXXX6847,BASIC,en,images/IND-0280.jpg,kamuntu,faraja,sihaya,kusoma,bidi,10.6937,65.6349,166,06AB+56,78816 Shaw Shore Apt. 928,Sector 2,000280,KM,SERVICES,,EMPLOYED,0,NONE,NO,FALSE,FALSE,IDP,SETTLED,FALSE,NO,,[],"[{""land_access"": ""TRUE"", ""land_size"": 3.26, ""productive_assets"": ""[\""PLOUGH\"", \""TRACTOR\""]""}, {""land_access"": ""TRUE"", ""land_size"": 1.66, ""productive_assets"": null}, {""land_access"": ""TRUE"", ""land_size"": 9.76, ""productive_assets"": ""[\""TRACTOR\"", \""OTHER\""]""}]","[{""shock_type"": ""DROUGHT"", ""shock_date"": ""2025-03-15"", ""shock_period"": ""2025-Q1"", ""coping_strategy"": ""CS_REDUCE_MEALS""}, {""shock_type"": ""FLOOD"", ""shock_date"": ""2025-07-26"", ""shock_period"": ""2025-Q3"", ""coping_strategy"": ""CS_SELL_ASSETS""}]","[{""disability_domain"": ""COMMUNICATION"", ""disability_severity"": ""A_LOT_OF_DIFFICULTY""}]",[]
i0281,IND-0281,h054,Brenda,,Moore,Brenda Moore,Brenda Moore,FEMALE,1992-08-04,33,MARRIED,"[{""type"": ""mobile"", ""number"": ""+10000000281"", ""is_primary"": true}]",,1131267917,XXXXXX7917,INTERMEDIARY,en,images/IND-0281.jpg,kamuntu,jasiri,mapema,upendo,bimbea,11.1072,71.1294,95,11AB+11,750 Kathleen Fort,Sector 3,000281,KM,UNEMPLOYED,,UNEMPLOYED,0,BASIC,,,,,,,,,[],[],[],[],[]
i0282,IND-0282,h054,Amy,,Moore,Amy Moore,Amy Moore,MALE,1974-09-16,51,MARRIED,"[{""type"": ""mobile"", ""number"": ""+10000000282"", ""is_primary"": true}]",,3958590550,XXXXXX0550,CAN_READ_AND_WRITE,en,images/IND-0282.jpg,kamuntu,jasiri,mapema,upendo,bimbea,11.0985,71.1087,91,10AB+11,385 Harrison Motorway,Sector 4,000282,KM,LIVESTOCK,CRAFT,RETIRED,6,NONE,,,,,,,,,[],[],"[{""shock_type"": ""JOB_LOSS"", ""shock_date"": ""2025-05-18"", ""shock_period"": ""2025-Q2"", ""coping_strategy"": ""CS_REDUCE_MEALS""}]",[],[]
i0283,IND-0283,h054,Stephen,,Moore,Stephen Moore,Stephen Moore,MALE,1995-06-17,31,MARRIED,"[{""type"": ""mobile"", ""number"": ""+10000000283"", ""is_primary"": true}]",dakota84@example.net,3204526134,XXXXXX6134,CAN_READ_AND_WRITE,en,images/IND-0283.jpg,kamuntu,jasiri,mapema,upendo,bimbea,11.1565,71.1667,224,11AB+11,892 Valdez Lakes Apt. 846,Sector 5,000283,KM,UNEMPLOYED,,EMPLOYED,4,NONE,,,,,,,,,[],[],[],[],[]
i0284,IND-0284,h054,William,,Moore,William Moore,William Moore,MALE,2025-01-23,1,SINGLE,"[{""type"": ""mobile"", ""number"": ""+10000000284"", ""is_primary"": true}]",,9345142789,XXXXXX2789,,en,images/IND-0284.jpg,kamuntu,jasiri,mapema,upendo,bimbea,11.1413,71.1409,120,11AB+11,5779 Warren Dam Suite 231,Sector 6,000284,KM,,,,,,NO,FALSE,FALSE,HOST_COMMUNITY,SETTLED,FALSE,NO,,[],[],[],[],[]
i0285,IND-0285,h055,Ashley,Timothy,Leonard,Ashley Timothy Leonard,Ashley Timothy Leonard,FEMALE,2020-01-19,6,MARRIED,"[{""type"": ""mobile"", ""number"": ""+10000000285"", ""is_primary"": true}]",,6484179008,XXXXXX9008,BASIC,en,images/IND-0285.jpg,kamuntu,chakula,rafiki,nguvu,bilumo,16.8056,71.8352,216,68AB+18,603 David Ramp,Sector 7,000285,KM,,,,,,YES,FALSE,FALSE,HOST_COMMUNITY,SETTLED,FALSE,NO,,[],[],[],[],[]
i0286,IND-0286,h055,Christopher,Benjamin,Leonard,Christopher Benjamin Leonard,Christopher Benjamin Leonard,MALE,1979-03-27,47,MARRIED,"[{""type"": ""mobile"", ""number"": ""+10000000286"", ""is_primary"": true}]",brianscott@example.org,7872090713,XXXXXX0713,INTERMEDIARY,en,images/IND-0286.jpg,kamuntu,chakula,rafiki,nguvu,bilumo,16.8061,71.8081,234,68AB+18,904 Jay Rest Suite 723,Sector 8,000286,KM,SERVICES,,RETIRED,2,SMARTPHONE,,,,,,,,,[],"[{""land_access"": ""TRUE"", ""land_size"": 9.52, ""productive_assets"": ""[\""OTHER\""]""}]","[{""shock_type"": ""DROUGHT"", ""shock_date"": ""2025-09-03"", ""shock_period"": ""2025-Q3"", ""coping_strategy"": ""CS_REDUCE_MEALS""}]",[],"[{""program_name"": ""PROG_FOOD_AID"", ""program_start_date"": ""2023-09-07"", ""program_exit_date"": null}]"
i0287,IND-0287,h055,Sandra,Laura,Leonard,Sandra Laura Leonard,Sandra Laura Leonard,FEMALE,1992-10-14,33,MARRIED,"[{""type"": ""mobile"", ""number"": ""+10000000287"", ""is_primary"": true}]",cindydixon@example.org,4504756453,XXXXXX6453,INTERMEDIARY,en,images/IND-0287.jpg,kamuntu,chakula,rafiki,nguvu,bilumo,16.7743,71.8113,225,67AB+18,9913 Cruz Coves Apt. 388,Sector 9,000287,KM,BUSINESS_TRADE,,EMPLOYED,4,SMARTPHONE,,,,,,,,,"[{""livestock_species"": ""CAMEL"", ""livestock_counts"": ""BAND_11_20""}, {""livestock_species"": ""CATTLE"", ""livestock_counts"": ""BAND_6_10""}, {""livestock_species"": ""CHICKEN"", ""livestock_counts"": ""BAND_21_PLUS""}]","[{""land_access"": ""TRUE"", ""land_size"": 9.41, ""productive_assets"": ""[\""OTHER\"", \""PLOUGH\""]""}, {""land_access"": ""TRUE"", ""land_size"": 7.24, ""productive_assets"": ""[\""TRACTOR\"", \""PLOUGH\""]""}, {""land_access"": ""FALSE"", ""land_size"": null, ""productive_assets"": ""[\""TRACTOR\"", \""PLOUGH\""]""}]",[],[],[]
i0288,IND-0288,h055,Melinda,,Leonard,Melinda Leonard,Melinda Leonard,FEMALE,1967-12-27,58,SINGLE,"[{""type"": ""mobile"", ""number"": ""+10000000288"", ""is_primary"": true}]",thompsonrachel@example.net,5714169271,XXXXXX9271,CAN_READ_AND_WRITE,en,images/IND-0288.jpg,kamuntu,chakula,rafiki,nguvu,bilumo,16.7528,71.7659,256,67AB+17,811 Hopkins Rapids,Sector 1,000288,KM,GOVT_EMPLOYMENT,,UNEMPLOYED,5,NONE,,,,,,,,,[],"[{""land_access"": ""TRUE"", ""land_size"": 1.23, ""productive_assets"": ""[\""PLOUGH\""]""}, {""land_access"": ""TRUE"", ""land_size"": 2.24, ""productive_assets"": ""[\""TRACTOR\"", \""PLOUGH\""]""}, {""land_access"": ""FALSE"", ""land_size"": null, ""productive_assets"": ""[\""OTHER\"", \""PLOUGH\""]""}]",[],[],[]
i0289,IND-0289,h055,Kimberly,,Leonard,Kimberly Leonard,Kimberly Leonard,FEMALE,2005-12-26,20,MARRIED,"[{""type"": ""mobile"", ""number"": ""+10000000289"", ""is_primary"": true}]",xboyd@example.org,6613888489,XXXXXX8489,INTERMEDIARY,en,images/IND-0289.jpg,kamuntu,chakula,rafiki,nguvu,bilumo,16.8188,71.7731,116,68AB+17,76599 Ronald Glens Suite 314,Sector 2,000289,KM,UNEMPLOYED,AGRICULTURE,UNEMPLOYED,0,BASIC,,,,,,,,,"[{""livestock_species"": ""GOATS"", ""livestock_counts"": ""BAND_6_10""}, {""livestock_species"": ""CHICKEN"", ""livestock_counts"": ""BAND_21_PLUS""}, {""livestock_species"": ""CAMEL"", ""livestock_counts"": ""BAND_6_10""}]",[],"[{""shock_type"": ""ILLNESS"", ""shock_date"": ""2025-02-08"", ""shock_period"": ""2025-Q1"", ""coping_strategy"": ""CS_SEEK_AID""}, {""shock_type"": ""ILLNESS"", ""shock_date"": ""2025-03-25"", ""shock_period"": ""2025-Q1"", ""coping_strategy"": ""CS_SELL_ASSETS""}]",[],[]
i0290,IND-0290,h055,Kyle,,Leonard,Kyle Leonard,Kyle Leonard,MALE,1967-06-03,59,MARRIED,"[{""type"": ""mobile"", ""number"": ""+10000000290"", ""is_primary"": true}]",,3665691647,XXXXXX1647,INTERMEDIARY,en,images/IND-0290.jpg,kamuntu,chakula,rafiki,nguvu,bilumo,16.7872,71.7595,80,67AB+17,00981 Nicholas Ford Suite 651,Sector 3,000290,KM,UNEMPLOYED,,SELF_EMPLOYED,1,NONE,,,,,,,,,[],[],[],[],[]
i0291,IND-0291,h056,Brittney,Jon,Pearson,Brittney Jon Pearson,Brittney Jon Pearson,FEMALE,1977-06-05,49,MARRIED,"[{""type"": ""mobile"", ""number"": ""+10000000291"", ""is_primary"": true}]",ncunningham@example.com,6766723248,XXXXXX3248,CAN_READ_AND_WRITE,en,images/IND-0291.jpg,kamuntu,jasiri,simba,hatua,biluvi,11.5387,68.5293,167,15AB+85,68872 Hansen Orchard Suite 495,Sector 4,000291,KM,LIVESTOCK,UNEMPLOYED,EMPLOYED,6,SMARTPHONE,NO,FALSE,FALSE,HOST_COMMUNITY,SETTLED,FALSE,NO,,[],[],[],[],"[{""program_name"": ""PROG_FOOD_AID"", ""program_start_date"": ""2024-12-02"", ""program_exit_date"": null}]"
i0292,IND-0292,h056,Raymond,,Pearson,Raymond Pearson,Raymond Pearson,MALE,1997-07-12,28,MARRIED,"[{""type"": ""mobile"", ""number"": ""+10000000292"", ""is_primary"": true}]",melissahopkins@example.net,1249166485,XXXXXX6485,CAN_READ_AND_WRITE,en,images/IND-0292.jpg,kamuntu,jasiri,simba,hatua,biluvi,11.4852,68.4609,248,14AB+84,2138 Hartman Unions,Sector 5,000292,KM,BUSINESS_TRADE,,SELF_EMPLOYED,1,BASIC,,,,,,,,,[],"[{""land_access"": ""FALSE"", ""land_size"": null, ""productive_assets"": ""[\""TRACTOR\""]""}, {""land_access"": ""FALSE"", ""land_size"": null, ""productive_assets"": ""[\""PLOUGH\""]""}, {""land_access"": ""TRUE"", ""land_size"": 8.68, ""productive_assets"": ""[\""TRACTOR\""]""}]","[{""shock_type"": ""CONFLICT"", ""shock_date"": ""2025-10-17"", ""shock_period"": ""2025-Q4"", ""coping_strategy"": ""CS_BORROW""}, {""shock_type"": ""CONFLICT"", ""shock_date"": ""2025-09-03"", ""shock_period"": ""2025-Q3"", ""coping_strategy"": ""CS_BORROW""}]",[],"[{""program_name"": ""PROG_FOOD_AID"", ""program_start_date"": ""2025-07-12"", ""program_exit_date"": null}, {""program_name"": ""PROG_EDUCATION_SUPPORT"", ""program_start_date"": ""2025-03-10"", ""program_exit_date"": null}]"
i0293,IND-0293,h056,Krista,,Pearson,Krista Pearson,Krista Pearson,FEMALE,1977-08-09,48,MARRIED,"[{""type"": ""mobile"", ""number"": ""+10000000293"", ""is_primary"": true}]",martintamara@example.org,8015775567,XXXXXX5567,HIGHER_EDUCATION,en,images/IND-0293.jpg,kamuntu,jasiri,simba,hatua,biluvi,11.4803,68.5365,148,14AB+85,79611 Walker Common,Sector 6,000293,KM,CRAFT,,EMPLOYED,6,NONE,,,,,,,,,[],"[{""land_access"": ""TRUE"", ""land_size"": 1.46, ""productive_assets"": ""[\""OTHER\""]""}]","[{""shock_type"": ""ILLNESS"", ""shock_date"": ""2025-06-20"", ""shock_period"": ""2025-Q2"", ""coping_strategy"": ""CS_SELL_ASSETS""}, {""shock_type"": ""JOB_LOSS"", ""shock_date"": ""2025-08-04"", ""shock_period"": ""2025-Q3"", ""coping_strategy"": ""CS_REDUCE_MEALS""}]",[],[]
i0294,IND-0294,h056,Lee,,Pearson,Lee Pearson,Lee Pearson,MALE,1951-01-24,75,MARRIED,"[{""type"": ""mobile"", ""number"": ""+10000000294"", ""is_primary"": true}]",,9666883770,XXXXXX3770,BASIC,en,images/IND-0294.jpg,kamuntu,jasiri,simba,hatua,biluvi,11.4404,68.5134,107,14AB+85,849 Sonya Viaduct Apt. 770,Sector 7,000294,KM,GOVT_EMPLOYMENT,,UNEMPLOYED,3,SMARTPHONE,NO,FALSE,FALSE,HOST_COMMUNITY,PASTORALIST,TRUE,NO,,[],[],"[{""shock_type"": ""JOB_LOSS"", ""shock_date"": ""2025-02-26"", ""shock_period"": ""2025-Q1"", ""coping_strategy"": ""CS_BORROW""}, {""shock_type"": ""FLOOD"", ""shock_date"": ""2025-10-01"", ""shock_period"": ""2025-Q4"", ""coping_strategy"": ""CS_BORROW""}]","[{""disability_domain"": ""SELF_CARE"", ""disability_severity"": ""A_LOT_OF_DIFFICULTY""}]",[]
i0295,IND-0295,h056,Christina,Linda,Pearson,Christina Linda Pearson,Christina Linda Pearson,FEMALE,1988-04-16,38,MARRIED,"[{""type"": ""mobile"", ""number"": ""+10000000295"", ""is_primary"": true}]",james98@example.net,5491326131,XXXXXX6131,BASIC,en,images/IND-0295.jpg,kamuntu,jasiri,simba,hatua,biluvi,11.5348,68.4856,183,15AB+84,205 Diana Estate,Sector 8,000295,KM,UNEMPLOYED,,UNEMPLOYED,6,NONE,,,,,,,,,[],[],"[{""shock_type"": ""DROUGHT"", ""shock_date"": ""2025-12-21"", ""shock_period"": ""2025-Q4"", ""coping_strategy"": ""CS_REDUCE_MEALS""}]",[],"[{""program_name"": ""PROG_FOOD_AID"", ""program_start_date"": ""2025-12-27"", ""program_exit_date"": null}, {""program_name"": ""PROG_CASH_TRANSFER"", ""program_start_date"": ""2023-04-13"", ""program_exit_date"": null}]"
i0296,IND-0296,h057,Angie,,Hill,Angie Hill,Angie Hill,FEMALE,1984-09-02,41,MARRIED,"[{""type"": ""mobile"", ""number"": ""+10000000296"", ""is_primary"": true}]",zgomez@example.com,2732553940,XXXXXX3940,ILLITERATE,en,images/IND-0296.jpg,kamuntu,chakula,makali,mwali,biluni,16.4928,71.5427,83,64AB+15,011 Barber Points,Sector 9,000296,KM,CRAFT,,SELF_EMPLOYED,7,SMARTPHONE,NO,FALSE,FALSE,HOST_COMMUNITY,SETTLED,FALSE,NO,,[],[],[],[],"[{""program_name"": ""PROG_CASH_TRANSFER"", ""program_start_date"": ""2023-11-12"", ""program_exit_date"": null}, {""program_name"": ""PROG_FOOD_AID"", ""program_start_date"": ""2025-08-27"", ""program_exit_date"": null}]"
i0297,IND-0297,h057,Thomas,Sylvia,Hill,Thomas Sylvia Hill,Thomas Sylvia Hill,MALE,1979-09-02,46,MARRIED,"[{""type"": ""mobile"", ""number"": ""+10000000297"", ""is_primary"": true}]",,8045125420,XXXXXX5420,ILLITERATE,en,images/IND-0297.jpg,kamuntu,chakula,makali,mwali,biluni,16.5471,71.5323,202,65AB+15,93769 Jose Lodge Apt. 818,Sector 1,000297,KM,CRAFT,LIVESTOCK,EMPLOYED,4,SMARTPHONE,,,,,,,,,[],"[{""land_access"": ""TRUE"", ""land_size"": 2.8, ""productive_assets"": null}, {""land_access"": ""TRUE"", ""land_size"": 6.75, ""productive_assets"": ""[\""PLOUGH\"", \""OTHER\""]""}, {""land_access"": ""TRUE"", ""land_size"": 0.14, ""productive_assets"": ""[\""PLOUGH\""]""}]",[],[],[]
i0298,IND-0298,h057,Edward,Leah,Hill,Edward Leah Hill,Edward Leah Hill,MALE,2011-07-08,14,SINGLE,"[{""type"": ""mobile"", ""number"": ""+10000000298"", ""is_primary"": true}]",,2633177480,XXXXXX7480,CAN_READ_AND_WRITE,en,images/IND-0298.jpg,kamuntu,chakula,makali,mwali,biluni,16.5247,71.5174,89,65AB+15,947 Hart Trail Apt. 577,Sector 2,000298,KM,,,,,,NO,TRUE,FALSE,HOST_COMMUNITY,SETTLED,FALSE,NO,,[],[],[],"[{""disability_domain"": ""SELF_CARE"", ""disability_severity"": ""SOME_DIFFICULTY""}]",[]
i0299,IND-0299,h057,Steven,,Hill,Steven Hill,Steven Hill,MALE,1986-08-20,39,MARRIED,"[{""type"": ""mobile"", ""number"": ""+10000000299"", ""is_primary"": true}]",,4009596757,XXXXXX6757,ILLITERATE,en,images/IND-0299.jpg,kamuntu,chakula,makali,mwali,biluni,16.5119,71.5599,180,65AB+15,41633 Gutierrez Knoll Apt. 434,Sector 3,000299,KM,LIVESTOCK,LIVESTOCK,UNEMPLOYED,7,NONE,,,,,,,,,"[{""livestock_species"": ""GOATS"", ""livestock_counts"": ""BAND_11_20""}, {""livestock_species"": ""CAMEL"", ""livestock_counts"": ""BAND_6_10""}]",[],[],[],[]
i0300,IND-0300,h058,Brandon,,Nunez,Brandon Nunez,Brandon Nunez,MALE,1984-01-17,42,MARRIED,"[{""type"": ""mobile"", ""number"": ""+10000000300"", ""is_primary"": true}]",charles27@example.com,6161147047,XXXXXX7047,CAN_READ_AND_WRITE,en,images/IND-0300.jpg,kamuntu,chakula,mfumo,wimbo,bilozo,16.7903,65.7495,60,67AB+57,94237 Jimmy Garden Suite 333,Sector 4,000300,KM,SERVICES,,UNEMPLOYED,2,NONE,,,,,,,,,[],[],[],[],[]
i0301,IND-0301,h058,Sandy,,Nunez,Sandy Nunez,Sandy Nunez,FEMALE,2022-09-17,3,MARRIED,"[{""type"": ""mobile"", ""number"": ""+10000000301"", ""is_primary"": true}]",,3122160665,XXXXXX0665,,en,images/IND-0301.jpg,kamuntu,chakula,mfumo,wimbo,bilozo,16.8149,65.798,69,68AB+57,11179 Kathryn Plains Apt. 759,Sector 5,000301,KM,,,,,,NO,FALSE,FALSE,HOST_COMMUNITY,SETTLED,FALSE,NO,,[],[],[],"[{""disability_domain"": ""VISION"", ""disability_severity"": ""A_LOT_OF_DIFFICULTY""}, {""disability_domain"": ""COMMUNICATION"", ""disability_severity"": ""CANNOT_DO_AT_ALL""}]",[]
i0302,IND-0302,h058,Ethan,,Nunez,Ethan Nunez,Ethan Nunez,MALE,1991-04-02,35,DIVORCED,"[{""type"": ""mobile"", ""number"": ""+10000000302"", ""is_primary"": true}]",,6566372886,XXXXXX2886,BASIC,en,images/IND-0302.jpg,kamuntu,chakula,mfumo,wimbo,bilozo,16.7664,65.73,94,67AB+57,2846 Karen Crossroad Apt. 867,Sector 6,000302,KM,WAGE_LABOR,WAGE_LABOR,RETIRED,2,SMARTPHONE,,,,,,,,,[],[],[],[],[]
i0303,IND-0303,h059,Ashlee,,Ward,Ashlee Ward,Ashlee Ward,FEMALE,2013-10-17,12,MARRIED,"[{""type"": ""mobile"", ""number"": ""+10000000303"", ""is_primary"": true}]",,1785418196,XXXXXX8196,INTERMEDIARY,en,images/IND-0303.jpg,kamuntu,chakula,njia,barafu,biluho,15.4701,66.5262,119,54AB+65,84347 Diaz Parks Suite 365,Sector 7,000303,KM,,,,,,NO,FALSE,FALSE,HOST_COMMUNITY,SETTLED,FALSE,NO,,[],[],[],[],[]
i0304,IND-0304,h059,Holly,,Ward,Holly Ward,Holly Ward,MALE,1983-08-15,42,MARRIED,"[{""type"": ""mobile"", ""number"": ""+10000000304"", ""is_primary"": true}]",iwhite@example.net,4119911995,XXXXXX1995,HIGHER_EDUCATION,en,images/IND-0304.jpg,kamuntu,chakula,njia,barafu,biluho,15.5282,66.5144,76,55AB+65,43866 Dustin Streets,Sector 8,000304,KM,LIVESTOCK,,UNEMPLOYED,7,SMARTPHONE,,,,,,,,,"[{""livestock_species"": ""CHICKEN"", ""livestock_counts"": ""BAND_6_10""}, {""livestock_species"": ""CHICKEN"", ""livestock_counts"": ""BAND_21_PLUS""}]",[],[],[],[]
i0305,IND-0305,h059,Brittany,,Ward,Brittany Ward,Brittany Ward,FEMALE,1997-06-06,29,MARRIED,"[{""type"": ""mobile"", ""number"": ""+10000000305"", ""is_primary"": true}]",,8641452462,XXXXXX2462,CAN_READ_AND_WRITE,en,images/IND-0305.jpg,kamuntu,chakula,njia,barafu,biluho,15.4911,66.5163,275,54AB+65,7288 Floyd Hills,Sector 9,000305,KM,AGRICULTURE,,EMPLOYED,7,BASIC,,,,,,,,,[],"[{""land_access"": ""TRUE"", ""land_size"": 0.47, ""productive_assets"": ""[\""TRACTOR\""]""}]",[],[],"[{""program_name"": ""PROG_EDUCATION_SUPPORT"", ""program_start_date"": ""2024-06-28"", ""program_exit_date"": null}]"
i0306,IND-0306,h060,David,,Garrison,David Garrison,David Garrison,MALE,2000-01-28,26,MARRIED,"[{""type"": ""mobile"", ""number"": ""+10000000306"", ""is_primary"": true}]",,2349641712,XXXXXX1712,HIGHER_EDUCATION,en,images/IND-0306.jpg,kamuntu,chakula,makali,tano,biluri,13.3005,68.2978,246,33AB+82,1203 Woods Roads,Sector 1,000306,KM,AGRICULTURE,WAGE_LABOR,EMPLOYED,6,BASIC,NO,FALSE,FALSE,HOST_COMMUNITY,PASTORALIST,TRUE,NO,,"[{""livestock_species"": ""GOATS"", ""livestock_counts"": ""BAND_21_PLUS""}, {""livestock_species"": ""GOATS"", ""livestock_counts"": ""BAND_21_PLUS""}, {""livestock_species"": ""CAMEL"", ""livestock_counts"": ""BAND_11_20""}]","[{""land_access"": ""TRUE"", ""land_size"": 0.24, ""productive_assets"": ""[\""OTHER\""]""}, {""land_access"": ""TRUE"", ""land_size"": 3.32, ""productive_assets"": ""[\""PLOUGH\"", \""TRACTOR\""]""}]","[{""shock_type"": ""DROUGHT"", ""shock_date"": ""2025-10-28"", ""shock_period"": ""2025-Q4"", ""coping_strategy"": ""CS_SEEK_AID""}, {""shock_type"": ""DROUGHT"", ""shock_date"": ""2025-08-21"", ""shock_period"": ""2025-Q3"", ""coping_strategy"": ""CS_SEEK_AID""}]",[],"[{""program_name"": ""PROG_HEALTH_INSURANCE"", ""program_start_date"": ""2024-01-06"", ""program_exit_date"": null}]"
i0307,IND-0307,h060,Brent,,Garrison,Brent Garrison,Brent Garrison,FEMALE,1993-11-27,32,MARRIED,"[{""type"": ""mobile"", ""number"": ""+10000000307"", ""is_primary"": true}]",michael88@example.com,3655316364,XXXXXX6364,INTERMEDIARY,en,images/IND-0307.jpg,kamuntu,chakula,makali,tano,biluri,13.2733,68.3027,173,32AB+83,61593 Tiffany Haven Suite 587,Sector 2,000307,KM,GOVT_EMPLOYMENT,LIVESTOCK,EMPLOYED,3,NONE,,,,,,,,,[],[],[],[],[]
i0308,IND-0308,h060,Raymond,,Garrison,Raymond Garrison,Raymond Garrison,MALE,1987-10-01,38,SINGLE,"[{""type"": ""mobile"", ""number"": ""+10000000308"", ""is_primary"": true}]",,8940731272,XXXXXX1272,BASIC,en,images/IND-0308.jpg,kamuntu,chakula,makali,tano,biluri,13.3152,68.3169,69,33AB+83,9472 Danielle Junction,Sector 3,000308,KM,BUSINESS_TRADE,,UNEMPLOYED,7,NONE,,,,,,,,,[],"[{""land_access"": ""TRUE"", ""land_size"": 7.55, ""productive_assets"": null}, {""land_access"": ""TRUE"", ""land_size"": 3.75, ""productive_assets"": ""[\""PLOUGH\""]""}, {""land_access"": ""TRUE"", ""land_size"": 9.05, ""productive_assets"": ""[\""TRACTOR\""]""}]",[],[],[]
i0309,IND-0309,h061,Jennifer,,White,Jennifer White,Jennifer White,FEMALE,1964-09-20,61,MARRIED,"[{""type"": ""mobile"", ""number"": ""+10000000309"", ""is_primary"": true}]",,2770980600,XXXXXX0600,HIGHER_EDUCATION,en,images/IND-0309.jpg,kamuntu,kilima,karamu,hasara,biloto,12.9157,68.86,73,29AB+88,34132 Garcia Circles,Sector 4,000309,KM,CRAFT,,EMPLOYED,2,SMARTPHONE,NO,FALSE,FALSE,HOST_COMMUNITY,SETTLED,FALSE,NO,,[],"[{""land_access"": ""FALSE"", ""land_size"": null, ""productive_assets"": ""[\""OTHER\"", \""PLOUGH\""]""}]",[],[],[]
i0310,IND-0310,h061,Taylor,,White,Taylor White,Taylor White,MALE,1986-10-24,39,MARRIED,"[{""type"": ""mobile"", ""number"": ""+10000000310"", ""is_primary"": true}]",,9376711497,XXXXXX1497,BASIC,en,images/IND-0310.jpg,kamuntu,kilima,karamu,hasara,biloto,12.8963,68.8654,107,28AB+88,68114 Christopher Loaf,Sector 5,000310,KM,GOVT_EMPLOYMENT,,RETIRED,5,SMARTPHONE,NO,FALSE,FALSE,HOST_COMMUNITY,PASTORALIST,TRUE,NO,,[],[],[],[],[]
i0311,IND-0311,h061,Ellen,,White,Ellen White,Ellen White,FEMALE,1991-05-06,35,SINGLE,"[{""type"": ""mobile"", ""number"": ""+10000000311"", ""is_primary"": true}]",,1952396600,XXXXXX6600,HIGHER_EDUCATION,en,images/IND-0311.jpg,kamuntu,kilima,karamu,hasara,biloto,12.8941,68.943,296,28AB+89,2282 Austin Knolls Suite 778,Sector 6,000311,KM,WAGE_LABOR,UNEMPLOYED,RETIRED,0,BASIC,,,,,,,,,"[{""livestock_species"": ""CATTLE"", ""livestock_counts"": ""BAND_6_10""}, {""livestock_species"": ""CHICKEN"", ""livestock_counts"": ""BAND_1_5""}]",[],[],[],[]
i0312,IND-0312,h062,Joseph,,Stout,Joseph Stout,Joseph Stout,MALE,1972-12-05,53,MARRIED,"[{""type"": ""mobile"", ""number"": ""+10000000312"", ""is_primary"": true}]",zfernandez@example.org,2780136605,XXXXXX6605,INTERMEDIARY,en,images/IND-0312.jpg,kamuntu,jasiri,simba,walizo,bilutu,16.8727,69.8637,200,68AB+98,5642 Smith Pike Apt. 547,Sector 7,000312,KM,GOVT_EMPLOYMENT,,RETIRED,1,BASIC,NO,FALSE,TRUE,HOST_COMMUNITY,SETTLED,FALSE,NO,,"[{""livestock_species"": ""CHICKEN"", ""livestock_counts"": ""BAND_21_PLUS""}]","[{""land_access"": ""TRUE"", ""land_size"": 8.96, ""productive_assets"": null}, {""land_access"": ""TRUE"", ""land_size"": 9.78, ""productive_assets"": null}, {""land_access"": ""TRUE"", ""land_size"": 4.58, ""productive_assets"": ""[\""OTHER\"", \""TRACTOR\""]""}]",[],[],"[{""program_name"": ""PROG_FOOD_AID"", ""program_start_date"": ""2025-05-07"", ""program_exit_date"": null}]"
i0313,IND-0313,h062,Kimberly,,Stout,Kimberly Stout,Kimberly Stout,FEMALE,1959-06-25,66,MARRIED,"[{""type"": ""mobile"", ""number"": ""+10000000313"", ""is_primary"": true}]",earroyo@example.com,4162014755,XXXXXX4755,HIGHER_EDUCATION,en,images/IND-0313.jpg,kamuntu,jasiri,simba,walizo,bilutu,16.8353,69.8233,199,68AB+98,4930 Lopez Points,Sector 8,000313,KM,SERVICES,UNEMPLOYED,EMPLOYED,0,NONE,NO,FALSE,FALSE,IDP,SETTLED,FALSE,NO,,[],[],[],"[{""disability_domain"": ""SELF_CARE"", ""disability_severity"": ""SOME_DIFFICULTY""}, {""disability_domain"": ""VISION"", ""disability_severity"": ""CANNOT_DO_AT_ALL""}]","[{""program_name"": ""PROG_EDUCATION_SUPPORT"", ""program_start_date"": ""2023-02-21"", ""program_exit_date"": null}, {""program_name"": ""PROG_FOOD_AID"", ""program_start_date"": ""2025-12-24"", ""program_exit_date"": null}]"
i0314,IND-0314,h062,Jeffrey,,Stout,Jeffrey Stout,Jeffrey Stout,MALE,2018-08-08,7,SINGLE,"[{""type"": ""mobile"", ""number"": ""+10000000314"", ""is_primary"": true}]",,5739728188,XXXXXX8188,HIGHER_EDUCATION,en,images/IND-0314.jpg,kamuntu,jasiri,simba,walizo,bilutu,16.8458,69.8406,132,68AB+98,3416 Zachary Union Suite 484,Sector 9,000314,KM,,,,,,NO,FALSE,FALSE,HOST_COMMUNITY,SETTLED,FALSE,NO,,[],[],[],[],[]
i0315,IND-0315,h063,Jennifer,,Castaneda,Jennifer Castaneda,Jennifer Castaneda,FEMALE,1954-05-20,72,MARRIED,"[{""type"": ""mobile"", ""number"": ""+10000000315"", ""is_primary"": true}]",derrickrodriguez@example.com,9433570024,XXXXXX0024,HIGHER_EDUCATION,en,images/IND-0315.jpg,kamuntu,faraja,zawadi,kupiga,biliha,18.347,67.2953,84,83AB+72,9735 Edwin Place Apt. 214,Sector 1,000315,KM,LIVESTOCK,GOVT_EMPLOYMENT,UNEMPLOYED,0,NONE,YES,FALSE,FALSE,HOST_COMMUNITY,SETTLED,FALSE,NO,,[],"[{""land_access"": ""TRUE"", ""land_size"": 2.28, ""productive_assets"": ""[\""OTHER\""]""}, {""land_access"": ""TRUE"", ""land_size"": 3.04, ""productive_assets"": null}, {""land_access"": ""TRUE"", ""land_size"": 4.64, ""productive_assets"": null}]",[],"[{""disability_domain"": ""SELF_CARE"", ""disability_severity"": ""A_LOT_OF_DIFFICULTY""}, {""disability_domain"": ""COGNITION"", ""disability_severity"": ""CANNOT_DO_AT_ALL""}]","[{""program_name"": ""PROG_EDUCATION_SUPPORT"", ""program_start_date"": ""2025-01-05"", ""program_exit_date"": null}, {""program_name"": ""PROG_HEALTH_INSURANCE"", ""program_start_date"": ""2025-11-10"", ""program_exit_date"": null}]"
i0316,IND-0316,h063,Debra,,Castaneda,Debra Castaneda,Debra Castaneda,MALE,1994-06-15,32,MARRIED,"[{""type"": ""mobile"", ""number"": ""+10000000316"", ""is_primary"": true}]",,3716924538,XXXXXX4538,CAN_READ_AND_WRITE,en,images/IND-0316.jpg,kamuntu,faraja,zawadi,kupiga,biliha,18.2701,67.3124,124,82AB+73,12073 Fisher Turnpike,Sector 2,000316,KM,GOVT_EMPLOYMENT,,SELF_EMPLOYED,1,SMARTPHONE,,,,,,,,,[],[],[],[],"[{""program_name"": ""PROG_EDUCATION_SUPPORT"", ""program_start_date"": ""2025-06-24"", ""program_exit_date"": null}, {""program_name"": ""PROG_HEALTH_INSURANCE"", ""program_start_date"": ""2024-02-12"", ""program_exit_date"": null}]"
i0317,IND-0317,h063,Robert,,Castaneda,Robert Castaneda,Robert Castaneda,MALE,1994-04-07,32,MARRIED,"[{""type"": ""mobile"", ""number"": ""+10000000317"", ""is_primary"": true}]",,8562471167,XXXXXX1167,INTERMEDIARY,en,images/IND-0317.jpg,kamuntu,faraja,zawadi,kupiga,biliha,18.3062,67.3083,291,83AB+73,051 Brian Trail Suite 187,Sector 3,000317,KM,GOVT_EMPLOYMENT,GOVT_EMPLOYMENT,RETIRED,7,SMARTPHONE,NO,FALSE,FALSE,HOST_COMMUNITY,SETTLED,FALSE,NO,,[],[],"[{""shock_type"": ""FLOOD"", ""shock_date"": ""2025-07-15"", ""shock_period"": ""2025-Q3"", ""coping_strategy"": ""CS_BORROW""}, {""shock_type"": ""CONFLICT"", ""shock_date"": ""2025-01-27"", ""shock_period"": ""2025-Q1"", ""coping_strategy"": ""CS_REDUCE_MEALS""}]",[],"[{""program_name"": ""PROG_EDUCATION_SUPPORT"", ""program_start_date"": ""2025-11-25"", ""program_exit_date"": null}]"
i0318,IND-0318,h064,Catherine,,Huang,Catherine Huang,Catherine Huang,FEMALE,2001-03-17,25,MARRIED,"[{""type"": ""mobile"", ""number"": ""+10000000318"", ""is_primary"": true}]",lisa01@example.net,5403510324,XXXXXX0324,CAN_READ_AND_WRITE,en,images/IND-0318.jpg,kamuntu,jasiri,baraka,walili,bimaua,15.4445,65.497,101,54AB+54,7303 Moss Court,Sector 4,000318,KM,SERVICES,,RETIRED,0,NONE,,,,,,,,,[],[],[],[],[]
i0319,IND-0319,h064,Kelly,,Huang,Kelly Huang,Kelly Huang,MALE,2020-02-02,6,MARRIED,"[{""type"": ""mobile"", ""number"": ""+10000000319"", ""is_primary"": true}]",,2267619081,XXXXXX9081,INTERMEDIARY,en,images/IND-0319.jpg,kamuntu,jasiri,baraka,walili,bimaua,15.5054,65.4332,258,55AB+54,4520 Jon Route Suite 350,Sector 5,000319,KM,,,,,,YES,FALSE,FALSE,HOST_COMMUNITY,SETTLED,FALSE,NO,,[],[],[],[],[]
i0320,IND-0320,h064,Scott,,Huang,Scott Huang,Scott Huang,MALE,1988-11-22,37,WIDOWED,"[{""type"": ""mobile"", ""number"": ""+10000000320"", ""is_primary"": true}]",,7705605962,XXXXXX5962,ILLITERATE,en,images/IND-0320.jpg,kamuntu,jasiri,baraka,walili,bimaua,15.4538,65.5084,254,54AB+55,65024 Randy Gardens,Sector 6,000320,KM,WAGE_LABOR,,EMPLOYED,5,BASIC,,,,,,,,,[],"[{""land_access"": ""TRUE"", ""land_size"": 9.11, ""productive_assets"": ""[\""PLOUGH\""]""}]",[],[],[]
i0321,IND-0321,h065,Alexa,,Williams,Alexa Williams,Alexa Williams,FEMALE,1973-06-30,52,MARRIED,"[{""type"": ""mobile"", ""number"": ""+10000000321"", ""is_primary"": true}]",,1231078662,XXXXXX8662,INTERMEDIARY,en,images/IND-0321.jpg,kamuntu,faraja,zawadi,kuweza,biliza,17.1844,67.1303,272,71AB+71,925 John Parks Apt. 950,Sector 7,000321,KM,AGRICULTURE,,EMPLOYED,2,BASIC,,,,,,,,,[],[],[],[],[]
i0322,IND-0322,h065,Anthony,,Williams,Anthony Williams,Anthony Williams,MALE,1972-04-05,54,MARRIED,"[{""type"": ""mobile"", ""number"": ""+10000000322"", ""is_primary"": true}]",martinezjesse@example.net,3591527330,XXXXXX7330,ILLITERATE,en,images/IND-0322.jpg,kamuntu,faraja,zawadi,kuweza,biliza,17.1876,67.2064,125,71AB+72,3065 John Canyon Suite 784,Sector 8,000322,KM,BUSINESS_TRADE,,SELF_EMPLOYED,0,SMARTPHONE,NO,FALSE,FALSE,HOST_COMMUNITY,SETTLED,FALSE,NO,,[],"[{""land_access"": ""TRUE"", ""land_size"": 2.65, ""productive_assets"": null}]","[{""shock_type"": ""JOB_LOSS"", ""shock_date"": ""2025-03-19"", ""shock_period"": ""2025-Q1"", ""coping_strategy"": ""CS_BORROW""}]",[],[]
i0323,IND-0323,h065,Joshua,,Williams,Joshua Williams,Joshua Williams,MALE,1977-10-31,48,MARRIED,"[{""type"": ""mobile"", ""number"": ""+10000000323"", ""is_primary"": true}]",,7135394336,XXXXXX4336,ILLITERATE,en,images/IND-0323.jpg,kamuntu,faraja,zawadi,kuweza,biliza,17.1657,67.123,199,71AB+71,557 Dillon Rapid,Sector 9,000323,KM,AGRICULTURE,,EMPLOYED,3,BASIC,,,,,,,,,"[{""livestock_species"": ""DONKEY"", ""livestock_counts"": ""BAND_6_10""}, {""livestock_species"": ""SHEEP"", ""livestock_counts"": ""BAND_21_PLUS""}]","[{""land_access"": ""TRUE"", ""land_size"": 4.01, ""productive_assets"": ""[\""TRACTOR\""]""}, {""land_access"": ""TRUE"", ""land_size"": 7.31, ""productive_assets"": ""[\""OTHER\"", \""PLOUGH\""]""}]",[],[],"[{""program_name"": ""PROG_FOOD_AID"", ""program_start_date"": ""2023-05-22"", ""program_exit_date"": null}]"
i0324,IND-0324,h066,Thomas,Casey,Spencer,Thomas Casey Spencer,Thomas Casey Spencer,MALE,1963-03-28,63,MARRIED,"[{""type"": ""mobile"", ""number"": ""+10000000324"", ""is_primary"": true}]",,6588417397,XXXXXX7397,BASIC,en,images/IND-0324.jpg,kamuntu,chakula,njia,wingu,bilufu,17.839,67.815,68,78AB+78,4485 Smith Route,Sector 1,000324,KM,LIVESTOCK,AGRICULTURE,EMPLOYED,2,BASIC,NO,FALSE,FALSE,HOST_COMMUNITY,SETTLED,FALSE,NO,,[],[],"[{""shock_type"": ""ILLNESS"", ""shock_date"": ""2025-07-14"", ""shock_period"": ""2025-Q3"", ""coping_strategy"": ""CS_BORROW""}, {""shock_type"": ""JOB_LOSS"", ""shock_date"": ""2025-09-08"", ""shock_period"": ""2025-Q3"", ""coping_strategy"": ""CS_SELL_ASSETS""}]",[],[]
i0325,IND-0325,h066,Jonathan,,Spencer,Jonathan Spencer,Jonathan Spencer,FEMALE,1983-11-10,42,MARRIED,"[{""type"": ""mobile"", ""number"": ""+10000000325"", ""is_primary"": true}]",,7601519165,XXXXXX9165,BASIC,en,images/IND-0325.jpg,kamuntu,chakula,njia,wingu,bilufu,17.7692,67.7821,104,77AB+77,593 Le Shoals,Sector 2,000325,KM,SERVICES,BUSINESS_TRADE,UNEMPLOYED,2,NONE,YES,FALSE,FALSE,HOST_COMMUNITY,SETTLED,FALSE,NO,,[],"[{""land_access"": ""TRUE"", ""land_size"": 5.21, ""productive_assets"": ""[\""TRACTOR\""]""}]",[],[],[]
i0326,IND-0326,h066,Tracy,James,Spencer,Tracy James Spencer,Tracy James Spencer,FEMALE,1941-09-21,84,MARRIED,"[{""type"": ""mobile"", ""number"": ""+10000000326"", ""is_primary"": true}]",,3788722772,XXXXXX2772,HIGHER_EDUCATION,en,images/IND-0326.jpg,kamuntu,chakula,njia,wingu,bilufu,17.7715,67.7946,111,77AB+77,294 Ortiz Islands Apt. 181,Sector 3,000326,KM,SERVICES,,UNEMPLOYED,5,NONE,YES,FALSE,FALSE,HOST_COMMUNITY,SETTLED,FALSE,NO,,[],[],[],[],[]
i0327,IND-0327,h067,Andrew,,Pace,Andrew Pace,Andrew Pace,MALE,1994-04-18,32,MARRIED,"[{""type"": ""mobile"", ""number"": ""+10000000327"", ""is_primary"": true}]",,5781905054,XXXXXX5054,BASIC,en,images/IND-0327.jpg,kamuntu,faraja,zawadi,kuweza,bilixi,11.5857,65.6324,56,15AB+56,31731 Ashley Villages,Sector 4,000327,KM,SERVICES,,EMPLOYED,4,NONE,NO,FALSE,FALSE,HOST_COMMUNITY,SETTLED,FALSE,NO,,"[{""livestock_species"": ""SHEEP"", ""livestock_counts"": ""BAND_1_5""}, {""livestock_species"": ""CHICKEN"", ""livestock_counts"": ""BAND_21_PLUS""}, {""livestock_species"": ""GOATS"", ""livestock_counts"": ""BAND_6_10""}]",[],[],[],[]
i0328,IND-0328,h067,Jasmine,,Pace,Jasmine Pace,Jasmine Pace,FEMALE,2006-05-01,20,MARRIED,"[{""type"": ""mobile"", ""number"": ""+10000000328"", ""is_primary"": true}]",brandon39@example.net,1412129737,XXXXXX9737,ILLITERATE,en,images/IND-0328.jpg,kamuntu,faraja,zawadi,kuweza,bilixi,11.6572,65.6373,186,16AB+56,37170 Grant Mall,Sector 5,000328,KM,AGRICULTURE,,RETIRED,5,SMARTPHONE,,,,,,,,,"[{""livestock_species"": ""CAMEL"", ""livestock_counts"": ""BAND_11_20""}, {""livestock_species"": ""DONKEY"", ""livestock_counts"": ""BAND_11_20""}]",[],[],[],"[{""program_name"": ""PROG_HEALTH_INSURANCE"", ""program_start_date"": ""2023-11-28"", ""program_exit_date"": null}]"
i0329,IND-0329,h067,Rodney,,Pace,Rodney Pace,Rodney Pace,MALE,1970-12-29,55,WIDOWED,"[{""type"": ""mobile"", ""number"": ""+10000000329"", ""is_primary"": true}]",colonjoseph@example.org,9899689747,XXXXXX9747,ILLITERATE,en,images/IND-0329.jpg,kamuntu,faraja,zawadi,kuweza,bilixi,11.6286,65.5624,233,16AB+55,1381 Jessica Place,Sector 6,000329,KM,SERVICES,,RETIRED,4,NONE,,,,,,,,,"[{""livestock_species"": ""CATTLE"", ""livestock_counts"": ""BAND_1_5""}, {""livestock_species"": ""CATTLE"", ""livestock_counts"": ""BAND_21_PLUS""}]",[],[],"[{""disability_domain"": ""MOBILITY"", ""disability_severity"": ""SOME_DIFFICULTY""}]",[]
i0330,IND-0330,h068,James,,Lee,James Lee,James Lee,MALE,1988-08-06,37,MARRIED,"[{""type"": ""mobile"", ""number"": ""+10000000330"", ""is_primary"": true}]",ashleymeza@example.net,9207624837,XXXXXX4837,ILLITERATE,en,images/IND-0330.jpg,kamuntu,kilima,pembe,soko,bertu,16.8108,71.8151,153,68AB+18,195 Park Meadow Apt. 228,Sector 7,000330,KM,SERVICES,,EMPLOYED,0,BASIC,YES,FALSE,FALSE,HOST_COMMUNITY,SETTLED,FALSE,NO,,[],[],"[{""shock_type"": ""CONFLICT"", ""shock_date"": ""2025-11-02"", ""shock_period"": ""2025-Q4"", ""coping_strategy"": ""CS_SEEK_AID""}, {""shock_type"": ""CONFLICT"", ""shock_date"": ""2025-07-24"", ""shock_period"": ""2025-Q3"", ""coping_strategy"": ""CS_BORROW""}]",[],[]
i0331,IND-0331,h068,Jennifer,,Lee,Jennifer Lee,Jennifer Lee,FEMALE,1987-02-09,39,MARRIED,"[{""type"": ""mobile"", ""number"": ""+10000000331"", ""is_primary"": true}]",amandagreene@example.com,9785427977,XXXXXX7977,BASIC,en,images/IND-0331.jpg,kamuntu,kilima,pembe,soko,bertu,16.8548,71.8058,178,68AB+18,556 Mckenzie Islands Apt. 983,Sector 8,000331,KM,AGRICULTURE,GOVT_EMPLOYMENT,EMPLOYED,2,NONE,,,,,,,,,"[{""livestock_species"": ""DONKEY"", ""livestock_counts"": ""BAND_6_10""}, {""livestock_species"": ""GOATS"", ""livestock_counts"": ""BAND_6_10""}]","[{""land_access"": ""TRUE"", ""land_size"": 6.85, ""productive_assets"": ""[\""PLOUGH\""]""}, {""land_access"": ""TRUE"", ""land_size"": 9.87, ""productive_assets"": null}, {""land_access"": ""TRUE"", ""land_size"": 4.06, ""productive_assets"": ""[\""PLOUGH\""]""}]",[],[],"[{""program_name"": ""PROG_CASH_TRANSFER"", ""program_start_date"": ""2024-05-17"", ""program_exit_date"": null}]"
i0332,IND-0332,h068,James,Julie,Lee,James Julie Lee,James Julie Lee,MALE,1948-05-29,78,MARRIED,"[{""type"": ""mobile"", ""number"": ""+10000000332"", ""is_primary"": true}]",,3035761595,XXXXXX1595,HIGHER_EDUCATION,en,images/IND-0332.jpg,kamuntu,kilima,pembe,soko,bertu,16.8233,71.7836,150,68AB+17,7600 Larson Path Apt. 404,Sector 9,000332,KM,SERVICES,SERVICES,UNEMPLOYED,3,NONE,NO,FALSE,FALSE,IDP,SETTLED,FALSE,NO,,[],"[{""land_access"": ""TRUE"", ""land_size"": 8.73, ""productive_assets"": ""[\""OTHER\"", \""TRACTOR\""]""}]",[],"[{""disability_domain"": ""COMMUNICATION"", ""disability_severity"": ""A_LOT_OF_DIFFICULTY""}]",[]
i0333,IND-0333,h069,Victoria,,Lewis,Victoria Lewis,Victoria Lewis,FEMALE,1948-10-12,77,MARRIED,"[{""type"": ""mobile"", ""number"": ""+10000000333"", ""is_primary"": true}]",andrew48@example.net,1607196157,XXXXXX6157,ILLITERATE,en,images/IND-0333.jpg,kamuntu,chakula,mfumo,nguvu,bilubu,14.1642,66.2173,150,41AB+62,07522 Richardson Prairie,Sector 1,000333,KM,LIVESTOCK,LIVESTOCK,EMPLOYED,4,SMARTPHONE,NO,FALSE,FALSE,IDP,SETTLED,FALSE,NO,,[],[],[],[],"[{""program_name"": ""PROG_FOOD_AID"", ""program_start_date"": ""2024-12-28"", ""program_exit_date"": null}, {""program_name"": ""PROG_EDUCATION_SUPPORT"", ""program_start_date"": ""2023-07-20"", ""program_exit_date"": null}]"
i0334,IND-0334,h069,Danielle,Kevin,Lewis,Danielle Kevin Lewis,Danielle Kevin Lewis,MALE,1972-10-18,53,MARRIED,"[{""type"": ""mobile"", ""number"": ""+10000000334"", ""is_primary"": true}]",ncarroll@example.net,1611840071,XXXXXX0071,CAN_READ_AND_WRITE,en,images/IND-0334.jpg,kamuntu,chakula,mfumo,nguvu,bilubu,14.1784,66.2217,114,41AB+62,572 Petersen Spurs,Sector 2,000334,KM,GOVT_EMPLOYMENT,,UNEMPLOYED,2,NONE,,,,,,,,,[],[],[],[],[]
i0335,IND-0335,h069,Michael,,Lewis,Michael Lewis,Michael Lewis,MALE,1944-10-29,81,SINGLE,"[{""type"": ""mobile"", ""number"": ""+10000000335"", ""is_primary"": true}]",larsonkevin@example.net,3884866198,XXXXXX6198,BASIC,en,images/IND-0335.jpg,kamuntu,chakula,mfumo,nguvu,bilubu,14.1851,66.1797,198,41AB+61,05566 Molly Forks Apt. 604,Sector 3,000335,KM,CRAFT,,RETIRED,7,NONE,YES,FALSE,FALSE,HOST_COMMUNITY,SETTLED,FALSE,NO,,[],[],[],[],"[{""program_name"": ""PROG_CASH_TRANSFER"", ""program_start_date"": ""2024-08-08"", ""program_exit_date"": null}, {""program_name"": ""PROG_EDUCATION_SUPPORT"", ""program_start_date"": ""2023-08-12"", ""program_exit_date"": null}]"
i0336,IND-0336,h070,Joseph,Annette,Flores,Joseph Annette Flores,Joseph Annette Flores,MALE,1997-02-25,29,MARRIED,"[{""type"": ""mobile"", ""number"": ""+10000000336"", ""is_primary"": true}]",wayne32@example.org,7230477043,XXXXXX7043,HIGHER_EDUCATION,en,images/IND-0336.jpg,kamuntu,chakula,njia,barafu,biluhi,16.3516,70.3206,199,63AB+03,9981 Ryan Turnpike Suite 225,Sector 4,000336,KM,AGRICULTURE,GOVT_EMPLOYMENT,EMPLOYED,7,SMARTPHONE,,,,,,,,,[],"[{""land_access"": ""FALSE"", ""land_size"": null, ""productive_assets"": ""[\""TRACTOR\""]""}, {""land_access"": ""TRUE"", ""land_size"": 2.2, ""productive_assets"": ""[\""OTHER\""]""}]",[],[],[]
i0337,IND-0337,h070,Angela,,Flores,Angela Flores,Angela Flores,FEMALE,1957-12-15,68,MARRIED,"[{""type"": ""mobile"", ""number"": ""+10000000337"", ""is_primary"": true}]",kelleyjose@example.com,7168105904,XXXXXX5904,INTERMEDIARY,en,images/IND-0337.jpg,kamuntu,chakula,njia,barafu,biluhi,16.374,70.3034,237,63AB+03,227 Tony Run Apt. 898,Sector 5,000337,KM,AGRICULTURE,LIVESTOCK,RETIRED,6,BASIC,NO,FALSE,TRUE,IDP,SETTLED,FALSE,NO,,"[{""livestock_species"": ""GOATS"", ""livestock_counts"": ""BAND_21_PLUS""}]","[{""land_access"": ""FALSE"", ""land_size"": null, ""productive_assets"": null}, {""land_access"": ""TRUE"", ""land_size"": 4.57, ""productive_assets"": ""[\""TRACTOR\""]""}]",[],[],[]
i0338,IND-0338,h070,Danielle,,Flores,Danielle Flores,Danielle Flores,FEMALE,1969-08-02,56,MARRIED,"[{""type"": ""mobile"", ""number"": ""+10000000338"", ""is_primary"": true}]",,3605446007,XXXXXX6007,CAN_READ_AND_WRITE,en,images/IND-0338.jpg,kamuntu,chakula,njia,barafu,biluhi,16.3742,70.3759,85,63AB+03,9116 Diaz Field Suite 590,Sector 6,000338,KM,SERVICES,,RETIRED,1,NONE,,,,,,,,,[],[],[],[],"[{""program_name"": ""PROG_HEALTH_INSURANCE"", ""program_start_date"": ""2025-08-14"", ""program_exit_date"": null}]"
i0339,IND-0339,h071,Randy,,Jackson,Randy Jackson,Randy Jackson,MALE,1979-10-23,46,MARRIED,"[{""type"": ""mobile"", ""number"": ""+10000000339"", ""is_primary"": true}]",christina79@example.org,7781327255,XXXXXX7255,HIGHER_EDUCATION,en,images/IND-0339.jpg,kamuntu,chakula,mfumo,changa,bilowu,13.2669,69.2113,59,32AB+92,33521 Jodi Gardens Apt. 405,Sector 7,000339,KM,UNEMPLOYED,,EMPLOYED,6,BASIC,,,,,,,,,[],[],[],[],[]
i0340,IND-0340,h071,Melissa,,Jackson,Melissa Jackson,Melissa Jackson,FEMALE,2012-09-04,13,MARRIED,"[{""type"": ""mobile"", ""number"": ""+10000000340"", ""is_primary"": true}]",,2249831874,XXXXXX1874,BASIC,en,images/IND-0340.jpg,kamuntu,chakula,mfumo,changa,bilowu,13.2365,69.241,151,32AB+92,0538 James Pike Suite 879,Sector 8,000340,KM,,,,,,YES,FALSE,FALSE,HOST_COMMUNITY,SETTLED,FALSE,NO,,[],[],[],[],[]
i0341,IND-0341,h071,Nicholas,,Jackson,Nicholas Jackson,Nicholas Jackson,MALE,1966-09-26,59,MARRIED,"[{""type"": ""mobile"", ""number"": ""+10000000341"", ""is_primary"": true}]",,5897854817,XXXXXX4817,CAN_READ_AND_WRITE,en,images/IND-0341.jpg,kamuntu,chakula,mfumo,changa,bilowu,13.2059,69.2466,194,32AB+92,9804 Brian Flats,Sector 9,000341,KM,UNEMPLOYED,,UNEMPLOYED,2,NONE,,,,,,,,,[],[],[],[],[]
i0342,IND-0342,h072,Rachel,Brian,Williamson,Rachel Brian Williamson,Rachel Brian Williamson,FEMALE,1975-04-24,51,MARRIED,"[{""type"": ""mobile"", ""number"": ""+10000000342"", ""is_primary"": true}]",,2586712032,XXXXXX2032,INTERMEDIARY,en,images/IND-0342.jpg,kamuntu,jasiri,mapema,tahini,bimbez,17.7543,68.7707,282,77AB+87,64510 Dillon Run,Sector 1,000342,KM,BUSINESS_TRADE,,SELF_EMPLOYED,6,NONE,,,,,,,,,[],[],[],"[{""disability_domain"": ""HEARING"", ""disability_severity"": ""A_LOT_OF_DIFFICULTY""}]","[{""program_name"": ""PROG_CASH_TRANSFER"", ""program_start_date"": ""2023-04-18"", ""program_exit_date"": null}, {""program_name"": ""PROG_FOOD_AID"", ""program_start_date"": ""2025-03-11"", ""program_exit_date"": null}]"
i0343,IND-0343,h072,Jasmine,,Williamson,Jasmine Williamson,Jasmine Williamson,MALE,1979-08-13,46,MARRIED,"[{""type"": ""mobile"", ""number"": ""+10000000343"", ""is_primary"": true}]",mckeetodd@example.net,2391874847,XXXXXX4847,BASIC,en,images/IND-0343.jpg,kamuntu,jasiri,mapema,tahini,bimbez,17.8204,68.8021,262,78AB+88,38780 John Pines,Sector 2,000343,KM,AGRICULTURE,LIVESTOCK,RETIRED,7,BASIC,,,,,,,,,"[{""livestock_species"": ""CHICKEN"", ""livestock_counts"": ""BAND_1_5""}]",[],[],"[{""disability_domain"": ""MOBILITY"", ""disability_severity"": ""CANNOT_DO_AT_ALL""}]",[]
i0344,IND-0344,h072,Eric,,Williamson,Eric Williamson,Eric Williamson,MALE,1988-04-24,38,MARRIED,"[{""type"": ""mobile"", ""number"": ""+10000000344"", ""is_primary"": true}]",andrewsutton@example.com,4588312351,XXXXXX2351,INTERMEDIARY,en,images/IND-0344.jpg,kamuntu,jasiri,mapema,tahini,bimbez,17.8017,68.7876,282,78AB+87,84046 Sherry Harbors Apt. 256,Sector 3,000344,KM,CRAFT,SERVICES,SELF_EMPLOYED,6,SMARTPHONE,,,,,,,,,"[{""livestock_species"": ""GOATS"", ""livestock_counts"": ""BAND_21_PLUS""}, {""livestock_species"": ""CHICKEN"", ""livestock_counts"": ""BAND_1_5""}]","[{""land_access"": ""TRUE"", ""land_size"": 8.07, ""productive_assets"": null}, {""land_access"": ""TRUE"", ""land_size"": 2.34, ""productive_assets"": ""[\""TRACTOR\"", \""PLOUGH\""]""}, {""land_access"": ""TRUE"", ""land_size"": 9.65, ""productive_assets"": ""[\""PLOUGH\"", \""TRACTOR\""]""}]",[],"[{""disability_domain"": ""VISION"", ""disability_severity"": ""A_LOT_OF_DIFFICULTY""}]","[{""program_name"": ""PROG_CASH_TRANSFER"", ""program_start_date"": ""2024-02-08"", ""program_exit_date"": null}]"
i0345,IND-0345,h073,Mary,,Miller,Mary Miller,Mary Miller,FEMALE,1980-05-11,46,MARRIED,"[{""type"": ""mobile"", ""number"": ""+10000000345"", ""is_primary"": true}]",rmeyer@example.net,5891831621,XXXXXX1621,CAN_READ_AND_WRITE,en,images/IND-0345.jpg,kamuntu,chakula,njia,joto,biluha,14.1366,65.1277,214,41AB+51,3926 Browning Isle,Sector 4,000345,KM,SERVICES,,UNEMPLOYED,2,BASIC,,,,,,,,,[],"[{""land_access"": ""TRUE"", ""land_size"": 2.53, ""productive_assets"": ""[\""PLOUGH\""]""}, {""land_access"": ""TRUE"", ""land_size"": 4.56, ""productive_assets"": ""[\""PLOUGH\""]""}]",[],[],[]
i0346,IND-0346,h073,Jerry,Denise,Miller,Jerry Denise Miller,Jerry Denise Miller,MALE,1983-03-04,43,MARRIED,"[{""type"": ""mobile"", ""number"": ""+10000000346"", ""is_primary"": true}]",,6284297249,XXXXXX7249,INTERMEDIARY,en,images/IND-0346.jpg,kamuntu,chakula,njia,joto,biluha,14.2011,65.192,173,42AB+51,48262 Lonnie Point,Sector 5,000346,KM,CRAFT,,EMPLOYED,2,NONE,,,,,,,,,"[{""livestock_species"": ""SHEEP"", ""livestock_counts"": ""BAND_6_10""}, {""livestock_species"": ""CATTLE"", ""livestock_counts"": ""BAND_11_20""}]",[],[],"[{""disability_domain"": ""MOBILITY"", ""disability_severity"": ""SOME_DIFFICULTY""}, {""disability_domain"": ""HEARING"", ""disability_severity"": ""SOME_DIFFICULTY""}]","[{""program_name"": ""PROG_HEALTH_INSURANCE"", ""program_start_date"": ""2023-04-02"", ""program_exit_date"": null}]"
i0347,IND-0347,h073,Joseph,,Miller,Joseph Miller,Joseph Miller,MALE,1992-04-11,34,SINGLE,"[{""type"": ""mobile"", ""number"": ""+10000000347"", ""is_primary"": true}]",lonniehobbs@example.net,1185303518,XXXXXX3518,HIGHER_EDUCATION,en,images/IND-0347.jpg,kamuntu,chakula,njia,joto,biluha,14.1773,65.1361,211,41AB+51,6647 Hernandez Field,Sector 6,000347,KM,SERVICES,,EMPLOYED,6,NONE,,,,,,,,,[],[],"[{""shock_type"": ""CONFLICT"", ""shock_date"": ""2025-03-19"", ""shock_period"": ""2025-Q1"", ""coping_strategy"": ""CS_BORROW""}, {""shock_type"": ""JOB_LOSS"", ""shock_date"": ""2025-12-24"", ""shock_period"": ""2025-Q4"", ""coping_strategy"": ""CS_SELL_ASSETS""}]",[],"[{""program_name"": ""PROG_CASH_TRANSFER"", ""program_start_date"": ""2024-01-25"", ""program_exit_date"": null}]"
i0348,IND-0348,h074,Jonathan,Jennifer,Jacobs,Jonathan Jennifer Jacobs,Jonathan Jennifer Jacobs,MALE,1998-04-17,28,MARRIED,"[{""type"": ""mobile"", ""number"": ""+10000000348"", ""is_primary"": true}]",jack67@example.com,2136107759,XXXXXX7759,ILLITERATE,en,images/IND-0348.jpg,kamuntu,kilima,nyani,pika,biliki,17.3024,65.2643,166,73AB+52,33060 Clements Forges,Sector 7,000348,KM,LIVESTOCK,BUSINESS_TRADE,EMPLOYED,6,BASIC,,,,,,,,,[],[],[],"[{""disability_domain"": ""MOBILITY"", ""disability_severity"": ""SOME_DIFFICULTY""}, {""disability_domain"": ""HEARING"", ""disability_severity"": ""A_LOT_OF_DIFFICULTY""}]","[{""program_name"": ""PROG_CASH_TRANSFER"", ""program_start_date"": ""2024-11-18"", ""program_exit_date"": null}]"
i0349,IND-0349,h074,Patrick,,Jacobs,Patrick Jacobs,Patrick Jacobs,FEMALE,2021-02-09,5,MARRIED,"[{""type"": ""mobile"", ""number"": ""+10000000349"", ""is_primary"": true}]",,1413599241,XXXXXX9241,,en,images/IND-0349.jpg,kamuntu,kilima,nyani,pika,biliki,17.2776,65.2915,59,72AB+52,27975 Clay Meadow,Sector 8,000349,KM,,,,,,NO,FALSE,FALSE,IDP,SETTLED,FALSE,NO,,[],[],[],[],[]
i0350,IND-0350,h074,Jared,Jill,Jacobs,Jared Jill Jacobs,Jared Jill Jacobs,MALE,1987-12-17,38,MARRIED,"[{""type"": ""mobile"", ""number"": ""+10000000350"", ""is_primary"": true}]",zcortez@example.net,7101791420,XXXXXX1420,INTERMEDIARY,en,images/IND-0350.jpg,kamuntu,kilima,nyani,pika,biliki,17.3175,65.2998,159,73AB+52,177 Natalie Gardens,Sector 9,000350,KM,UNEMPLOYED,,SELF_EMPLOYED,2,SMARTPHONE,,,,,,,,,[],[],[],[],"[{""program_name"": ""PROG_CASH_TRANSFER"", ""program_start_date"": ""2024-04-02"", ""program_exit_date"": null}]"
i0351,IND-0351,h075,Kelly,,Foster,Kelly Foster,Kelly Foster,FEMALE,1967-08-03,58,MARRIED,"[{""type"": ""mobile"", ""number"": ""+10000000351"", ""is_primary"": true}]",grantzachary@example.net,5869990861,XXXXXX0861,HIGHER_EDUCATION,en,images/IND-0351.jpg,kamuntu,faraja,asilani,mapicho,bedui,14.0777,70.0533,269,40AB+00,47644 Jackson Hill,Sector 1,000351,KM,LIVESTOCK,,SELF_EMPLOYED,6,SMARTPHONE,,,,,,,,,"[{""livestock_species"": ""GOATS"", ""livestock_counts"": ""BAND_1_5""}]","[{""land_access"": ""TRUE"", ""land_size"": 3.18, ""productive_assets"": ""[\""TRACTOR\"", \""PLOUGH\""]""}, {""land_access"": ""TRUE"", ""land_size"": 7.67, ""productive_assets"": ""[\""TRACTOR\""]""}]",[],[],[]
i0352,IND-0352,h075,Lisa,Zachary,Foster,Lisa Zachary Foster,Lisa Zachary Foster,MALE,2026-06-09,0,MARRIED,"[{""type"": ""mobile"", ""number"": ""+10000000352"", ""is_primary"": true}]",,5325865521,XXXXXX5521,,en,images/IND-0352.jpg,kamuntu,faraja,asilani,mapicho,bedui,14.0955,70.0988,130,40AB+00,7181 Kimberly Square,Sector 2,000352,KM,,,,,,NO,FALSE,FALSE,HOST_COMMUNITY,SETTLED,FALSE,NO,,[],[],[],[],[]
i0353,IND-0353,h075,Kimberly,,Foster,Kimberly Foster,Kimberly Foster,FEMALE,2015-10-17,10,SINGLE,"[{""type"": ""mobile"", ""number"": ""+10000000353"", ""is_primary"": true}]",,7597520265,XXXXXX0265,INTERMEDIARY,en,images/IND-0353.jpg,kamuntu,faraja,asilani,mapicho,bedui,14.0865,70.0912,224,40AB+00,0279 Nicole Course Suite 521,Sector 3,000353,KM,,,,,,NO,TRUE,FALSE,HOST_COMMUNITY,SETTLED,FALSE,NO,,[],[],[],[],[]
i0354,IND-0354,h076,Anna,,Mccarthy,Anna Mccarthy,Anna Mccarthy,FEMALE,1997-06-26,28,MARRIED,"[{""type"": ""mobile"", ""number"": ""+10000000354"", ""is_primary"": true}]",,7678293431,XXXXXX3431,INTERMEDIARY,en,images/IND-0354.jpg,kamuntu,faraja,asilani,usawa,baadhi,13.0154,67.0207,138,30AB+70,86892 Pierce Cape Apt. 592,Sector 4,000354,KM,CRAFT,UNEMPLOYED,SELF_EMPLOYED,4,BASIC,,,,,,,,,[],[],[],"[{""disability_domain"": ""COMMUNICATION"", ""disability_severity"": ""A_LOT_OF_DIFFICULTY""}, {""disability_domain"": ""SELF_CARE"", ""disability_severity"": ""A_LOT_OF_DIFFICULTY""}]",[]
i0355,IND-0355,h076,Christopher,,Mccarthy,Christopher Mccarthy,Christopher Mccarthy,MALE,1984-09-20,41,MARRIED,"[{""type"": ""mobile"", ""number"": ""+10000000355"", ""is_primary"": true}]",barneskyle@example.com,5076977004,XXXXXX7004,HIGHER_EDUCATION,en,images/IND-0355.jpg,kamuntu,faraja,asilani,usawa,baadhi,13.0,67.0408,251,30AB+70,212 Adam Track Suite 077,Sector 5,000355,KM,LIVESTOCK,LIVESTOCK,EMPLOYED,4,SMARTPHONE,,,,,,,,,[],"[{""land_access"": ""TRUE"", ""land_size"": 1.12, ""productive_assets"": ""[\""PLOUGH\""]""}, {""land_access"": ""TRUE"", ""land_size"": 5.67, ""productive_assets"": ""[\""PLOUGH\"", \""TRACTOR\""]""}, {""land_access"": ""TRUE"", ""land_size"": 1.02, ""productive_assets"": null}]",[],[],[]
i0356,IND-0356,h076,Scott,Adam,Mccarthy,Scott Adam Mccarthy,Scott Adam Mccarthy,MALE,1965-04-13,61,WIDOWED,"[{""type"": ""mobile"", ""number"": ""+10000000356"", ""is_primary"": true}]",lyoung@example.net,7873001834,XXXXXX1834,ILLITERATE,en,images/IND-0356.jpg,kamuntu,faraja,asilani,usawa,baadhi,12.9988,67.0163,144,29AB+70,6719 John Plaza Suite 983,Sector 6,000356,KM,WAGE_LABOR,,SELF_EMPLOYED,1,SMARTPHONE,YES,FALSE,FALSE,HOST_COMMUNITY,SETTLED,FALSE,NO,,"[{""livestock_species"": ""CHICKEN"", ""livestock_counts"": ""BAND_21_PLUS""}]","[{""land_access"": ""TRUE"", ""land_size"": 6.23, ""productive_assets"": ""[\""OTHER\""]""}, {""land_access"": ""TRUE"", ""land_size"": 5.63, ""productive_assets"": null}, {""land_access"": ""TRUE"", ""land_size"": 2.96, ""productive_assets"": null}]",[],[],[]
i0357,IND-0357,h077,Amber,,Hernandez,Amber Hernandez,Amber Hernandez,FEMALE,1985-07-14,40,MARRIED,"[{""type"": ""mobile"", ""number"": ""+10000000357"", ""is_primary"": true}]",,7418263314,XXXXXX3314,BASIC,en,images/IND-0357.jpg,kamuntu,jasiri,mapema,ujinga,bimbeo,13.3611,67.4451,288,33AB+74,20994 Knapp Causeway Apt. 622,Sector 7,000357,KM,CRAFT,,EMPLOYED,1,SMARTPHONE,,,,,,,,,[],[],[],[],[]
i0358,IND-0358,h077,Michael,Heather,Hernandez,Michael Heather Hernandez,Michael Heather Hernandez,MALE,1989-12-04,36,MARRIED,"[{""type"": ""mobile"", ""number"": ""+10000000358"", ""is_primary"": true}]",tammycurry@example.com,3642220886,XXXXXX0886,CAN_READ_AND_WRITE,en,images/IND-0358.jpg,kamuntu,jasiri,mapema,ujinga,bimbeo,13.4274,67.396,217,34AB+73,45561 Bridges Circles,Sector 8,000358,KM,UNEMPLOYED,,EMPLOYED,5,NONE,NO,FALSE,FALSE,HOST_COMMUNITY,SETTLED,FALSE,NO,,"[{""livestock_species"": ""GOATS"", ""livestock_counts"": ""BAND_6_10""}, {""livestock_species"": ""SHEEP"", ""livestock_counts"": ""BAND_6_10""}]","[{""land_access"": ""TRUE"", ""land_size"": 2.47, ""productive_assets"": ""[\""TRACTOR\"", \""PLOUGH\""]""}, {""land_access"": ""FALSE"", ""land_size"": null, ""productive_assets"": null}, {""land_access"": ""TRUE"", ""land_size"": 8.57, ""productive_assets"": null}]",[],"[{""disability_domain"": ""HEARING"", ""disability_severity"": ""SOME_DIFFICULTY""}, {""disability_domain"": ""COMMUNICATION"", ""disability_severity"": ""SOME_DIFFICULTY""}]",[]
i0359,IND-0359,h077,Edward,,Hernandez,Edward Hernandez,Edward Hernandez,MALE,1972-08-03,53,MARRIED,"[{""type"": ""mobile"", ""number"": ""+10000000359"", ""is_primary"": true}]",mark68@example.org,9655933303,XXXXXX3303,HIGHER_EDUCATION,en,images/IND-0359.jpg,kamuntu,jasiri,mapema,ujinga,bimbeo,13.4304,67.4519,190,34AB+74,019 Timothy Spurs,Sector 9,000359,KM,UNEMPLOYED,BUSINESS_TRADE,EMPLOYED,7,NONE,NO,FALSE,FALSE,HOST_COMMUNITY,SETTLED,FALSE,NO,,"[{""livestock_species"": ""CATTLE"", ""livestock_counts"": ""BAND_21_PLUS""}, {""livestock_species"": ""CHICKEN"", ""livestock_counts"": ""BAND_6_10""}]","[{""land_access"": ""TRUE"", ""land_size"": 3.53, ""productive_assets"": null}]",[],[],[]
i0360,IND-0360,h078,Lisa,,French,Lisa French,Lisa French,FEMALE,1975-06-08,51,MARRIED,"[{""type"": ""mobile"", ""number"": ""+10000000360"", ""is_primary"": true}]",ronald54@example.net,6130446648,XXXXXX6648,HIGHER_EDUCATION,en,images/IND-0360.jpg,kamuntu,faraja,zawadi,kusikia,biliwa,11.823,70.7875,116,18AB+07,99787 Morton Ridge Apt. 430,Sector 1,000360,KM,LIVESTOCK,BUSINESS_TRADE,RETIRED,1,BASIC,,,,,,,,,[],[],"[{""shock_type"": ""FLOOD"", ""shock_date"": ""2025-10-01"", ""shock_period"": ""2025-Q4"", ""coping_strategy"": ""CS_SELL_ASSETS""}]",[],"[{""program_name"": ""PROG_FOOD_AID"", ""program_start_date"": ""2025-03-23"", ""program_exit_date"": null}]"
i0361,IND-0361,h078,Bruce,,French,Bruce French,Bruce French,MALE,1993-11-13,32,MARRIED,"[{""type"": ""mobile"", ""number"": ""+10000000361"", ""is_primary"": true}]",mclaughlinjared@example.net,9404002665,XXXXXX2665,INTERMEDIARY,en,images/IND-0361.jpg,kamuntu,faraja,zawadi,kusikia,biliwa,11.8176,70.8113,197,18AB+08,0558 Alex Flats Suite 414,Sector 2,000361,KM,GOVT_EMPLOYMENT,,SELF_EMPLOYED,3,NONE,NO,FALSE,FALSE,IDP,SETTLED,FALSE,NO,,[],[],[],[],[]
i0362,IND-0362,h078,Elizabeth,,French,Elizabeth French,Elizabeth French,FEMALE,1972-11-21,53,DIVORCED,"[{""type"": ""mobile"", ""number"": ""+10000000362"", ""is_primary"": true}]",,5412437658,XXXXXX7658,CAN_READ_AND_WRITE,en,images/IND-0362.jpg,kamuntu,faraja,zawadi,kusikia,biliwa,11.7416,70.7368,212,17AB+07,55699 Marilyn Fields,Sector 3,000362,KM,UNEMPLOYED,,RETIRED,2,SMARTPHONE,,,,,,,,,[],"[{""land_access"": ""TRUE"", ""land_size"": 5.24, ""productive_assets"": ""[\""TRACTOR\"", \""PLOUGH\""]""}]",[],[],[]
i0363,IND-0363,h079,Erin,,Morgan,Erin Morgan,Erin Morgan,FEMALE,1989-06-24,36,MARRIED,"[{""type"": ""mobile"", ""number"": ""+10000000363"", ""is_primary"": true}]",,8869140487,XXXXXX0487,BASIC,en,images/IND-0363.jpg,kamuntu,jasiri,baraka,walili,bimava,12.4848,67.4693,222,24AB+74,0272 Mcclain Plain Suite 760,Sector 4,000363,KM,LIVESTOCK,,EMPLOYED,5,SMARTPHONE,,,,,,,,,"[{""livestock_species"": ""GOATS"", ""livestock_counts"": ""BAND_21_PLUS""}, {""livestock_species"": ""DONKEY"", ""livestock_counts"": ""BAND_6_10""}]",[],[],[],[]
i0364,IND-0364,h079,Russell,,Morgan,Russell Morgan,Russell Morgan,MALE,2014-06-10,12,MARRIED,"[{""type"": ""mobile"", ""number"": ""+10000000364"", ""is_primary"": true}]",,2518433834,XXXXXX3834,CAN_READ_AND_WRITE,en,images/IND-0364.jpg,kamuntu,jasiri,baraka,walili,bimava,12.5494,67.4869,292,25AB+74,803 Marsh Underpass Suite 124,Sector 5,000364,KM,,,,,,YES,TRUE,FALSE,HOST_COMMUNITY,SETTLED,FALSE,NO,,[],[],[],[],[]
i0365,IND-0365,h079,Sara,,Morgan,Sara Morgan,Sara Morgan,FEMALE,2005-10-10,20,WIDOWED,"[{""type"": ""mobile"", ""number"": ""+10000000365"", ""is_primary"": true}]",ksims@example.net,1888107487,XXXXXX7487,ILLITERATE,en,images/IND-0365.jpg,kamuntu,jasiri,baraka,walili,bimava,12.4803,67.485,208,24AB+74,91450 Gutierrez Parks Apt. 574,Sector 6,000365,KM,UNEMPLOYED,,UNEMPLOYED,1,NONE,,,,,,,,,[],[],[],[],[]
i0366,IND-0366,h080,Cindy,,Turner,Cindy Turner,Cindy Turner,FEMALE,1968-05-13,58,MARRIED,"[{""type"": ""mobile"", ""number"": ""+10000000366"", ""is_primary"": true}]",,8937145080,XXXXXX5080,HIGHER_EDUCATION,en,images/IND-0366.jpg,kamuntu,kilima,pembe,upande,bigny,14.8771,71.8715,279,48AB+18,0317 Lauren Parkway,Sector 7,000366,KM,AGRICULTURE,AGRICULTURE,RETIRED,6,NONE,NO,FALSE,FALSE,HOST_COMMUNITY,SETTLED,FALSE,NO,,[],"[{""land_access"": ""TRUE"", ""land_size"": 9.57, ""productive_assets"": null}, {""land_access"": ""TRUE"", ""land_size"": 2.92, ""productive_assets"": ""[\""PLOUGH\""]""}]",[],[],[]
i0367,IND-0367,h080,Brittany,,Turner,Brittany Turner,Brittany Turner,MALE,1942-08-04,83,MARRIED,"[{""type"": ""mobile"", ""number"": ""+10000000367"", ""is_primary"": true}]",,3476758136,XXXXXX8136,ILLITERATE,en,images/IND-0367.jpg,kamuntu,kilima,pembe,upande,bigny,14.8454,71.9199,172,48AB+19,845 Kayla Courts Apt. 307,Sector 8,000367,KM,AGRICULTURE,,SELF_EMPLOYED,4,BASIC,NO,FALSE,FALSE,HOST_COMMUNITY,SETTLED,FALSE,NO,,[],"[{""land_access"": ""TRUE"", ""land_size"": 7.27, ""productive_assets"": ""[\""TRACTOR\""]""}, {""land_access"": ""TRUE"", ""land_size"": 3.85, ""productive_assets"": ""[\""PLOUGH\"", \""TRACTOR\""]""}, {""land_access"": ""TRUE"", ""land_size"": 2.15, ""productive_assets"": ""[\""TRACTOR\""]""}]",[],"[{""disability_domain"": ""COGNITION"", ""disability_severity"": ""SOME_DIFFICULTY""}]","[{""program_name"": ""PROG_EDUCATION_SUPPORT"", ""program_start_date"": ""2023-08-09"", ""program_exit_date"": null}]"
i0368,IND-0368,h080,Jasmine,,Turner,Jasmine Turner,Jasmine Turner,FEMALE,1997-07-29,28,MARRIED,"[{""type"": ""mobile"", ""number"": ""+10000000368"", ""is_primary"": true}]",smithsarah@example.net,7520641417,XXXXXX1417,HIGHER_EDUCATION,en,images/IND-0368.jpg,kamuntu,kilima,pembe,upande,bigny,14.8716,71.8408,222,48AB+18,7018 Johnson Trace,Sector 9,000368,KM,LIVESTOCK,,RETIRED,0,SMARTPHONE,,,,,,,,,[],[],[],[],[]
i0369,IND-0369,h081,Kirsten,,Nelson,Kirsten Nelson,Kirsten Nelson,FEMALE,2006-06-22,20,MARRIED,"[{""type"": ""mobile"", ""number"": ""+10000000369"", ""is_primary"": true}]",audrey21@example.com,3946398734,XXXXXX8734,INTERMEDIARY,en,images/IND-0369.jpg,kamuntu,kilima,pembe,wingi,bieke,12.9314,71.9221,255,29AB+19,702 Thomas Spring Apt. 160,Sector 1,000369,KM,UNEMPLOYED,,UNEMPLOYED,2,SMARTPHONE,,,,,,,,,[],"[{""land_access"": ""TRUE"", ""land_size"": 0.94, ""productive_assets"": ""[\""OTHER\""]""}, {""land_access"": ""TRUE"", ""land_size"": 8.74, ""productive_assets"": ""[\""TRACTOR\"", \""OTHER\""]""}]","[{""shock_type"": ""DROUGHT"", ""shock_date"": ""2025-03-27"", ""shock_period"": ""2025-Q1"", ""coping_strategy"": ""CS_BORROW""}]","[{""disability_domain"": ""COGNITION"", ""disability_severity"": ""CANNOT_DO_AT_ALL""}, {""disability_domain"": ""MOBILITY"", ""disability_severity"": ""A_LOT_OF_DIFFICULTY""}]","[{""program_name"": ""PROG_FOOD_AID"", ""program_start_date"": ""2025-11-18"", ""program_exit_date"": null}]"
i0370,IND-0370,h081,Angelica,Janet,Nelson,Angelica Janet Nelson,Angelica Janet Nelson,MALE,1977-02-25,49,MARRIED,"[{""type"": ""mobile"", ""number"": ""+10000000370"", ""is_primary"": true}]",,1041842844,XXXXXX2844,HIGHER_EDUCATION,en,images/IND-0370.jpg,kamuntu,kilima,pembe,wingi,bieke,12.8922,71.8634,278,28AB+18,545 Jennifer Skyway Apt. 792,Sector 2,000370,KM,WAGE_LABOR,BUSINESS_TRADE,EMPLOYED,3,NONE,,,,,,,,,[],[],"[{""shock_type"": ""JOB_LOSS"", ""shock_date"": ""2025-09-18"", ""shock_period"": ""2025-Q3"", ""coping_strategy"": ""CS_SELL_ASSETS""}, {""shock_type"": ""ILLNESS"", ""shock_date"": ""2025-11-07"", ""shock_period"": ""2025-Q4"", ""coping_strategy"": ""CS_REDUCE_MEALS""}]","[{""disability_domain"": ""HEARING"", ""disability_severity"": ""A_LOT_OF_DIFFICULTY""}, {""disability_domain"": ""MOBILITY"", ""disability_severity"": ""A_LOT_OF_DIFFICULTY""}]","[{""program_name"": ""PROG_FOOD_AID"", ""program_start_date"": ""2023-02-14"", ""program_exit_date"": null}, {""program_name"": ""PROG_CASH_TRANSFER"", ""program_start_date"": ""2025-02-26"", ""program_exit_date"": null}]"
i0371,IND-0371,h081,Anna,,Nelson,Anna Nelson,Anna Nelson,FEMALE,1988-11-19,37,WIDOWED,"[{""type"": ""mobile"", ""number"": ""+10000000371"", ""is_primary"": true}]",,5499877198,XXXXXX7198,INTERMEDIARY,en,images/IND-0371.jpg,kamuntu,kilima,pembe,wingi,bieke,12.8599,71.8663,105,28AB+18,74773 Douglas Ridges Suite 562,Sector 3,000371,KM,SERVICES,LIVESTOCK,EMPLOYED,4,BASIC,,,,,,,,,[],[],"[{""shock_type"": ""FLOOD"", ""shock_date"": ""2025-08-15"", ""shock_period"": ""2025-Q3"", ""coping_strategy"": ""CS_REDUCE_MEALS""}, {""shock_type"": ""FLOOD"", ""shock_date"": ""2025-05-06"", ""shock_period"": ""2025-Q2"", ""coping_strategy"": ""CS_REDUCE_MEALS""}]",[],[]
i0372,IND-0372,h082,Kenneth,,Romero,Kenneth Romero,Kenneth Romero,MALE,1989-06-02,37,MARRIED,"[{""type"": ""mobile"", ""number"": ""+10000000372"", ""is_primary"": true}]",,8646369354,XXXXXX9354,INTERMEDIARY,en,images/IND-0372.jpg,kamuntu,faraja,sihaya,kusoma,bieke,13.8655,67.8973,174,38AB+78,158 Laura Place Suite 696,Sector 4,000372,KM,SERVICES,,SELF_EMPLOYED,1,NONE,,,,,,,,,[],"[{""land_access"": ""TRUE"", ""land_size"": 5.16, ""productive_assets"": ""[\""TRACTOR\"", \""PLOUGH\""]""}, {""land_access"": ""TRUE"", ""land_size"": 5.26, ""productive_assets"": null}]","[{""shock_type"": ""FLOOD"", ""shock_date"": ""2025-07-17"", ""shock_period"": ""2025-Q3"", ""coping_strategy"": ""CS_REDUCE_MEALS""}]",[],"[{""program_name"": ""PROG_EDUCATION_SUPPORT"", ""program_start_date"": ""2024-05-01"", ""program_exit_date"": null}]"
i0373,IND-0373,h082,David,,Romero,David Romero,David Romero,FEMALE,2006-11-12,19,MARRIED,"[{""type"": ""mobile"", ""number"": ""+10000000373"", ""is_primary"": true}]",,9283130753,XXXXXX0753,ILLITERATE,en,images/IND-0373.jpg,kamuntu,faraja,sihaya,kusoma,bieke,13.8722,67.8912,153,38AB+78,6153 Mueller Mews,Sector 5,000373,KM,GOVT_EMPLOYMENT,,SELF_EMPLOYED,1,SMARTPHONE,,,,,,,,,[],"[{""land_access"": ""TRUE"", ""land_size"": 9.87, ""productive_assets"": null}]",[],[],"[{""program_name"": ""PROG_FOOD_AID"", ""program_start_date"": ""2024-01-14"", ""program_exit_date"": null}]"
i0374,IND-0374,h082,Keith,Heather,Romero,Keith Heather Romero,Keith Heather Romero,MALE,2004-12-08,21,MARRIED,"[{""type"": ""mobile"", ""number"": ""+10000000374"", ""is_primary"": true}]",elainemiller@example.net,8346255879,XXXXXX5879,BASIC,en,images/IND-0374.jpg,kamuntu,faraja,sihaya,kusoma,bieke,13.8905,67.8695,277,38AB+78,99758 Lynn Fall Suite 619,Sector 6,000374,KM,BUSINESS_TRADE,,EMPLOYED,6,BASIC,,,,,,,,,"[{""livestock_species"": ""DONKEY"", ""livestock_counts"": ""BAND_11_20""}, {""livestock_species"": ""CAMEL"", ""livestock_counts"": ""BAND_6_10""}]","[{""land_access"": ""TRUE"", ""land_size"": 0.73, ""productive_assets"": null}, {""land_access"": ""TRUE"", ""land_size"": 5.5, ""productive_assets"": ""[\""TRACTOR\""]""}, {""land_access"": ""TRUE"", ""land_size"": 1.11, ""productive_assets"": null}]","[{""shock_type"": ""CONFLICT"", ""shock_date"": ""2025-04-23"", ""shock_period"": ""2025-Q2"", ""coping_strategy"": ""CS_SEEK_AID""}]","[{""disability_domain"": ""SELF_CARE"", ""disability_severity"": ""A_LOT_OF_DIFFICULTY""}]",[]
i0375,IND-0375,h083,Joseph,,Price,Joseph Price,Joseph Price,MALE,2000-04-15,26,MARRIED,"[{""type"": ""mobile"", ""number"": ""+10000000375"", ""is_primary"": true}]",,1357561213,XXXXXX1213,INTERMEDIARY,en,images/IND-0375.jpg,kamuntu,faraja,asilani,usawa,asaante,15.9962,65.9855,217,59AB+59,35494 Robbins Key Apt. 909,Sector 7,000375,KM,UNEMPLOYED,,SELF_EMPLOYED,0,NONE,,,,,,,,,[],[],[],[],"[{""program_name"": ""PROG_HEALTH_INSURANCE"", ""program_start_date"": ""2024-11-11"", ""program_exit_date"": null}, {""program_name"": ""PROG_FOOD_AID"", ""program_start_date"": ""2025-04-16"", ""program_exit_date"": null}]"
i0376,IND-0376,h083,Victoria,David,Price,Victoria David Price,Victoria David Price,FEMALE,1970-07-27,55,MARRIED,"[{""type"": ""mobile"", ""number"": ""+10000000376"", ""is_primary"": true}]",,4601406440,XXXXXX6440,INTERMEDIARY,en,images/IND-0376.jpg,kamuntu,faraja,asilani,usawa,asaante,15.9729,66.0364,270,59AB+60,58008 Rodriguez Haven Apt. 369,Sector 8,000376,KM,LIVESTOCK,LIVESTOCK,SELF_EMPLOYED,5,NONE,,,,,,,,,"[{""livestock_species"": ""DONKEY"", ""livestock_counts"": ""BAND_21_PLUS""}]",[],"[{""shock_type"": ""JOB_LOSS"", ""shock_date"": ""2025-07-22"", ""shock_period"": ""2025-Q3"", ""coping_strategy"": ""CS_REDUCE_MEALS""}]",[],[]
i0377,IND-0377,h083,Jennifer,,Price,Jennifer Price,Jennifer Price,FEMALE,1995-05-21,31,MARRIED,"[{""type"": ""mobile"", ""number"": ""+10000000377"", ""is_primary"": true}]",,3316222488,XXXXXX2488,HIGHER_EDUCATION,en,images/IND-0377.jpg,kamuntu,faraja,asilani,usawa,asaante,16.0291,66.0157,241,60AB+60,6683 Thomas Field Suite 562,Sector 9,000377,KM,AGRICULTURE,,EMPLOYED,5,SMARTPHONE,,,,,,,,,[],[],[],[],[]
i0378,IND-0378,h084,Donna,,Salas,Donna Salas,Donna Salas,FEMALE,1996-05-26,30,MARRIED,"[{""type"": ""mobile"", ""number"": ""+10000000378"", ""is_primary"": true}]",dennisjones@example.org,7192742877,XXXXXX2877,HIGHER_EDUCATION,en,images/IND-0378.jpg,kamuntu,chakula,makali,mwali,biluni,16.5066,71.496,127,65AB+14,762 Derrick Valley,Sector 1,000378,KM,UNEMPLOYED,SERVICES,SELF_EMPLOYED,4,NONE,,,,,,,,,[],"[{""land_access"": ""TRUE"", ""land_size"": 7.2, ""productive_assets"": null}, {""land_access"": ""TRUE"", ""land_size"": 9.57, ""productive_assets"": null}]","[{""shock_type"": ""ILLNESS"", ""shock_date"": ""2025-10-26"", ""shock_period"": ""2025-Q4"", ""coping_strategy"": ""CS_SEEK_AID""}, {""shock_type"": ""JOB_LOSS"", ""shock_date"": ""2025-02-28"", ""shock_period"": ""2025-Q1"", ""coping_strategy"": ""CS_SELL_ASSETS""}]",[],"[{""program_name"": ""PROG_CASH_TRANSFER"", ""program_start_date"": ""2025-01-12"", ""program_exit_date"": null}]"
i0379,IND-0379,h084,Jason,,Salas,Jason Salas,Jason Salas,MALE,2001-04-22,25,MARRIED,"[{""type"": ""mobile"", ""number"": ""+10000000379"", ""is_primary"": true}]",dhanson@example.net,8539697843,XXXXXX7843,CAN_READ_AND_WRITE,en,images/IND-0379.jpg,kamuntu,chakula,makali,mwali,biluni,16.5,71.5466,254,65AB+15,765 Jacob Rapids Apt. 973,Sector 2,000379,KM,SERVICES,LIVESTOCK,EMPLOYED,0,BASIC,,,,,,,,,"[{""livestock_species"": ""DONKEY"", ""livestock_counts"": ""BAND_11_20""}, {""livestock_species"": ""CAMEL"", ""livestock_counts"": ""BAND_1_5""}]",[],"[{""shock_type"": ""JOB_LOSS"", ""shock_date"": ""2025-08-17"", ""shock_period"": ""2025-Q3"", ""coping_strategy"": ""CS_SEEK_AID""}, {""shock_type"": ""DROUGHT"", ""shock_date"": ""2025-07-01"", ""shock_period"": ""2025-Q3"", ""coping_strategy"": ""CS_SEEK_AID""}]",[],"[{""program_name"": ""PROG_FOOD_AID"", ""program_start_date"": ""2024-03-12"", ""program_exit_date"": null}]"
i0380,IND-0380,h084,Michael,,Salas,Michael Salas,Michael Salas,MALE,2011-09-05,14,SINGLE,"[{""type"": ""mobile"", ""number"": ""+10000000380"", ""is_primary"": true}]",,2695447268,XXXXXX7268,INTERMEDIARY,en,images/IND-0380.jpg,kamuntu,chakula,makali,mwali,biluni,16.4863,71.5437,149,64AB+15,09751 Nixon Common Apt. 847,Sector 3,000380,KM,,,,,,NO,FALSE,FALSE,HOST_COMMUNITY,SETTLED,FALSE,NO,,[],[],[],[],[]
i0381,IND-0381,h085,Paula,,Harrison,Paula Harrison,Paula Harrison,FEMALE,2002-12-21,23,MARRIED,"[{""type"": ""mobile"", ""number"": ""+10000000381"", ""is_primary"": true}]",,1083302600,XXXXXX2600,BASIC,en,images/IND-0381.jpg,kamuntu,kilima,karamu,uzima,billyu,12.495,69.5435,97,24AB+95,565 Roberts Camp Suite 940,Sector 4,000381,KM,GOVT_EMPLOYMENT,,RETIRED,4,NONE,,,,,,,,,[],[],"[{""shock_type"": ""JOB_LOSS"", ""shock_date"": ""2025-11-14"", ""shock_period"": ""2025-Q4"", ""coping_strategy"": ""CS_SELL_ASSETS""}]","[{""disability_domain"": ""SELF_CARE"", ""disability_severity"": ""A_LOT_OF_DIFFICULTY""}, {""disability_domain"": ""HEARING"", ""disability_severity"": ""A_LOT_OF_DIFFICULTY""}]","[{""program_name"": ""PROG_HEALTH_INSURANCE"", ""program_start_date"": ""2025-08-04"", ""program_exit_date"": null}, {""program_name"": ""PROG_CASH_TRANSFER"", ""program_start_date"": ""2024-04-19"", ""program_exit_date"": null}]"
i0382,IND-0382,h085,Lori,Ashley,Harrison,Lori Ashley Harrison,Lori Ashley Harrison,MALE,2001-04-23,25,MARRIED,"[{""type"": ""mobile"", ""number"": ""+10000000382"", ""is_primary"": true}]",,1647181551,XXXXXX1551,INTERMEDIARY,en,images/IND-0382.jpg,kamuntu,kilima,karamu,uzima,billyu,12.5394,69.5242,129,25AB+95,904 Miller Parkways Apt. 442,Sector 5,000382,KM,AGRICULTURE,LIVESTOCK,EMPLOYED,4,NONE,,,,,,,,,"[{""livestock_species"": ""DONKEY"", ""livestock_counts"": ""BAND_1_5""}, {""livestock_species"": ""CAMEL"", ""livestock_counts"": ""BAND_1_5""}]","[{""land_access"": ""TRUE"", ""land_size"": 5.75, ""productive_assets"": null}, {""land_access"": ""TRUE"", ""land_size"": 6.82, ""productive_assets"": null}]",[],[],[]
i0383,IND-0383,h085,Lisa,,Harrison,Lisa Harrison,Lisa Harrison,FEMALE,1973-02-06,53,SINGLE,"[{""type"": ""mobile"", ""number"": ""+10000000383"", ""is_primary"": true}]",alexis19@example.org,1627442454,XXXXXX2454,CAN_READ_AND_WRITE,en,images/IND-0383.jpg,kamuntu,kilima,karamu,uzima,billyu,12.5167,69.5292,189,25AB+95,752 Patton Freeway,Sector 6,000383,KM,SERVICES,,EMPLOYED,1,BASIC,,,,,,,,,"[{""livestock_species"": ""DONKEY"", ""livestock_counts"": ""BAND_1_5""}, {""livestock_species"": ""DONKEY"", ""livestock_counts"": ""BAND_1_5""}, {""livestock_species"": ""DONKEY"", ""livestock_counts"": ""BAND_1_5""}]",[],[],[],[]
i0384,IND-0384,h086,Randy,,Young,Randy Young,Randy Young,MALE,1944-04-23,82,MARRIED,"[{""type"": ""mobile"", ""number"": ""+10000000384"", ""is_primary"": true}]",,9315981171,XXXXXX1171,HIGHER_EDUCATION,en,images/IND-0384.jpg,kamuntu,faraja,zawadi,kujua,bilina,17.7059,69.7628,240,77AB+97,239 Brown Greens Apt. 027,Sector 7,000384,KM,UNEMPLOYED,AGRICULTURE,UNEMPLOYED,3,SMARTPHONE,NO,FALSE,FALSE,IDP,SETTLED,FALSE,NO,,[],[],[],[],[]
i0385,IND-0385,h086,James,Julie,Young,James Julie Young,James Julie Young,FEMALE,1997-01-14,29,MARRIED,"[{""type"": ""mobile"", ""number"": ""+10000000385"", ""is_primary"": true}]",noahthornton@example.com,3863432302,XXXXXX2302,CAN_READ_AND_WRITE,en,images/IND-0385.jpg,kamuntu,faraja,zawadi,kujua,bilina,17.7873,69.7136,161,77AB+97,86047 Gregory Pines Apt. 185,Sector 8,000385,KM,SERVICES,UNEMPLOYED,SELF_EMPLOYED,6,NONE,,,,,,,,,[],[],[],[],"[{""program_name"": ""PROG_EDUCATION_SUPPORT"", ""program_start_date"": ""2024-03-04"", ""program_exit_date"": null}, {""program_name"": ""PROG_FOOD_AID"", ""program_start_date"": ""2023-01-25"", ""program_exit_date"": null}]"
i0386,IND-0386,h086,Tina,,Young,Tina Young,Tina Young,FEMALE,1996-01-16,30,SINGLE,"[{""type"": ""mobile"", ""number"": ""+10000000386"", ""is_primary"": true}]",matthew41@example.com,9770294741,XXXXXX4741,ILLITERATE,en,images/IND-0386.jpg,kamuntu,faraja,zawadi,kujua,bilina,17.7683,69.7375,202,77AB+97,3938 Byrd Falls Suite 800,Sector 9,000386,KM,GOVT_EMPLOYMENT,GOVT_EMPLOYMENT,RETIRED,5,NONE,,,,,,,,,"[{""livestock_species"": ""SHEEP"", ""livestock_counts"": ""BAND_1_5""}, {""livestock_species"": ""SHEEP"", ""livestock_counts"": ""BAND_6_10""}]",[],[],[],[]
i0387,IND-0387,h087,Sandra,Connor,Smith,Sandra Connor Smith,Sandra Connor Smith,FEMALE,1984-06-16,42,MARRIED,"[{""type"": ""mobile"", ""number"": ""+10000000387"", ""is_primary"": true}]",jenningsmichael@example.net,5551699520,XXXXXX9520,INTERMEDIARY,en,images/IND-0387.jpg,kamuntu,chakula,mfumo,haraka,bilovi,18.7345,65.7401,252,87AB+57,3009 Brian Ranch Apt. 911,Sector 1,000387,KM,BUSINESS_TRADE,BUSINESS_TRADE,SELF_EMPLOYED,0,NONE,,,,,,,,,[],[],[],[],"[{""program_name"": ""PROG_HEALTH_INSURANCE"", ""program_start_date"": ""2024-03-24"", ""program_exit_date"": null}, {""program_name"": ""PROG_FOOD_AID"", ""program_start_date"": ""2023-05-05"", ""program_exit_date"": null}]"
i0388,IND-0388,h087,Brandon,,Smith,Brandon Smith,Brandon Smith,MALE,1987-01-14,39,MARRIED,"[{""type"": ""mobile"", ""number"": ""+10000000388"", ""is_primary"": true}]",pdouglas@example.net,1828779668,XXXXXX9668,ILLITERATE,en,images/IND-0388.jpg,kamuntu,chakula,mfumo,haraka,bilovi,18.7389,65.7058,84,87AB+57,24471 Livingston Harbor,Sector 2,000388,KM,WAGE_LABOR,AGRICULTURE,RETIRED,6,NONE,YES,FALSE,FALSE,HOST_COMMUNITY,PASTORALIST,TRUE,NO,,[],"[{""land_access"": ""TRUE"", ""land_size"": 2.7, ""productive_assets"": null}]",[],"[{""disability_domain"": ""VISION"", ""disability_severity"": ""CANNOT_DO_AT_ALL""}, {""disability_domain"": ""HEARING"", ""disability_severity"": ""SOME_DIFFICULTY""}]","[{""program_name"": ""PROG_HEALTH_INSURANCE"", ""program_start_date"": ""2023-02-15"", ""program_exit_date"": null}]"
i0389,IND-0389,h087,Patricia,,Smith,Patricia Smith,Patricia Smith,FEMALE,1989-04-27,37,MARRIED,"[{""type"": ""mobile"", ""number"": ""+10000000389"", ""is_primary"": true}]",jonathan14@example.org,6788175717,XXXXXX5717,HIGHER_EDUCATION,en,images/IND-0389.jpg,kamuntu,chakula,mfumo,haraka,bilovi,18.7432,65.6975,262,87AB+56,5044 Scott Overpass Apt. 962,Sector 3,000389,KM,WAGE_LABOR,CRAFT,UNEMPLOYED,6,NONE,,,,,,,,,[],"[{""land_access"": ""TRUE"", ""land_size"": 7.13, ""productive_assets"": null}, {""land_access"": ""FALSE"", ""land_size"": null, ""productive_assets"": null}, {""land_access"": ""TRUE"", ""land_size"": 2.48, ""productive_assets"": ""[\""TRACTOR\""]""}]",[],"[{""disability_domain"": ""VISION"", ""disability_severity"": ""CANNOT_DO_AT_ALL""}, {""disability_domain"": ""COGNITION"", ""disability_severity"": ""CANNOT_DO_AT_ALL""}]",[]
i0390,IND-0390,h088,Matthew,,Rodriguez,Matthew Rodriguez,Matthew Rodriguez,MALE,1968-05-12,58,MARRIED,"[{""type"": ""mobile"", ""number"": ""+10000000390"", ""is_primary"": true}]",probinson@example.org,9670335754,XXXXXX5754,ILLITERATE,en,images/IND-0390.jpg,kamuntu,kilima,nyani,shimo,bilini,10.7457,66.7376,111,07AB+67,410 Chad Stream Suite 707,Sector 4,000390,KM,SERVICES,,UNEMPLOYED,7,SMARTPHONE,,,,,,,,,[],"[{""land_access"": ""FALSE"", ""land_size"": null, ""productive_assets"": ""[\""PLOUGH\"", \""OTHER\""]""}, {""land_access"": ""TRUE"", ""land_size"": 8.94, ""productive_assets"": ""[\""OTHER\"", \""PLOUGH\""]""}]",[],[],[]
i0391,IND-0391,h088,Brittany,Sarah,Rodriguez,Brittany Sarah Rodriguez,Brittany Sarah Rodriguez,FEMALE,1984-04-27,42,MARRIED,"[{""type"": ""mobile"", ""number"": ""+10000000391"", ""is_primary"": true}]",sadams@example.com,7927950813,XXXXXX0813,ILLITERATE,en,images/IND-0391.jpg,kamuntu,kilima,nyani,shimo,bilini,10.6923,66.7241,78,06AB+67,087 Graham Vista Apt. 830,Sector 5,000391,KM,GOVT_EMPLOYMENT,,RETIRED,3,NONE,,,,,,,,,[],"[{""land_access"": ""TRUE"", ""land_size"": 2.04, ""productive_assets"": ""[\""OTHER\"", \""TRACTOR\""]""}, {""land_access"": ""FALSE"", ""land_size"": null, ""productive_assets"": ""[\""OTHER\"", \""PLOUGH\""]""}, {""land_access"": ""TRUE"", ""land_size"": 3.0, ""productive_assets"": ""[\""TRACTOR\""]""}]",[],[],[]
i0392,IND-0392,h088,James,,Rodriguez,James Rodriguez,James Rodriguez,MALE,2020-10-11,5,SINGLE,"[{""type"": ""mobile"", ""number"": ""+10000000392"", ""is_primary"": true}]",,1867922818,XXXXXX2818,,en,images/IND-0392.jpg,kamuntu,kilima,nyani,shimo,bilini,10.7085,66.6699,196,07AB+66,98554 Brown Rue Apt. 585,Sector 6,000392,KM,,,,,,NO,FALSE,FALSE,HOST_COMMUNITY,SETTLED,FALSE,NO,,[],[],[],[],[]
i0393,IND-0393,h089,Angela,,Stevens,Angela Stevens,Angela Stevens,FEMALE,1974-10-08,51,MARRIED,"[{""type"": ""mobile"", ""number"": ""+10000000393"", ""is_primary"": true}]",deborah28@example.org,4083121646,XXXXXX1646,ILLITERATE,en,images/IND-0393.jpg,kamuntu,jasiri,baraka,umani,bimala,15.6313,71.7221,217,56AB+17,346 Crystal Knolls Suite 173,Sector 7,000393,KM,LIVESTOCK,,RETIRED,2,SMARTPHONE,,,,,,,,,[],"[{""land_access"": ""TRUE"", ""land_size"": 7.11, ""productive_assets"": ""[\""TRACTOR\""]""}, {""land_access"": ""TRUE"", ""land_size"": 6.57, ""productive_assets"": ""[\""OTHER\""]""}, {""land_access"": ""TRUE"", ""land_size"": 9.63, ""productive_assets"": ""[\""OTHER\""]""}]",[],[],[]
i0394,IND-0394,h089,Brenda,,Stevens,Brenda Stevens,Brenda Stevens,MALE,2012-02-25,14,MARRIED,"[{""type"": ""mobile"", ""number"": ""+10000000394"", ""is_primary"": true}]",,8825544304,XXXXXX4304,BASIC,en,images/IND-0394.jpg,kamuntu,jasiri,baraka,umani,bimala,15.7094,71.6358,207,57AB+16,6184 Ferguson Village,Sector 8,000394,KM,,,,,,NO,FALSE,FALSE,HOST_COMMUNITY,SETTLED,FALSE,NO,,[],[],[],[],[]
i0395,IND-0395,h089,Robert,,Stevens,Robert Stevens,Robert Stevens,MALE,1978-10-05,47,DIVORCED,"[{""type"": ""mobile"", ""number"": ""+10000000395"", ""is_primary"": true}]",johnsonbrian@example.net,1417124022,XXXXXX4022,CAN_READ_AND_WRITE,en,images/IND-0395.jpg,kamuntu,jasiri,baraka,umani,bimala,15.7025,71.6832,98,57AB+16,1387 Joyce Fort,Sector 9,000395,KM,CRAFT,,SELF_EMPLOYED,0,SMARTPHONE,,,,,,,,,[],"[{""land_access"": ""TRUE"", ""land_size"": 3.56, ""productive_assets"": null}, {""land_access"": ""TRUE"", ""land_size"": 7.31, ""productive_assets"": ""[\""TRACTOR\""]""}, {""land_access"": ""TRUE"", ""land_size"": 1.25, ""productive_assets"": null}]",[],[],"[{""program_name"": ""PROG_HEALTH_INSURANCE"", ""program_start_date"": ""2024-09-01"", ""program_exit_date"": null}]"
i0396,IND-0396,h090,Tammy,,Johnson,Tammy Johnson,Tammy Johnson,FEMALE,1967-07-30,58,MARRIED,"[{""type"": ""mobile"", ""number"": ""+10000000396"", ""is_primary"": true}]",tracysmith@example.net,8152161448,XXXXXX1448,HIGHER_EDUCATION,en,images/IND-0396.jpg,kamuntu,jasiri,ndoto,pamoja,biluxu,13.4683,67.3967,96,34AB+73,20204 Stephen Extension,Sector 1,000396,KM,AGRICULTURE,,SELF_EMPLOYED,6,SMARTPHONE,NO,FALSE,FALSE,HOST_COMMUNITY,SETTLED,FALSE,NO,,"[{""livestock_species"": ""CHICKEN"", ""livestock_counts"": ""BAND_11_20""}, {""livestock_species"": ""CATTLE"", ""livestock_counts"": ""BAND_11_20""}]",[],"[{""shock_type"": ""JOB_LOSS"", ""shock_date"": ""2025-09-04"", ""shock_period"": ""2025-Q3"", ""coping_strategy"": ""CS_SEEK_AID""}]",[],[]
i0397,IND-0397,h090,Sara,,Johnson,Sara Johnson,Sara Johnson,MALE,1988-01-15,38,MARRIED,"[{""type"": ""mobile"", ""number"": ""+10000000397"", ""is_primary"": true}]",wilsonbrooke@example.net,6891490448,XXXXXX0448,CAN_READ_AND_WRITE,en,images/IND-0397.jpg,kamuntu,jasiri,ndoto,pamoja,biluxu,13.4564,67.4231,235,34AB+74,36565 Theresa Ports,Sector 2,000397,KM,WAGE_LABOR,,SELF_EMPLOYED,4,BASIC,,,,,,,,,[],"[{""land_access"": ""TRUE"", ""land_size"": 0.63, ""productive_assets"": ""[\""OTHER\""]""}]",[],"[{""disability_domain"": ""MOBILITY"", ""disability_severity"": ""A_LOT_OF_DIFFICULTY""}, {""disability_domain"": ""SELF_CARE"", ""disability_severity"": ""SOME_DIFFICULTY""}]",[]
i0398,IND-0398,h090,Joshua,,Johnson,Joshua Johnson,Joshua Johnson,MALE,1984-10-17,41,MARRIED,"[{""type"": ""mobile"", ""number"": ""+10000000398"", ""is_primary"": true}]",kathrynwatkins@example.com,9425230216,XXXXXX0216,BASIC,en,images/IND-0398.jpg,kamuntu,jasiri,ndoto,pamoja,biluxu,13.4247,67.4197,235,34AB+74,42625 Samuel Prairie,Sector 3,000398,KM,WAGE_LABOR,BUSINESS_TRADE,SELF_EMPLOYED,6,SMARTPHONE,,,,,,,,,[],[],"[{""shock_type"": ""CONFLICT"", ""shock_date"": ""2025-08-09"", ""shock_period"": ""2025-Q3"", ""coping_strategy"": ""CS_SELL_ASSETS""}, {""shock_type"": ""JOB_LOSS"", ""shock_date"": ""2025-10-18"", ""shock_period"": ""2025-Q4"", ""coping_strategy"": ""CS_BORROW""}]",[],"[{""program_name"": ""PROG_EDUCATION_SUPPORT"", ""program_start_date"": ""2025-02-02"", ""program_exit_date"": null}]"
i0399,IND-0399,h091,Andrew,,Garcia,Andrew Garcia,Andrew Garcia,MALE,1994-10-04,31,MARRIED,"[{""type"": ""mobile"", ""number"": ""+10000000399"", ""is_primary"": true}]",bstrickland@example.com,2352505293,XXXXXX5293,HIGHER_EDUCATION,en,images/IND-0399.jpg,kamuntu,jasiri,ndoto,habari,biluzo,12.4772,68.4943,260,24AB+84,02194 Steele Turnpike,Sector 4,000399,KM,AGRICULTURE,,RETIRED,2,BASIC,,,,,,,,,[],[],[],[],"[{""program_name"": ""PROG_CASH_TRANSFER"", ""program_start_date"": ""2023-07-01"", ""program_exit_date"": null}, {""program_name"": ""PROG_HEALTH_INSURANCE"", ""program_start_date"": ""2024-06-24"", ""program_exit_date"": null}]"
i0400,IND-0400,h091,Raymond,Jamie,Garcia,Raymond Jamie Garcia,Raymond Jamie Garcia,FEMALE,1997-12-29,28,MARRIED,"[{""type"": ""mobile"", ""number"": ""+10000000400"", ""is_primary"": true}]",alexandra63@example.org,3500339713,XXXXXX9713,HIGHER_EDUCATION,en,images/IND-0400.jpg,kamuntu,jasiri,ndoto,habari,biluzo,12.4233,68.4811,73,24AB+84,279 Courtney Tunnel,Sector 5,000400,KM,AGRICULTURE,,RETIRED,1,NONE,,,,,,,,,[],[],[],[],[]
i0401,IND-0401,h091,Eric,,Garcia,Eric Garcia,Eric Garcia,MALE,1969-09-08,56,SINGLE,"[{""type"": ""mobile"", ""number"": ""+10000000401"", ""is_primary"": true}]",,4898351305,XXXXXX1305,INTERMEDIARY,en,images/IND-0401.jpg,kamuntu,jasiri,ndoto,habari,biluzo,12.4595,68.43,237,24AB+84,18195 Steven Road,Sector 6,000401,KM,GOVT_EMPLOYMENT,,UNEMPLOYED,0,BASIC,,,,,,,,,[],"[{""land_access"": ""TRUE"", ""land_size"": 2.69, ""productive_assets"": ""[\""OTHER\"", \""PLOUGH\""]""}]","[{""shock_type"": ""DROUGHT"", ""shock_date"": ""2025-06-20"", ""shock_period"": ""2025-Q2"", ""coping_strategy"": ""CS_BORROW""}, {""shock_type"": ""DROUGHT"", ""shock_date"": ""2025-08-24"", ""shock_period"": ""2025-Q3"", ""coping_strategy"": ""CS_SEEK_AID""}]",[],"[{""program_name"": ""PROG_EDUCATION_SUPPORT"", ""program_start_date"": ""2025-01-03"", ""program_exit_date"": null}, {""program_name"": ""PROG_HEALTH_INSURANCE"", ""program_start_date"": ""2025-12-21"", ""program_exit_date"": null}]"
i0402,IND-0402,h092,Mary,,Hill,Mary Hill,Mary Hill,FEMALE,1971-03-02,55,MARRIED,"[{""type"": ""mobile"", ""number"": ""+10000000402"", ""is_primary"": true}]",danielhernandez@example.com,4308800114,XXXXXX0114,INTERMEDIARY,en,images/IND-0402.jpg,kamuntu,kilima,pembe,jumba,bevu,15.0448,71.0549,287,50AB+10,20054 Ryan Isle Suite 010,Sector 7,000402,KM,AGRICULTURE,UNEMPLOYED,EMPLOYED,3,SMARTPHONE,,,,,,,,,[],"[{""land_access"": ""FALSE"", ""land_size"": null, ""productive_assets"": ""[\""TRACTOR\"", \""OTHER\""]""}]",[],[],[]
i0403,IND-0403,h092,Tim,,Hill,Tim Hill,Tim Hill,MALE,2023-06-14,3,MARRIED,"[{""type"": ""mobile"", ""number"": ""+10000000403"", ""is_primary"": true}]",,3426282426,XXXXXX2426,,en,images/IND-0403.jpg,kamuntu,kilima,pembe,jumba,bevu,15.0027,71.0398,89,50AB+10,8113 Watkins Islands,Sector 8,000403,KM,,,,,,NO,FALSE,FALSE,HOST_COMMUNITY,SETTLED,FALSE,NO,,[],[],[],[],[]
i0404,IND-0404,h092,Jason,,Hill,Jason Hill,Jason Hill,MALE,1945-07-13,80,MARRIED,"[{""type"": ""mobile"", ""number"": ""+10000000404"", ""is_primary"": true}]",jerry15@example.org,1386903346,XXXXXX3346,ILLITERATE,en,images/IND-0404.jpg,kamuntu,kilima,pembe,jumba,bevu,15.0132,71.0486,87,50AB+10,63631 Richards Center,Sector 9,000404,KM,CRAFT,,EMPLOYED,2,SMARTPHONE,YES,FALSE,TRUE,HOST_COMMUNITY,SETTLED,FALSE,NO,,[],[],[],[],[]
i0405,IND-0405,h093,Samuel,George,Ellis,Samuel George Ellis,Samuel George Ellis,MALE,2003-09-01,22,MARRIED,"[{""type"": ""mobile"", ""number"": ""+10000000405"", ""is_primary"": true}]",jeffrey49@example.org,1384806111,XXXXXX6111,BASIC,en,images/IND-0405.jpg,kamuntu,chakula,makali,sura,biluqu,12.4972,66.4724,139,24AB+64,831 Vincent Overpass,Sector 1,000405,KM,SERVICES,UNEMPLOYED,SELF_EMPLOYED,4,NONE,,,,,,,,,[],[],[],[],"[{""program_name"": ""PROG_CASH_TRANSFER"", ""program_start_date"": ""2025-06-18"", ""program_exit_date"": null}, {""program_name"": ""PROG_EDUCATION_SUPPORT"", ""program_start_date"": ""2023-12-14"", ""program_exit_date"": null}]"
i0406,IND-0406,h093,Scott,,Ellis,Scott Ellis,Scott Ellis,FEMALE,2013-08-21,12,MARRIED,"[{""type"": ""mobile"", ""number"": ""+10000000406"", ""is_primary"": true}]",,5921252890,XXXXXX2890,BASIC,en,images/IND-0406.jpg,kamuntu,chakula,makali,sura,biluqu,12.4345,66.5118,101,24AB+65,4063 Mark Prairie Apt. 929,Sector 2,000406,KM,,,,,,NO,FALSE,FALSE,HOST_COMMUNITY,SETTLED,FALSE,NO,,[],[],[],[],[]
i0407,IND-0407,h093,Steven,,Ellis,Steven Ellis,Steven Ellis,MALE,1977-12-27,48,MARRIED,"[{""type"": ""mobile"", ""number"": ""+10000000407"", ""is_primary"": true}]",williamsthomas@example.net,2235598059,XXXXXX8059,ILLITERATE,en,images/IND-0407.jpg,kamuntu,chakula,makali,sura,biluqu,12.4643,66.5104,128,24AB+65,8671 Simpson Corner,Sector 3,000407,KM,GOVT_EMPLOYMENT,,RETIRED,3,NONE,,,,,,,,,[],[],[],[],"[{""program_name"": ""PROG_CASH_TRANSFER"", ""program_start_date"": ""2023-02-11"", ""program_exit_date"": null}]"
i0408,IND-0408,h094,Justin,Jessica,Smith,Justin Jessica Smith,Justin Jessica Smith,MALE,1995-09-11,30,MARRIED,"[{""type"": ""mobile"", ""number"": ""+10000000408"", ""is_primary"": true}]",davidphillips@example.net,5261905194,XXXXXX5194,HIGHER_EDUCATION,en,images/IND-0408.jpg,kamuntu,chakula,njia,wingu,bilufu,17.8295,67.8268,146,78AB+78,74279 Tiffany Mountain,Sector 4,000408,KM,UNEMPLOYED,SERVICES,EMPLOYED,5,NONE,,,,,,,,,[],[],[],"[{""disability_domain"": ""COGNITION"", ""disability_severity"": ""A_LOT_OF_DIFFICULTY""}, {""disability_domain"": ""COMMUNICATION"", ""disability_severity"": ""SOME_DIFFICULTY""}]","[{""program_name"": ""PROG_CASH_TRANSFER"", ""program_start_date"": ""2023-07-13"", ""program_exit_date"": null}]"
i0409,IND-0409,h094,Raymond,Richard,Smith,Raymond Richard Smith,Raymond Richard Smith,FEMALE,2016-12-23,9,MARRIED,"[{""type"": ""mobile"", ""number"": ""+10000000409"", ""is_primary"": true}]",,7949105797,XXXXXX5797,ILLITERATE,en,images/IND-0409.jpg,kamuntu,chakula,njia,wingu,bilufu,17.7653,67.8255,52,77AB+78,701 Barry Isle Apt. 464,Sector 5,000409,KM,,,,,,YES,FALSE,FALSE,IDP,SETTLED,FALSE,NO,,[],[],[],[],[]
i0410,IND-0410,h094,Melissa,,Smith,Melissa Smith,Melissa Smith,FEMALE,1986-09-09,39,MARRIED,"[{""type"": ""mobile"", ""number"": ""+10000000410"", ""is_primary"": true}]",kristinmiller@example.com,1463390201,XXXXXX0201,INTERMEDIARY,en,images/IND-0410.jpg,kamuntu,chakula,njia,wingu,bilufu,17.7892,67.8483,148,77AB+78,501 Diaz River,Sector 6,000410,KM,GOVT_EMPLOYMENT,AGRICULTURE,UNEMPLOYED,2,SMARTPHONE,,,,,,,,,"[{""livestock_species"": ""CAMEL"", ""livestock_counts"": ""BAND_11_20""}, {""livestock_species"": ""CAMEL"", ""livestock_counts"": ""BAND_21_PLUS""}]","[{""land_access"": ""TRUE"", ""land_size"": 1.56, ""productive_assets"": ""[\""TRACTOR\"", \""OTHER\""]""}]","[{""shock_type"": ""ILLNESS"", ""shock_date"": ""2025-09-16"", ""shock_period"": ""2025-Q3"", ""coping_strategy"": ""CS_SELL_ASSETS""}, {""shock_type"": ""ILLNESS"", ""shock_date"": ""2025-03-18"", ""shock_period"": ""2025-Q1"", ""coping_strategy"": ""CS_BORROW""}]",[],[]
i0411,IND-0411,h095,Amanda,,Richardson,Amanda Richardson,Amanda Richardson,FEMALE,1999-07-09,26,MARRIED,"[{""type"": ""mobile"", ""number"": ""+10000000411"", ""is_primary"": true}]",castrokim@example.org,1092292243,XXXXXX2243,CAN_READ_AND_WRITE,en,images/IND-0411.jpg,kamuntu,jasiri,simba,tanzu,biluta,14.7247,65.7529,135,47AB+57,81793 Luke Grove Suite 401,Sector 7,000411,KM,UNEMPLOYED,SERVICES,EMPLOYED,1,BASIC,,,,,,,,,[],"[{""land_access"": ""TRUE"", ""land_size"": 5.61, ""productive_assets"": ""[\""PLOUGH\""]""}, {""land_access"": ""TRUE"", ""land_size"": 6.81, ""productive_assets"": ""[\""OTHER\""]""}, {""land_access"": ""TRUE"", ""land_size"": 9.13, ""productive_assets"": ""[\""OTHER\""]""}]",[],[],[]
i0412,IND-0412,h095,Jake,,Richardson,Jake Richardson,Jake Richardson,MALE,1987-06-22,39,MARRIED,"[{""type"": ""mobile"", ""number"": ""+10000000412"", ""is_primary"": true}]",,9856264217,XXXXXX4217,HIGHER_EDUCATION,en,images/IND-0412.jpg,kamuntu,jasiri,simba,tanzu,biluta,14.7258,65.7387,258,47AB+57,8847 Marsh Square,Sector 8,000412,KM,BUSINESS_TRADE,GOVT_EMPLOYMENT,RETIRED,4,SMARTPHONE,,,,,,,,,"[{""livestock_species"": ""GOATS"", ""livestock_counts"": ""BAND_21_PLUS""}]",[],[],[],"[{""program_name"": ""PROG_FOOD_AID"", ""program_start_date"": ""2023-09-06"", ""program_exit_date"": null}, {""program_name"": ""PROG_CASH_TRANSFER"", ""program_start_date"": ""2025-07-25"", ""program_exit_date"": null}]"
i0413,IND-0413,h095,Rhonda,Cameron,Richardson,Rhonda Cameron Richardson,Rhonda Cameron Richardson,FEMALE,1992-09-06,33,MARRIED,"[{""type"": ""mobile"", ""number"": ""+10000000413"", ""is_primary"": true}]",,9967011296,XXXXXX1296,CAN_READ_AND_WRITE,en,images/IND-0413.jpg,kamuntu,jasiri,simba,tanzu,biluta,14.7382,65.7961,206,47AB+57,16241 Fred Creek Apt. 723,Sector 9,000413,KM,GOVT_EMPLOYMENT,CRAFT,UNEMPLOYED,5,NONE,,,,,,,,,[],[],"[{""shock_type"": ""ILLNESS"", ""shock_date"": ""2025-11-10"", ""shock_period"": ""2025-Q4"", ""coping_strategy"": ""CS_SEEK_AID""}, {""shock_type"": ""JOB_LOSS"", ""shock_date"": ""2025-07-15"", ""shock_period"": ""2025-Q3"", ""coping_strategy"": ""CS_REDUCE_MEALS""}]","[{""disability_domain"": ""COGNITION"", ""disability_severity"": ""SOME_DIFFICULTY""}, {""disability_domain"": ""VISION"", ""disability_severity"": ""CANNOT_DO_AT_ALL""}]",[]
i0414,IND-0414,h096,Joseph,,Burton,Joseph Burton,Joseph Burton,MALE,1987-12-01,38,MARRIED,"[{""type"": ""mobile"", ""number"": ""+10000000414"", ""is_primary"": true}]",,3328876246,XXXXXX6246,CAN_READ_AND_WRITE,en,images/IND-0414.jpg,kamuntu,chakula,rafiki,eneza,biluma,19.5307,70.5239,188,95AB+05,8275 Wallace Rue Apt. 431,Sector 1,000414,KM,SERVICES,,EMPLOYED,5,BASIC,,,,,,,,,[],"[{""land_access"": ""TRUE"", ""land_size"": 6.69, ""productive_assets"": ""[\""PLOUGH\""]""}, {""land_access"": ""TRUE"", ""land_size"": 5.28, ""productive_assets"": ""[\""PLOUGH\""]""}]","[{""shock_type"": ""JOB_LOSS"", ""shock_date"": ""2025-08-22"", ""shock_period"": ""2025-Q3"", ""coping_strategy"": ""CS_REDUCE_MEALS""}]",[],[]
i0415,IND-0415,h096,Alex,,Burton,Alex Burton,Alex Burton,FEMALE,1968-10-04,57,MARRIED,"[{""type"": ""mobile"", ""number"": ""+10000000415"", ""is_primary"": true}]",robert55@example.com,4307339566,XXXXXX9566,HIGHER_EDUCATION,en,images/IND-0415.jpg,kamuntu,chakula,rafiki,eneza,biluma,19.5756,70.5665,90,95AB+05,4924 Kristina Forks Suite 540,Sector 2,000415,KM,UNEMPLOYED,,RETIRED,2,NONE,,,,,,,,,[],[],[],[],"[{""program_name"": ""PROG_HEALTH_INSURANCE"", ""program_start_date"": ""2023-10-04"", ""program_exit_date"": null}]"
i0416,IND-0416,h096,Charles,Stephanie,Burton,Charles Stephanie Burton,Charles Stephanie Burton,MALE,1977-03-30,49,MARRIED,"[{""type"": ""mobile"", ""number"": ""+10000000416"", ""is_primary"": true}]",jennifermitchell@example.org,8582485644,XXXXXX5644,BASIC,en,images/IND-0416.jpg,kamuntu,chakula,rafiki,eneza,biluma,19.598,70.5514,155,95AB+05,31059 Scott Land,Sector 3,000416,KM,LIVESTOCK,WAGE_LABOR,RETIRED,5,SMARTPHONE,,,,,,,,,"[{""livestock_species"": ""DONKEY"", ""livestock_counts"": ""BAND_11_20""}]",[],[],[],[]
i0417,IND-0417,h097,Travis,Eric,Reilly,Travis Eric Reilly,Travis Eric Reilly,MALE,2026-01-12,0,MARRIED,"[{""type"": ""mobile"", ""number"": ""+10000000417"", ""is_primary"": true}]",,3046990957,XXXXXX0957,,en,images/IND-0417.jpg,kamuntu,kilima,nyani,pika,bilili,15.8302,70.8405,232,58AB+08,474 Lauren Stream Suite 517,Sector 4,000417,KM,,,,,,NO,TRUE,FALSE,IDP,SETTLED,FALSE,NO,,[],[],[],[],[]
i0418,IND-0418,h097,Stephanie,Andrea,Reilly,Stephanie Andrea Reilly,Stephanie Andrea Reilly,FEMALE,1990-11-13,35,MARRIED,"[{""type"": ""mobile"", ""number"": ""+10000000418"", ""is_primary"": true}]",,1830044665,XXXXXX4665,INTERMEDIARY,en,images/IND-0418.jpg,kamuntu,kilima,nyani,pika,bilili,15.7832,70.8565,53,57AB+08,69375 Mark Rest Apt. 983,Sector 5,000418,KM,CRAFT,LIVESTOCK,RETIRED,1,BASIC,,,,,,,,,[],[],[],[],[]
i0419,IND-0419,h097,Richard,,Reilly,Richard Reilly,Richard Reilly,MALE,1956-05-05,70,WIDOWED,"[{""type"": ""mobile"", ""number"": ""+10000000419"", ""is_primary"": true}]",,9528205772,XXXXXX5772,CAN_READ_AND_WRITE,en,images/IND-0419.jpg,kamuntu,kilima,nyani,pika,bilili,15.8667,70.829,133,58AB+08,18718 Lee Island,Sector 6,000419,KM,CRAFT,,UNEMPLOYED,3,BASIC,NO,FALSE,FALSE,HOST_COMMUNITY,SETTLED,FALSE,NO,,"[{""livestock_species"": ""CAMEL"", ""livestock_counts"": ""BAND_21_PLUS""}, {""livestock_species"": ""CATTLE"", ""livestock_counts"": ""BAND_11_20""}]","[{""land_access"": ""TRUE"", ""land_size"": 5.07, ""productive_assets"": null}]",[],[],[]
i0420,IND-0420,h098,Larry,,Hunt,Larry Hunt,Larry Hunt,MALE,1973-06-28,52,MARRIED,"[{""type"": ""mobile"", ""number"": ""+10000000420"", ""is_primary"": true}]",kerrmichael@example.org,9755342261,XXXXXX2261,CAN_READ_AND_WRITE,en,images/IND-0420.jpg,kamuntu,chakula,rafiki,nguvu,bilumu,10.7109,67.7457,274,07AB+77,6504 Bell Mission Apt. 376,Sector 7,000420,KM,BUSINESS_TRADE,,RETIRED,7,BASIC,NO,FALSE,FALSE,HOST_COMMUNITY,SETTLED,FALSE,NO,,"[{""livestock_species"": ""CATTLE"", ""livestock_counts"": ""BAND_6_10""}, {""livestock_species"": ""SHEEP"", ""livestock_counts"": ""BAND_6_10""}]",[],"[{""shock_type"": ""DROUGHT"", ""shock_date"": ""2025-10-11"", ""shock_period"": ""2025-Q4"", ""coping_strategy"": ""CS_SEEK_AID""}]",[],"[{""program_name"": ""PROG_FOOD_AID"", ""program_start_date"": ""2025-11-04"", ""program_exit_date"": null}, {""program_name"": ""PROG_EDUCATION_SUPPORT"", ""program_start_date"": ""2023-07-28"", ""program_exit_date"": null}]"
i0421,IND-0421,h098,Regina,,Hunt,Regina Hunt,Regina Hunt,FEMALE,2024-04-21,2,MARRIED,"[{""type"": ""mobile"", ""number"": ""+10000000421"", ""is_primary"": true}]",,1211722336,XXXXXX2336,,en,images/IND-0421.jpg,kamuntu,chakula,rafiki,nguvu,bilumu,10.7291,67.7398,127,07AB+77,629 Douglas Hollow Suite 851,Sector 8,000421,KM,,,,,,NO,FALSE,FALSE,HOST_COMMUNITY,SETTLED,FALSE,NO,,[],[],[],"[{""disability_domain"": ""VISION"", ""disability_severity"": ""SOME_DIFFICULTY""}]",[]
i0422,IND-0422,h098,Taylor,,Hunt,Taylor Hunt,Taylor Hunt,FEMALE,1987-09-29,38,DIVORCED,"[{""type"": ""mobile"", ""number"": ""+10000000422"", ""is_primary"": true}]",,4881257367,XXXXXX7367,ILLITERATE,en,images/IND-0422.jpg,kamuntu,chakula,rafiki,nguvu,bilumu,10.7464,67.7646,73,07AB+77,06462 Page Throughway Apt. 326,Sector 9,000422,KM,WAGE_LABOR,,SELF_EMPLOYED,1,NONE,,,,,,,,,[],[],"[{""shock_type"": ""FLOOD"", ""shock_date"": ""2025-07-08"", ""shock_period"": ""2025-Q3"", ""coping_strategy"": ""CS_SELL_ASSETS""}, {""shock_type"": ""FLOOD"", ""shock_date"": ""2025-07-24"", ""shock_period"": ""2025-Q3"", ""coping_strategy"": ""CS_BORROW""}]","[{""disability_domain"": ""HEARING"", ""disability_severity"": ""CANNOT_DO_AT_ALL""}, {""disability_domain"": ""MOBILITY"", ""disability_severity"": ""CANNOT_DO_AT_ALL""}]",[]
i0423,IND-0423,h099,Dylan,,Henry,Dylan Henry,Dylan Henry,MALE,2000-12-07,25,MARRIED,"[{""type"": ""mobile"", ""number"": ""+10000000423"", ""is_primary"": true}]",,2952849519,XXXXXX9519,CAN_READ_AND_WRITE,en,images/IND-0423.jpg,kamuntu,kilima,nyani,mbegu,bilixi,13.075,71.1192,282,30AB+11,478 Walker Turnpike Apt. 244,Sector 1,000423,KM,BUSINESS_TRADE,,SELF_EMPLOYED,1,SMARTPHONE,,,,,,,,,"[{""livestock_species"": ""SHEEP"", ""livestock_counts"": ""BAND_11_20""}]",[],[],"[{""disability_domain"": ""HEARING"", ""disability_severity"": ""CANNOT_DO_AT_ALL""}, {""disability_domain"": ""VISION"", ""disability_severity"": ""A_LOT_OF_DIFFICULTY""}]",[]
i0424,IND-0424,h099,Tyler,Thomas,Henry,Tyler Thomas Henry,Tyler Thomas Henry,FEMALE,1972-05-14,54,MARRIED,"[{""type"": ""mobile"", ""number"": ""+10000000424"", ""is_primary"": true}]",,8332707996,XXXXXX7996,INTERMEDIARY,en,images/IND-0424.jpg,kamuntu,kilima,nyani,mbegu,bilixi,13.1227,71.1475,206,31AB+11,2730 Kathy Park Apt. 959,Sector 2,000424,KM,GOVT_EMPLOYMENT,,EMPLOYED,6,BASIC,,,,,,,,,[],[],"[{""shock_type"": ""ILLNESS"", ""shock_date"": ""2025-01-21"", ""shock_period"": ""2025-Q1"", ""coping_strategy"": ""CS_REDUCE_MEALS""}, {""shock_type"": ""CONFLICT"", ""shock_date"": ""2025-07-15"", ""shock_period"": ""2025-Q3"", ""coping_strategy"": ""CS_SELL_ASSETS""}]",[],[]
i0425,IND-0425,h099,Karen,Jonathan,Henry,Karen Jonathan Henry,Karen Jonathan Henry,FEMALE,2013-12-18,12,SINGLE,"[{""type"": ""mobile"", ""number"": ""+10000000425"", ""is_primary"": true}]",,1644630523,XXXXXX0523,ILLITERATE,en,images/IND-0425.jpg,kamuntu,kilima,nyani,mbegu,bilixi,13.1369,71.0679,232,31AB+10,158 Megan Estates Apt. 257,Sector 3,000425,KM,,,,,,NO,FALSE,FALSE,HOST_COMMUNITY,SETTLED,FALSE,NO,,[],[],[],"[{""disability_domain"": ""SELF_CARE"", ""disability_severity"": ""CANNOT_DO_AT_ALL""}]",[]
i0426,IND-0426,h100,Sherry,,Taylor,Sherry Taylor,Sherry Taylor,FEMALE,1952-07-25,73,MARRIED,"[{""type"": ""mobile"", ""number"": ""+10000000426"", ""is_primary"": true}]",brianward@example.net,1871241447,XXXXXX1447,INTERMEDIARY,en,images/IND-0426.jpg,kamuntu,chakula,rafiki,nguvu,bilumi,18.2423,71.2053,167,82AB+12,44818 Katie Falls Apt. 928,Sector 4,000426,KM,GOVT_EMPLOYMENT,,EMPLOYED,7,NONE,NO,FALSE,FALSE,HOST_COMMUNITY,SETTLED,FALSE,NO,,[],[],[],[],[]
i0427,IND-0427,h100,Frank,,Taylor,Frank Taylor,Frank Taylor,MALE,1996-08-18,29,MARRIED,"[{""type"": ""mobile"", ""number"": ""+10000000427"", ""is_primary"": true}]",joseph51@example.net,7338134731,XXXXXX4731,HIGHER_EDUCATION,en,images/IND-0427.jpg,kamuntu,chakula,rafiki,nguvu,bilumi,18.221,71.1879,203,82AB+11,02845 Jenkins Estates Apt. 328,Sector 5,000427,KM,CRAFT,,UNEMPLOYED,1,SMARTPHONE,,,,,,,,,[],[],[],[],"[{""program_name"": ""PROG_CASH_TRANSFER"", ""program_start_date"": ""2023-01-10"", ""program_exit_date"": null}, {""program_name"": ""PROG_EDUCATION_SUPPORT"", ""program_start_date"": ""2024-05-14"", ""program_exit_date"": null}]"
i0428,IND-0428,h100,Connie,,Taylor,Connie Taylor,Connie Taylor,FEMALE,1982-12-26,43,MARRIED,"[{""type"": ""mobile"", ""number"": ""+10000000428"", ""is_primary"": true}]",,1793881710,XXXXXX1710,HIGHER_EDUCATION,en,images/IND-0428.jpg,kamuntu,chakula,rafiki,nguvu,bilumi,18.1855,71.2149,87,81AB+12,7112 Timothy Inlet,Sector 6,000428,KM,AGRICULTURE,UNEMPLOYED,RETIRED,5,BASIC,,,,,,,,,[],"[{""land_access"": ""TRUE"", ""land_size"": 9.1, ""productive_assets"": null}, {""land_access"": ""TRUE"", ""land_size"": 2.7, ""productive_assets"": ""[\""PLOUGH\"", \""OTHER\""]""}, {""land_access"": ""TRUE"", ""land_size"": 5.87, ""productive_assets"": ""[\""PLOUGH\""]""}]",[],[],[]
i0429,IND-0429,,Melissa,,Taylor,Melissa Taylor,Melissa Taylor,FEMALE,2019-01-14,7,SINGLE,"[{""type"": ""mobile"", ""number"": ""+10000000429"", ""is_primary"": true}]",,1765571034,XXXXXX1034,HIGHER_EDUCATION,en,images/IND-0429.jpg,kamuntu,faraja,sihaya,kusoma,bieke,13.8972,67.8911,227,38AB+78,852 Johnson Via Apt. 322,Sector 7,000429,KM,,,,,,NO,FALSE,FALSE,HOST_COMMUNITY,PASTORALIST,TRUE,NO,,[],[],[],[],[]
i0430,IND-0430,,Michael,,Parker,Michael Parker,Michael Parker,MALE,1972-06-06,54,DIVORCED,"[{""type"": ""mobile"", ""number"": ""+10000000430"", ""is_primary"": true}]",,6580427322,XXXXXX7322,HIGHER_EDUCATION,en,images/IND-0430.jpg,kamuntu,jasiri,ndoto,pamoja,biluya,10.4769,67.4779,67,04AB+74,16110 Todd Canyon,Sector 8,000430,KM,SERVICES,,RETIRED,6,BASIC,,,,,,,,,[],"[{""land_access"": ""TRUE"", ""land_size"": 7.81, ""productive_assets"": ""[\""TRACTOR\""]""}]","[{""shock_type"": ""FLOOD"", ""shock_date"": ""2025-03-24"", ""shock_period"": ""2025-Q1"", ""coping_strategy"": ""CS_SEEK_AID""}]",[],"[{""program_name"": ""PROG_CASH_TRANSFER"", ""program_start_date"": ""2025-09-10"", ""program_exit_date"": null}, {""program_name"": ""PROG_EDUCATION_SUPPORT"", ""program_start_date"": ""2025-03-21"", ""program_exit_date"": null}]"
i0431,IND-0431,,Christina,,Johnson,Christina Johnson,Christina Johnson,FEMALE,2015-04-29,11,SINGLE,"[{""type"": ""mobile"", ""number"": ""+10000000431"", ""is_primary"": true}]",,1249900899,XXXXXX0899,ILLITERATE,en,images/IND-0431.jpg,kamuntu,kilima,pembe,soko,bere,19.5571,66.5979,185,95AB+65,1401 Contreras Throughway,Sector 9,000431,KM,,,,,,NO,TRUE,FALSE,IDP,SETTLED,FALSE,NO,,[],[],[],[],[]
i0432,IND-0432,,Anne,,Martinez,Anne Martinez,Anne Martinez,FEMALE,1974-09-07,51,MARRIED,"[{""type"": ""mobile"", ""number"": ""+10000000432"", ""is_primary"": true}]",,7711463369,XXXXXX3369,HIGHER_EDUCATION,en,images/IND-0432.jpg,kamuntu,chakula,makali,tano,biluri,13.282,68.2932,176,32AB+82,325 Christopher Vista,Sector 1,000432,KM,AGRICULTURE,AGRICULTURE,RETIRED,6,NONE,,,,,,,,,[],[],"[{""shock_type"": ""DROUGHT"", ""shock_date"": ""2025-03-14"", ""shock_period"": ""2025-Q1"", ""coping_strategy"": ""CS_SELL_ASSETS""}]",[],[]
i0433,IND-0433,,Nichole,,Ramirez,Nichole Ramirez,Nichole Ramirez,FEMALE,2026-05-05,0,SINGLE,"[{""type"": ""mobile"", ""number"": ""+10000000433"", ""is_primary"": true}]",,4421940259,XXXXXX0259,,en,images/IND-0433.jpg,kamuntu,kilima,karamu,hasara,bilota,12.7937,65.7407,207,27AB+57,2893 Cory Prairie Apt. 833,Sector 2,000433,KM,,,,,,NO,FALSE,FALSE,IDP,SETTLED,FALSE,NO,,[],[],[],"[{""disability_domain"": ""VISION"", ""disability_severity"": ""SOME_DIFFICULTY""}, {""disability_domain"": ""HEARING"", ""disability_severity"": ""SOME_DIFFICULTY""}]",[]
i0434,IND-0434,,Tracey,Karen,Jackson,Tracey Karen Jackson,Tracey Karen Jackson,FEMALE,1983-06-01,43,MARRIED,"[{""type"": ""mobile"", ""number"": ""+10000000434"", ""is_primary"": true}]",beltrancorey@example.org,9638455978,XXXXXX5978,BASIC,en,images/IND-0434.jpg,kamuntu,chakula,rafiki,eneza,biluma,19.5301,70.5382,252,95AB+05,9271 Mary Light Suite 383,Sector 3,000434,KM,WAGE_LABOR,SERVICES,SELF_EMPLOYED,3,NONE,,,,,,,,,"[{""livestock_species"": ""CAMEL"", ""livestock_counts"": ""BAND_1_5""}, {""livestock_species"": ""CHICKEN"", ""livestock_counts"": ""BAND_11_20""}, {""livestock_species"": ""SHEEP"", ""livestock_counts"": ""BAND_11_20""}]","[{""land_access"": ""TRUE"", ""land_size"": 1.99, ""productive_assets"": ""[\""OTHER\""]""}, {""land_access"": ""TRUE"", ""land_size"": 9.31, ""productive_assets"": ""[\""PLOUGH\""]""}, {""land_access"": ""TRUE"", ""land_size"": 0.98, ""productive_assets"": ""[\""OTHER\""]""}]",[],[],"[{""program_name"": ""PROG_EDUCATION_SUPPORT"", ""program_start_date"": ""2023-11-04"", ""program_exit_date"": null}]"
i0435,IND-0435,,Jennifer,,Juarez,Jennifer Juarez,Jennifer Juarez,FEMALE,2014-01-02,12,SINGLE,"[{""type"": ""mobile"", ""number"": ""+10000000435"", ""is_primary"": true}]",,6761104130,XXXXXX4130,CAN_READ_AND_WRITE,en,images/IND-0435.jpg,kamuntu,jasiri,simba,tanzu,bilusu,17.9824,65.9716,57,79AB+59,71827 Bush Point Apt. 157,Sector 4,000435,KM,,,,,,NO,FALSE,FALSE,HOST_COMMUNITY,SETTLED,FALSE,NO,,[],[],[],[],[]
i0436,IND-0436,,Ashley,,Campbell,Ashley Campbell,Ashley Campbell,FEMALE,1944-01-11,82,MARRIED,"[{""type"": ""mobile"", ""number"": ""+10000000436"", ""is_primary"": true}]",,3773055184,XXXXXX5184,BASIC,en,images/IND-0436.jpg,kamuntu,kilima,karamu,damu,bilizo,18.4581,71.4727,278,84AB+14,738 Roberts Walk Suite 317,Sector 5,000436,KM,BUSINESS_TRADE,,RETIRED,3,BASIC,NO,FALSE,FALSE,HOST_COMMUNITY,SETTLED,FALSE,NO,,[],"[{""land_access"": ""TRUE"", ""land_size"": 7.62, ""productive_assets"": ""[\""OTHER\"", \""PLOUGH\""]""}]",[],[],[]
i0437,IND-0437,,Teresa,,Richardson,Teresa Richardson,Teresa Richardson,FEMALE,2009-10-17,16,SINGLE,"[{""type"": ""mobile"", ""number"": ""+10000000437"", ""is_primary"": true}]",,3301610601,XXXXXX0601,BASIC,en,images/IND-0437.jpg,kamuntu,chakula,makali,cheka,biluqa,16.3108,67.3585,254,63AB+73,716 Mills Springs,Sector 6,000437,KM,LIVESTOCK,,EMPLOYED,5,NONE,NO,FALSE,FALSE,HOST_COMMUNITY,SETTLED,FALSE,NO,,[],[],[],[],[]
i0438,IND-0438,,Bradley,Richard,Thomas,Bradley Richard Thomas,Bradley Richard Thomas,MALE,2024-05-16,2,SINGLE,"[{""type"": ""mobile"", ""number"": ""+10000000438"", ""is_primary"": true}]",,4618105265,XXXXXX5265,,en,images/IND-0438.jpg,kamuntu,kilima,pembe,soko,bere,19.5571,66.539,202,95AB+65,215 Matthew Ranch,Sector 7,000438,KM,,,,,,YES,FALSE,FALSE,HOST_COMMUNITY,SETTLED,FALSE,NO,,[],[],[],[],[]
i0439,IND-0439,,Sarah,,Powell,Sarah Powell,Sarah Powell,FEMALE,2000-10-13,25,MARRIED,"[{""type"": ""mobile"", ""number"": ""+10000000439"", ""is_primary"": true}]",,5667760951,XXXXXX0951,CAN_READ_AND_WRITE,en,images/IND-0439.jpg,kamuntu,kilima,pembe,upande,bigi,18.0177,67.9672,262,80AB+79,7499 Avila Unions,Sector 8,000439,KM,GOVT_EMPLOYMENT,,UNEMPLOYED,2,NONE,NO,FALSE,FALSE,HOST_COMMUNITY,SETTLED,FALSE,NO,,"[{""livestock_species"": ""GOATS"", ""livestock_counts"": ""BAND_6_10""}, {""livestock_species"": ""CHICKEN"", ""livestock_counts"": ""BAND_11_20""}, {""livestock_species"": ""SHEEP"", ""livestock_counts"": ""BAND_6_10""}]",[],"[{""shock_type"": ""JOB_LOSS"", ""shock_date"": ""2025-01-19"", ""shock_period"": ""2025-Q1"", ""coping_strategy"": ""CS_SEEK_AID""}]",[],"[{""program_name"": ""PROG_HEALTH_INSURANCE"", ""program_start_date"": ""2025-01-22"", ""program_exit_date"": null}]"
i0440,IND-0440,,Maria,Thomas,Ross,Maria Thomas Ross,Maria Thomas Ross,FEMALE,2000-08-27,25,MARRIED,"[{""type"": ""mobile"", ""number"": ""+10000000440"", ""is_primary"": true}]",,4922824898,XXXXXX4898,CAN_READ_AND_WRITE,en,images/IND-0440.jpg,kamuntu,jasiri,simba,walizo,biluva,13.5544,71.5125,173,35AB+15,8427 David Overpass Suite 320,Sector 9,000440,KM,LIVESTOCK,WAGE_LABOR,EMPLOYED,4,NONE,,,,,,,,,[],"[{""land_access"": ""TRUE"", ""land_size"": 2.79, ""productive_assets"": null}]","[{""shock_type"": ""JOB_LOSS"", ""shock_date"": ""2025-06-20"", ""shock_period"": ""2025-Q2"", ""coping_strategy"": ""CS_SEEK_AID""}, {""shock_type"": ""JOB_LOSS"", ""shock_date"": ""2025-11-19"", ""shock_period"": ""2025-Q4"", ""coping_strategy"": ""CS_REDUCE_MEALS""}]",[],"[{""program_name"": ""PROG_FOOD_AID"", ""program_start_date"": ""2025-07-13"", ""program_exit_date"": null}]"
i0441,IND-0441,,Ariana,,Brown,Ariana Brown,Ariana Brown,FEMALE,1968-10-06,57,MARRIED,"[{""type"": ""mobile"", ""number"": ""+10000000441"", ""is_primary"": true}]",jimenezanthony@example.org,2405905813,XXXXXX5813,CAN_READ_AND_WRITE,en,images/IND-0441.jpg,kamuntu,kilima,karamu,damu,biliza,18.1469,67.0798,290,81AB+70,524 Kathleen Shore Suite 734,Sector 1,000441,KM,CRAFT,,UNEMPLOYED,5,NONE,NO,FALSE,FALSE,HOST_COMMUNITY,SETTLED,FALSE,NO,,[],"[{""land_access"": ""FALSE"", ""land_size"": null, ""productive_assets"": ""[\""TRACTOR\""]""}, {""land_access"": ""TRUE"", ""land_size"": 6.67, ""productive_assets"": ""[\""TRACTOR\""]""}, {""land_access"": ""TRUE"", ""land_size"": 6.85, ""productive_assets"": ""[\""OTHER\"", \""PLOUGH\""]""}]",[],[],[]
i0442,IND-0442,,Matthew,,Henry,Matthew Henry,Matthew Henry,MALE,1968-10-16,57,SINGLE,"[{""type"": ""mobile"", ""number"": ""+10000000442"", ""is_primary"": true}]",amy88@example.org,9779041827,XXXXXX1827,ILLITERATE,en,images/IND-0442.jpg,kamuntu,kilima,karamu,kobe,billah,18.3948,70.3972,135,83AB+03,1675 Ramos Camp,Sector 2,000442,KM,SERVICES,,EMPLOYED,6,SMARTPHONE,,,,,,,,,[],[],[],[],[]
i0443,IND-0443,,Amanda,Michelle,Hawkins,Amanda Michelle Hawkins,Amanda Michelle Hawkins,FEMALE,1975-10-20,50,MARRIED,"[{""type"": ""mobile"", ""number"": ""+10000000443"", ""is_primary"": true}]",,6121944541,XXXXXX4541,BASIC,en,images/IND-0443.jpg,kamuntu,kilima,pembe,wingi,bielu,14.2277,66.2319,162,42AB+62,276 Larry Loaf Suite 197,Sector 3,000443,KM,LIVESTOCK,,UNEMPLOYED,0,BASIC,NO,FALSE,TRUE,IDP,SETTLED,FALSE,NO,,"[{""livestock_species"": ""GOATS"", ""livestock_counts"": ""BAND_1_5""}, {""livestock_species"": ""GOATS"", ""livestock_counts"": ""BAND_6_10""}, {""livestock_species"": ""SHEEP"", ""livestock_counts"": ""BAND_6_10""}]",[],[],[],[]
i0444,IND-0444,,Matthew,Ashley,Jennings,Matthew Ashley Jennings,Matthew Ashley Jennings,MALE,2022-12-26,3,SINGLE,"[{""type"": ""mobile"", ""number"": ""+10000000444"", ""is_primary"": true}]",,1439698549,XXXXXX8549,,en,images/IND-0444.jpg,kamuntu,kilima,nyani,pika,bilili,15.8343,70.8349,119,58AB+08,280 Baker Ramp Suite 954,Sector 4,000444,KM,,,,,,NO,FALSE,FALSE,HOST_COMMUNITY,SETTLED,FALSE,NO,,[],[],[],[],[]
i0445,IND-0445,,Erica,,Johnson,Erica Johnson,Erica Johnson,FEMALE,2014-07-01,11,SINGLE,"[{""type"": ""mobile"", ""number"": ""+10000000445"", ""is_primary"": true}]",,2905452099,XXXXXX2099,ILLITERATE,en,images/IND-0445.jpg,kamuntu,kilima,nyani,pika,biliha,12.933,69.9671,222,29AB+99,55905 Davis Key,Sector 5,000445,KM,,,,,,NO,FALSE,FALSE,HOST_COMMUNITY,SETTLED,FALSE,NO,,[],[],[],[],[]
i0446,IND-0446,,Wendy,Brian,Jenkins,Wendy Brian Jenkins,Wendy Brian Jenkins,FEMALE,1997-06-24,28,MARRIED,"[{""type"": ""mobile"", ""number"": ""+10000000446"", ""is_primary"": true}]",,6822362090,XXXXXX2090,HIGHER_EDUCATION,en,images/IND-0446.jpg,kamuntu,kilima,pembe,wingi,bievu,18.7032,66.6898,244,87AB+66,34911 Wilson Extension,Sector 6,000446,KM,CRAFT,,EMPLOYED,1,BASIC,,,,,,,,,[],"[{""land_access"": ""TRUE"", ""land_size"": 9.85, ""productive_assets"": ""[\""TRACTOR\"", \""PLOUGH\""]""}, {""land_access"": ""TRUE"", ""land_size"": 3.95, ""productive_assets"": ""[\""OTHER\""]""}, {""land_access"": ""TRUE"", ""land_size"": 8.39, ""productive_assets"": null}]",[],[],[]
i0447,IND-0447,,Alicia,,Nguyen,Alicia Nguyen,Alicia Nguyen,FEMALE,2010-12-23,15,SINGLE,"[{""type"": ""mobile"", ""number"": ""+10000000447"", ""is_primary"": true}]",,5712708693,XXXXXX8693,INTERMEDIARY,en,images/IND-0447.jpg,kamuntu,kilima,pembe,jumba,bevu,15.001,71.0344,246,50AB+10,698 Adams Square Suite 905,Sector 7,000447,KM,BUSINESS_TRADE,,SELF_EMPLOYED,1,NONE,NO,FALSE,FALSE,IDP,SETTLED,FALSE,NO,,[],[],[],[],[]
i0448,IND-0448,,James,,Myers,James Myers,James Myers,MALE,2015-09-11,10,SINGLE,"[{""type"": ""mobile"", ""number"": ""+10000000448"", ""is_primary"": true}]",,9215678070,XXXXXX8070,BASIC,en,images/IND-0448.jpg,kamuntu,chakula,makali,sura,biluqo,12.3792,71.41,220,23AB+14,1357 Jackson Hills,Sector 8,000448,KM,,,,,,NO,FALSE,FALSE,HOST_COMMUNITY,SETTLED,FALSE,NO,,[],[],[],[],[]
i0449,IND-0449,,Heidi,,Graham,Heidi Graham,Heidi Graham,FEMALE,2023-10-24,2,SINGLE,"[{""type"": ""mobile"", ""number"": ""+10000000449"", ""is_primary"": true}]",,5779813535,XXXXXX3535,,en,images/IND-0449.jpg,kamuntu,faraja,asilani,mapicho,bauli,12.2679,69.3046,122,22AB+93,183 Baker Hills Suite 391,Sector 9,000449,KM,,,,,,NO,FALSE,FALSE,IDP,SETTLED,FALSE,NO,,[],[],[],[],[]
i0450,IND-0450,,Michelle,,Lane,Michelle Lane,Michelle Lane,FEMALE,2019-03-04,7,SINGLE,"[{""type"": ""mobile"", ""number"": ""+10000000450"", ""is_primary"": true}]",,5754448479,XXXXXX8479,HIGHER_EDUCATION,en,images/IND-0450.jpg,kamuntu,faraja,asilani,nguvu,bandari,10.9056,65.8571,127,09AB+58,1987 Clark Underpass Apt. 484,Sector 1,000450,KM,,,,,,NO,FALSE,FALSE,HOST_COMMUNITY,SETTLED,FALSE,NO,,[],[],[],"[{""disability_domain"": ""VISION"", ""disability_severity"": ""SOME_DIFFICULTY""}]",[]
i0451,IND-0451,,Jessica,,Fernandez,Jessica Fernandez,Jessica Fernandez,FEMALE,2005-10-03,20,MARRIED,"[{""type"": ""mobile"", ""number"": ""+10000000451"", ""is_primary"": true}]",,9477800442,XXXXXX0442,INTERMEDIARY,en,images/IND-0451.jpg,kamuntu,chakula,makali,cheka,biluqa,16.3284,67.3241,258,63AB+73,6498 Powers Plaza,Sector 2,000451,KM,AGRICULTURE,AGRICULTURE,UNEMPLOYED,0,BASIC,,,,,,,,,"[{""livestock_species"": ""CAMEL"", ""livestock_counts"": ""BAND_21_PLUS""}]",[],"[{""shock_type"": ""FLOOD"", ""shock_date"": ""2025-01-19"", ""shock_period"": ""2025-Q1"", ""coping_strategy"": ""CS_SEEK_AID""}, {""shock_type"": ""CONFLICT"", ""shock_date"": ""2025-07-19"", ""shock_period"": ""2025-Q3"", ""coping_strategy"": ""CS_SEEK_AID""}]",[],[]
i0452,IND-0452,,Catherine,,Smith,Catherine Smith,Catherine Smith,FEMALE,1985-12-04,40,MARRIED,"[{""type"": ""mobile"", ""number"": ""+10000000452"", ""is_primary"": true}]",barbaralewis@example.net,9924488511,XXXXXX8511,HIGHER_EDUCATION,en,images/IND-0452.jpg,kamuntu,faraja,asilani,mapicho,basi,13.4331,66.3974,174,34AB+63,8969 Alexa Lakes Suite 232,Sector 3,000452,KM,UNEMPLOYED,AGRICULTURE,RETIRED,2,NONE,,,,,,,,,"[{""livestock_species"": ""CATTLE"", ""livestock_counts"": ""BAND_6_10""}, {""livestock_species"": ""CATTLE"", ""livestock_counts"": ""BAND_1_5""}]","[{""land_access"": ""TRUE"", ""land_size"": 1.08, ""productive_assets"": ""[\""PLOUGH\""]""}]",[],[],[]
i0453,IND-0453,,Nicole,,Cannon,Nicole Cannon,Nicole Cannon,FEMALE,1976-07-22,49,MARRIED,"[{""type"": ""mobile"", ""number"": ""+10000000453"", ""is_primary"": true}]",,2742870683,XXXXXX0683,INTERMEDIARY,en,images/IND-0453.jpg,kamuntu,chakula,makali,cheka,biluqa,16.3498,67.3586,202,63AB+73,5136 Colon Rue Apt. 493,Sector 4,000453,KM,WAGE_LABOR,,EMPLOYED,4,BASIC,,,,,,,,,"[{""livestock_species"": ""CAMEL"", ""livestock_counts"": ""BAND_11_20""}]",[],[],[],"[{""program_name"": ""PROG_CASH_TRANSFER"", ""program_start_date"": ""2023-01-20"", ""program_exit_date"": null}]"
i0454,IND-0454,,Jennifer,,Wilson,Jennifer Wilson,Jennifer Wilson,FEMALE,2016-08-07,9,SINGLE,"[{""type"": ""mobile"", ""number"": ""+10000000454"", ""is_primary"": true}]",,4509132563,XXXXXX2563,ILLITERATE,en,images/IND-0454.jpg,kamuntu,chakula,njia,wingu,bilufo,13.3187,65.3203,212,33AB+53,34778 Henderson Camp,Sector 5,000454,KM,,,,,,NO,FALSE,FALSE,IDP,SETTLED,FALSE,NO,,[],[],[],[],[]
i0455,IND-0455,,Dakota,,Nelson,Dakota Nelson,Dakota Nelson,MALE,1994-12-16,31,MARRIED,"[{""type"": ""mobile"", ""number"": ""+10000000455"", ""is_primary"": true}]",greenlinda@example.net,7777163837,XXXXXX3837,BASIC,en,images/IND-0455.jpg,kamuntu,faraja,asilani,usawa,baadhi,13.0096,67.0582,131,30AB+70,070 Michele Corner,Sector 6,000455,KM,SERVICES,AGRICULTURE,UNEMPLOYED,1,BASIC,,,,,,,,,[],"[{""land_access"": ""TRUE"", ""land_size"": 8.11, ""productive_assets"": ""[\""PLOUGH\"", \""TRACTOR\""]""}, {""land_access"": ""TRUE"", ""land_size"": 9.06, ""productive_assets"": ""[\""TRACTOR\""]""}]",[],[],"[{""program_name"": ""PROG_HEALTH_INSURANCE"", ""program_start_date"": ""2025-01-25"", ""program_exit_date"": null}]"
i0456,IND-0456,,Emily,,Evans,Emily Evans,Emily Evans,FEMALE,1961-07-07,64,MARRIED,"[{""type"": ""mobile"", ""number"": ""+10000000456"", ""is_primary"": true}]",lesterrichard@example.com,7487221152,XXXXXX1152,HIGHER_EDUCATION,en,images/IND-0456.jpg,kamuntu,faraja,zawadi,kuweza,bilixi,11.6448,65.6453,65,16AB+56,2319 Alejandra Village,Sector 7,000456,KM,UNEMPLOYED,,SELF_EMPLOYED,7,BASIC,NO,FALSE,FALSE,IDP,SETTLED,FALSE,NO,,[],"[{""land_access"": ""TRUE"", ""land_size"": 8.4, ""productive_assets"": ""[\""PLOUGH\"", \""TRACTOR\""]""}, {""land_access"": ""FALSE"", ""land_size"": null, ""productive_assets"": null}]",[],[],"[{""program_name"": ""PROG_FOOD_AID"", ""program_start_date"": ""2025-01-28"", ""program_exit_date"": null}, {""program_name"": ""PROG_CASH_TRANSFER"", ""program_start_date"": ""2023-03-25"", ""program_exit_date"": null}]"
i0457,IND-0457,,Kevin,Alicia,Hampton,Kevin Alicia Hampton,Kevin Alicia Hampton,MALE,1993-06-09,33,SINGLE,"[{""type"": ""mobile"", ""number"": ""+10000000457"", ""is_primary"": true}]",pwilkerson@example.net,1133937440,XXXXXX7440,INTERMEDIARY,en,images/IND-0457.jpg,kamuntu,faraja,tunza,kufa,bilosi,10.3332,69.349,210,03AB+93,5963 Robinson Coves,Sector 8,000457,KM,BUSINESS_TRADE,SERVICES,UNEMPLOYED,1,NONE,,,,,,,,,[],[],[],[],[]
i0458,IND-0458,,Casey,,Booker,Casey Booker,Casey Booker,FEMALE,2006-07-18,19,MARRIED,"[{""type"": ""mobile"", ""number"": ""+10000000458"", ""is_primary"": true}]",,9265587451,XXXXXX7451,CAN_READ_AND_WRITE,en,images/IND-0458.jpg,kamuntu,chakula,rafiki,eneza,biluli,18.234,67.1654,273,82AB+71,4907 Lyons Creek Suite 867,Sector 9,000458,KM,GOVT_EMPLOYMENT,,UNEMPLOYED,0,BASIC,,,,,,,,,"[{""livestock_species"": ""CATTLE"", ""livestock_counts"": ""BAND_1_5""}]",[],[],[],"[{""program_name"": ""PROG_CASH_TRANSFER"", ""program_start_date"": ""2024-05-08"", ""program_exit_date"": null}, {""program_name"": ""PROG_HEALTH_INSURANCE"", ""program_start_date"": ""2023-03-04"", ""program_exit_date"": null}]"
i0459,IND-0459,,Michael,,Richmond,Michael Richmond,Michael Richmond,MALE,2010-07-25,15,SINGLE,"[{""type"": ""mobile"", ""number"": ""+10000000459"", ""is_primary"": true}]",,8120740945,XXXXXX0945,INTERMEDIARY,en,images/IND-0459.jpg,kamuntu,kilima,mkutani,kwetu,asaante,18.0075,71.9236,85,80AB+19,7540 Mckenzie Shore,Sector 1,000459,KM,GOVT_EMPLOYMENT,,SELF_EMPLOYED,5,NONE,NO,FALSE,FALSE,HOST_COMMUNITY,PASTORALIST,TRUE,NO,,[],[],[],[],[]
i0460,IND-0460,,Rebecca,,Brown,Rebecca Brown,Rebecca Brown,FEMALE,1991-12-12,34,MARRIED,"[{""type"": ""mobile"", ""number"": ""+10000000460"", ""is_primary"": true}]",,8817147252,XXXXXX7252,HIGHER_EDUCATION,en,images/IND-0460.jpg,kamuntu,faraja,sihaya,kutaka,bileh,18.5285,68.5126,158,85AB+85,8645 Amanda Freeway,Sector 2,000460,KM,LIVESTOCK,SERVICES,SELF_EMPLOYED,1,BASIC,,,,,,,,,[],"[{""land_access"": ""TRUE"", ""land_size"": 0.29, ""productive_assets"": null}, {""land_access"": ""TRUE"", ""land_size"": 3.29, ""productive_assets"": null}, {""land_access"": ""TRUE"", ""land_size"": 1.05, ""productive_assets"": null}]",[],[],[]
i0461,IND-0461,,Scott,,Price,Scott Price,Scott Price,MALE,2004-05-16,22,SINGLE,"[{""type"": ""mobile"", ""number"": ""+10000000461"", ""is_primary"": true}]",qpennington@example.com,9752563670,XXXXXX3670,ILLITERATE,en,images/IND-0461.jpg,kamuntu,jasiri,simba,tanzu,bilusi,13.9683,69.9569,198,39AB+99,43275 Mccormick Harbor,Sector 3,000461,KM,UNEMPLOYED,,SELF_EMPLOYED,6,SMARTPHONE,,,,,,,,,[],"[{""land_access"": ""TRUE"", ""land_size"": 8.71, ""productive_assets"": ""[\""PLOUGH\""]""}, {""land_access"": ""TRUE"", ""land_size"": 1.04, ""productive_assets"": ""[\""OTHER\"", \""TRACTOR\""]""}]",[],[],"[{""program_name"": ""PROG_FOOD_AID"", ""program_start_date"": ""2024-06-20"", ""program_exit_date"": null}]"
i0462,IND-0462,,Sharon,,Morrow,Sharon Morrow,Sharon Morrow,FEMALE,2019-07-01,6,SINGLE,"[{""type"": ""mobile"", ""number"": ""+10000000462"", ""is_primary"": true}]",,6348227727,XXXXXX7727,ILLITERATE,en,images/IND-0462.jpg,kamuntu,kilima,nyani,pika,biliha,12.9831,69.9864,221,29AB+99,6561 Holly Parkways Apt. 569,Sector 4,000462,KM,,,,,,NO,FALSE,FALSE,IDP,SETTLED,FALSE,NO,,[],[],[],"[{""disability_domain"": ""COMMUNICATION"", ""disability_severity"": ""A_LOT_OF_DIFFICULTY""}, {""disability_domain"": ""COGNITION"", ""disability_severity"": ""CANNOT_DO_AT_ALL""}]",[]
i0463,IND-0463,,Monica,,Kelley,Monica Kelley,Monica Kelley,FEMALE,1965-01-13,61,MARRIED,"[{""type"": ""mobile"", ""number"": ""+10000000463"", ""is_primary"": true}]",shawn00@example.net,8446676790,XXXXXX6790,CAN_READ_AND_WRITE,en,images/IND-0463.jpg,kamuntu,jasiri,mapema,ushindi,bimaxa,16.7121,70.7661,254,67AB+07,720 Gonzalez Inlet,Sector 5,000463,KM,LIVESTOCK,,EMPLOYED,4,BASIC,NO,FALSE,FALSE,HOST_COMMUNITY,SETTLED,FALSE,NO,,"[{""livestock_species"": ""CAMEL"", ""livestock_counts"": ""BAND_6_10""}, {""livestock_species"": ""DONKEY"", ""livestock_counts"": ""BAND_21_PLUS""}, {""livestock_species"": ""GOATS"", ""livestock_counts"": ""BAND_11_20""}]",[],[],"[{""disability_domain"": ""MOBILITY"", ""disability_severity"": ""A_LOT_OF_DIFFICULTY""}]",[]
i0464,IND-0464,,Emily,,Miller,Emily Miller,Emily Miller,FEMALE,2000-02-12,26,MARRIED,"[{""type"": ""mobile"", ""number"": ""+10000000464"", ""is_primary"": true}]",,3483097086,XXXXXX7086,HIGHER_EDUCATION,en,images/IND-0464.jpg,kamuntu,kilima,mkutani,mtai,baraka,12.4373,69.4456,124,24AB+94,82965 Mendoza Street,Sector 6,000464,KM,GOVT_EMPLOYMENT,UNEMPLOYED,RETIRED,4,SMARTPHONE,,,,,,,,,"[{""livestock_species"": ""GOATS"", ""livestock_counts"": ""BAND_1_5""}, {""livestock_species"": ""CAMEL"", ""livestock_counts"": ""BAND_6_10""}, {""livestock_species"": ""DONKEY"", ""livestock_counts"": ""BAND_6_10""}]",[],[],[],"[{""program_name"": ""PROG_HEALTH_INSURANCE"", ""program_start_date"": ""2023-06-20"", ""program_exit_date"": null}]"
i0465,IND-0465,,Brandi,,Thompson,Brandi Thompson,Brandi Thompson,FEMALE,2019-10-04,6,SINGLE,"[{""type"": ""mobile"", ""number"": ""+10000000465"", ""is_primary"": true}]",,6488318795,XXXXXX8795,BASIC,en,images/IND-0465.jpg,kamuntu,kilima,mkutani,msitu,bambi,14.5133,66.5281,269,45AB+65,3165 Phillip Lane Apt. 008,Sector 7,000465,KM,,,,,,NO,FALSE,FALSE,HOST_COMMUNITY,SETTLED,FALSE,NO,,[],[],[],[],[]
i0466,IND-0466,,Matthew,,Sims,Matthew Sims,Matthew Sims,MALE,1958-09-27,67,MARRIED,"[{""type"": ""mobile"", ""number"": ""+10000000466"", ""is_primary"": true}]",,6048301832,XXXXXX1832,ILLITERATE,en,images/IND-0466.jpg,kamuntu,kilima,mkutani,kwetu,athari,11.4383,70.3836,96,14AB+03,3420 Williamson Rapid,Sector 8,000466,KM,WAGE_LABOR,,EMPLOYED,2,NONE,YES,FALSE,FALSE,HOST_COMMUNITY,SETTLED,FALSE,NO,,"[{""livestock_species"": ""CHICKEN"", ""livestock_counts"": ""BAND_6_10""}, {""livestock_species"": ""CAMEL"", ""livestock_counts"": ""BAND_11_20""}]","[{""land_access"": ""TRUE"", ""land_size"": 0.81, ""productive_assets"": null}]",[],[],[]
i0467,IND-0467,,David,,Davis,David Davis,David Davis,MALE,1983-01-24,43,SINGLE,"[{""type"": ""mobile"", ""number"": ""+10000000467"", ""is_primary"": true}]",,9562384841,XXXXXX4841,CAN_READ_AND_WRITE,en,images/IND-0467.jpg,kamuntu,chakula,njia,joto,bilugo,15.437,69.3838,162,54AB+93,91086 Wilcox Park Apt. 333,Sector 9,000467,KM,BUSINESS_TRADE,LIVESTOCK,EMPLOYED,2,SMARTPHONE,,,,,,,,,[],"[{""land_access"": ""FALSE"", ""land_size"": null, ""productive_assets"": ""[\""TRACTOR\"", \""PLOUGH\""]""}]",[],[],[]
i0468,IND-0468,,Theresa,Joseph,Li,Theresa Joseph Li,Theresa Joseph Li,FEMALE,2007-03-10,19,SINGLE,"[{""type"": ""mobile"", ""number"": ""+10000000468"", ""is_primary"": true}]",,7287896242,XXXXXX6242,HIGHER_EDUCATION,en,images/IND-0468.jpg,kamuntu,kilima,karamu,kobe,billi,16.3676,65.3676,292,63AB+53,2639 Wanda Haven Apt. 626,Sector 1,000468,KM,UNEMPLOYED,,EMPLOYED,1,NONE,NO,FALSE,FALSE,IDP,SETTLED,FALSE,YES,2025-08-28,[],[],[],[],[]
i0469,IND-0469,,Rebecca,,Johnson,Rebecca Johnson,Rebecca Johnson,FEMALE,1995-08-09,30,SINGLE,"[{""type"": ""mobile"", ""number"": ""+10000000469"", ""is_primary"": true}]",joe73@example.com,9032781720,XXXXXX1720,BASIC,en,images/IND-0469.jpg,kamuntu,kilima,karamu,hasara,bilota,12.7212,65.8127,164,27AB+58,07256 Jennifer Station Suite 941,Sector 2,000469,KM,BUSINESS_TRADE,CRAFT,EMPLOYED,2,SMARTPHONE,,,,,,,,,[],[],[],[],[]
i0470,IND-0470,,Brandon,Marvin,Brown,Brandon Marvin Brown,Brandon Marvin Brown,MALE,1993-07-23,32,DIVORCED,"[{""type"": ""mobile"", ""number"": ""+10000000470"", ""is_primary"": true}]",thomasgomez@example.net,8981576848,XXXXXX6848,HIGHER_EDUCATION,en,images/IND-0470.jpg,kamuntu,faraja,tunza,kufa,bilosa,14.9235,71.9167,75,49AB+19,48964 Lambert Curve,Sector 3,000470,KM,BUSINESS_TRADE,WAGE_LABOR,RETIRED,7,SMARTPHONE,,,,,,,,,"[{""livestock_species"": ""CAMEL"", ""livestock_counts"": ""BAND_1_5""}, {""livestock_species"": ""CAMEL"", ""livestock_counts"": ""BAND_21_PLUS""}, {""livestock_species"": ""CATTLE"", ""livestock_counts"": ""BAND_6_10""}]",[],[],[],"[{""program_name"": ""PROG_CASH_TRANSFER"", ""program_start_date"": ""2024-07-26"", ""program_exit_date"": null}, {""program_name"": ""PROG_EDUCATION_SUPPORT"", ""program_start_date"": ""2024-04-19"", ""program_exit_date"": null}]"
i0471,IND-0471,,Tracy,,Hansen,Tracy Hansen,Tracy Hansen,FEMALE,1967-04-22,59,MARRIED,"[{""type"": ""mobile"", ""number"": ""+10000000471"", ""is_primary"": true}]",jorgegordon@example.com,7528145504,XXXXXX5504,ILLITERATE,en,images/IND-0471.jpg,kamuntu,chakula,rafiki,mahaba,biluko,19.3178,65.3493,130,93AB+53,15862 Wilson Cape Apt. 745,Sector 4,000471,KM,GOVT_EMPLOYMENT,,EMPLOYED,1,BASIC,,,,,,,,,[],[],[],[],[]
i0472,IND-0472,,Timothy,Natalie,Campbell,Timothy Natalie Campbell,Timothy Natalie Campbell,MALE,2019-02-24,7,SINGLE,"[{""type"": ""mobile"", ""number"": ""+10000000472"", ""is_primary"": true}]",,8239165449,XXXXXX5449,CAN_READ_AND_WRITE,en,images/IND-0472.jpg,kamuntu,faraja,sihaya,kusoma,bichi,17.1752,65.2125,114,71AB+52,562 Doyle Overpass Apt. 870,Sector 5,000472,KM,,,,,,NO,FALSE,FALSE,HOST_COMMUNITY,SETTLED,FALSE,NO,,[],[],[],"[{""disability_domain"": ""VISION"", ""disability_severity"": ""SOME_DIFFICULTY""}, {""disability_domain"": ""COMMUNICATION"", ""disability_severity"": ""CANNOT_DO_AT_ALL""}]",[]
i0473,IND-0473,,Colin,,Brown,Colin Brown,Colin Brown,MALE,2016-08-13,9,SINGLE,"[{""type"": ""mobile"", ""number"": ""+10000000473"", ""is_primary"": true}]",,3740545127,XXXXXX5127,HIGHER_EDUCATION,en,images/IND-0473.jpg,kamuntu,kilima,mkutani,mtai,bano,17.3308,70.272,269,73AB+02,74276 Wanda Park,Sector 6,000473,KM,,,,,,NO,FALSE,FALSE,HOST_COMMUNITY,SETTLED,FALSE,NO,,[],[],[],[],[]
i0474,IND-0474,,Amanda,,Kelly,Amanda Kelly,Amanda Kelly,FEMALE,1967-10-24,58,WIDOWED,"[{""type"": ""mobile"", ""number"": ""+10000000474"", ""is_primary"": true}]",,6086370835,XXXXXX0835,BASIC,en,images/IND-0474.jpg,kamuntu,kilima,nyani,mkunge,bileya,17.9695,68.006,69,79AB+80,7121 Davis Ways Suite 228,Sector 7,000474,KM,WAGE_LABOR,SERVICES,EMPLOYED,6,SMARTPHONE,,,,,,,,,[],[],[],[],[]
i0475,IND-0475,,Samantha,,Elliott,Samantha Elliott,Samantha Elliott,FEMALE,1984-03-22,42,MARRIED,"[{""type"": ""mobile"", ""number"": ""+10000000475"", ""is_primary"": true}]",,5612782269,XXXXXX2269,BASIC,en,images/IND-0475.jpg,kamuntu,faraja,asilani,nguvu,bandari,10.9277,65.8883,135,09AB+58,089 Robert Club,Sector 8,000475,KM,CRAFT,,SELF_EMPLOYED,4,NONE,NO,FALSE,FALSE,IDP,PASTORALIST,TRUE,NO,,"[{""livestock_species"": ""CHICKEN"", ""livestock_counts"": ""BAND_21_PLUS""}, {""livestock_species"": ""DONKEY"", ""livestock_counts"": ""BAND_1_5""}, {""livestock_species"": ""SHEEP"", ""livestock_counts"": ""BAND_21_PLUS""}]",[],[],[],"[{""program_name"": ""PROG_CASH_TRANSFER"", ""program_start_date"": ""2024-07-17"", ""program_exit_date"": null}]"
i0476,IND-0476,,Danielle,Clinton,Jimenez,Danielle Clinton Jimenez,Danielle Clinton Jimenez,FEMALE,2016-12-24,9,SINGLE,"[{""type"": ""mobile"", ""number"": ""+10000000476"", ""is_primary"": true}]",,7916193949,XXXXXX3949,HIGHER_EDUCATION,en,images/IND-0476.jpg,kamuntu,faraja,tunza,kufanya,billsi,15.4678,71.4992,86,54AB+14,41659 Mary Drives Apt. 177,Sector 9,000476,KM,,,,,,NO,FALSE,FALSE,HOST_COMMUNITY,SETTLED,FALSE,NO,,[],[],[],[],[]
i0477,IND-0477,,Jordan,Brooke,Moses,Jordan Brooke Moses,Jordan Brooke Moses,FEMALE,1991-08-04,34,MARRIED,"[{""type"": ""mobile"", ""number"": ""+10000000477"", ""is_primary"": true}]",,1443614797,XXXXXX4797,ILLITERATE,en,images/IND-0477.jpg,kamuntu,faraja,asilani,nguvu,bandari,10.8573,65.9071,114,08AB+59,0975 Jason Causeway,Sector 1,000477,KM,GOVT_EMPLOYMENT,,SELF_EMPLOYED,3,SMARTPHONE,,,,,,,,,[],[],"[{""shock_type"": ""ILLNESS"", ""shock_date"": ""2025-06-27"", ""shock_period"": ""2025-Q2"", ""coping_strategy"": ""CS_REDUCE_MEALS""}]",[],[]
i0478,IND-0478,,Rebecca,Lauren,Campbell,Rebecca Lauren Campbell,Rebecca Lauren Campbell,FEMALE,2000-08-24,25,MARRIED,"[{""type"": ""mobile"", ""number"": ""+10000000478"", ""is_primary"": true}]",paynecarrie@example.org,2144335983,XXXXXX5983,INTERMEDIARY,en,images/IND-0478.jpg,kamuntu,faraja,zawadi,kujua,bilina,17.76,69.7805,197,77AB+97,2361 Melissa Estates Suite 642,Sector 2,000478,KM,AGRICULTURE,,SELF_EMPLOYED,0,SMARTPHONE,,,,,,,,,"[{""livestock_species"": ""GOATS"", ""livestock_counts"": ""BAND_1_5""}, {""livestock_species"": ""GOATS"", ""livestock_counts"": ""BAND_21_PLUS""}]","[{""land_access"": ""TRUE"", ""land_size"": 5.32, ""productive_assets"": null}, {""land_access"": ""TRUE"", ""land_size"": 0.71, ""productive_assets"": ""[\""TRACTOR\"", \""OTHER\""]""}]",[],[],[]
i0479,IND-0479,,Barbara,,Henry,Barbara Henry,Barbara Henry,FEMALE,1978-12-08,47,MARRIED,"[{""type"": ""mobile"", ""number"": ""+10000000479"", ""is_primary"": true}]",tfitzgerald@example.net,5309172294,XXXXXX2294,HIGHER_EDUCATION,en,images/IND-0479.jpg,kamuntu,chakula,makali,sura,bilura,17.3154,67.3018,173,73AB+73,1583 Griffin Loaf,Sector 3,000479,KM,GOVT_EMPLOYMENT,,RETIRED,3,SMARTPHONE,,,,,,,,,[],[],[],[],"[{""program_name"": ""PROG_HEALTH_INSURANCE"", ""program_start_date"": ""2024-07-23"", ""program_exit_date"": null}]"
i0480,IND-0480,,Karen,,Hart,Karen Hart,Karen Hart,FEMALE,2000-04-03,26,MARRIED,"[{""type"": ""mobile"", ""number"": ""+10000000480"", ""is_primary"": true}]",,5684378987,XXXXXX8987,BASIC,en,images/IND-0480.jpg,kamuntu,faraja,tunza,kuwasha,bilkou,10.2935,70.3361,70,02AB+03,65926 Davis Passage Suite 732,Sector 4,000480,KM,WAGE_LABOR,CRAFT,EMPLOYED,7,BASIC,,,,,,,,,"[{""livestock_species"": ""CAMEL"", ""livestock_counts"": ""BAND_21_PLUS""}, {""livestock_species"": ""CAMEL"", ""livestock_counts"": ""BAND_6_10""}, {""livestock_species"": ""CHICKEN"", ""livestock_counts"": ""BAND_21_PLUS""}]","[{""land_access"": ""FALSE"", ""land_size"": null, ""productive_assets"": null}, {""land_access"": ""TRUE"", ""land_size"": 2.69, ""productive_assets"": ""[\""PLOUGH\"", \""OTHER\""]""}]",[],[],[]
i0481,IND-0481,,Timothy,Deborah,Rose,Timothy Deborah Rose,Timothy Deborah Rose,MALE,2024-04-28,2,SINGLE,"[{""type"": ""mobile"", ""number"": ""+10000000481"", ""is_primary"": true}]",,3837831301,XXXXXX1301,,en,images/IND-0481.jpg,kamuntu,jasiri,baraka,umani,bimama,11.0799,70.089,77,10AB+00,7617 Hernandez Crossroad,Sector 5,000481,KM,,,,,,NO,FALSE,FALSE,HOST_COMMUNITY,SETTLED,FALSE,NO,,[],[],[],[],[]
i0482,IND-0482,,Melinda,,Evans,Melinda Evans,Melinda Evans,FEMALE,1970-09-08,55,MARRIED,"[{""type"": ""mobile"", ""number"": ""+10000000482"", ""is_primary"": true}]",alexandraphillips@example.org,1601050402,XXXXXX0402,INTERMEDIARY,en,images/IND-0482.jpg,kamuntu,jasiri,baraka,tetemeka,bimaia,14.7793,69.832,201,47AB+98,81866 Steven Stravenue,Sector 6,000482,KM,BUSINESS_TRADE,,EMPLOYED,3,SMARTPHONE,,,,,,,,,[],"[{""land_access"": ""TRUE"", ""land_size"": 9.82, ""productive_assets"": ""[\""PLOUGH\"", \""TRACTOR\""]""}]",[],[],"[{""program_name"": ""PROG_HEALTH_INSURANCE"", ""program_start_date"": ""2023-03-13"", ""program_exit_date"": null}]"
i0483,IND-0483,,Laura,,King,Laura King,Laura King,FEMALE,1945-05-13,81,SINGLE,"[{""type"": ""mobile"", ""number"": ""+10000000483"", ""is_primary"": true}]",brenda80@example.org,2457218442,XXXXXX8442,HIGHER_EDUCATION,en,images/IND-0483.jpg,kamuntu,kilima,pembe,soko,bere,19.5338,66.5721,153,95AB+65,26016 Edwards Stream Suite 794,Sector 7,000483,KM,SERVICES,,RETIRED,6,BASIC,NO,FALSE,TRUE,HOST_COMMUNITY,SETTLED,FALSE,NO,,[],"[{""land_access"": ""TRUE"", ""land_size"": 4.39, ""productive_assets"": null}]","[{""shock_type"": ""DROUGHT"", ""shock_date"": ""2025-03-08"", ""shock_period"": ""2025-Q1"", ""coping_strategy"": ""CS_REDUCE_MEALS""}, {""shock_type"": ""FLOOD"", ""shock_date"": ""2025-07-13"", ""shock_period"": ""2025-Q3"", ""coping_strategy"": ""CS_SEEK_AID""}]",[],[]
i0484,IND-0484,,Glenn,,Hull,Glenn Hull,Glenn Hull,MALE,2007-09-06,18,SINGLE,"[{""type"": ""mobile"", ""number"": ""+10000000484"", ""is_primary"": true}]",,5903093758,XXXXXX3758,CAN_READ_AND_WRITE,en,images/IND-0484.jpg,kamuntu,chakula,makali,cheka,bilupu,19.9954,66.9771,285,99AB+69,21941 Ferguson Avenue,Sector 8,000484,KM,CRAFT,,EMPLOYED,7,SMARTPHONE,,,,,,,,,[],[],[],[],[]
i0485,IND-0485,,James,Diana,Smith,James Diana Smith,James Diana Smith,MALE,1994-08-08,31,WIDOWED,"[{""type"": ""mobile"", ""number"": ""+10000000485"", ""is_primary"": true}]",,5712834281,XXXXXX4281,ILLITERATE,en,images/IND-0485.jpg,kamuntu,jasiri,mapema,upendo,bimbaa,17.8311,67.8535,66,78AB+78,697 Montgomery Ridges Suite 641,Sector 9,000485,KM,WAGE_LABOR,,RETIRED,6,NONE,,,,,,,,,"[{""livestock_species"": ""CHICKEN"", ""livestock_counts"": ""BAND_6_10""}]","[{""land_access"": ""FALSE"", ""land_size"": null, ""productive_assets"": null}]",[],"[{""disability_domain"": ""SELF_CARE"", ""disability_severity"": ""SOME_DIFFICULTY""}]","[{""program_name"": ""PROG_FOOD_AID"", ""program_start_date"": ""2023-04-04"", ""program_exit_date"": null}]"
i0486,IND-0486,,Beth,,Smith,Beth Smith,Beth Smith,FEMALE,2000-01-30,26,WIDOWED,"[{""type"": ""mobile"", ""number"": ""+10000000486"", ""is_primary"": true}]",cabreraheather@example.org,7125531606,XXXXXX1606,ILLITERATE,en,images/IND-0486.jpg,kamuntu,kilima,pembe,upande,bigi,18.0112,68.0282,223,80AB+80,72368 Christopher Trail,Sector 1,000486,KM,SERVICES,,EMPLOYED,1,BASIC,,,,,,,,,[],"[{""land_access"": ""FALSE"", ""land_size"": null, ""productive_assets"": ""[\""TRACTOR\""]""}, {""land_access"": ""TRUE"", ""land_size"": 3.64, ""productive_assets"": ""[\""PLOUGH\"", \""TRACTOR\""]""}]",[],[],"[{""program_name"": ""PROG_HEALTH_INSURANCE"", ""program_start_date"": ""2025-11-23"", ""program_exit_date"": null}, {""program_name"": ""PROG_EDUCATION_SUPPORT"", ""program_start_date"": ""2025-02-16"", ""program_exit_date"": null}]"
i0487,IND-0487,,John,,Wells,John Wells,John Wells,MALE,1955-12-15,70,MARRIED,"[{""type"": ""mobile"", ""number"": ""+10000000487"", ""is_primary"": true}]",wilsonrachel@example.net,2440977557,XXXXXX7557,BASIC,en,images/IND-0487.jpg,kamuntu,faraja,tunza,kufa,biloti,14.6321,69.6341,156,46AB+96,7079 James Port Suite 050,Sector 2,000487,KM,SERVICES,,EMPLOYED,1,BASIC,NO,FALSE,TRUE,IDP,PASTORALIST,TRUE,NO,,[],[],[],"[{""disability_domain"": ""COGNITION"", ""disability_severity"": ""SOME_DIFFICULTY""}]",[]
i0488,IND-0488,,Brian,,Abbott,Brian Abbott,Brian Abbott,MALE,1963-09-11,62,WIDOWED,"[{""type"": ""mobile"", ""number"": ""+10000000488"", ""is_primary"": true}]",fpetty@example.net,1677546830,XXXXXX6830,ILLITERATE,en,images/IND-0488.jpg,kamuntu,jasiri,simba,nyumbani,biluwu,13.058,64.9781,51,30AB+49,76789 Hall Circle Apt. 695,Sector 3,000488,KM,AGRICULTURE,GOVT_EMPLOYMENT,EMPLOYED,2,NONE,NO,FALSE,FALSE,HOST_COMMUNITY,SETTLED,FALSE,NO,,"[{""livestock_species"": ""CHICKEN"", ""livestock_counts"": ""BAND_6_10""}, {""livestock_species"": ""CATTLE"", ""livestock_counts"": ""BAND_11_20""}]",[],"[{""shock_type"": ""ILLNESS"", ""shock_date"": ""2025-08-19"", ""shock_period"": ""2025-Q3"", ""coping_strategy"": ""CS_SEEK_AID""}]",[],[]
i0489,IND-0489,,Kristen,,Adams,Kristen Adams,Kristen Adams,FEMALE,1969-10-31,56,MARRIED,"[{""type"": ""mobile"", ""number"": ""+10000000489"", ""is_primary"": true}]",hsmall@example.com,1885451419,XXXXXX1419,CAN_READ_AND_WRITE,en,images/IND-0489.jpg,kamuntu,jasiri,mapema,upendo,bimbea,11.134,71.1223,155,11AB+11,6024 Taylor Mill Apt. 839,Sector 4,000489,KM,AGRICULTURE,,UNEMPLOYED,6,BASIC,,,,,,,,,[],[],[],[],"[{""program_name"": ""PROG_EDUCATION_SUPPORT"", ""program_start_date"": ""2024-08-22"", ""program_exit_date"": null}, {""program_name"": ""PROG_HEALTH_INSURANCE"", ""program_start_date"": ""2025-02-18"", ""program_exit_date"": null}]"
i0490,IND-0490,,Terry,,Morgan,Terry Morgan,Terry Morgan,MALE,1966-10-13,59,DIVORCED,"[{""type"": ""mobile"", ""number"": ""+10000000490"", ""is_primary"": true}]",sanderson@example.net,8656135818,XXXXXX5818,HIGHER_EDUCATION,en,images/IND-0490.jpg,kamuntu,jasiri,ndoto,tupa,bimada,16.5948,68.5605,110,65AB+85,5729 Justin Summit Apt. 722,Sector 5,000490,KM,WAGE_LABOR,,UNEMPLOYED,2,BASIC,,,,,,,,,"[{""livestock_species"": ""SHEEP"", ""livestock_counts"": ""BAND_6_10""}, {""livestock_species"": ""CATTLE"", ""livestock_counts"": ""BAND_1_5""}]",[],[],[],"[{""program_name"": ""PROG_EDUCATION_SUPPORT"", ""program_start_date"": ""2025-02-22"", ""program_exit_date"": null}, {""program_name"": ""PROG_CASH_TRANSFER"", ""program_start_date"": ""2024-06-16"", ""program_exit_date"": null}]"
i0491,IND-0491,,Curtis,,Obrien,Curtis Obrien,Curtis Obrien,MALE,1968-05-27,58,MARRIED,"[{""type"": ""mobile"", ""number"": ""+10000000491"", ""is_primary"": true}]",,6188787377,XXXXXX7377,INTERMEDIARY,en,images/IND-0491.jpg,kamuntu,faraja,tunza,kuitwa,biloto,10.4953,68.5013,88,04AB+85,7433 Yvette Knolls,Sector 6,000491,KM,WAGE_LABOR,BUSINESS_TRADE,RETIRED,2,NONE,,,,,,,,,"[{""livestock_species"": ""SHEEP"", ""livestock_counts"": ""BAND_21_PLUS""}]",[],[],[],[]
i0492,IND-0492,,Stanley,Eric,Kelly,Stanley Eric Kelly,Stanley Eric Kelly,MALE,1963-02-04,63,MARRIED,"[{""type"": ""mobile"", ""number"": ""+10000000492"", ""is_primary"": true}]",romanmatthew@example.org,7161867807,XXXXXX7807,ILLITERATE,en,images/IND-0492.jpg,kamuntu,jasiri,simba,tanzu,bilusi,13.9534,70.0005,244,39AB+00,83745 Hammond Trail,Sector 7,000492,KM,BUSINESS_TRADE,LIVESTOCK,RETIRED,7,BASIC,YES,FALSE,FALSE,IDP,SETTLED,FALSE,NO,,[],[],"[{""shock_type"": ""CONFLICT"", ""shock_date"": ""2025-04-27"", ""shock_period"": ""2025-Q2"", ""coping_strategy"": ""CS_BORROW""}]",[],"[{""program_name"": ""PROG_FOOD_AID"", ""program_start_date"": ""2024-01-20"", ""program_exit_date"": null}, {""program_name"": ""PROG_EDUCATION_SUPPORT"", ""program_start_date"": ""2023-07-27"", ""program_exit_date"": null}]"
i0493,IND-0493,,Shawn,,Adams,Shawn Adams,Shawn Adams,MALE,2020-10-29,5,SINGLE,"[{""type"": ""mobile"", ""number"": ""+10000000493"", ""is_primary"": true}]",,1498495745,XXXXXX5745,,en,images/IND-0493.jpg,kamuntu,jasiri,mapema,tahini,amani,19.0495,65.0321,201,90AB+50,891 Sara Mill,Sector 8,000493,KM,,,,,,NO,FALSE,FALSE,HOST_COMMUNITY,SETTLED,FALSE,NO,,[],[],[],[],[]
i0494,IND-0494,,Rebecca,,Estes,Rebecca Estes,Rebecca Estes,FEMALE,1973-03-15,53,MARRIED,"[{""type"": ""mobile"", ""number"": ""+10000000494"", ""is_primary"": true}]",,5767984371,XXXXXX4371,INTERMEDIARY,en,images/IND-0494.jpg,kamuntu,jasiri,ndoto,karibu,biluyo,16.5528,65.5537,155,65AB+55,99180 Gary Crest,Sector 9,000494,KM,BUSINESS_TRADE,BUSINESS_TRADE,UNEMPLOYED,1,NONE,NO,FALSE,TRUE,HOST_COMMUNITY,SETTLED,FALSE,NO,,[],[],[],[],"[{""program_name"": ""PROG_HEALTH_INSURANCE"", ""program_start_date"": ""2024-04-26"", ""program_exit_date"": null}, {""program_name"": ""PROG_CASH_TRANSFER"", ""program_start_date"": ""2025-12-13"", ""program_exit_date"": null}]"
i0495,IND-0495,,Seth,Eric,Bartlett,Seth Eric Bartlett,Seth Eric Bartlett,MALE,2000-04-10,26,WIDOWED,"[{""type"": ""mobile"", ""number"": ""+10000000495"", ""is_primary"": true}]",jean87@example.net,1622518030,XXXXXX8030,INTERMEDIARY,en,images/IND-0495.jpg,kamuntu,faraja,zawadi,kujua,bililo,13.5328,66.4855,149,35AB+64,55213 Montes Trafficway,Sector 1,000495,KM,AGRICULTURE,,RETIRED,6,NONE,NO,FALSE,FALSE,HOST_COMMUNITY,SETTLED,FALSE,NO,,[],"[{""land_access"": ""TRUE"", ""land_size"": 1.54, ""productive_assets"": ""[\""TRACTOR\"", \""PLOUGH\""]""}, {""land_access"": ""TRUE"", ""land_size"": 5.85, ""productive_assets"": ""[\""TRACTOR\"", \""OTHER\""]""}, {""land_access"": ""TRUE"", ""land_size"": 7.74, ""productive_assets"": ""[\""TRACTOR\""]""}]",[],[],"[{""program_name"": ""PROG_FOOD_AID"", ""program_start_date"": ""2023-04-21"", ""program_exit_date"": null}]"
i0496,IND-0496,,Randy,,Sanchez,Randy Sanchez,Randy Sanchez,MALE,1956-06-12,70,SINGLE,"[{""type"": ""mobile"", ""number"": ""+10000000496"", ""is_primary"": true}]",gpeterson@example.org,3442401169,XXXXXX1169,CAN_READ_AND_WRITE,en,images/IND-0496.jpg,kamuntu,jasiri,mapema,ujinga,bimben,15.0181,69.0011,169,50AB+90,5653 Karen Pines,Sector 2,000496,KM,SERVICES,,UNEMPLOYED,5,SMARTPHONE,NO,FALSE,FALSE,HOST_COMMUNITY,SETTLED,FALSE,NO,,"[{""livestock_species"": ""DONKEY"", ""livestock_counts"": ""BAND_1_5""}, {""livestock_species"": ""DONKEY"", ""livestock_counts"": ""BAND_11_20""}]","[{""land_access"": ""TRUE"", ""land_size"": 4.88, ""productive_assets"": ""[\""PLOUGH\"", \""OTHER\""]""}, {""land_access"": ""TRUE"", ""land_size"": 4.81, ""productive_assets"": ""[\""OTHER\"", \""PLOUGH\""]""}, {""land_access"": ""TRUE"", ""land_size"": 8.31, ""productive_assets"": ""[\""PLOUGH\""]""}]","[{""shock_type"": ""FLOOD"", ""shock_date"": ""2025-09-14"", ""shock_period"": ""2025-Q3"", ""coping_strategy"": ""CS_SEEK_AID""}]","[{""disability_domain"": ""COMMUNICATION"", ""disability_severity"": ""SOME_DIFFICULTY""}, {""disability_domain"": ""VISION"", ""disability_severity"": ""SOME_DIFFICULTY""}]","[{""program_name"": ""PROG_FOOD_AID"", ""program_start_date"": ""2024-11-26"", ""program_exit_date"": null}]"
i0497,IND-0497,,Jennifer,Laurie,Perez,Jennifer Laurie Perez,Jennifer Laurie Perez,FEMALE,2006-09-24,19,MARRIED,"[{""type"": ""mobile"", ""number"": ""+10000000497"", ""is_primary"": true}]",,4672214312,XXXXXX4312,CAN_READ_AND_WRITE,en,images/IND-0497.jpg,kamuntu,faraja,asilani,usawa,balozi,16.6886,67.7657,175,66AB+77,7850 Thomas Branch Apt. 155,Sector 3,000497,KM,SERVICES,,SELF_EMPLOYED,4,BASIC,,,,,,,,,[],[],"[{""shock_type"": ""JOB_LOSS"", ""shock_date"": ""2025-04-07"", ""shock_period"": ""2025-Q2"", ""coping_strategy"": ""CS_SELL_ASSETS""}]",[],"[{""program_name"": ""PROG_HEALTH_INSURANCE"", ""program_start_date"": ""2024-01-11"", ""program_exit_date"": null}]"
i0498,IND-0498,,Jennifer,,Barton,Jennifer Barton,Jennifer Barton,FEMALE,2003-09-09,22,MARRIED,"[{""type"": ""mobile"", ""number"": ""+10000000498"", ""is_primary"": true}]",,2059371626,XXXXXX1626,CAN_READ_AND_WRITE,en,images/IND-0498.jpg,kamuntu,jasiri,ndoto,habari,biluzi,17.8927,68.9179,278,78AB+89,60290 Barnes Springs Suite 550,Sector 4,000498,KM,BUSINESS_TRADE,,UNEMPLOYED,3,NONE,,,,,,,,,[],"[{""land_access"": ""TRUE"", ""land_size"": 0.56, ""productive_assets"": ""[\""PLOUGH\""]""}, {""land_access"": ""FALSE"", ""land_size"": null, ""productive_assets"": ""[\""TRACTOR\"", \""PLOUGH\""]""}, {""land_access"": ""TRUE"", ""land_size"": 9.96, ""productive_assets"": ""[\""TRACTOR\""]""}]",[],[],"[{""program_name"": ""PROG_CASH_TRANSFER"", ""program_start_date"": ""2025-08-06"", ""program_exit_date"": null}, {""program_name"": ""PROG_EDUCATION_SUPPORT"", ""program_start_date"": ""2025-06-15"", ""program_exit_date"": null}]"
i0499,IND-0499,,Ronald,,Mccullough,Ronald Mccullough,Ronald Mccullough,MALE,2023-11-03,2,SINGLE,"[{""type"": ""mobile"", ""number"": ""+10000000499"", ""is_primary"": true}]",,3165592658,XXXXXX2658,,en,images/IND-0499.jpg,kamuntu,faraja,zawadi,kusikia,bilivu,18.2126,67.2094,257,82AB+72,673 Terry Valleys,Sector 5,000499,KM,,,,,,NO,TRUE,FALSE,HOST_COMMUNITY,SETTLED,FALSE,NO,,[],[],[],[],[]
i0500,IND-0500,,Richard,,Sullivan,Richard Sullivan,Richard Sullivan,MALE,2008-05-08,18,MARRIED,"[{""type"": ""mobile"", ""number"": ""+10000000500"", ""is_primary"": true}]",nicolemiller@example.net,1936330742,XXXXXX0742,BASIC,en,images/IND-0500.jpg,kamuntu,faraja,asilani,kufa,beni,17.5458,67.5339,73,75AB+75,2884 Christopher Plaza Suite 852,Sector 6,000500,KM,UNEMPLOYED,LIVESTOCK,SELF_EMPLOYED,3,SMARTPHONE,,,,,,,,,"[{""livestock_species"": ""DONKEY"", ""livestock_counts"": ""BAND_21_PLUS""}]",[],[],[],[]
