{"type": "FeatureCollection", "features": [{"type": "Feature", "properties": {"pcode": "ET01", "name": "Tigray", "parent_pcode": "ET", "level": "region"}, "geometry": {"type": "Polygon", "coordinates": [[[39.03015454400014, 13.172615994000125], [39.04159878000007, 13.16150231500012], [39.03693391400009, 13.134239229000116], [38.97860189000005, 13.098962081000025], [39.004334067000116, 13.023397491000026], [38.994455238000114, 13.011741138000048], [39.00021910600003, 13.003443776000097], [39.034261090000086, 13.000468310000088], [39.05361142100003, 12.990669566000065], [39.07414789500018, 12.976086022000118], [39.082858956000166, 12.959272311000063], [39.141864794000185, 12.955839862], [39.19283200000018, 12.92808498800008], [39.25872871500002, 12.914682269000025], [39.27902283500015, 12.856247515000177], [39.30298973300006, 12.87012185600014], [39.31013166700018, 12.852206824000064], [39.27768562900019, 12.826024042000142], [39.307215579000115, 12.811652772000116], [39.30360196300012, 12.793315247000123], [39.29573004800005, 12.785497266000164], [39.27577186700012, 12.787847884000143], [39.26766377500019, 12.77133496600004], [39.28093232300006, 12.743338179000034], [39.26953504500011, 12.723219788000165], [39.28552142900014, 12.704370101000052], [39.39798990200012, 12.69116660900005], [39.405306664000136, 12.67946329900019], [39.39605560500007, 12.663859290000062], [39.40775961200006, 12.638337676000162], [39.45906004100016, 12.637970580000172], [39.47831730100012, 12.643947852000167], [39.49749404500017, 12.666149739000161], [39.550118492000024, 12.669813512000133], [39.559281333000115, 12.662295868000058], [39.55683906400009, 12.638564836000114], [39.57017563000011, 12.614567583999985], [39.554619944000194, 12.608439710000141], [39.57391167600014, 12.580210078000107], [39.56648407300008, 12.563844668000172], [39.609603758000105, 12.558022473000108], [39.61583774100018, 12.549994879000053], [39.66565888200006, 12.554630988000042], [39.65467960600006, 12.636188110000091], [39.672077532, 12.652194109999982], [39.708202193000034, 12.666535226000178], [39.74343710800008, 12.664422913000067], [39.72828738900006, 12.699103760000128], [39.73854275300005, 12.709622720000084], [39.76278382200019, 12.719609177000109], [39.805148897000095, 12.71770946600003], [39.83495343400011, 12.706728690999967], [39.8676055680001, 12.723737696000171], [39.89904895899997, 12.762307990000124], [39.94270781200004, 12.771478704], [39.97798291700008, 12.792190897000012], [39.9293582630001, 12.874393049000162], [39.92520444400009, 12.893767369000045], [39.90424742000016, 12.921754377000184], [39.8727741190001, 12.942250135000108], [39.86236368900006, 12.962021568000068], [39.863058903000024, 13.019703688], [39.811947079, 13.155157411], [39.803772141000024, 13.189679774000126], [39.80853293600006, 13.21717392700009], [39.800583243000176, 13.2191510130001], [39.787224969000135, 13.245630310000138], [39.785749087000056, 13.262705021999977], [39.76731515600011, 13.285268958000188], [39.758648440000115, 13.278899931000126], [39.719723195000086, 13.294554241000071], [39.73774666300011, 13.321094395000102], [39.74170441899997, 13.35128759500003], [39.72952242000002, 13.378807824000035], [39.74575888800018, 13.374121329000104], [39.727742360000036, 13.422228443000051], [39.719517477000124, 13.475681038000062], [39.739455809000106, 13.563148314999978], [39.74454715000007, 13.570811597999977], [39.76303208300004, 13.571270992000166], [39.793824035000114, 13.555723993000129], [39.84340465100013, 13.556503434999968], [39.86390717400013, 13.548160815000188], [39.86742260400007, 13.658281017000093], [39.87765272900015, 13.688771974000076], [39.875999861000025, 13.73820799900011], [39.884068764000176, 13.748246227000038], [39.85319733600005, 13.766511068000057], [39.85227309800018, 13.794897904000095], [39.83370132500016, 13.821384023000121], [39.84224632600012, 13.838402885000164], [39.83784679700017, 13.864210250000042], [39.82902222000018, 13.868502307000142], [39.83327865100017, 13.918403375000025], [39.817633132000026, 13.942581124000071], [39.80165798799999, 13.945601886000077], [39.815650906000144, 13.968239547000053], [39.829200986000046, 13.974282718000097], [39.859164438000164, 13.96577285800015], [39.868489228000044, 13.992241710000087], [39.88593699400019, 14.012203097000167], [39.85472990900013, 14.030980888000158], [39.8439970230001, 14.050258584000176], [39.84826845200013, 14.077961123000023], [39.83762477300007, 14.154198463000057], [39.76713301700005, 14.140043372000093], [39.749541346000115, 14.151798413000108], [39.68199849500013, 14.164686730000028], [39.67352125800011, 14.177716078], [39.64996278300015, 14.188612418000105], [39.68572239500003, 14.216176396000094], [39.69408748000018, 14.241311387000053], [39.74221658800019, 14.234941699000103], [39.75730409100004, 14.239843563000136], [39.757605709000075, 14.277177362000145], [39.733772411000075, 14.28794718000006], [39.72624771600016, 14.302962213000114], [39.771334523000064, 14.319853773999967], [39.77920407800008, 14.330532193000067], [39.772049039000194, 14.37385066600018], [39.80094810700018, 14.387177744000098], [39.83806583500012, 14.380497409999975], [39.85462750900018, 14.373158967000052], [39.85311879000017, 14.367098800000178], [39.916267416000096, 14.370258853999985], [39.956508800999984, 14.3624163450001], [39.990843734000066, 14.381967487000054], [39.98173414500013, 14.393773224000142], [39.98085004700016, 14.440779718000101], [39.94986367500013, 14.410645311000167], [39.92375602400011, 14.414994940999975], [39.85661611400013, 14.472026032000144], [39.83131514100006, 14.484855217000188], [39.81318087400007, 14.48237148600009], [39.792610100000104, 14.500192012000014], [39.76678566700008, 14.540761419000034], [39.70933267900011, 14.551368027000137], [39.68028972600007, 14.588753205000046], [39.637687754000126, 14.598433770000156], [39.62268647900015, 14.635943927000028], [39.591224960000034, 14.662146833000179], [39.50267493900003, 14.67701014100004], [39.477534216000095, 14.60362931900005], [39.49167953, 14.582474713000124], [39.50038652500007, 14.543799707000119], [39.49325313200018, 14.509462223000128], [39.472642061000045, 14.4982511], [39.46932027900016, 14.515609184000027], [39.452093179000144, 14.510938678000116], [39.453263403000165, 14.526868381000043], [39.43547703300004, 14.51927040600009], [39.42821942900014, 14.53066994500017], [39.368698579000124, 14.53831389700008], [39.36464812000008, 14.50582138700014], [39.37114900600011, 14.494614944999967], [39.340012122000076, 14.511309453000024], [39.32404566700018, 14.498269948000143], [39.32998226900003, 14.480435911000086], [39.31384799400007, 14.478881045000037], [39.3163074150001, 14.45984050700008], [39.322358639000015, 14.459039095000037], [39.31991736500004, 14.44193865699998], [39.29771405500003, 14.436182551000172], [39.30083248300008, 14.41138907400017], [39.26072509400012, 14.393100468000057], [39.249747945000024, 14.39226004600016], [39.208486129000164, 14.49305225300003], [39.23145288300009, 14.51916675800004], [39.23863151300003, 14.565882257000055], [39.22153671300009, 14.572458615000073], [39.20032289200003, 14.611037689], [39.15745043300018, 14.620278210000151], [39.12466441900017, 14.613430921000145], [39.10438230400001, 14.630032119000077], [39.08073694700016, 14.63651403300014], [39.02351901500009, 14.632369865000044], [39.00846860800016, 14.616238802000055], [39.00996374400006, 14.590275806000022], [38.97473321600006, 14.541596849000086], [38.937267095000095, 14.532087065000155], [38.904877260000035, 14.501192779000121], [38.84839416800003, 14.495687701000122], [38.79404033700007, 14.463219068000114], [38.730547686000136, 14.458896300000049], [38.70294283800018, 14.465288096000052], [38.61577435800018, 14.433529122000095], [38.59437508300016, 14.43857619300013], [38.537352056000145, 14.420139784000128], [38.51585853800009, 14.405079012000158], [38.48369845900004, 14.418195981000167], [38.44741137800014, 14.410416756000188], [38.43217395800008, 14.427998714000069], [38.420781839000085, 14.463747722000164], [38.40151764000018, 14.46495725900013], [38.39480763600011, 14.481472588000145], [38.362233507999974, 14.486766175000184], [38.355919825000115, 14.506738546000065], [38.343208163000156, 14.507703961000118], [38.340943884000126, 14.522012228000108], [38.315242314000045, 14.550672305000148], [38.30792224900017, 14.585116137000057], [38.286081003000106, 14.607506376000117], [38.26450586900006, 14.614130603000149], [38.269062622000035, 14.634375875000103], [38.26108313100019, 14.667144], [38.228240227000015, 14.68577429700008], [38.187405288000036, 14.689155056000118], [38.17999939900005, 14.676574656000128], [38.15621349200012, 14.676451550000081], [38.13926619800014, 14.667294295000147], [38.09154474700006, 14.706628799000043], [38.040369254000154, 14.716603013], [38.018264385, 14.736637359000156], [38.02053812500003, 14.760782508000148], [37.99418999900013, 14.773459063000132], [37.98792226400013, 14.807947037000133], [37.97446577400018, 14.801627098000097], [37.97104799100009, 14.83044908800008], [37.94533225100008, 14.835183630000131], [37.940296291000095, 14.845476907000148], [37.90212812400017, 14.81003461600011], [37.875660503, 14.799868305000189], [37.84945360900008, 14.812515420000068], [37.8326223790001, 14.805154923000089], [37.78185992200008, 14.734886032000077], [37.77357345600018, 14.698207052000157], [37.78274168700017, 14.65372919500004], [37.77355448000003, 14.630389106000052], [37.74153494800015, 14.642437537000148], [37.72367322200017, 14.623757455000145], [37.67230469900011, 14.521704643000191], [37.67074345700007, 14.504168423000124], [37.595363754, 14.477582397000049], [37.57666723200009, 14.46791554400005], [37.57253101599997, 14.455381370000168], [37.54878978400012, 14.446135214000037], [37.488951343, 14.473108391999972], [37.44312556200009, 14.470585996000182], [37.42974504500012, 14.480212523000091], [37.40333828700011, 14.471358707999968], [37.369741702000056, 14.419258170000035], [37.3470151840001, 14.411236305000045], [37.37183083600007, 14.372401465999985], [37.39148763600008, 14.365260928000168], [37.379702609000105, 14.342450927000186], [37.402662792000115, 14.335853682000106], [37.39547044800008, 14.29567139], [37.44635214099998, 14.26071018500005], [37.44609315900004, 14.250233584000114], [37.46913843900012, 14.251295503000165], [37.46540938700008, 14.215550736000182], [37.49617220300007, 14.194177798000112], [37.495588708000014, 14.182035757000108], [37.526516148000155, 14.183004165000114], [37.515639056000055, 14.16030405500004], [37.52860085400016, 14.114644141000099], [37.557245548000026, 14.104488940000124], [37.55959876100013, 14.091316816000074], [37.57560030200011, 14.095933886000182], [37.59225103800003, 14.068359519000126], [37.591078431000085, 14.051815997000176], [37.599912361000065, 14.054779204000113], [37.60305520900005, 14.040077576000158], [37.62370024100005, 14.03763884500006], [37.609512773000176, 14.008938292000096], [37.63236210000008, 13.976111776999971], [37.62894750700008, 13.955084215999989], [37.650389018000055, 13.95267299600016], [37.661861309000074, 13.91577807300007], [37.68525267300015, 13.893942758000037], [37.70115848100005, 13.887629807000053], [37.71547027600019, 13.897889095000153], [37.72901022700006, 13.896615245000078], [37.736880367000026, 13.880071981000128], [37.75239915000003, 13.875555882000128], [37.76786425700004, 13.856612523000138], [37.802185606000194, 13.872771820000025], [37.82254131700017, 13.865298215000053], [37.83949010100008, 13.878629084000067], [37.86254643400008, 13.865287439999975], [37.86773452500006, 13.87619628900012], [37.89907672400011, 13.884870357000182], [37.91240151500011, 13.845320697000034], [37.93830761000015, 13.828720270000076], [37.96279443800012, 13.82831423400006], [37.97700076600012, 13.805909650000103], [37.99639879199998, 13.796709174], [38.00108328000016, 13.766539454000053], [38.01880257800008, 13.739120401999969], [38.03727378200017, 13.753583112000115], [38.058521939000116, 13.754017779000094], [38.09630698700005, 13.741672194000103], [38.150194366000164, 13.747002539000164], [38.18097168800011, 13.730212876000166], [38.22425021900011, 13.727345228000047], [38.26992053300006, 13.763681097000074], [38.290356208000105, 13.769604255000104], [38.3154075330001, 13.805792884000027], [38.36702883700019, 13.805330040000115], [38.375806650000015, 13.78841745300008], [38.39620794700005, 13.78093437800004], [38.414831729000184, 13.751766609000185], [38.47436476200005, 13.719319527999971], [38.48458833800004, 13.700974737000138], [38.50517663599999, 13.696886875000132], [38.51986704700005, 13.68432151900015], [38.53044557599998, 13.687272523000047], [38.57506827000009, 13.65196296800002], [38.59888693200003, 13.64925171700014], [38.63516727100006, 13.602870737000046], [38.63976325700003, 13.577948260000028], [38.66822375300012, 13.540428044000123], [38.66215026800006, 13.531181440000125], [38.67560861700008, 13.485616229000073], [38.69112154700002, 13.476575381000089], [38.72120924400019, 13.413273737000054], [38.730812751000144, 13.408426170000155], [38.737243319000186, 13.377698667000175], [38.73019398100013, 13.365402086000131], [38.74181258900006, 13.339832438000144], [38.73515395800007, 13.302352155000108], [38.74006848300019, 13.286785039000108], [38.731588079000176, 13.26227564400017], [38.74325173100016, 13.265023136000138], [38.800690766000116, 13.247309866000023], [38.863105411, 13.209497663000036], [38.87621835400006, 13.220508148000022], [38.95174191800004, 13.237514728000122], [38.955824074000134, 13.21201319000005], [38.99736778000005, 13.203404456999976], [39.03015454400014, 13.172615994000125]]]}}, {"type": "Feature", "properties": {"pcode": "ET02", "name": "Afar", "parent_pcode": "ET", "level": "region"}, "geometry": {"type": "Polygon", "coordinates": [[[40.16827015200005, 8.961354053000093], [40.23780991000018, 8.99733868800007], [40.24550016100005, 9.074868599000013], [40.327020742, 9.154658312000095], [40.40812145900003, 9.28118796900003], [40.47102194900009, 9.354757718000087], [40.52841229100005, 9.385457529000064], [40.63597279900006, 9.395947209000042], [40.67554303400004, 9.417517067000063], [40.696138915000176, 9.446065145000091], [40.70220239300005, 9.536092664000137], [40.751893772000074, 9.654612077000024], [40.84733493200014, 9.790326117000177], [41.01956620100003, 9.948825373000147], [40.998936168000114, 9.96783541200017], [40.96580603500007, 9.971685510000043], [40.94603604500014, 10.001315530999989], [40.93655611200012, 10.035245519], [40.974676674000136, 10.156645228000173], [41.031847823000135, 10.422004653999977], [41.087038686000085, 10.600564198000143], [41.07726892300008, 10.681154098000093], [41.220060127000124, 10.834463355000082], [41.2407505380001, 10.921363138000117], [41.268160800000146, 10.957852979000108], [41.39222140600009, 10.966312520000088], [41.41008146200011, 10.958472469000014], [41.48407183700016, 10.966902183000116], [41.717612896000105, 10.964781335000112], [41.73954301000009, 10.96833124800014], [41.763363201000175, 10.990871113000026], [41.81170458500014, 10.983851437000055], [41.78972, 11.00805], [41.8005500000001, 11.03111], [41.81194000000016, 11.25792], [41.79375, 11.380970000000104], [41.759860000000174, 11.507920000000183], [41.82902000000013, 11.740970000000118], [41.891390000000115, 11.77361000000019], [41.94861, 11.816670000000158], [42.0586100000001, 11.97583], [42.12722, 12.09028000000012], [42.16889, 12.137220000000127], [42.25556, 12.26333], [42.30833000000018, 12.308330000000126], [42.33944, 12.39694], [42.39972, 12.469720000000166], [42.35073886500015, 12.517582657000048], [42.28026218500014, 12.556435585000088], [42.24238227500018, 12.615565613000058], [42.05023235800007, 12.84312590200011], [41.97255260900016, 12.983165899000142], [41.87868261600016, 13.089606055000047], [41.53122235100017, 13.43313676300005], [41.31370206000008, 13.630287251000084], [41.25037208800018, 13.712717340000154], [41.07730185700012, 13.878547704000084], [40.836741396000036, 14.084148277000168], [40.65053094300009, 14.229388753000023], [40.54559062700008, 14.301409044000138], [40.444510286000025, 14.363459338000155], [40.22258942100018, 14.478630022000175], [40.139918990000126, 14.498050334000084], [40.05525840200016, 14.486900711000146], [40.01021790500016, 14.439631002000112], [39.98425632200019, 14.432340698000132], [39.979576327000075, 14.409875994], [39.990843734000066, 14.381967487000054], [39.956508800999984, 14.3624163450001], [39.916267416000096, 14.370258853999985], [39.85311879000017, 14.367098800000178], [39.85462750900018, 14.373158967000052], [39.83806583500012, 14.380497409999975], [39.80094810700018, 14.387177744000098], [39.772049039000194, 14.37385066600018], [39.77920407800008, 14.330532193000067], [39.771334523000064, 14.319853773999967], [39.72624771600016, 14.302962213000114], [39.733772411000075, 14.28794718000006], [39.757605709000075, 14.277177362000145], [39.75730409100004, 14.239843563000136], [39.74221658800019, 14.234941699000103], [39.69408748000018, 14.241311387000053], [39.68572239500003, 14.216176396000094], [39.64996278300015, 14.188612418000105], [39.67352125800011, 14.177716078], [39.68199849500013, 14.164686730000028], [39.749541346000115, 14.151798413000108], [39.76713301700005, 14.140043372000093], [39.83762477300007, 14.154198463000057], [39.84826845200013, 14.077961123000023], [39.8439970230001, 14.050258584000176], [39.85472990900013, 14.030980888000158], [39.88593699400019, 14.012203097000167], [39.868489228000044, 13.992241710000087], [39.859164438000164, 13.96577285800015], [39.829200986000046, 13.974282718000097], [39.815650906000144, 13.968239547000053], [39.80165798799999, 13.945601886000077], [39.817633132000026, 13.942581124000071], [39.83327865100017, 13.918403375000025], [39.82902222000018, 13.868502307000142], [39.83784679700017, 13.864210250000042], [39.84224632600012, 13.838402885000164], [39.83370132500016, 13.821384023000121], [39.85227309800018, 13.794897904000095], [39.85319733600005, 13.766511068000057], [39.884068764000176, 13.748246227000038], [39.875999861000025, 13.73820799900011], [39.87765272900015, 13.688771974000076], [39.86742260400007, 13.658281017000093], [39.86390717400013, 13.548160815000188], [39.84340465100013, 13.556503434999968], [39.803835674000084, 13.553725030000066], [39.76303208300004, 13.571270992000166], [39.74454715000007, 13.570811597999977], [39.719517477000124, 13.475681038000062], [39.727742360000036, 13.422228443000051], [39.74575888800018, 13.374121329000104], [39.72952242000002, 13.378807824000035], [39.74170441899997, 13.35128759500003], [39.73774666300011, 13.321094395000102], [39.719723195000086, 13.294554241000071], [39.758648440000115, 13.278899931000126], [39.76731515600011, 13.285268958000188], [39.785749087000056, 13.262705021999977], [39.787224969000135, 13.245630310000138], [39.800583243000176, 13.2191510130001], [39.80853293600006, 13.21717392700009], [39.803772141000024, 13.189679774000126], [39.811947079, 13.155157411], [39.863058903000024, 13.019703688], [39.86236368900006, 12.962021568000068], [39.8727741190001, 12.942250135000108], [39.90424742000016, 12.921754377000184], [39.92520444400009, 12.893767369000045], [39.9293582630001, 12.874393049000162], [39.97798291700008, 12.792190897000012], [39.94270781200004, 12.771478704], [39.89904895899997, 12.762307990000124], [39.8676055680001, 12.723737696000171], [39.83941388900013, 12.713274352000042], [39.826104312000155, 12.693741426000031], [39.82007780500004, 12.658827258000088], [39.832573503000106, 12.63437755600006], [39.806736717000035, 12.596283054000082], [39.82682559800014, 12.571970484000133], [39.832764098000155, 12.549890952999988], [39.85237048300013, 12.547421673000144], [39.86319581200007, 12.531448593000164], [39.86345175600013, 12.506289292000076], [39.881065664000175, 12.484460752000189], [39.866285922000145, 12.47262432600013], [39.88204999800013, 12.466955603000144], [39.882572530000175, 12.457662647000063], [39.86311270800013, 12.463346011999988], [39.81492922400008, 12.407061931000044], [39.83087630400007, 12.357500495000181], [39.817622562, 12.341872429000148], [39.82757905700004, 12.240457884000136], [39.80754695000019, 12.238868944999979], [39.799860768000144, 12.194985067000061], [39.82860058900019, 12.099837122000054], [39.86172473000005, 12.088369026000123], [39.841262494000034, 12.053548152000076], [39.87654690700015, 11.974361157000146], [39.887100224000164, 11.905738230000111], [39.87809689700015, 11.882652046999965], [39.87487162200017, 11.778754453000147], [39.92394613300013, 11.700796031000152], [39.969655659000125, 11.664480789000095], [39.99411318600005, 11.681157761000065], [40.01528551700005, 11.645552521000184], [39.99745104100009, 11.612226044000067], [39.99331407000017, 11.58379725900005], [40.06091435000002, 11.47413153600013], [40.070186855000145, 11.373664184000063], [40.06495634700008, 11.33775922400008], [40.07123437700011, 11.325645610000038], [40.10257758600005, 11.316914856999972], [40.14561976200014, 11.255625560000112], [40.1728759880001, 11.239979554000172], [40.21243793400015, 11.108908124000095], [40.19379644300011, 11.096367235000116], [40.18693903700006, 11.025342766000165], [40.14412837400005, 10.952115006999975], [40.12377152400006, 10.93763921600015], [40.14931095100013, 10.895796132000157], [40.18050163600009, 10.896861903000115], [40.16995158500015, 10.873524746000044], [40.1666953620001, 10.805048304000138], [40.102610932000175, 10.755046175000132], [40.152901391, 10.43928583100012], [40.161587952000104, 10.435340451], [40.163639855000156, 10.41236375200009], [40.16038565500003, 10.30079767900014], [40.157497908000096, 10.285365440000021], [40.14665974300016, 10.277217092000171], [40.15557961000019, 10.257410691000132], [40.12899366700003, 10.173546208000062], [40.15814572300013, 10.090278606000084], [40.13258492200009, 10.071093523000116], [40.0690249110001, 10.079061598000123], [39.99356275300005, 10.076897555000187], [39.988950811, 10.088315128000147], [39.92727482200013, 10.089962566], [39.94344466200005, 10.059189888000105], [39.924699313000076, 10.014096156999983], [39.93126398100003, 10.014446273000033], [39.929689071000155, 10.005838085999983], [39.94735419300014, 9.993374848000144], [40.04315937500013, 9.99103051200018], [40.08884250700004, 9.93480546100011], [40.07782446600015, 9.905461926000044], [40.06355910500014, 9.902413099000114], [40.05843012700012, 9.864339007000012], [40.07069282400016, 9.857416624000052], [40.0526706440001, 9.842197328000054], [40.03520665700006, 9.842798544000061], [40.01102541300003, 9.818556814000146], [40.00807340100005, 9.78177612800016], [39.991154010000116, 9.756725605000042], [40.01376669000007, 9.737567590000026], [40.009369776000085, 9.732856664000167], [39.95473065400006, 9.730248808000056], [39.8758003480001, 9.752809007000167], [39.84977405800015, 9.748358985000039], [39.83912755000017, 9.723559838000085], [39.85267854400013, 9.698681828000133], [39.85766258800004, 9.655151854000167], [39.88379554900018, 9.610633282000151], [39.87714658800013, 9.57656938700012], [39.84757856800002, 9.56429212100005], [39.85732416100018, 9.54708483000013], [39.84709836500019, 9.510716289000072], [39.83752582600016, 9.50189908100009], [39.84783121800018, 9.481207726000036], [39.87252583800006, 9.459261316000152], [39.87864582400016, 9.40041059500004], [39.82145580600013, 9.417440211000098], [39.78519256100003, 9.39560714099997], [39.791478857000016, 9.369819571999983], [39.74982633200011, 9.369215006000047], [39.778879464, 9.30986388499997], [39.789141232000134, 9.304219598999964], [39.84413625400015, 9.314182703000085], [39.859998318, 9.307126238000023], [39.88598900800008, 9.269359403000067], [39.85700540800019, 9.270074091000083], [39.87302974700009, 9.227292375000047], [39.813013316000024, 9.171110355000053], [39.81742067900012, 9.13631417500011], [39.87765868700012, 9.14472952500006], [39.90901879700016, 9.131799454000031], [39.91874867000007, 9.068409475000124], [39.95186871700014, 9.02998941800007], [39.947628630000054, 9.00359944700017], [40.02192896100013, 9.002279258000101], [40.04745901399997, 8.977889205000054], [40.05109899000007, 8.96135920800009], [40.036618778000104, 8.906529287000183], [40.01926865200005, 8.88912934700005], [40.01040852700015, 8.856089392000058], [40.04034862300011, 8.841109322000136], [40.080968830000074, 8.851349213000162], [40.15224936100009, 8.931958967000128], [40.16827015200005, 8.961354053000093]]]}}, {"type": "Feature", "properties": {"pcode": "ET03", "name": "Amhara", "parent_pcode": "ET", "level": "region"}, "geometry": {"type": "Polygon", "coordinates": [[[36.81870652300017, 10.341900383000166], [36.86924151600016, 10.34069289900009], [36.89796121, 10.312848153000118], [36.97992079900007, 10.314026481000099], [37.01326530000006, 10.28493867300017], [37.045871990000194, 10.288399330000061], [37.087101871000186, 10.259494065000013], [37.18181111400014, 10.241264534000095], [37.19989674900006, 10.223296519000144], [37.16770232300007, 10.16327334600004], [37.190737458000115, 10.111555897000073], [37.21331582300013, 10.08790783100011], [37.24074594700005, 10.075610279000102], [37.271640445000116, 10.073638879000043], [37.28771184400017, 10.06287918300012], [37.30560986300003, 10.02665316000008], [37.32953961600015, 10.00584845200018], [37.34475117200003, 10.005818236000152], [37.356983174000106, 10.040231709000125], [37.398275411999975, 10.04615045300011], [37.44446959400011, 10.014559267000152], [37.47574929500013, 10.01493897500012], [37.483134779000125, 10.0035087870001], [37.52923692900009, 9.996176773000059], [37.551362415000085, 9.973427987000036], [37.552929056000096, 9.958554656], [37.586934200000144, 9.939397922000182], [37.592396684, 9.918764587000169], [37.612827604000074, 9.909410379000121], [37.6182267640001, 9.893889540000146], [37.641381363000164, 9.882482492000122], [37.66185275800012, 9.860484457000155], [37.680392862000076, 9.862317749000113], [37.70065208000017, 9.836714383000185], [37.72434638800007, 9.844544327], [37.74289181200015, 9.840662288000033], [37.74852987700007, 9.855939259000138], [37.76908872399997, 9.851441725000143], [37.81602151100003, 9.867150363000121], [37.842680721000136, 9.896703164000087], [37.85593637200009, 9.8959411780001], [37.86039093500017, 9.912788657000078], [37.8699323080001, 9.907533973000113], [37.89302914200016, 9.927258909000045], [37.90932590200009, 9.930448536000085], [37.93007431000018, 9.914587167000036], [37.932837886000186, 9.941279304999966], [37.95706717600012, 9.938637757000095], [37.99342139200019, 9.949085918000094], [38.00845470899998, 9.964134820000027], [38.043585946, 9.969779788000096], [38.04811374000019, 9.981532249000054], [38.05993197800018, 9.981803496], [38.06431588200013, 9.997895474000075], [38.081207972000186, 10.00217543399998], [38.080279709000024, 10.015223327], [38.087563260000024, 10.020250808000071], [38.11827721600008, 10.01775053700004], [38.13093968800007, 10.047449623000091], [38.15056522800012, 10.035121651000054], [38.176628260000086, 10.06310542100016], [38.240426651000064, 10.102633868000055], [38.247788605000096, 10.101949476000073], [38.25237559800013, 10.088427973000137], [38.29527498900018, 10.089247869000133], [38.308600941, 10.107952823000062], [38.32180950600019, 10.107186793999972], [38.32596192600005, 10.133119432000171], [38.34004956300009, 10.156221874000153], [38.3482787750001, 10.158841026000118], [38.366302158, 10.14048549500012], [38.397499996000136, 10.144277914999975], [38.40631033600005, 10.160372298000027], [38.42572464500017, 10.171756064000078], [38.42105021500009, 10.180752498000174], [38.43004354400017, 10.193132966000121], [38.41938480600004, 10.219846971000038], [38.45419122400011, 10.24668936800009], [38.46267190600014, 10.267672455000081], [38.46006729900006, 10.28997032], [38.47252905600004, 10.291804716000115], [38.466090771000154, 10.305224893000172], [38.48120135300019, 10.344366625000134], [38.47667664300013, 10.363259946000085], [38.630276588000186, 10.382174811000027], [38.66415636700003, 10.372755606000055], [38.7126352840001, 10.386869343000171], [38.74612205100016, 10.383746507000069], [38.772146040000166, 10.366160703], [38.80646847700007, 10.368835610000076], [38.845728709000014, 10.361023596000166], [38.86084374400019, 10.277980931], [38.835273491000066, 10.22573390600013], [38.833744314000114, 10.161852710000119], [38.85260123400013, 10.11805302100015], [38.84260955200017, 10.109924813000134], [38.82361609700007, 10.109681501000068], [38.81094316000019, 10.094408716000032], [38.72135744600001, 10.05144383400011], [38.66266513400018, 10.057361952], [38.65723511500005, 10.051451997000186], [38.673815107, 10.015149482000027], [38.75805634, 9.980672016000028], [38.779325189000076, 9.982384738000121], [38.80057028700003, 9.962196032], [38.796395525000094, 9.933715064000182], [38.802462994, 9.909464233000165], [38.79085286500015, 9.882626782000159], [38.80302884600013, 9.86211411000005], [38.80777570700002, 9.819546366000168], [38.828900269000144, 9.769105514000046], [38.86654203400008, 9.733633362000091], [38.909342186000174, 9.70873160400015], [38.93473306800013, 9.727943276000076], [38.960252750999985, 9.710757137000144], [38.95208805800007, 9.738662725000154], [38.97442031100019, 9.761105070000099], [38.990104350000024, 9.74597087400008], [39.016590379000036, 9.757725298000082], [39.03600052100006, 9.74701334600013], [39.09221344400004, 9.763080850000165], [39.10453200900008, 9.748596004000035], [39.09768602400004, 9.73544210600005], [39.13930268200011, 9.740658277000023], [39.147743968999976, 9.715357992000065], [39.145374471000025, 9.693345943000168], [39.16178271900003, 9.688778226000125], [39.174227379000115, 9.694849772000111], [39.184024695000176, 9.685757296000133], [39.18417257800007, 9.72006233899998], [39.20489464400009, 9.70655635200012], [39.22349573200012, 9.705209304], [39.2280630570001, 9.693712076000168], [39.24990599400002, 9.704906936000043], [39.26811777600017, 9.739742061000072], [39.287584113000094, 9.733964613000069], [39.297855516000084, 9.748032986000169], [39.320450965000134, 9.724124522000125], [39.34671639000004, 9.725141529000155], [39.339346295000155, 9.703918864000173], [39.37011478900007, 9.699377299000048], [39.36097910500018, 9.68027947600001], [39.371299046000104, 9.669967687999986], [39.35775050700005, 9.656863755000131], [39.35204852900006, 9.622053936999976], [39.36168779400015, 9.61891577400013], [39.3858586610001, 9.630821438000055], [39.388819113000125, 9.615740414000129], [39.373358609000036, 9.592027721000022], [39.376473449, 9.567334510000137], [39.36060447900013, 9.54606323600018], [39.34140090000005, 9.545392053000171], [39.329693778000035, 9.526557331000163], [39.31293988900018, 9.535559958000135], [39.294095184000184, 9.491740781000146], [39.30969186300001, 9.46768075600005], [39.363082137000106, 9.47386061400016], [39.37692353400007, 9.463288481000177], [39.37274111000005, 9.44683061000012], [39.39392723600008, 9.455048550000072], [39.43032535700013, 9.433876471000076], [39.44770576600013, 9.432491261], [39.44308736300019, 9.414380454000138], [39.45387452300008, 9.401201864000086], [39.4456431210001, 9.383906186000047], [39.42040920500017, 9.371451719000106], [39.39485193700011, 9.391904538000176], [39.35670594100014, 9.369031534000158], [39.34668384399998, 9.378506033000065], [39.325117202000115, 9.380519217000028], [39.31958581300012, 9.365580384000054], [39.3065452730001, 9.366090126000131], [39.29298836400005, 9.349165239000172], [39.28543756800008, 9.315796503000058], [39.2782815970001, 9.312249715], [39.264416277000066, 9.324190917000067], [39.26620577600005, 9.288451741000074], [39.284730547000095, 9.27753734300012], [39.26616884400005, 9.244486984000105], [39.23366221900011, 9.293612357000029], [39.20718808400011, 9.291940727999986], [39.177743712000165, 9.271073861], [39.21368251300004, 9.228121843999986], [39.188588721000144, 9.209260135000022], [39.21463741100018, 9.173379248000117], [39.24952222500019, 9.135586015000115], [39.2941263300001, 9.149269342000082], [39.323169034000045, 9.14878646000011], [39.32016455600012, 9.140222525000013], [39.32884403800011, 9.137206135000042], [39.35701227100009, 9.062080326], [39.296751314, 9.053268940000123], [39.28818837100005, 8.9989783850001], [39.25859961100019, 8.96263610700015], [39.26538142600009, 8.922385056000167], [39.24101508700005, 8.88892248400009], [39.23749115600009, 8.862024795000082], [39.26552645700008, 8.843076076000159], [39.24398559800011, 8.83661498600003], [39.24385495500002, 8.8276813], [39.27199310900011, 8.783044547000088], [39.27298265900009, 8.766853948000062], [39.2619521150001, 8.74693588100007], [39.27044801400007, 8.724513068000135], [39.298982556000055, 8.718513632000054], [39.324542076000114, 8.746886870000026], [39.342048858, 8.726945429000011], [39.361069288000124, 8.72094988900011], [39.377101170000174, 8.730897078000055], [39.378164, 8.791171490000067], [39.417751568000085, 8.814541965000103], [39.449226619000115, 8.752237944000115], [39.50075019000019, 8.71481253100012], [39.533776130000035, 8.757960639000089], [39.55178623600017, 8.768750596000189], [39.561986771000136, 8.817839618000164], [39.61702272300016, 8.786868968000022], [39.66213722700013, 8.81319248400007], [39.716727868000135, 8.816080567000029], [39.733277203000114, 8.826240115000076], [39.73133270000005, 8.844191349000141], [39.74801287400015, 8.910277915000165], [39.742452111000034, 9.091257804000122], [39.78024800300017, 9.104351018000045], [39.807734578000066, 9.135445119000167], [39.81742067900012, 9.13631417500011], [39.813013316000024, 9.171110355000053], [39.87302974700009, 9.227292375000047], [39.85700540800019, 9.270074091000083], [39.88598900800008, 9.269359403000067], [39.859998318, 9.307126238000023], [39.84413625400015, 9.314182703000085], [39.789141232000134, 9.304219598999964], [39.778879464, 9.30986388499997], [39.74982633200011, 9.369215006000047], [39.791478857000016, 9.369819571999983], [39.78519256100003, 9.39560714099997], [39.82145580600013, 9.417440211000098], [39.87864582400016, 9.40041059500004], [39.87252583800006, 9.459261316000152], [39.84783121800018, 9.481207726000036], [39.83752582600016, 9.50189908100009], [39.84709836500019, 9.510716289000072], [39.85732416100018, 9.54708483000013], [39.84757856800002, 9.56429212100005], [39.87714658800013, 9.57656938700012], [39.88379554900018, 9.610633282000151], [39.85766258800004, 9.655151854000167], [39.85267854400013, 9.698681828000133], [39.83912755000017, 9.723559838000085], [39.84977405800015, 9.748358985000039], [39.862140287000045, 9.75395904200019], [39.95473065400006, 9.730248808000056], [40.009369776000085, 9.732856664000167], [40.01376669000007, 9.737567590000026], [39.991154010000116, 9.756725605000042], [40.00807340100005, 9.78177612800016], [40.01102541300003, 9.818556814000146], [40.03520665700006, 9.842798544000061], [40.0526706440001, 9.842197328000054], [40.07069282400016, 9.857416624000052], [40.05843012700012, 9.864339007000012], [40.06355910500014, 9.902413099000114], [40.07782446600015, 9.905461926000044], [40.08884250700004, 9.93480546100011], [40.04315937500013, 9.99103051200018], [39.94735419300014, 9.993374848000144], [39.929689071000155, 10.005838085999983], [39.93126398100003, 10.014446273000033], [39.924699313000076, 10.014096156999983], [39.94344466200005, 10.059189888000105], [39.92727482200013, 10.089962566], [39.988950811, 10.088315128000147], [39.99356275300005, 10.076897555000187], [40.0690249110001, 10.079061598000123], [40.13258492200009, 10.071093523000116], [40.15814572300013, 10.090278606000084], [40.12899366700003, 10.173546208000062], [40.15557961000019, 10.257410691000132], [40.14665974300016, 10.277217092000171], [40.157497908000096, 10.285365440000021], [40.16038565500003, 10.30079767900014], [40.163639855000156, 10.41236375200009], [40.161587952000104, 10.435340451], [40.152901391, 10.43928583100012], [40.102610932000175, 10.755046175000132], [40.1666953620001, 10.805048304000138], [40.16995158500015, 10.873524746000044], [40.18050163600009, 10.896861903000115], [40.14931095100013, 10.895796132000157], [40.12377152400006, 10.93763921600015], [40.14412837400005, 10.952115006999975], [40.18693903700006, 11.025342766000165], [40.19379644300011, 11.096367235000116], [40.21243793400015, 11.108908124000095], [40.1728759880001, 11.239979554000172], [40.14561976200014, 11.255625560000112], [40.10257758600005, 11.316914856999972], [40.07123437700011, 11.325645610000038], [40.06495634700008, 11.33775922400008], [40.070186855000145, 11.373664184000063], [40.06091435000002, 11.47413153600013], [39.99331407000017, 11.58379725900005], [39.99745104100009, 11.612226044000067], [40.01528551700005, 11.645552521000184], [39.99411318600005, 11.681157761000065], [39.969655659000125, 11.664480789000095], [39.92394613300013, 11.700796031000152], [39.87487162200017, 11.778754453000147], [39.87809689700015, 11.882652046999965], [39.887100224000164, 11.905738230000111], [39.87654690700015, 11.974361157000146], [39.841262494000034, 12.053548152000076], [39.86172473000005, 12.088369026000123], [39.82860058900019, 12.099837122000054], [39.799860768000144, 12.194985067000061], [39.80754695000019, 12.238868944999979], [39.82757905700004, 12.240457884000136], [39.82473688200014, 12.317740811000078], [39.81761133000015, 12.324029795000172], [39.76154694300004, 12.303252023000141], [39.75855376100003, 12.319953055000155], [39.70626514400004, 12.306206621000172], [39.632274431000155, 12.307654083000045], [39.62093441800005, 12.300221699000076], [39.62512295400006, 12.287998835], [39.61421295900004, 12.275731232999988], [39.59186976500018, 12.270975589000159], [39.57254390300005, 12.255925598000033], [39.55518425000014, 12.255511219000141], [39.543273525000075, 12.265007941000022], [39.52266195200008, 12.326414029000091], [39.50744099200011, 12.332852040000091], [39.47051795200008, 12.32139860500007], [39.455564056000185, 12.32502717500006], [39.41951424100017, 12.296596725000143], [39.32170279400003, 12.3048661790001], [39.30520834200007, 12.297280244000149], [39.28478473200005, 12.29968814300014], [39.245529419000036, 12.352944384000068], [39.229773857000055, 12.501081519000024], [39.174401276000026, 12.643480484000065], [39.19887094800015, 12.660395359000063], [39.238857724000184, 12.663099151000154], [39.280482154000026, 12.688008236000144], [39.28552142900014, 12.704370101000052], [39.26953504500011, 12.723219788000165], [39.28093232300006, 12.743338179000034], [39.27885337900017, 12.758548087000122], [39.26766377500019, 12.77133496600004], [39.27577186700012, 12.787847884000143], [39.29573004800005, 12.785497266000164], [39.30360196300012, 12.793315247000123], [39.307215579000115, 12.811652772000116], [39.27768562900019, 12.826024042000142], [39.31013166700018, 12.852206824000064], [39.306827890000136, 12.866310379000026], [39.29489482300016, 12.870902075000117], [39.27902283500015, 12.856247515000177], [39.25872871500002, 12.914682269000025], [39.19283200000018, 12.92808498800008], [39.141864794000185, 12.955839862], [39.082858956000166, 12.959272311000063], [39.07414789500018, 12.976086022000118], [39.05361142100003, 12.990669566000065], [39.034261090000086, 13.000468310000088], [39.00021910600003, 13.003443776000097], [38.994455238000114, 13.011741138000048], [39.004334067000116, 13.023397491000026], [38.97860189000005, 13.098962081000025], [39.03693391400009, 13.134239229000116], [39.04159878000007, 13.16150231500012], [38.99736778000005, 13.203404456999976], [38.955824074000134, 13.21201319000005], [38.95174191800004, 13.237514728000122], [38.87621835400006, 13.220508148000022], [38.863105411, 13.209497663000036], [38.800690766000116, 13.247309866000023], [38.74325173100016, 13.265023136000138], [38.731588079000176, 13.26227564400017], [38.74006848300019, 13.286785039000108], [38.73515395800007, 13.302352155000108], [38.74181258900006, 13.339832438000144], [38.73019398100013, 13.365402086000131], [38.737243319000186, 13.377698667000175], [38.73313274300011, 13.39881121600007], [38.721865207000064, 13.408050577999973], [38.70568553600009, 13.389298880000126], [38.648639953000156, 13.39652131000014], [38.622371244000135, 13.411227093000036], [38.61785245100009, 13.4283304], [38.615788282000096, 13.451400938000177], [38.63328093100017, 13.472711308000044], [38.67643029600015, 13.483440269000027], [38.66215026800006, 13.531181440000125], [38.61404523300018, 13.490686865000043], [38.59011241500008, 13.506124023000154], [38.56207545900003, 13.483329711000067], [38.46099123300007, 13.459561585000131], [38.46740284300017, 13.484901999000158], [38.49825668600016, 13.484455432000061], [38.490658546000134, 13.495777931000134], [38.49680460600007, 13.506789362000063], [38.54245895200012, 13.525802187000124], [38.553946141000154, 13.550308131], [38.50144983200005, 13.557859295000071], [38.47761991099998, 13.55234488300016], [38.46521463300013, 13.567644900000175], [38.45362252400014, 13.556946122000113], [38.442793750000135, 13.560540201000038], [38.451038580000045, 13.584599391000097], [38.44080570200015, 13.584405289000017], [38.40650815900017, 13.539411139000094], [38.39123411000003, 13.553355668000052], [38.37983954800012, 13.544477135000022], [38.35995090700004, 13.553004272000067], [38.34119673500015, 13.537642856000048], [38.327883107000105, 13.550325213], [38.31985645200007, 13.50215196500011], [38.278917156000034, 13.485519139000075], [38.259142031000124, 13.486203203000173], [38.24795795799997, 13.50166263900013], [38.20089763600015, 13.480138398000122], [38.17372022500007, 13.493443946000184], [38.145192748000056, 13.471678588000032], [38.12990702600007, 13.484739118999983], [38.12099078400007, 13.506304382000053], [38.115321849000054, 13.494262634000052], [38.05944101300014, 13.467191866000064], [38.04560338200014, 13.48011139199997], [38.02072947200014, 13.481256969000185], [38.00117941100007, 13.501097501000118], [37.96838889400004, 13.493693843000187], [37.946487353000066, 13.466415070000096], [37.904101474000186, 13.44704897300005], [37.887193277000165, 13.453370081000116], [37.86640019400005, 13.475127248999968], [37.81690553600009, 13.463175524000064], [37.80900596300006, 13.519093881000174], [37.79265930500003, 13.520614519000048], [37.769024663000096, 13.562598912999988], [37.78414945000003, 13.587719252000056], [37.77476531500008, 13.611653900000135], [37.77606695100013, 13.633502867000061], [37.76436876499997, 13.618372348000037], [37.759926005000125, 13.590998005000188], [37.75391837900003, 13.591163604000087], [37.74613843100008, 13.570948853000061], [37.727027012, 13.563421897000069], [37.71442554900017, 13.54201267700006], [37.69089672400003, 13.484688629000061], [37.694142437000096, 13.472426752000104], [37.676794297000185, 13.450687568000149], [37.65656396700018, 13.441373463000161], [37.637097256000175, 13.413895488000094], [37.55200112200009, 13.388603948000025], [37.51778052800017, 13.36647495200009], [37.47147485800008, 13.366936788000146], [37.44050583400008, 13.35409430600015], [37.41581665000007, 13.373968391000062], [37.395817856000065, 13.3577769690001], [37.365241889000174, 13.359850854000058], [37.355384239000045, 13.351342339000098], [37.35040973300005, 13.326731793000022], [37.32182724800009, 13.297177615000066], [37.28064718700011, 13.284943967000174], [37.250517199000114, 13.294993971000054], [37.239752410000165, 13.276930645000107], [37.224398829000165, 13.274730585000157], [37.20470911900014, 13.255712391000088], [37.18572662800011, 13.2825500940001], [37.15774619900003, 13.297806598000136], [37.098737854000035, 13.316356616], [37.0783740330001, 13.311815581000076], [37.03495555200004, 13.353264047000096], [36.96448784700016, 13.369635152000114], [36.956890105000184, 13.362378047000163], [36.9385876880001, 13.379983397000046], [36.9296728970001, 13.372127957000032], [36.91919201400003, 13.376823803999969], [36.8955402360001, 13.40691326800004], [36.881178028000136, 13.407483369000033], [36.84369659099997, 13.440939619000119], [36.82478994000019, 13.448246112000106], [36.8171475150001, 13.446529213000076], [36.808622144000026, 13.418499846000032], [36.78321982300014, 13.402886462000083], [36.766943716000185, 13.37812810700018], [36.73465985299998, 13.36307246600012], [36.68510106900004, 13.374785176000046], [36.6645955140001, 13.366565204000096], [36.63577966200006, 13.382451577000154], [36.60480770800018, 13.377627433000157], [36.569510996000076, 13.425268509000091], [36.56642194400007, 13.446200745000056], [36.57431031800013, 13.477864165000142], [36.601122891000045, 13.498425464000093], [36.564711750000185, 13.533001045000162], [36.55469238600017, 13.571281353000018], [36.519556105000106, 13.585511773000121], [36.526074354, 13.606487345000119], [36.50439169800012, 13.665134416000058], [36.47579642800008, 13.700421448999975], [36.483836159000134, 13.72710454100013], [36.45352451600007, 13.762965645000065], [36.40902000000011, 13.6575], [36.41138000000018, 13.61555], [36.397499978000155, 13.567779972000153], [36.2486, 13.368060000000185], [36.15736000000015, 13.03306], [36.16888997400008, 12.989999974000114], [36.15111000000013, 12.971670000000131], [36.13534, 12.92541], [36.15916, 12.88139], [36.142539971000076, 12.714849979000121], [36.11194000100005, 12.694029999000179], [36.07229, 12.724100000000135], [36.03722, 12.715], [36.012630000000115, 12.72055], [35.96472000000011, 12.71556], [35.701080000000104, 12.66611998899998], [35.70013998000013, 12.624999971000136], [35.68623999200008, 12.602219999000056], [35.64735997899999, 12.59152997100017], [35.38359998100003, 12.165549971000189], [35.28387999800003, 11.983330002000173], [35.26108444900018, 11.927687256000013], [35.28434964900009, 11.884517440000025], [35.295932535000134, 11.799151355000049], [35.32571308900003, 11.794483632000095], [35.33744408900003, 11.77302875100014], [35.36377255800005, 11.752983616000108], [35.394678371000055, 11.746206013], [35.42178871200008, 11.729397646999985], [35.473298434000185, 11.736175096000068], [35.51694609800006, 11.718011189000038], [35.576589017000174, 11.76735160700008], [35.64490718100012, 11.781448774000012], [35.661715636000054, 11.793377223000164], [35.66659556900015, 11.825909434000096], [35.69439444000011, 11.831326456000113], [35.7055444450001, 11.822406478000119], [35.76278125300013, 11.837272957000152], [35.80366466900011, 11.838016204000098], [35.822991351000155, 11.82686622], [35.860158136, 11.849909364000041], [35.874423950000164, 11.885936790000073], [35.93645885100011, 11.920757861000027], [35.94289646100003, 11.936559060000093], [35.93528848000017, 11.966113195000162], [35.96581619800003, 11.98458392599997], [35.96902416100016, 11.95841593800003], [35.978033363000065, 11.960496563000163], [35.995979783999985, 11.926879409000094], [36.02121089100018, 11.913844522999966], [36.04264241600015, 11.895065586999976], [36.03382405800005, 11.89176959200006], [36.03811706800019, 11.885488093000163], [36.05060942200015, 11.883020070000157], [36.04507496500008, 11.876433834000181], [36.056373809000036, 11.874303763000057], [36.049140053000144, 11.86599999900011], [36.05449561100011, 11.849317632000123], [36.06626463900005, 11.851600541000096], [36.08429012400018, 11.835083350000104], [36.08145858400019, 11.824370293000186], [36.09507064400003, 11.81285927200014], [36.10523044900003, 11.81589069100005], [36.123229422000065, 11.734435989000133], [36.11660558500006, 11.723511786000188], [36.12552807700007, 11.719165851000014], [36.11835755599998, 11.705810794000172], [36.14482701300011, 11.685617417000117], [36.16499539100016, 11.678176712000095], [36.17621587300005, 11.684244684000134], [36.20082866900009, 11.705839421000178], [36.20707344500005, 11.72143470800006], [36.23157853500004, 11.722111979999966], [36.235871693000036, 11.736957521000022], [36.28290673200013, 11.772664399000178], [36.30879796300019, 11.803229321000117], [36.329066074000025, 11.796687280000185], [36.34127461500009, 11.780808515000103], [36.33206421200015, 11.704052347000072], [36.34755637300003, 11.696597154000074], [36.332418123000025, 11.666042003000143], [36.34842141200011, 11.605359639000142], [36.365276536000124, 11.600335471000108], [36.37515493800015, 11.607679311000027], [36.403408975000104, 11.545985624000082], [36.41453441700014, 11.545125206000137], [36.41311592300019, 11.53195975400007], [36.4443037420001, 11.492808222000065], [36.40954439000018, 11.458302047000018], [36.40994764700008, 11.41391171600003], [36.467155096000056, 11.428645228000164], [36.51222244400003, 11.45827711200019], [36.52991016500005, 11.434547089000091], [36.533094912000024, 11.394058938], [36.56388981300012, 11.37134905500011], [36.56362650200009, 11.358029042000169], [36.53873465200019, 11.34564642600003], [36.53454314400017, 11.335293242000148], [36.54748246200012, 11.337270682000167], [36.556418424000185, 11.329487098000072], [36.56241993600008, 11.318338093000136], [36.556879115000186, 11.302116366000064], [36.537335400000075, 11.304736251000065], [36.5049580160001, 11.28498823600006], [36.49496594700014, 11.288952227000038], [36.48320885400017, 11.271785291000015], [36.46714241899997, 11.264992656000118], [36.47583075100016, 11.244666323000104], [36.46019195100007, 11.226432698000167], [36.467564638, 11.215339358000165], [36.46760784100013, 11.155408725000086], [36.475647259000084, 11.156975441000043], [36.502904681000075, 11.137539042000071], [36.549339458000134, 11.137815229000125], [36.560197970000104, 11.113251220000109], [36.578017499, 11.110522327000183], [36.57498835600012, 11.100708863000023], [36.55490839400011, 11.093216994000159], [36.53404978100008, 11.097955283999966], [36.532595030000095, 11.11321741100005], [36.525083896000126, 11.112711607000108], [36.48967117199999, 11.068734794000079], [36.47832475000018, 11.067137992000085], [36.46985381900015, 11.055211690000078], [36.444243487000165, 11.050402373000168], [36.422564846000114, 11.03136731300009], [36.417669645000046, 11.000727687], [36.35403261300013, 10.937042986], [36.35311661500003, 10.921215424000138], [36.30914227900007, 10.862546867000049], [36.31012808700012, 10.827150243000176], [36.29488479100013, 10.815011026000036], [36.29952841800019, 10.809995223000044], [36.282253898000135, 10.803867232000073], [36.28524219000013, 10.744582874000116], [36.310784268000134, 10.74725869100007], [36.341603238000175, 10.78883721000011], [36.377216858000054, 10.785756431000038], [36.37598614600017, 10.765286073000084], [36.35934693000013, 10.741647460000081], [36.33133824400011, 10.72623702500016], [36.31759667300008, 10.703604919000043], [36.32173064000011, 10.68528913900019], [36.31126925500007, 10.67880626300007], [36.32419511299997, 10.661657148000188], [36.303015255000105, 10.637862573000064], [36.30761642500016, 10.62420328700017], [36.29157282500017, 10.619958811000174], [36.28164751100013, 10.604559028999972], [36.30587583300019, 10.577947712000025], [36.302023956000085, 10.553959757000086], [36.31821832500003, 10.528003484000124], [36.34361345900015, 10.520897603000094], [36.35913256800018, 10.53031590400019], [36.36467566300007, 10.50617790200016], [36.38222295600019, 10.489591063000034], [36.39085529500005, 10.46798619800012], [36.40899585000011, 10.455303691000154], [36.44565091900006, 10.455682161000027], [36.45566251500014, 10.47464589800012], [36.477199156000154, 10.481972690000077], [36.532762362000085, 10.4783731980001], [36.546228503, 10.45689689500017], [36.52049615400017, 10.399559641000167], [36.539244943000085, 10.364979387000176], [36.60547151300017, 10.364720049000027], [36.63700763600008, 10.346635489999983], [36.668325410000136, 10.313818870000091], [36.68539933300019, 10.317595047000168], [36.6809025230001, 10.334614838000164], [36.69165352300007, 10.357319884000106], [36.74571697300007, 10.3599699130001], [36.76175988600005, 10.367309494000096], [36.776600381000094, 10.34596864200006], [36.806598428000086, 10.33537129300015], [36.81870652300017, 10.341900383000166]]]}}, {"type": "Feature", "properties": {"pcode": "ET04", "name": "Oromia", "parent_pcode": "ET", "level": "region"}, "geometry": {"type": "Polygon", "coordinates": [[[36.215481473000125, 7.491472471000179], [36.3017557660001, 7.449876385000039], [36.348665484000094, 7.445416163000118], [36.37463531100008, 7.415574806000052], [36.40629512300018, 7.408544479000057], [36.48391965400003, 7.416009775000077], [36.59833394100002, 7.369032600000139], [36.632953738000026, 7.377862983000057], [36.65174360700013, 7.345011488000182], [36.67256347200015, 7.328040718000011], [36.791112613000166, 7.252283413000157], [36.8409362000001, 7.325989875000062], [36.87915457500014, 7.329694398000072], [36.95546430700017, 7.260490995000168], [36.96579892, 7.241924506999965], [36.9646451700001, 7.224732706000111], [37.03951119000004, 7.240016542000092], [37.104830783000125, 7.224495804000071], [37.12859063800005, 7.228445968000017], [37.15418049200014, 7.240666506000082], [37.237830025, 7.312059669000178], [37.28763973500014, 7.334420649000037], [37.331224325000164, 7.343444724000051], [37.331157124000185, 7.349708520000149], [37.37973360100017, 7.380000817000166], [37.390284942, 7.402422383000101], [37.407219633000125, 7.492180415000121], [37.44510397, 7.564316881000025], [37.40119467800014, 7.682667443000014], [37.404844578000166, 7.827260347000106], [37.43671401400019, 7.918528487], [37.3898147970001, 7.961972350000053], [37.391790293000156, 7.992900512], [37.490798981000125, 8.017061117000083], [37.51399882700014, 7.999670325000181], [37.53927864000008, 7.953858262000153], [37.55751852300017, 7.948338], [37.60282978400011, 7.964857662000043], [37.59213734300016, 8.093134079000038], [37.623886783000046, 8.200043598000093], [37.615296918000126, 8.211464468999964], [37.61797037100007, 8.223404930000186], [37.60176817300015, 8.234641952], [37.57756870300017, 8.232068680999987], [37.55026531900006, 8.244460121000145], [37.529147732000126, 8.265820187000031], [37.506301852000036, 8.254395118000161], [37.4808609370001, 8.258579291000046], [37.46408344800011, 8.282420873999968], [37.471383310000135, 8.350706936000108], [37.512209156000154, 8.416968900000086], [37.557978897000055, 8.425509241000043], [37.57607877400005, 8.41406872500005], [37.598038610000174, 8.365316537000012], [37.611968519000186, 8.354086028000097], [37.66606321799998, 8.383537295], [37.67870814100007, 8.377707025000063], [37.704547954000134, 8.337035197000034], [37.717047880000166, 8.334095058], [37.74796771000018, 8.351765815000078], [37.816257282000095, 8.331804870000042], [37.862947009000095, 8.33570500999997], [37.92798665900017, 8.378166835000115], [37.98816628500015, 8.359525958000063], [38.02804107500003, 8.390282286000058], [38.06670582800018, 8.375966615000152], [38.08653572600008, 8.390097227000126], [38.10999997500005, 8.390368230999968], [38.122545523000156, 8.406587924000064], [38.13895542900008, 8.409418033000179], [38.16418088300003, 8.408050598000102], [38.18003017000018, 8.392867265000177], [38.217544956000154, 8.408777934000057], [38.26631466500015, 8.406637793000186], [38.282044566000025, 8.399557461000029], [38.28925450600008, 8.38069662099997], [38.31146435700015, 8.369946127999981], [38.30703432100006, 8.299693011000102], [38.33317506500009, 8.258550706999984], [38.347344031000034, 8.254240952000032], [38.43020872600016, 8.298750815000119], [38.45170682700018, 8.38503017700009], [38.47788344000003, 8.447359394000046], [38.501452516000086, 8.44396940900009], [38.526842520000116, 8.45761957000002], [38.565672185000096, 8.448279328000126], [38.590882148000105, 8.426018643000077], [38.61675172200006, 8.431138369], [38.65445164600004, 8.394637113000044], [38.667231758000014, 8.350485245000186], [38.65095223100013, 8.285082027000158], [38.71592177600007, 8.23115956800018], [38.71601842800004, 8.219447782000145], [38.68218734900012, 8.190427868000143], [38.68451186300007, 8.12245477200014], [38.67284312800018, 8.089863961000162], [38.63513376500015, 8.13233773100012], [38.59354445700018, 8.260199101000126], [38.560745005000115, 8.266089618000024], [38.54925865300004, 8.26268337099998], [38.54205284800008, 8.246110405000081], [38.542552826000076, 8.225849506000145], [38.58726248900018, 8.156236371000034], [38.583944895000116, 8.108104487000048], [38.593412387000114, 8.090883463000125], [38.62185218999997, 8.068412431000183], [38.612682218000145, 8.043301324000026], [38.62770176400011, 8.03359527900011], [38.597367683000186, 7.990588941000169], [38.58650728900005, 7.938259967000135], [38.563087169000084, 7.885196245000088], [38.51290808600004, 7.848910445000172], [38.49244288400013, 7.795393342000182], [38.44484742900016, 7.759533909000083], [38.43865298000003, 7.718867017999969], [38.4124333260001, 7.681553431000054], [38.420263009000166, 7.624342803000047], [38.40082461300011, 7.595303162000107], [38.40104308500008, 7.578700777000165], [38.418914805000156, 7.569457974000045], [38.42566291500003, 7.553869645000134], [38.42674865100014, 7.514721252000072], [38.34122879100016, 7.478579378], [38.327244892000124, 7.461681727000155], [38.31891194300016, 7.41416739500005], [38.279442839000126, 7.380599418000031], [38.28152741700012, 7.338683435000178], [38.26521009900006, 7.306723977000104], [38.08696524200013, 7.194943441000134], [38.07801476100019, 7.180263146000073], [38.0614289990001, 7.072213040000179], [38.06415474100004, 7.043386989000112], [38.10191447800014, 7.010775482000042], [38.117114364000145, 6.98091412500014], [38.1292979160001, 6.973829854000087], [38.146584174000054, 6.977463948000036], [38.19379390600017, 7.012345484000093], [38.237920596000095, 7.02005471300015], [38.25443070800014, 7.059897726000145], [38.30525896199998, 7.121612751000043], [38.32189493300007, 7.161742447], [38.34219310100019, 7.164452227000027], [38.378072847000055, 7.129760635000082], [38.40063270000013, 7.121470242000044], [38.4425483280001, 7.126812556000118], [38.460022326000114, 7.118190046000109], [38.46391228700003, 7.099829213000135], [38.480022182000084, 7.090398776000143], [38.54611452500018, 7.090876842000057], [38.58364155400017, 7.126290302000086], [38.61149138000019, 7.124180187000036], [38.630341248000036, 7.110849564999967], [38.64617113900016, 7.09554310600015], [38.63695117400016, 7.06609754699997], [38.668000970000094, 7.05985724400017], [38.68087087700013, 7.048356713000089], [38.67741279700016, 7.005354711000109], [38.68938163300015, 7.000867257000095], [38.697659787000134, 7.013830057000064], [38.71050065800006, 7.012985094000044], [38.714380616000085, 6.991414114000179], [38.71116794900013, 6.973757076000084], [38.69477071600011, 6.957492603000048], [38.704630624000174, 6.930631385000083], [38.69976063400014, 6.903340156000013], [38.714084698000136, 6.860577375000048], [38.63985344200012, 6.812686850000034], [38.635670932000096, 6.771714267], [38.65821078300013, 6.769624153999985], [38.67842064200016, 6.748963198000069], [38.70555046400011, 6.742042868], [38.74229019400008, 6.700940976000084], [38.81792971400006, 6.703611031000094], [38.833539606000045, 6.691660483000021], [38.83775103000016, 6.674915718000022], [38.934424959000125, 6.655611414000077], [38.94942382099998, 6.643803218000073], [38.941678844000194, 6.61033670900008], [38.9596402250001, 6.60087935100006], [39.032198258000165, 6.61180669700002], [39.059308084, 6.608786533999989], [39.0645250770001, 6.598816795000118], [39.04844812400012, 6.569824785000094], [39.05256808600012, 6.556984197000133], [39.08621785500014, 6.545168636000085], [39.09661776400009, 6.521612558000072], [39.09539773400007, 6.472090315000059], [39.12738741700019, 6.344354499000076], [39.119546178000064, 6.298994291000042], [39.090850623000165, 6.270802640999989], [39.085967610000125, 6.252010342000062], [39.113207371000044, 6.176556888], [39.13185995300006, 6.158786172000134], [39.07971625599998, 6.153000181000039], [39.03448703000015, 6.137438774000088], [38.96059829700016, 6.159270747000164], [38.874109772000054, 6.300833539], [38.75795676400014, 6.40906830400013], [38.73865209300004, 6.408953289000124], [38.7071626340001, 6.392451803000085], [38.661453411000025, 6.419084203000125], [38.64501602000007, 6.423178951000182], [38.62674400800012, 6.417034019000141], [38.56654503800013, 6.440456127000061], [38.47528660000012, 6.430375209000147], [38.44103718900004, 6.405362953000065], [38.42375110500012, 6.365554395], [38.42539189800004, 6.290092588999983], [38.438971759000026, 6.216879246000133], [38.43468269200014, 6.19876580500005], [38.394218009999975, 6.1817727560001], [38.37697371000013, 6.164516717000083], [38.35150567300013, 6.096230788000071], [38.31388050500004, 6.027833492000127], [38.27924000300004, 6.006286885000179], [38.27171014100014, 5.986579348000021], [38.28225995100013, 5.970703664000041], [38.304543440000145, 5.979980626999975], [38.318949083, 5.975062712000124], [38.327529177000145, 5.95537227900013], [38.37480906600007, 5.943043287000023], [38.396085707000054, 5.920052383000041], [38.380878259000156, 5.903997631000038], [38.35813865100005, 5.902137461000109], [38.32532922300015, 5.868814446000101], [38.303749591999974, 5.861443774000122], [38.270430162000025, 5.868524416000128], [38.23923070200016, 5.844372226000132], [38.20799123799998, 5.840191838000123], [38.19839140400006, 5.849452678000034], [38.19969959400015, 5.864800523000099], [38.21481111600008, 5.893246647000069], [38.20373130500002, 5.935020423000026], [38.18097169200013, 5.941651025000112], [38.15034221200017, 6.000406334000104], [38.121592709000026, 6.016677806000075], [38.116492788000016, 6.050200836000045], [38.07986341200012, 6.116986871000108], [38.08672839300016, 6.161044785000058], [38.102301546000035, 6.180448387000013], [38.125063726000064, 6.155126650000057], [38.14138362000017, 6.154456615000129], [38.18739684100018, 6.182210307000162], [38.19792137500019, 6.206434972000181], [38.19331145000007, 6.226176747000181], [38.17191181600009, 6.255329379000159], [38.1737417810001, 6.266810420000184], [38.19757778500019, 6.319003268000131], [38.21389328100008, 6.330174559000113], [38.24860305800007, 6.336279819000083], [38.288230414000054, 6.359842237000066], [38.29315196700003, 6.397952940999971], [38.282933853000145, 6.408303044999968], [38.28240350100015, 6.437769978000119], [38.24559052900014, 6.468228601000078], [38.17062181500006, 6.449826935000033], [38.15522208000016, 6.439255981999963], [38.143491266000126, 6.458191833000058], [38.14968371900011, 6.496589192000158], [38.13928038800009, 6.506002737000017], [38.11451055800018, 6.499561886000095], [38.09073151500007, 6.526068446000181], [38.05159517900006, 6.534738812000114], [38.01884606200014, 6.573269380000113], [37.97721522300003, 6.550851236000085], [37.95266291200005, 6.549619914000175], [37.932700593000106, 6.557206405000045], [37.91261203100015, 6.590668957000105], [37.89277595400017, 6.596070541000074], [37.87148281900005, 6.582228514000121], [37.814594753999984, 6.510571948000177], [37.7999260040001, 6.478181572000153], [37.79745598700009, 6.429239352000025], [37.819595828000104, 6.393427707000058], [37.84008568700017, 6.378747021000038], [37.85215556300017, 6.304783646999965], [37.84026560100011, 6.248251081000149], [37.77809593500018, 6.149596620000068], [37.775736828000106, 6.113575488000038], [37.78977580000014, 6.049442044000102], [37.78317581900018, 6.010600270000111], [37.79148575500011, 5.99590959600016], [37.803736092000065, 5.993178829999977], [37.82709553300003, 6.009990222000113], [37.842965438000135, 6.0109402490001], [37.865535278000095, 5.986629124000046], [37.89498508200012, 5.974498552000171], [37.903975012000046, 5.960507907000135], [37.95269470500011, 5.96334801200004], [37.96857460200016, 5.956017667000083], [37.982474467000145, 5.887824539000178], [38.00713428500018, 5.849272763000158], [38.01987416700018, 5.79004003700004], [38.05415393300018, 5.764148838000153], [38.07207775000006, 5.762558968000064], [38.088883692000024, 5.745607964000158], [38.07516384600012, 5.688940437000042], [38.00801470400012, 5.650154599000075], [37.943519996000134, 5.639464151000141], [37.93017464400009, 5.616672147000088], [37.94781448700007, 5.537688512000102], [37.94681445500015, 5.474285600000087], [37.935224497000036, 5.423033255], [37.90121237500017, 5.373247752000054], [37.896374714, 5.349879911000073], [37.904774635000024, 5.303957793000052], [37.900819335000165, 5.244854087000135], [37.88508552400015, 5.234310022000159], [37.852657442, 5.234646854000118], [37.81007817200003, 5.268299910000167], [37.77282881700012, 5.283351274000097], [37.74712925900019, 5.276610653000091], [37.700880053000105, 5.305883307000045], [37.67423051600002, 5.307643461], [37.646706038000104, 5.299287273000175], [37.62973481100005, 5.266009696000026], [37.517863236000096, 5.220475515000089], [37.41721498200013, 5.16655059500016], [37.36717585100013, 5.155099544000109], [37.34073631300009, 5.159599949999972], [37.292357141000025, 5.1943630990001], [37.23810807800004, 5.199433549000048], [37.216908441000044, 5.21268475], [37.19715878400007, 5.21031453], [37.18182905900011, 5.193923041000119], [37.112230264000175, 5.186272328000086], [37.003311116000134, 5.199082903000033], [36.98309996800015, 5.19241227200007], [36.94896665400017, 5.19468654700006], [36.892970983000055, 5.109787746], [36.860708967, 4.978767301000175], [36.863475655000116, 4.793039446000137], [36.85473946500008, 4.736059609000165], [36.828479986000104, 4.709174806000135], [36.64640914100016, 4.710757126000146], [36.68084120200007, 4.604300630000125], [36.657532315000026, 4.580373675999965], [36.714253964000136, 4.433850543000176], [36.88777, 4.43472], [37.0397200000001, 4.375550000000146], [37.099160000000154, 4.33167], [37.13027000000011, 4.28639], [37.99805, 3.728610000000117], [38.03361, 3.698060000000112], [38.0561100000001, 3.651940000000138], [38.12111000000016, 3.61167], [38.448050000000194, 3.599440000000129], [38.51694, 3.62694], [38.913610000000176, 3.513890000000117], [39.091117958000154, 3.531103962000145], [39.22049612899997, 3.602478588000054], [39.28469638700011, 3.623078557000156], [39.39961698500019, 3.79565871799997], [39.499677537000025, 3.96572886000007], [39.478277542000114, 4.040328985000144], [39.52878786900004, 4.16673909800005], [39.539687995000065, 4.235169173000145], [39.58577823799999, 4.29653919499998], [39.703269004000106, 4.568169368000042], [39.717009120000114, 4.615679399000044], [39.74589929300015, 4.666579411000157], [39.743559362999974, 4.723479474000101], [39.765069607000044, 4.846849563000092], [39.80444989900019, 4.951479603000109], [39.81286000200015, 5.002069636000044], [39.833590126000104, 5.032769630000189], [39.90730067200019, 5.219609665], [39.942290907000086, 5.284989659000075], [40.03368142099998, 5.396789590000139], [40.09795160800013, 5.364879467000151], [40.17443187500015, 5.353379345000064], [40.532893277000085, 5.410648792000018], [40.58104355400013, 5.475948735000088], [40.60538367000015, 5.490288706000058], [40.63305383200003, 5.530068672000084], [40.67958401800007, 5.540638594000143], [40.69437411500019, 5.567168583000068], [40.75288437600017, 5.594398484000067], [40.83220476500014, 5.655898367000134], [40.922295132000045, 5.683378211000104], [40.87479519000004, 5.807898320000163], [40.87840553700005, 5.987518345000183], [40.866428984000095, 6.133653443000128], [40.88162104500003, 6.244343346000051], [40.85674623600005, 6.385908396000048], [40.86035635200017, 6.436198390000129], [40.8856165200001, 6.472118329000068], [40.900056653000036, 6.511638298000094], [40.98996717700004, 6.604238100999964], [41.015537354, 6.644558033000067], [41.07207766500005, 6.694327906000183], [41.13102787300011, 6.691257775999986], [41.22846808100019, 6.623007581000081], [41.35838841800012, 6.5655273160001], [41.38003849600017, 6.565527268999972], [41.43778865400003, 6.543967151000061], [41.528008793000026, 6.464936979000072], [41.619688883000094, 6.361716810000019], [41.633348992000094, 6.3913867710001], [41.690329268000085, 6.429416634000177], [41.738929635000034, 6.519906501000037], [41.757879747000175, 6.540536444000168], [41.81966002100006, 6.570476295], [41.853665850000084, 6.568909076000125], [41.86073008300008, 6.535341221000124], [41.88798017099998, 6.535346155000184], [41.93641037600014, 6.553176036000082], [41.999540669000055, 6.589845874000105], [42.006480748000115, 6.614385852], [41.99918079000008, 6.641615850000107], [42.013460876000124, 6.658605806000025], [42.025491026000054, 6.706415754999966], [42.055531229, 6.748755663000054], [42.076231629000176, 6.886735527999974], [42.106051829000194, 6.930215429000157], [42.13416198700003, 6.954165339999975], [42.16264221300003, 7.007115234000025], [42.157612300000096, 7.051325216000123], [42.18696251700004, 7.096395109000014], [42.20470268600013, 7.141035027000157], [42.20985301500019, 7.264004914], [42.19911009600014, 7.291440179000119], [41.896122317000106, 7.411205596000059], [41.89360232500013, 7.41868560000006], [41.86779253900016, 7.538175568000042], [41.95714348700005, 7.774785126000154], [41.9124035160001, 7.844395182000028], [41.926344219999976, 8.080564910000021], [41.94840464200007, 8.200894719000132], [42.02705375500011, 8.323024846000123], [42.02600558600017, 8.425834241000075], [42.06972595000008, 8.493974029000185], [42.215616852000096, 8.61120344000011], [42.23966702600012, 8.639883325000142], [42.263077100000146, 8.635953264000136], [42.323037013000146, 8.53677320800017], [42.50255751800012, 8.492082721000031], [42.52013754100011, 8.478712686], [42.567027021, 8.255612845000087], [42.61597690200017, 8.159602825000093], [42.630626897000184, 8.140432805000046], [42.65140693300003, 8.129672756000161], [42.67851708100011, 8.147322652000184], [42.70159725600013, 8.179612544], [42.734877721000146, 8.29437228300003], [42.76816804700019, 8.36317208500003], [42.779378119000114, 8.373262037000188], [42.79818817000006, 8.370071980000091], [42.89884863900005, 8.409101609000118], [42.897028782, 8.457751538000139], [42.91236904100015, 8.52210139300007], [42.90531921100006, 8.582221323999988], [42.89878926, 8.602671316000055], [42.838419246000115, 8.664391413000033], [42.83198932400012, 8.695231381000042], [42.8439195740001, 8.75792124700007], [42.865359802, 8.804351102000055], [42.86532986700013, 8.825111068000183], [42.84954988100009, 8.844291089000023], [42.80515980900003, 8.87003119000019], [42.73063980400008, 8.948021313000083], [42.64434990700005, 9.072981394000124], [42.59934556800005, 9.106174348000081], [42.63511011000014, 9.143971312000133], [42.63470016100007, 9.15852129000018], [42.59548013700004, 9.193591358000049], [42.58359016500003, 9.21538136700002], [42.57099025900004, 9.258181333000152], [42.551360282000076, 9.28657135700007], [42.54695033100012, 9.30523133500003], [42.556290423, 9.321051281000166], [42.537453342000106, 9.372981780000146], [42.64088981900011, 9.447462241999972], [42.681975572000056, 9.469872345000113], [42.71465737500006, 9.474541032000161], [42.73613405100019, 9.495083681000153], [42.776286019000054, 9.511891223000077], [42.813636848000044, 9.572585500000116], [42.86406022400013, 9.586591722000094], [42.87993422800014, 9.584724145000052], [42.90888087400015, 9.563247560000036], [42.921019829000045, 9.565115037000112], [42.943430277000175, 9.58752519899997], [42.96864195600011, 9.592193908000183], [42.97984719400017, 9.607134029000065], [42.97797974200017, 9.62861051699997], [42.950900710000155, 9.672497336000049], [42.93502672700009, 9.679967474000136], [42.907947424000156, 9.650087250000183], [42.853789080000126, 9.662226324000017], [42.73053226900015, 9.721053651000148], [42.69411559200017, 9.768675546000168], [42.66379457400012, 9.776549058000057], [42.647427344, 9.775212033000173], [42.56805714500018, 9.73692815000004], [42.49895844500014, 9.721054470000126], [42.376572174000046, 9.713839606000022], [42.339772808000134, 9.719617623000147], [42.25863541500007, 9.651581739000108], [42.22052027700016, 9.656161865000172], [42.18038008200011, 9.644342017000099], [42.124859761000096, 9.61452225000005], [42.13340968100016, 9.582492279000121], [42.15259966700006, 9.556372258000124], [42.13889953700016, 9.53469233300018], [42.08105915400006, 9.48816259900019], [42.074771083000144, 9.473716646000128], [42.03171901000002, 9.504402737000078], [41.98252383100004, 9.508492896], [41.93874855600012, 9.479543086000149], [41.91337842900003, 9.472463175000087], [41.859708268000134, 9.48801333], [41.81519805100004, 9.476743490000104], [41.77299792700012, 9.49105360700014], [41.73461770200004, 9.471483758000147], [41.702277556000126, 9.466653867000105], [41.67019743500015, 9.470633967000083], [41.65415740700007, 9.481234004000044], [41.642597468000076, 9.515143991000116], [41.540606997000054, 9.499584337000044], [41.49096665500008, 9.45742454700013], [41.308696037000175, 9.503075062000107], [41.23931572900011, 9.498795281000127], [41.219885617000045, 9.490715353000041], [41.145445100000074, 9.42462566100005], [41.05648461700008, 9.391065970000056], [41.01407433100019, 9.357206139000027], [40.970714125000086, 9.35150627600018], [40.92697385500014, 9.323126437999974], [40.844103443000165, 9.3047967010001], [40.81256332600009, 9.310926782000081], [40.78882344700003, 9.386896769000145], [40.79764350800019, 9.395556737000106], [40.858223742000064, 9.385366568000109], [40.89121389900009, 9.389536466000152], [40.92751409900012, 9.405136336], [40.917524111000034, 9.421836350000149], [40.88999406900001, 9.448646402000065], [40.86218399100011, 9.463016470000127], [40.78322359800006, 9.447886716000085], [40.69856323100004, 9.44764696599998], [40.65955292800004, 9.404307129000074], [40.60596265300018, 9.391047300000082], [40.52841229100005, 9.385457529000064], [40.47102194900009, 9.354757718000087], [40.40812145900003, 9.28118796900003], [40.327020742, 9.154658312000095], [40.24550016100005, 9.074868599000013], [40.23780991000018, 8.99733868800007], [40.16988952200006, 8.96449889600018], [40.15224936100009, 8.931958967000128], [40.094496917000185, 8.86216516900015], [40.06695374800006, 8.843969253000068], [40.04034862300011, 8.841109322000136], [40.01040852700015, 8.856089392000058], [40.01926865200005, 8.88912934700005], [40.036618778000104, 8.906529287000183], [40.05109899000007, 8.96135920800009], [40.03481900200006, 8.994449229000168], [39.99955887700003, 9.00715930900003], [39.947628630000054, 9.00359944700017], [39.95186871700014, 9.02998941800007], [39.91874867000007, 9.068409475000124], [39.90901879700016, 9.131799454000031], [39.89841876700007, 9.138939472000175], [39.87765868700012, 9.14472952500006], [39.807734578000066, 9.135445119000167], [39.79380439300007, 9.112743744000056], [39.742452111000034, 9.091257804000122], [39.74801287400015, 8.910277915000165], [39.73133270000005, 8.844191349000141], [39.733277203000114, 8.826240115000076], [39.716727868000135, 8.816080567000029], [39.66213722700013, 8.81319248400007], [39.61702272300016, 8.786868968000022], [39.561986771000136, 8.817839618000164], [39.55178623600017, 8.768750596000189], [39.533776130000035, 8.757960639000089], [39.50075019000019, 8.71481253100012], [39.449226619000115, 8.752237944000115], [39.417751568000085, 8.814541965000103], [39.378164, 8.791171490000067], [39.377101170000174, 8.730897078000055], [39.361069288000124, 8.72094988900011], [39.342048858, 8.726945429000011], [39.324542076000114, 8.746886870000026], [39.3053067730001, 8.72172577400005], [39.28581489000004, 8.71779125300003], [39.27044801400007, 8.724513068000135], [39.2619521150001, 8.74693588100007], [39.27298265900009, 8.766853948000062], [39.27199310900011, 8.783044547000088], [39.24398559800011, 8.83661498600003], [39.26552645700008, 8.843076076000159], [39.23749115600009, 8.862024795000082], [39.24101508700005, 8.88892248400009], [39.26538142600009, 8.922385056000167], [39.25859961100019, 8.96263610700015], [39.28818837100005, 8.9989783850001], [39.296751314, 9.053268940000123], [39.35701227100009, 9.062080326], [39.32884403800011, 9.137206135000042], [39.32016455600012, 9.140222525000013], [39.323169034000045, 9.14878646000011], [39.2941263300001, 9.149269342000082], [39.24952222500019, 9.135586015000115], [39.21463741100018, 9.173379248000117], [39.188588721000144, 9.209260135000022], [39.21368251300004, 9.228121843999986], [39.177743712000165, 9.271073861], [39.20718808400011, 9.291940727999986], [39.23366221900011, 9.293612357000029], [39.26616884400005, 9.244486984000105], [39.284730547000095, 9.27753734300012], [39.26620577600005, 9.288451741000074], [39.264416277000066, 9.324190917000067], [39.2782815970001, 9.312249715], [39.28543756800008, 9.315796503000058], [39.29298836400005, 9.349165239000172], [39.3065452730001, 9.366090126000131], [39.31958581300012, 9.365580384000054], [39.325117202000115, 9.380519217000028], [39.34668384399998, 9.378506033000065], [39.35670594100014, 9.369031534000158], [39.39485193700011, 9.391904538000176], [39.42040920500017, 9.371451719000106], [39.4456431210001, 9.383906186000047], [39.45387452300008, 9.401201864000086], [39.44308736300019, 9.414380454000138], [39.44770576600013, 9.432491261], [39.43032535700013, 9.433876471000076], [39.39392723600008, 9.455048550000072], [39.37274111000005, 9.44683061000012], [39.37692353400007, 9.463288481000177], [39.363082137000106, 9.47386061400016], [39.30969186300001, 9.46768075600005], [39.294095184000184, 9.491740781000146], [39.31293988900018, 9.535559958000135], [39.329693778000035, 9.526557331000163], [39.34140090000005, 9.545392053000171], [39.36060447900013, 9.54606323600018], [39.376473449, 9.567334510000137], [39.373358609000036, 9.592027721000022], [39.388819113000125, 9.615740414000129], [39.3858586610001, 9.630821438000055], [39.36168779400015, 9.61891577400013], [39.35204852900006, 9.622053936999976], [39.35775050700005, 9.656863755000131], [39.371299046000104, 9.669967687999986], [39.36097910500018, 9.68027947600001], [39.37011478900007, 9.699377299000048], [39.339346295000155, 9.703918864000173], [39.34671639000004, 9.725141529000155], [39.320450965000134, 9.724124522000125], [39.297855516000084, 9.748032986000169], [39.287584113000094, 9.733964613000069], [39.26811777600017, 9.739742061000072], [39.24990599400002, 9.704906936000043], [39.2280630570001, 9.693712076000168], [39.22349573200012, 9.705209304], [39.20489464400009, 9.70655635200012], [39.18417257800007, 9.72006233899998], [39.184024695000176, 9.685757296000133], [39.174227379000115, 9.694849772000111], [39.16178271900003, 9.688778226000125], [39.145374471000025, 9.693345943000168], [39.147743968999976, 9.715357992000065], [39.13930268200011, 9.740658277000023], [39.09768602400004, 9.73544210600005], [39.10453200900008, 9.748596004000035], [39.09221344400004, 9.763080850000165], [39.03600052100006, 9.74701334600013], [39.016590379000036, 9.757725298000082], [38.990104350000024, 9.74597087400008], [38.97442031100019, 9.761105070000099], [38.95208805800007, 9.738662725000154], [38.960252750999985, 9.710757137000144], [38.93473306800013, 9.727943276000076], [38.909342186000174, 9.70873160400015], [38.86654203400008, 9.733633362000091], [38.828900269000144, 9.769105514000046], [38.80777570700002, 9.819546366000168], [38.80302884600013, 9.86211411000005], [38.79085286500015, 9.882626782000159], [38.802462994, 9.909464233000165], [38.796395525000094, 9.933715064000182], [38.80057028700003, 9.962196032], [38.779325189000076, 9.982384738000121], [38.75805634, 9.980672016000028], [38.673815107, 10.015149482000027], [38.65723511500005, 10.051451997000186], [38.66266513400018, 10.057361952], [38.72135744600001, 10.05144383400011], [38.81094316000019, 10.094408716000032], [38.82361609700007, 10.109681501000068], [38.84260955200017, 10.109924813000134], [38.85260123400013, 10.11805302100015], [38.833744314000114, 10.161852710000119], [38.835273491000066, 10.22573390600013], [38.86084374400019, 10.277980931], [38.845728709000014, 10.361023596000166], [38.80646847700007, 10.368835610000076], [38.772146040000166, 10.366160703], [38.74612205100016, 10.383746507000069], [38.7126352840001, 10.386869343000171], [38.66415636700003, 10.372755606000055], [38.630276588000186, 10.382174811000027], [38.47667664300013, 10.363259946000085], [38.48120135300019, 10.344366625000134], [38.466090771000154, 10.305224893000172], [38.47252905600004, 10.291804716000115], [38.46006729900006, 10.28997032], [38.46267190600014, 10.267672455000081], [38.45419122400011, 10.24668936800009], [38.41938480600004, 10.219846971000038], [38.43004354400017, 10.193132966000121], [38.42105021500009, 10.180752498000174], [38.42572464500017, 10.171756064000078], [38.40631033600005, 10.160372298000027], [38.397499996000136, 10.144277914999975], [38.366302158, 10.14048549500012], [38.3482787750001, 10.158841026000118], [38.34004956300009, 10.156221874000153], [38.32596192600005, 10.133119432000171], [38.32180950600019, 10.107186793999972], [38.308600941, 10.107952823000062], [38.29527498900018, 10.089247869000133], [38.25237559800013, 10.088427973000137], [38.247788605000096, 10.101949476000073], [38.240426651000064, 10.102633868000055], [38.176628260000086, 10.06310542100016], [38.15056522800012, 10.035121651000054], [38.13093968800007, 10.047449623000091], [38.11827721600008, 10.01775053700004], [38.087563260000024, 10.020250808000071], [38.080279709000024, 10.015223327], [38.081207972000186, 10.00217543399998], [38.06431588200013, 9.997895474000075], [38.05993197800018, 9.981803496], [38.04811374000019, 9.981532249000054], [38.043585946, 9.969779788000096], [38.00845470899998, 9.964134820000027], [37.99342139200019, 9.949085918000094], [37.95706717600012, 9.938637757000095], [37.932837886000186, 9.941279304999966], [37.93007431000018, 9.914587167000036], [37.90932590200009, 9.930448536000085], [37.89302914200016, 9.927258909000045], [37.8699323080001, 9.907533973000113], [37.86039093500017, 9.912788657000078], [37.85593637200009, 9.8959411780001], [37.842680721000136, 9.896703164000087], [37.81602151100003, 9.867150363000121], [37.76908872399997, 9.851441725000143], [37.74852987700007, 9.855939259000138], [37.74289181200015, 9.840662288000033], [37.72434638800007, 9.844544327], [37.70065208000017, 9.836714383000185], [37.680392862000076, 9.862317749000113], [37.66185275800012, 9.860484457000155], [37.641381363000164, 9.882482492000122], [37.6182267640001, 9.893889540000146], [37.612827604000074, 9.909410379000121], [37.592396684, 9.918764587000169], [37.586934200000144, 9.939397922000182], [37.552929056000096, 9.958554656], [37.551362415000085, 9.973427987000036], [37.52923692900009, 9.996176773000059], [37.483134779000125, 10.0035087870001], [37.47574929500013, 10.01493897500012], [37.44446959400011, 10.014559267000152], [37.398275411999975, 10.04615045300011], [37.36219470900011, 10.04317853300006], [37.34475117200003, 10.005818236000152], [37.32325458600002, 10.008101796000062], [37.28771184400017, 10.06287918300012], [37.271640445000116, 10.073638879000043], [37.220499518000054, 10.083913318999976], [37.190737458000115, 10.111555897000073], [37.16770232300007, 10.16327334600004], [37.19748743800011, 10.21387578200006], [37.19989674900006, 10.223296519000144], [37.19036774500012, 10.236270790000106], [37.087101871000186, 10.259494065000013], [37.045871990000194, 10.288399330000061], [37.01326530000006, 10.28493867300017], [36.97992079900007, 10.314026481000099], [36.89796121, 10.312848153000118], [36.86924151600016, 10.34069289900009], [36.824736483000095, 10.342464167000117], [36.806598428000086, 10.33537129300015], [36.776600381000094, 10.34596864200006], [36.76175988600005, 10.367309494000096], [36.74571697300007, 10.3599699130001], [36.69165352300007, 10.357319884000106], [36.6809025230001, 10.334614838000164], [36.69219150500015, 10.296289130000048], [36.65969071600017, 10.27704084100003], [36.61057050700015, 10.259221846000173], [36.5746856180001, 10.264173395000114], [36.57584782900011, 10.279235559000085], [36.554480933000036, 10.285072005000188], [36.51548847200007, 10.2399315400001], [36.490912873000184, 10.234268733000079], [36.445350893000125, 10.245844166000154], [36.36942190400009, 10.161652776000096], [36.27189215800007, 10.11308766100018], [36.258919556000194, 10.078452010000092], [36.21892419200009, 10.053212510000094], [36.18456706800009, 10.049661314000048], [36.13989836400009, 10.009705090000068], [36.11979873200005, 9.961333164000052], [36.15234344800001, 9.8489314790001], [36.12820708200013, 9.852213635000055], [36.13647113500008, 9.807447298000056], [36.10528661300003, 9.773323643000083], [36.15905722600007, 9.746936508000033], [36.177496121000104, 9.701314421000063], [36.19186586200004, 9.68787751800005], [36.200777372000175, 9.614928768000084], [36.23177701600008, 9.570323043000087], [36.26626546700004, 9.56869526200012], [36.3010252090001, 9.555515471000035], [36.33595512400018, 9.511994007000055], [36.3803079810001, 9.480480466000074], [36.40062950700019, 9.510988321000184], [36.461168171000054, 9.528057690000026], [36.4944298580001, 9.509365743000046], [36.498663554000075, 9.472884584000042], [36.51491109100016, 9.444134004000091], [36.507265609000115, 9.419345341000167], [36.47519087500012, 9.394637238000143], [36.484109647000025, 9.367867244000081], [36.46141108900008, 9.357156935000091], [36.37471653800014, 9.358019170000091], [36.33376793600007, 9.339799325000058], [36.31899619500007, 9.305850016000136], [36.29548249600009, 9.30169163700009], [36.27511740200015, 9.343833046000157], [36.25317940600007, 9.30182331200001], [36.21837304700006, 9.297118325000042], [36.21458697200006, 9.332416972000033], [36.23426871700008, 9.347006928000042], [36.205892528000106, 9.35473969200018], [36.19459721600009, 9.326289034000183], [36.19489470399998, 9.288973481000085], [36.22633601000018, 9.27172814000005], [36.22892516800016, 9.229031010000085], [36.203947895000056, 9.15734681300006], [36.1719122990001, 9.10829718500014], [36.16147342100004, 9.105351872000085], [36.18458592800005, 9.07195168700008], [36.2076504580001, 9.067152766000106], [36.246477824000124, 9.040962060000084], [36.22594920200015, 9.030967937000128], [36.17679055000008, 9.044525228], [36.15963301900018, 9.020659939999973], [36.13142903099998, 9.020788201000016], [36.128686398000184, 9.051117363], [36.108553458000074, 9.080031575000021], [36.08417349299998, 9.058420663000163], [36.07553725400015, 9.06263762600014], [36.09697461400003, 9.032414896000034], [36.086545823000165, 9.012616791000028], [36.06394157600016, 9.019908036000118], [36.04215539300009, 9.015047793000065], [36.04244908600015, 9.032177624000155], [36.02807451900014, 9.055977324000082], [36.034022845000095, 9.107416687000125], [36.05361065600016, 9.119437129000119], [36.03157719600017, 9.23342605900001], [35.94932102400003, 9.249153646000082], [35.917871966000064, 9.285639052000136], [35.91108877400018, 9.315957987000104], [35.85987032500009, 9.324971589000143], [35.79719169100014, 9.30861754000017], [35.77395460000014, 9.324324043000047], [35.756747975999986, 9.323638114000062], [35.750557958000115, 9.331128127000113], [35.75012134100018, 9.40308330400012], [35.754002660000026, 9.416548201000182], [35.77841538000007, 9.430699023000045], [35.7773258310001, 9.440139413999987], [35.764992988000074, 9.473350736999976], [35.75289109300019, 9.481694207000032], [35.71076071200014, 9.486771922000173], [35.67139109600015, 9.517234552000161], [35.64749196800017, 9.553310385000032], [35.64357966200015, 9.594550314000116], [35.653437895000025, 9.634928304000027], [35.63472781400009, 9.65148833000012], [35.59442759400008, 9.656038397000088], [35.578517519, 9.665518421], [35.553727423000055, 9.696118466000144], [35.50510615400009, 9.688702257000159], [35.46842357400004, 9.670376197000166], [35.45537498500016, 9.672230703000082], [35.41076633100016, 9.713677552000092], [35.36839702500015, 9.719289413000183], [35.36508100900005, 9.727466421000145], [35.38303116900005, 9.758996405000175], [35.378831148000074, 9.765406404000032], [35.41962852800003, 9.785145035000085], [35.363788997000086, 9.813043185000026], [35.34980061600004, 9.866075812000133], [35.32469285600007, 9.884796300000062], [35.29745400500008, 9.922483253000166], [35.27847186900016, 9.907078983000133], [35.23074359100008, 9.893252214000029], [35.220798401000025, 9.925425696], [35.159583687000065, 9.948402073000125], [35.0883414970001, 9.950488895000092], [35.08102060900012, 9.921920612000065], [35.04851353200013, 9.917741245000059], [35.019654361000164, 9.928791940000167], [35.01501748700019, 9.995190863000062], [34.98818221300013, 9.996766925000031], [34.94299597999998, 9.933567317000154], [34.92765547700003, 9.93527945600016], [34.90442008500008, 9.95587868600012], [34.88778145300006, 9.908213967999984], [34.866795099, 9.902260916000046], [34.89768351600003, 9.881757181000069], [34.89215289900011, 9.864603877000093], [34.86972697700014, 9.820667072000163], [34.831665465000015, 9.803115600000126], [34.796142518000124, 9.736239464999983], [34.80996044700004, 9.702241158000106], [34.81085410300011, 9.63011872900006], [34.79205744500007, 9.603314873999977], [34.782986711000035, 9.55333113000006], [34.735137544000054, 9.545301779000113], [34.63201474800019, 9.588021403000027], [34.58539422700005, 9.630359738000038], [34.548466702999974, 9.629662940000117], [34.52323091600016, 9.541112503000079], [34.49873226600016, 9.51423106599998], [34.51297477000014, 9.44800064600014], [34.45180644800007, 9.44911063000012], [34.46627046499998, 9.365810855000063], [34.45172809500008, 9.308702328000038], [34.45238950900006, 9.257480946000044], [34.439560022000194, 9.215575531000127], [34.401742184, 9.186634573000049], [34.34087704800015, 9.168779030000167], [34.426835009000115, 9.07179545400004], [34.45833001600016, 9.073183166000092], [34.48366668900019, 9.047145573000023], [34.50370799100017, 9.004134039000178], [34.43065100400008, 8.967436632000044], [34.13440686100006, 8.9625607750001], [34.12424570300004, 8.651479982000126], [34.18963902100012, 8.651632735000078], [34.22351863200015, 8.669767441999966], [34.25573365700012, 8.70263865700008], [34.279388977, 8.708837029000108], [34.31242902300011, 8.682099813000093], [34.345471368000176, 8.600099974000102], [34.358223376000126, 8.522043527999983], [34.35743284800009, 8.499928235000084], [34.31329640800004, 8.389928504000125], [34.34728014300015, 8.376647333000165], [34.52268710100003, 8.475544933000037], [34.55652675400012, 8.455134120000082], [34.57427349900007, 8.403479556999969], [34.728751828000156, 8.390022244000022], [34.7852504330001, 8.355242661000148], [34.79507204599997, 8.326909195999974], [34.785803330000135, 8.303639340000018], [34.826427111000044, 8.261935566000034], [34.85509482500004, 8.250647129000129], [34.964792083000134, 8.247346959000083], [35.01825891200008, 8.219643652], [35.07324599700007, 8.22018482700014], [35.11891349000018, 8.200608826000177], [35.13813145800009, 8.181827079000016], [35.15765929900016, 8.136710000000107], [35.1432712240001, 8.142853244000037], [35.103878786, 8.115117707000138], [35.08908772700005, 8.113922156000058], [35.117936250000184, 8.082588241000167], [35.140716397000176, 8.02168946100005], [35.14102409500009, 7.989027562000047], [35.10855797300019, 7.957113076000155], [35.048340566000036, 7.954436467000107], [35.008480071, 7.923502092000035], [35.0131013350001, 7.882457938000073], [35.00061526900015, 7.862321638000026], [34.95068663400002, 7.890286446000175], [34.93227635799997, 7.827954211000133], [34.93711194700012, 7.764793453000038], [34.93197755600016, 7.728168627000173], [34.995473251000135, 7.747974243000044], [35.07709584100007, 7.731005248000145], [35.11603360700019, 7.645092153000178], [35.172934602000055, 7.654229187000169], [35.21232413900003, 7.651496985000051], [35.22032125800007, 7.662597221000112], [35.22273282400016, 7.703102542000181], [35.27556691600006, 7.74600805200015], [35.340877649000106, 7.776610678000054], [35.342029587000184, 7.821368869000082], [35.349859201000186, 7.834874142000103], [35.358051522000096, 7.84299441800016], [35.38914134100003, 7.827023693000058], [35.40057884100008, 7.829573682000103], [35.42873494500009, 7.880825225000081], [35.47431084800007, 7.873505752000085], [35.52072558400016, 7.8956067310001], [35.54440042500016, 7.83099382], [35.554630358000054, 7.82021333400013], [35.58962015300011, 7.808632804000126], [35.61827998600006, 7.814743066000119], [35.69372955400013, 7.86435527000009], [35.716439421000075, 7.855474859000083], [35.73953928500015, 7.866625353000074], [35.776066029000106, 7.899170272000163], [35.79992172900006, 7.940669771000046], [35.738512741000136, 7.988824024000053], [35.722852992000014, 8.022467005000067], [35.72800373500013, 8.039569454000173], [35.76576921200018, 8.081234959000142], [35.86086865400017, 8.077234741000098], [35.872718576000125, 8.058773906], [35.905128344000104, 7.946018852000066], [35.88687443500015, 7.89253824400015], [35.84861863200001, 7.838964073], [35.94162805700006, 7.773921118000089], [35.99723771599997, 7.745119799000122], [36.02055755300012, 7.692017406000105], [36.04189742400018, 7.674366604000056], [36.05190735200006, 7.653905677000068], [36.03248744400014, 7.591452878000041], [36.03532741700019, 7.572582032000071], [36.062197248000075, 7.557481339], [36.12761685700008, 7.555641226000091], [36.15655667800013, 7.542620626000144], [36.215481473000125, 7.491472471000179]], [[38.70674967700012, 9.081831707000106], [38.771246838000025, 9.098194705000026], [38.79131179199999, 9.077681516000155], [38.876320806000194, 9.081584122000095], [38.905000952000194, 9.009499839000057], [38.90624370900008, 8.977418691000025], [38.89623478900006, 8.954837463000047], [38.901098938000075, 8.94614109400004], [38.89142353800014, 8.934332078000125], [38.86141841600016, 8.942677144000129], [38.855555243000026, 8.938292853000178], [38.87944709200008, 8.918314232000114], [38.877491630000065, 8.8957872470001], [38.868717092000054, 8.873035683000182], [38.86380897200007, 8.882850647000112], [38.82600142900009, 8.880187270000135], [38.82439300400017, 8.841332266000109], [38.780594873000155, 8.835919558000057], [38.77299176000014, 8.857467391000114], [38.75646500000016, 8.853240602000028], [38.7455176040001, 8.86342367300017], [38.743589381, 8.902585569000166], [38.70196616200019, 8.925628316000086], [38.693844563000084, 8.941897666000102], [38.68064233900003, 8.941089926000075], [38.676227154, 8.957604862000153], [38.64281850800012, 8.965853421000077], [38.63940538700007, 8.97403583300013], [38.65464467800007, 8.976936648000049], [38.659386470000186, 8.985402486000112], [38.651942039000176, 9.010284438000042], [38.66703636400001, 9.01002778100002], [38.68540800500017, 9.073027127000103], [38.70674967700012, 9.081831707000106]], [[42.20848873300014, 9.21193260500013], [42.19745872100003, 9.219872631000044], [42.14855848700017, 9.206262811000158], [42.112408425000126, 9.230742891999967], [42.07368823800016, 9.220963026000106], [42.061332213000185, 9.226459058999978], [42.06050833800015, 9.265873009000074], [42.070468498000025, 9.303942920999987], [42.12914901400012, 9.388672600000064], [42.146619073000124, 9.387512541000092], [42.16857908200012, 9.362832511000022], [42.187439149, 9.361682445000042], [42.238079427000116, 9.38494224600015], [42.25299947600013, 9.383802192000132], [42.27031265900007, 9.361664396000094], [42.25851933300004, 9.334412256000121], [42.26604928300014, 9.309772269000064], [42.250309142000106, 9.28553235700008], [42.249349087000155, 9.270032382000068], [42.27203898800019, 9.21566739400015], [42.26471890300019, 9.197887447000141], [42.23371874200018, 9.185912564000091], [42.20848873300014, 9.21193260500013]]]}}, {"type": "Feature", "properties": {"pcode": "ET05", "name": "Somali", "parent_pcode": "ET", "level": "region"}, "geometry": {"type": "Polygon", "coordinates": [[[39.81304742000003, 3.74729049900003], [39.86666, 3.86944], [40.1825, 4.0225], [40.38861, 4.09889], [40.398890000000165, 4.12306], [40.67222, 4.228610000000174], [40.773384137000164, 4.282452356000022], [40.81384277400008, 4.255150794999963], [40.844100952000076, 4.246257782000043], [40.85576629700006, 4.226706981], [40.88238144000013, 4.212838173000023], [40.88320541400009, 4.192656994000117], [40.90415954600013, 4.154615879000175], [40.96508026100008, 4.132068157000106], [40.982192994000116, 4.110606192999967], [41.001422882000156, 4.10270977100015], [41.026065826000035, 4.07086420100012], [41.04071044900019, 4.064825058], [41.07265091000016, 4.022595882000076], [41.091869354000096, 4.013317108000081], [41.10538864100005, 3.985281945000111], [41.11800384500003, 3.987095117000024], [41.12485504200015, 3.97419595700012], [41.13562011700009, 3.971411944000067], [41.132629395000095, 3.966588021], [41.169265747000054, 3.942579985000066], [41.20098114000007, 3.93810606], [41.203208924000194, 3.947947979000162], [41.22707748400012, 3.949891091000154], [41.23530197100018, 3.958884954000098], [41.27577590900006, 3.955415011000127], [41.32630920500003, 3.938761950000128], [41.354564667000034, 3.960318089000111], [41.378616333000025, 3.951745987000152], [41.39125442500011, 3.962757110000041], [41.4301872260001, 3.944943905000116], [41.43709182700019, 3.95481896400014], [41.4797325130001, 3.95217704800001], [41.505668640000124, 3.96476197200019], [41.509769440000184, 3.954627991000052], [41.54515838600014, 3.982140064000077], [41.56689834600013, 3.966666937000127], [41.61782074000013, 3.973889113000155], [41.62770080600012, 3.983294010000179], [41.67441177400019, 3.959924936], [41.72058868500005, 3.992460012000095], [41.755420685000104, 3.984766006000143], [41.75402450600012, 3.97671794900009], [41.77257919300013, 3.972290993000058], [41.79254913300008, 3.979363918000104], [41.79821395800013, 3.956800938000185], [41.82068252600004, 3.955812931000025], [41.820648193000125, 3.94615006500004], [41.83348846400003, 3.945880889000023], [41.84055709900019, 3.955019951000168], [41.85206985500008, 3.950186968000025], [41.89009094200014, 3.978439092000144], [41.90689849900019, 3.978008032000162], [41.94345855700004, 4.016658783000082], [41.94622039800004, 4.055664063000108], [41.97422027599998, 4.080558777000022], [41.97904968300003, 4.095186233999982], [42.00000000000017, 4.093367100000137], [42.061088562, 4.161539078000033], [42.0876693730001, 4.179365158000053], [42.266151204000096, 4.182680943000037], [42.55453109700011, 4.206250191000095], [42.58508733100007, 4.214725171], [42.56378938400013, 4.246906928999977], [42.74083000000013, 4.272780000000125], [42.85569, 4.30472], [42.91999, 4.364030000000128], [42.93361, 4.388750000000186], [42.95722, 4.48111], [42.98569, 4.52542], [43.158190000000104, 4.66639], [43.32166000000012, 4.74861], [43.50854576000012, 4.829276613000047], [43.53971904400015, 4.789742177999983], [43.79863192, 4.86921770500004], [43.823424633000116, 4.909017784000184], [43.92222000000015, 4.93444], [43.98194000000012, 4.96305], [44.95083000000017, 4.9025], [45.955830000000105, 5.999170000000106], [46.56139, 6.61944], [46.99139000000014, 7.056940000000168], [47.98824, 8.00411], [47.01194000000015, 8.00111], [44.01055000000014, 9.007220000000132], [43.627220000000136, 9.35444], [43.5830600000001, 9.33611], [43.44166, 9.41764], [43.42583000000013, 9.43458], [43.42777, 9.48528000000016], [43.38666000000018, 9.55694], [43.32847000000015, 9.61958], [43.28333, 9.634720000000186], [43.27528000000012, 9.64556], [43.26055, 9.68472], [43.22486, 9.86319], [43.20409, 9.892290000000173], [43.18041, 9.902780000000178], [43.11028000000016, 9.908890000000156], [43.0843, 9.92486], [43.05166, 9.96819], [43.01305, 10.081110000000137], [42.98055, 10.117640000000165], [42.89097, 10.17208], [42.85069, 10.21944000000019], [42.80611, 10.35], [42.78611000000012, 10.455550000000187], [42.70944000000014, 10.536110000000122], [42.68111000000016, 10.582780000000184], [42.66479, 10.632910000000152], [42.76416000000012, 10.78042], [42.83861, 10.87389], [42.9175, 10.95528000000013], [42.94409000000013, 11.00244], [42.89097, 10.98208000000011], [42.81097, 10.988330000000133], [42.76930000000016, 11.02319], [42.74819000000019, 11.07792000000012], [42.64041, 11.09708], [42.35889, 11.01916], [42.12555, 10.999440000000163], [42.01972, 10.944720000000189], [41.91805000000011, 10.95361000000014], [41.76891322500006, 10.991211091000082], [41.73954301000009, 10.96833124800014], [41.717612896000105, 10.964781335000112], [41.48407183700016, 10.966902183000116], [41.41008146200011, 10.958472469000014], [41.39222140600009, 10.966312520000088], [41.268160800000146, 10.957852979000108], [41.2407505380001, 10.921363138000117], [41.220060127000124, 10.834463355000082], [41.07726892300008, 10.681154098000093], [41.087038686000085, 10.600564198000143], [41.031847823000135, 10.422004653999977], [40.974676674000136, 10.156645228000173], [40.93655611200012, 10.035245519], [40.94603604500014, 10.001315530999989], [40.96580603500007, 9.971685510000043], [40.998936168000114, 9.96783541200017], [41.01956620100003, 9.948825373000147], [40.84733493200014, 9.790326117000177], [40.751893772000074, 9.654612077000024], [40.70220239300005, 9.536092664000137], [40.696138915000176, 9.446065145000091], [40.78322359800006, 9.447886716000085], [40.84236390800004, 9.463586528000064], [40.86218399100011, 9.463016470000127], [40.88999406900001, 9.448646402000065], [40.92751409900012, 9.405136336], [40.89121389900009, 9.389536466000152], [40.858223742000064, 9.385366568000109], [40.79764350800019, 9.395556737000106], [40.78882344700003, 9.386896769000145], [40.81256332600009, 9.310926782000081], [40.844103443000165, 9.3047967010001], [40.92697385500014, 9.323126437999974], [40.970714125000086, 9.35150627600018], [41.01407433100019, 9.357206139000027], [41.05648461700008, 9.391065970000056], [41.145445100000074, 9.42462566100005], [41.219885617000045, 9.490715353000041], [41.23931572900011, 9.498795281000127], [41.308696037000175, 9.503075062000107], [41.49096665500008, 9.45742454700013], [41.540606997000054, 9.499584337000044], [41.642597468000076, 9.515143991000116], [41.65415740700007, 9.481234004000044], [41.67019743500015, 9.470633967000083], [41.72194764100004, 9.467533805000073], [41.73461770200004, 9.471483758000147], [41.72802773800015, 9.489033754000047], [41.749068191000106, 9.60055352300003], [41.748601873999974, 9.636353472000167], [41.77382847000001, 9.653703360000065], [41.80867856300006, 9.64055326600004], [41.87323897700014, 9.683882986000128], [41.906139095000015, 9.679302884000037], [42.00838931800007, 9.622162633000073], [42.03080939300003, 9.618482565000079], [42.18577054800005, 9.773561785000027], [42.213350694000155, 9.783741669000165], [42.25099084900012, 9.783491543000082], [42.339772808000134, 9.719617623000147], [42.376572174000046, 9.713839606000022], [42.49895844500014, 9.721054470000126], [42.56805714500018, 9.73692815000004], [42.647427344, 9.775212033000173], [42.68104289600012, 9.774278154000058], [42.69411559200017, 9.768675546000168], [42.73053226900015, 9.721053651000148], [42.853789080000126, 9.662226324000017], [42.907947424000156, 9.650087250000183], [42.93502672700009, 9.679967474000136], [42.950900710000155, 9.672497336000049], [42.97797974200017, 9.62861051699997], [42.97984719400017, 9.607134029000065], [42.96864195600011, 9.592193908000183], [42.943430277000175, 9.58752519899997], [42.921019829000045, 9.565115037000112], [42.90888087400015, 9.563247560000036], [42.87993422800014, 9.584724145000052], [42.86406022400013, 9.586591722000094], [42.813636848000044, 9.572585500000116], [42.776286019000054, 9.511891223000077], [42.73613405100019, 9.495083681000153], [42.71465737500006, 9.474541032000161], [42.681975572000056, 9.469872345000113], [42.64088981900011, 9.447462241999972], [42.537453342000106, 9.372981780000146], [42.556290423, 9.321051281000166], [42.54695033100012, 9.30523133500003], [42.551360282000076, 9.28657135700007], [42.57099025900004, 9.258181333000152], [42.58359016500003, 9.21538136700002], [42.59548013700004, 9.193591358000049], [42.63470016100007, 9.15852129000018], [42.63511011000014, 9.143971312000133], [42.59934556800005, 9.106174348000081], [42.64434990700005, 9.072981394000124], [42.73063980400008, 8.948021313000083], [42.80515980900003, 8.87003119000019], [42.84954988100009, 8.844291089000023], [42.86532986700013, 8.825111068000183], [42.865359802, 8.804351102000055], [42.8439195740001, 8.75792124700007], [42.83198932400012, 8.695231381000042], [42.838419246000115, 8.664391413000033], [42.89878926, 8.602671316000055], [42.90531921100006, 8.582221323999988], [42.91236904100015, 8.52210139300007], [42.897028782, 8.457751538000139], [42.89884863900005, 8.409101609000118], [42.79818817000006, 8.370071980000091], [42.779378119000114, 8.373262037000188], [42.76816804700019, 8.36317208500003], [42.734877721000146, 8.29437228300003], [42.70159725600013, 8.179612544], [42.67851708100011, 8.147322652000184], [42.65140693300003, 8.129672756000161], [42.630626897000184, 8.140432805000046], [42.61597690200017, 8.159602825000093], [42.57809698200015, 8.2285328480001], [42.567027021, 8.255612845000087], [42.52976750400012, 8.454832691000092], [42.52013754100011, 8.478712686], [42.50255751800012, 8.492082721000031], [42.323037013000146, 8.53677320800017], [42.263077100000146, 8.635953264000136], [42.23966702600012, 8.639883325000142], [42.215616852000096, 8.61120344000011], [42.06972595000008, 8.493974029000185], [42.02600558600017, 8.425834241000075], [42.02705375500011, 8.323024846000123], [41.94840464200007, 8.200894719000132], [41.926344219999976, 8.080564910000021], [41.9124035160001, 7.844395182000028], [41.95714348700005, 7.774785126000154], [41.867102525000064, 7.53277558000002], [41.896122317000106, 7.411205596000059], [42.19911009600014, 7.291440179000119], [42.20985301500019, 7.264004914], [42.20984292200018, 7.226904942999965], [42.20470268600013, 7.141035027000157], [42.18696251700004, 7.096395109000014], [42.157612300000096, 7.051325216000123], [42.16264221300003, 7.007115234000025], [42.13416198700003, 6.954165339999975], [42.106051829000194, 6.930215429000157], [42.076231629000176, 6.886735527999974], [42.055531229, 6.748755663000054], [42.025491026000054, 6.706415754999966], [42.013460876000124, 6.658605806000025], [41.99918079000008, 6.641615850000107], [42.006480748000115, 6.614385852], [41.999540669000055, 6.589845874000105], [41.93641037600014, 6.553176036000082], [41.88798017099998, 6.535346155000184], [41.86073008300008, 6.535341221000124], [41.853665850000084, 6.568909076000125], [41.81966002100006, 6.570476295], [41.757879747000175, 6.540536444000168], [41.738929635000034, 6.519906501000037], [41.690329268000085, 6.429416634000177], [41.633348992000094, 6.3913867710001], [41.619688883000094, 6.361716810000019], [41.528008793000026, 6.464936979000072], [41.43778865400003, 6.543967151000061], [41.38003849600017, 6.565527268999972], [41.35838841800012, 6.5655273160001], [41.22846808100019, 6.623007581000081], [41.13102787300011, 6.691257775999986], [41.07207766500005, 6.694327906000183], [41.015537354, 6.644558033000067], [40.98996717700004, 6.604238100999964], [40.900056653000036, 6.511638298000094], [40.8856165200001, 6.472118329000068], [40.86035635200017, 6.436198390000129], [40.85674623600005, 6.385908396000048], [40.88162104500003, 6.244343346000051], [40.866428984000095, 6.133653443000128], [40.87840553700005, 5.987518345000183], [40.87479519000004, 5.807898320000163], [40.922295132000045, 5.683378211000104], [40.83220476500014, 5.655898367000134], [40.75288437600017, 5.594398484000067], [40.69437411500019, 5.567168583000068], [40.67958401800007, 5.540638594000143], [40.63305383200003, 5.530068672000084], [40.60538367000015, 5.490288706000058], [40.58104355400013, 5.475948735000088], [40.532893277000085, 5.410648792000018], [40.17443187500015, 5.353379345000064], [40.09795160800013, 5.364879467000151], [40.03368142099998, 5.396789590000139], [39.942290907000086, 5.284989659000075], [39.90730067200019, 5.219609665], [39.833590126000104, 5.032769630000189], [39.81286000200015, 5.002069636000044], [39.80444989900019, 4.951479603000109], [39.765069607000044, 4.846849563000092], [39.743559362999974, 4.723479474000101], [39.74589929300015, 4.666579411000157], [39.717009120000114, 4.615679399000044], [39.703269004000106, 4.568169368000042], [39.58577823799999, 4.29653919499998], [39.539687995000065, 4.235169173000145], [39.52878786900004, 4.16673909800005], [39.478277542000114, 4.040328985000144], [39.499677537000025, 3.96572886000007], [39.39961698500019, 3.79565871799997], [39.28469638700011, 3.623078557000156], [39.22049612899997, 3.602478588000054], [39.091117958000154, 3.531103962000145], [39.19694, 3.478610000000174], [39.24889000000019, 3.471390000000156], [39.295, 3.475280000000112], [39.32864, 3.49965], [39.33138000000014, 3.469170000000133], [39.45083000000017, 3.4625], [39.49958, 3.450140000000147], [39.50208, 3.422640000000115], [39.51902000000018, 3.409310000000119], [39.560270000000116, 3.40667000000019], [39.594990000000166, 3.500830000000121], [39.78278000000017, 3.67833000000013], [39.81304742000003, 3.74729049900003]]]}}, {"type": "Feature", "properties": {"pcode": "ET06", "name": "Benishangul-Gumuz", "parent_pcode": "ET", "level": "region"}, "geometry": {"type": "Polygon", "coordinates": [[[34.53214268800019, 9.590564430000029], [34.548466702999974, 9.629662940000117], [34.58539422700005, 9.630359738000038], [34.63201474800019, 9.588021403000027], [34.6859183900001, 9.563686404000123], [34.735137544000054, 9.545301779000113], [34.782986711000035, 9.55333113000006], [34.79205744500007, 9.603314873999977], [34.81085410300011, 9.63011872900006], [34.80996044700004, 9.702241158000106], [34.796142518000124, 9.736239464999983], [34.831665465000015, 9.803115600000126], [34.86972697700014, 9.820667072000163], [34.89768351600003, 9.881757181000069], [34.866795099, 9.902260916000046], [34.88778145300006, 9.908213967999984], [34.90442008500008, 9.95587868600012], [34.92765547700003, 9.93527945600016], [34.94299597999998, 9.933567317000154], [34.98818221300013, 9.996766925000031], [35.01501748700019, 9.995190863000062], [35.019654361000164, 9.928791940000167], [35.04851353200013, 9.917741245000059], [35.08102060900012, 9.921920612000065], [35.0883414970001, 9.950488895000092], [35.159583687000065, 9.948402073000125], [35.220798401000025, 9.925425696], [35.23074359100008, 9.893252214000029], [35.27847186900016, 9.907078983000133], [35.29745400500008, 9.922483253000166], [35.32469285600007, 9.884796300000062], [35.34980061600004, 9.866075812000133], [35.363788997000086, 9.813043185000026], [35.41962852800003, 9.785145035000085], [35.378831148000074, 9.765406404000032], [35.38303116900005, 9.758996405000175], [35.36508100900005, 9.727466421000145], [35.36839702500015, 9.719289413000183], [35.41076633100016, 9.713677552000092], [35.45537498500016, 9.672230703000082], [35.46842357400004, 9.670376197000166], [35.50510615400009, 9.688702257000159], [35.553727423000055, 9.696118466000144], [35.578517519, 9.665518421], [35.59442759400008, 9.656038397000088], [35.63472781400009, 9.65148833000012], [35.653437895000025, 9.634928304000027], [35.64357966200015, 9.594550314000116], [35.64749196800017, 9.553310385000032], [35.67139109600015, 9.517234552000161], [35.71076071200014, 9.486771922000173], [35.75289109300019, 9.481694207000032], [35.764992988000074, 9.473350736999976], [35.7773258310001, 9.440139413999987], [35.77841538000007, 9.430699023000045], [35.754002660000026, 9.416548201000182], [35.75012134100018, 9.40308330400012], [35.750557958000115, 9.331128127000113], [35.756747975999986, 9.323638114000062], [35.77395460000014, 9.324324043000047], [35.79719169100014, 9.30861754000017], [35.85987032500009, 9.324971589000143], [35.91108877400018, 9.315957987000104], [35.917871966000064, 9.285639052000136], [35.94932102400003, 9.249153646000082], [36.03157719600017, 9.23342605900001], [36.05361065600016, 9.119437129000119], [36.034022845000095, 9.107416687000125], [36.02807451900014, 9.055977324000082], [36.04244908600015, 9.032177624000155], [36.04215539300009, 9.015047793000065], [36.06394157600016, 9.019908036000118], [36.086545823000165, 9.012616791000028], [36.09697461400003, 9.032414896000034], [36.07553725400015, 9.06263762600014], [36.08417349299998, 9.058420663000163], [36.108553458000074, 9.080031575000021], [36.128686398000184, 9.051117363], [36.13142903099998, 9.020788201000016], [36.15963301900018, 9.020659939999973], [36.17679055000008, 9.044525228], [36.22594920200015, 9.030967937000128], [36.246477824000124, 9.040962060000084], [36.2076504580001, 9.067152766000106], [36.18458592800005, 9.07195168700008], [36.16147342100004, 9.105351872000085], [36.1719122990001, 9.10829718500014], [36.203947895000056, 9.15734681300006], [36.22892516800016, 9.229031010000085], [36.22633601000018, 9.27172814000005], [36.19489470399998, 9.288973481000085], [36.19459721600009, 9.326289034000183], [36.205892528000106, 9.35473969200018], [36.23426871700008, 9.347006928000042], [36.21458697200006, 9.332416972000033], [36.21837304700006, 9.297118325000042], [36.25317940600007, 9.30182331200001], [36.27511740200015, 9.343833046000157], [36.29548249600009, 9.30169163700009], [36.31899619500007, 9.305850016000136], [36.33376793600007, 9.339799325000058], [36.37471653800014, 9.358019170000091], [36.46141108900008, 9.357156935000091], [36.484109647000025, 9.367867244000081], [36.47519087500012, 9.394637238000143], [36.507265609000115, 9.419345341000167], [36.51491109100016, 9.444134004000091], [36.498663554000075, 9.472884584000042], [36.4944298580001, 9.509365743000046], [36.461168171000054, 9.528057690000026], [36.40062950700019, 9.510988321000184], [36.3803079810001, 9.480480466000074], [36.33595512400018, 9.511994007000055], [36.3010252090001, 9.555515471000035], [36.26626546700004, 9.56869526200012], [36.23177701600008, 9.570323043000087], [36.200777372000175, 9.614928768000084], [36.19186586200004, 9.68787751800005], [36.177496121000104, 9.701314421000063], [36.15905722600007, 9.746936508000033], [36.10528661300003, 9.773323643000083], [36.13647113500008, 9.807447298000056], [36.12820708200013, 9.852213635000055], [36.15234344800001, 9.8489314790001], [36.1206487390001, 9.971573161000094], [36.13989836400009, 10.009705090000068], [36.18456706800009, 10.049661314000048], [36.21892419200009, 10.053212510000094], [36.258919556000194, 10.078452010000092], [36.27189215800007, 10.11308766100018], [36.36942190400009, 10.161652776000096], [36.445350893000125, 10.245844166000154], [36.490912873000184, 10.234268733000079], [36.51548847200007, 10.2399315400001], [36.554480933000036, 10.285072005000188], [36.57584782900011, 10.279235559000085], [36.5746856180001, 10.264173395000114], [36.61057050700015, 10.259221846000173], [36.69219150500015, 10.296289130000048], [36.68539933300019, 10.317595047000168], [36.66180968700007, 10.316538557000115], [36.63700763600008, 10.346635489999983], [36.60547151300017, 10.364720049000027], [36.539244943000085, 10.364979387000176], [36.52044581100017, 10.405939739000132], [36.546228503, 10.45689689500017], [36.526777359, 10.482896159000177], [36.46271156600011, 10.479181219000111], [36.44565091900006, 10.455682161000027], [36.40899585000011, 10.455303691000154], [36.39085529500005, 10.46798619800012], [36.38222295600019, 10.489591063000034], [36.36467566300007, 10.50617790200016], [36.35913256800018, 10.53031590400019], [36.34361345900015, 10.520897603000094], [36.31821832500003, 10.528003484000124], [36.302023956000085, 10.553959757000086], [36.30587583300019, 10.577947712000025], [36.28164751100013, 10.604559028999972], [36.29157282500017, 10.619958811000174], [36.30761642500016, 10.62420328700017], [36.303015255000105, 10.637862573000064], [36.32419511299997, 10.661657148000188], [36.31126925500007, 10.67880626300007], [36.32173064000011, 10.68528913900019], [36.31759667300008, 10.703604919000043], [36.33133824400011, 10.72623702500016], [36.35934693000013, 10.741647460000081], [36.37598614600017, 10.765286073000084], [36.377216858000054, 10.785756431000038], [36.341603238000175, 10.78883721000011], [36.310784268000134, 10.74725869100007], [36.28524219000013, 10.744582874000116], [36.282253898000135, 10.803867232000073], [36.29952841800019, 10.809995223000044], [36.29488479100013, 10.815011026000036], [36.31012808700012, 10.827150243000176], [36.30914227900007, 10.862546867000049], [36.35311661500003, 10.921215424000138], [36.35403261300013, 10.937042986], [36.417669645000046, 11.000727687], [36.422564846000114, 11.03136731300009], [36.444243487000165, 11.050402373000168], [36.46985381900015, 11.055211690000078], [36.47832475000018, 11.067137992000085], [36.48967117199999, 11.068734794000079], [36.525083896000126, 11.112711607000108], [36.532595030000095, 11.11321741100005], [36.53404978100008, 11.097955283999966], [36.55490839400011, 11.093216994000159], [36.57498835600012, 11.100708863000023], [36.578017499, 11.110522327000183], [36.560197970000104, 11.113251220000109], [36.549339458000134, 11.137815229000125], [36.502904681000075, 11.137539042000071], [36.475647259000084, 11.156975441000043], [36.46760784100013, 11.155408725000086], [36.467564638, 11.215339358000165], [36.46019195100007, 11.226432698000167], [36.47583075100016, 11.244666323000104], [36.46714241899997, 11.264992656000118], [36.48320885400017, 11.271785291000015], [36.49496594700014, 11.288952227000038], [36.5049580160001, 11.28498823600006], [36.537335400000075, 11.304736251000065], [36.556879115000186, 11.302116366000064], [36.56241993600008, 11.318338093000136], [36.556418424000185, 11.329487098000072], [36.54748246200012, 11.337270682000167], [36.53454314400017, 11.335293242000148], [36.53873465200019, 11.34564642600003], [36.56362650200009, 11.358029042000169], [36.56388981300012, 11.37134905500011], [36.533094912000024, 11.394058938], [36.52991016500005, 11.434547089000091], [36.51222244400003, 11.45827711200019], [36.467155096000056, 11.428645228000164], [36.40994764700008, 11.41391171600003], [36.40954439000018, 11.458302047000018], [36.4443037420001, 11.492808222000065], [36.41311592300019, 11.53195975400007], [36.41453441700014, 11.545125206000137], [36.403408975000104, 11.545985624000082], [36.37515493800015, 11.607679311000027], [36.365276536000124, 11.600335471000108], [36.34842141200011, 11.605359639000142], [36.332418123000025, 11.666042003000143], [36.34755637300003, 11.696597154000074], [36.33206421200015, 11.704052347000072], [36.34127461500009, 11.780808515000103], [36.329066074000025, 11.796687280000185], [36.30879796300019, 11.803229321000117], [36.28290673200013, 11.772664399000178], [36.235871693000036, 11.736957521000022], [36.23157853500004, 11.722111979999966], [36.20707344500005, 11.72143470800006], [36.20082866900009, 11.705839421000178], [36.17621587300005, 11.684244684000134], [36.16499539100016, 11.678176712000095], [36.14482701300011, 11.685617417000117], [36.11835755599998, 11.705810794000172], [36.12552807700007, 11.719165851000014], [36.11660558500006, 11.723511786000188], [36.123229422000065, 11.734435989000133], [36.10523044900003, 11.81589069100005], [36.09507064400003, 11.81285927200014], [36.08145858400019, 11.824370293000186], [36.08429012400018, 11.835083350000104], [36.06626463900005, 11.851600541000096], [36.05449561100011, 11.849317632000123], [36.049140053000144, 11.86599999900011], [36.056373809000036, 11.874303763000057], [36.04507496500008, 11.876433834000181], [36.05060942200015, 11.883020070000157], [36.03811706800019, 11.885488093000163], [36.03382405800005, 11.89176959200006], [36.04264241600015, 11.895065586999976], [36.02121089100018, 11.913844522999966], [35.995979783999985, 11.926879409000094], [35.978033363000065, 11.960496563000163], [35.96902416100016, 11.95841593800003], [35.96581619800003, 11.98458392599997], [35.93528848000017, 11.966113195000162], [35.94289646100003, 11.936559060000093], [35.93645885100011, 11.920757861000027], [35.874423950000164, 11.885936790000073], [35.86833483500004, 11.859572633000141], [35.84826476000006, 11.84024610300014], [35.822991351000155, 11.82686622], [35.80366466900011, 11.838016204000098], [35.76278125300013, 11.837272957000152], [35.7055444450001, 11.822406478000119], [35.69439444000011, 11.831326456000113], [35.66659556900015, 11.825909434000096], [35.661715636000054, 11.793377223000164], [35.64490718100012, 11.781448774000012], [35.576589017000174, 11.76735160700008], [35.51694609800006, 11.718011189000038], [35.473298434000185, 11.736175096000068], [35.42178871200008, 11.729397646999985], [35.394678371000055, 11.746206013], [35.36377255800005, 11.752983616000108], [35.33744408900003, 11.77302875100014], [35.32571308900003, 11.794483632000095], [35.295932535000134, 11.799151355000049], [35.28434964900009, 11.884517440000025], [35.26108444900018, 11.927687256000013], [35.231380000000115, 11.898190000000113], [35.13444, 11.86389], [35.10236000000015, 11.834440000000143], [35.063190000000134, 11.75958], [35.05833000000018, 11.730280000000107], [35.0668, 11.646530000000155], [35.09166000000016, 11.598890000000154], [35.0952, 11.57646], [35.08749, 11.53583], [34.96708000000018, 11.27486000000016], [34.96416000000016, 11.25042000000019], [34.97111, 11.231110000000115], [35.0075, 11.19833], [35.00555000000014, 11.17444], [34.933330000000126, 10.95666], [34.97861000000012, 10.91528], [34.97527000000014, 10.864440000000116], [34.86062, 10.73201], [34.8005500000001, 10.72333], [34.67388, 10.83472], [34.59444, 10.88778], [34.439720000000136, 10.784440000000131], [34.35278, 10.63167], [34.28611, 10.55416], [34.34833, 10.238470000000177], [34.32305, 10.11722], [34.230550000000164, 10.02764000000019], [34.20722, 9.905], [34.14, 9.75805], [34.08583, 9.55305], [34.13440686100006, 8.9625607750001], [34.43065100400008, 8.967436632000044], [34.50370799100017, 9.004134039000178], [34.48366668900019, 9.047145573000023], [34.45833001600016, 9.073183166000092], [34.426835009000115, 9.07179545400004], [34.34087704800015, 9.168779030000167], [34.401742184, 9.186634573000049], [34.439560022000194, 9.215575531000127], [34.45238950900006, 9.257480946000044], [34.45172809500008, 9.308702328000038], [34.46627046499998, 9.365810855000063], [34.45180644800007, 9.44911063000012], [34.51297477000014, 9.44800064600014], [34.49873226600016, 9.51423106599998], [34.52323091600016, 9.541112503000079], [34.53214268800019, 9.590564430000029]]]}}, {"type": "Feature", "properties": {"pcode": "ET07", "name": "Central Ethiopia", "parent_pcode": "ET", "level": "region"}, "geometry": {"type": "Polygon", "coordinates": [[[37.81538059500008, 7.094760330000042], [37.84704530800019, 7.099839219000046], [37.87099441100014, 7.115258951000101], [37.909264880000194, 7.099545488], [37.92967892300004, 7.117021458000011], [37.96659994000004, 7.104805179000095], [37.97940916500016, 7.10820772600016], [37.995464280000135, 7.088630294000154], [37.993350903000135, 7.063981815000091], [38.002610603000164, 7.057803688000035], [38.03796576900015, 7.064840314000151], [38.04044682799997, 7.075614300000041], [38.062799043000155, 7.076428912000097], [38.07801476100019, 7.180263146000073], [38.08696524200013, 7.194943441000134], [38.26521009900006, 7.306723977000104], [38.28152741700012, 7.338683435000178], [38.279442839000126, 7.380599418000031], [38.31891194300016, 7.41416739500005], [38.327244892000124, 7.461681727000155], [38.34122879100016, 7.478579378], [38.42674865100014, 7.514721252000072], [38.42566291500003, 7.553869645000134], [38.418914805000156, 7.569457974000045], [38.40104308500008, 7.578700777000165], [38.40082461300011, 7.595303162000107], [38.420263009000166, 7.624342803000047], [38.4124333260001, 7.681553431000054], [38.43865298000003, 7.718867017999969], [38.44484742900016, 7.759533909000083], [38.49244288400013, 7.795393342000182], [38.51290808600004, 7.848910445000172], [38.563087169000084, 7.885196245000088], [38.58650728900005, 7.938259967000135], [38.597367683000186, 7.990588941000169], [38.62770176400011, 8.03359527900011], [38.612682218000145, 8.043301324000026], [38.62185218999997, 8.068412431000183], [38.593412387000114, 8.090883463000125], [38.583944895000116, 8.108104487000048], [38.58726248900018, 8.156236371000034], [38.542552826000076, 8.225849506000145], [38.54205284800008, 8.246110405000081], [38.54925865300004, 8.26268337099998], [38.560745005000115, 8.266089618000024], [38.59354445700018, 8.260199101000126], [38.63513376500015, 8.13233773100012], [38.67284312800018, 8.089863961000162], [38.68451186300007, 8.12245477200014], [38.68218734900012, 8.190427868000143], [38.71601842800004, 8.219447782000145], [38.71592177600007, 8.23115956800018], [38.65095223100013, 8.285082027000158], [38.666025158000025, 8.32696015700003], [38.66164154200004, 8.376016047000121], [38.65445164600004, 8.394637113000044], [38.61675172200006, 8.431138369], [38.590882148000105, 8.426018643000077], [38.575784188, 8.444891630000143], [38.526842520000116, 8.45761957000002], [38.501452516000086, 8.44396940900009], [38.47788344000003, 8.447359394000046], [38.45170682700018, 8.38503017700009], [38.43020872600016, 8.298750815000119], [38.347344031000034, 8.254240952000032], [38.33317506500009, 8.258550706999984], [38.30703432100006, 8.299693011000102], [38.31146435700015, 8.369946127999981], [38.28925450600008, 8.38069662099997], [38.282044566000025, 8.399557461000029], [38.26631466500015, 8.406637793000186], [38.217544956000154, 8.408777934000057], [38.18003017000018, 8.392867265000177], [38.16418088300003, 8.408050598000102], [38.13895542900008, 8.409418033000179], [38.122545523000156, 8.406587924000064], [38.10999997500005, 8.390368230999968], [38.08653572600008, 8.390097227000126], [38.06670582800018, 8.375966615000152], [38.02804107500003, 8.390282286000058], [37.98816628500015, 8.359525958000063], [37.92798665900017, 8.378166835000115], [37.862947009000095, 8.33570500999997], [37.816257282000095, 8.331804870000042], [37.74796771000018, 8.351765815000078], [37.717047880000166, 8.334095058], [37.704547954000134, 8.337035197000034], [37.67870814100007, 8.377707025000063], [37.66606321799998, 8.383537295], [37.611968519000186, 8.354086028000097], [37.598038610000174, 8.365316537000012], [37.57607877400005, 8.41406872500005], [37.557978897000055, 8.425509241000043], [37.512209156000154, 8.416968900000086], [37.49856962700005, 8.403618948000087], [37.46615340200009, 8.331315219000146], [37.46408344800011, 8.282420873999968], [37.47202332000012, 8.266089422000164], [37.506301852000036, 8.254395118000161], [37.529147732000126, 8.265820187000031], [37.53912449500018, 8.250209614000084], [37.57607783400016, 8.232589763000135], [37.60176817300015, 8.234641952], [37.61620559800019, 8.226748510999982], [37.615296918000126, 8.211464468999964], [37.623886783000046, 8.200043598000093], [37.59213734300016, 8.093134079000038], [37.60282978400011, 7.964857662000043], [37.55751852300017, 7.948338], [37.53927864000008, 7.953858262000153], [37.51399882700014, 7.999670325000181], [37.490798981000125, 8.017061117000083], [37.391790293000156, 7.992900512], [37.3898147970001, 7.961972350000053], [37.43671401400019, 7.918528487], [37.404844578000166, 7.827260347000106], [37.40119467800014, 7.682667443000014], [37.44510397, 7.564316881000025], [37.407219633000125, 7.492180415000121], [37.390284942, 7.402422383000101], [37.37973360100017, 7.380000817000166], [37.3494798860001, 7.35773547600013], [37.35645948700005, 7.278043709000144], [37.37428531600011, 7.251456135000126], [37.40264689500009, 7.246221451000054], [37.415378060000194, 7.229877349000105], [37.4400876520001, 7.220296753000184], [37.46433257000007, 7.199061273000154], [37.50862294400008, 7.215597063000132], [37.52729107800013, 7.204336511000179], [37.546769528000084, 7.170417432000079], [37.664480329000014, 7.178512499000078], [37.718385517000115, 7.156768598000156], [37.72183168100014, 7.140645044000109], [37.74599159000013, 7.135543920000146], [37.73676090999999, 7.120780221000075], [37.768963604000135, 7.119164591000185], [37.79685436900007, 7.096262855000077], [37.81538059500008, 7.094760330000042]]]}}, {"type": "Feature", "properties": {"pcode": "ET08", "name": "South Ethiopia", "parent_pcode": "ET", "level": "region"}, "geometry": {"type": "MultiPolygon", "coordinates": [[[[36.21117000000015, 4.448], [36.27166, 4.43917], [36.6475, 4.44667], [36.714253964000136, 4.433850543000176], [36.657532315000026, 4.580373675999965], [36.68084120200007, 4.604300630000125], [36.64640914100016, 4.710757126000146], [36.828479986000104, 4.709174806000135], [36.85473946500008, 4.736059609000165], [36.863475655000116, 4.793039446000137], [36.860708967, 4.978767301000175], [36.892970983000055, 5.109787746], [36.94896665400017, 5.19468654700006], [36.98309996800015, 5.19241227200007], [37.003311116000134, 5.199082903000033], [37.112230264000175, 5.186272328000086], [37.18182905900011, 5.193923041000119], [37.19715878400007, 5.21031453], [37.216908441000044, 5.21268475], [37.23810807800004, 5.199433549000048], [37.292357141000025, 5.1943630990001], [37.34073631300009, 5.159599949999972], [37.36717585100013, 5.155099544000109], [37.41721498200013, 5.16655059500016], [37.517863236000096, 5.220475515000089], [37.62973481100005, 5.266009696000026], [37.646706038000104, 5.299287273000175], [37.67423051600002, 5.307643461], [37.700880053000105, 5.305883307000045], [37.74712925900019, 5.276610653000091], [37.77282881700012, 5.283351274000097], [37.81007817200003, 5.268299910000167], [37.852657442, 5.234646854000118], [37.88508552400015, 5.234310022000159], [37.900819335000165, 5.244854087000135], [37.904774635000024, 5.303957793000052], [37.896374714, 5.349879911000073], [37.90121237500017, 5.373247752000054], [37.935224497000036, 5.423033255], [37.94681445500015, 5.474285600000087], [37.94781448700007, 5.537688512000102], [37.93017464400009, 5.616672147000088], [37.943519996000134, 5.639464151000141], [38.00801470400012, 5.650154599000075], [38.07516384600012, 5.688940437000042], [38.088883692000024, 5.745607964000158], [38.07207775000006, 5.762558968000064], [38.05415393300018, 5.764148838000153], [38.01987416700018, 5.79004003700004], [38.00713428500018, 5.849272763000158], [37.982474467000145, 5.887824539000178], [37.96857460200016, 5.956017667000083], [37.95269470500011, 5.96334801200004], [37.903975012000046, 5.960507907000135], [37.89498508200012, 5.974498552000171], [37.865535278000095, 5.986629124000046], [37.842965438000135, 6.0109402490001], [37.82709553300003, 6.009990222000113], [37.803736092000065, 5.993178829999977], [37.79148575500011, 5.99590959600016], [37.78317581900018, 6.010600270000111], [37.78977580000014, 6.049442044000102], [37.775736828000106, 6.113575488000038], [37.77809593500018, 6.149596620000068], [37.84026560100011, 6.248251081000149], [37.85215556300017, 6.304783646999965], [37.84008568700017, 6.378747021000038], [37.80783590800013, 6.410178477000102], [37.79628600500013, 6.449460269000099], [37.80777488100017, 6.500655317000053], [37.87148281900005, 6.582228514000121], [37.89277595400017, 6.596070541000074], [37.91261203100015, 6.590668957000105], [37.932700593000106, 6.557206405000045], [37.95266291200005, 6.549619914000175], [37.97721522300003, 6.550851236000085], [38.01884606200014, 6.573269380000113], [38.00959474899997, 6.617068244000109], [38.019388640000045, 6.665603544000135], [38.03505564100004, 6.672052939000025], [38.035690407000175, 6.685415855000088], [38.0499274070001, 6.693215047000024], [38.07082609700012, 6.771877416000109], [38.11844427800003, 6.871920474000035], [38.11805410000005, 6.888719691000119], [38.13113460700009, 6.911861565000152], [38.12965706300008, 6.934067358000107], [38.13659192200004, 6.939727871000116], [38.130154270000105, 6.974009886000033], [38.06415474100004, 7.043386989000112], [38.062799043000155, 7.076428912000097], [38.04044682799997, 7.075614300000041], [38.03796576900015, 7.064840314000151], [38.002610603000164, 7.057803688000035], [37.993350903000135, 7.063981815000091], [37.995464280000135, 7.088630294000154], [37.97940916500016, 7.10820772600016], [37.96659994000004, 7.104805179000095], [37.92967892300004, 7.117021458000011], [37.909264880000194, 7.099545488], [37.87099441100014, 7.115258951000101], [37.84704530800019, 7.099839219000046], [37.79685436900007, 7.096262855000077], [37.77450303100005, 7.117025707000096], [37.73676090999999, 7.120780221000075], [37.74599159000013, 7.135543920000146], [37.72183168100014, 7.140645044000109], [37.718385517000115, 7.156768598000156], [37.67771715600003, 7.174315598000021], [37.650168614999984, 7.181557291000104], [37.546769528000084, 7.170417432000079], [37.53924675500019, 7.185610781000094], [37.52773002500015, 7.189483715000108], [37.4936231260001, 7.150732506000054], [37.45544410200006, 7.13519806100004], [37.459723258999986, 7.09888169400017], [37.44105145000009, 7.052990136000062], [37.44572284100013, 7.041162167999971], [37.43236329600012, 7.025805335000086], [37.42113214400007, 6.961003137999967], [37.43497463799997, 6.894799343000102], [37.416474561000086, 6.871291499000165], [37.38862047200013, 6.86083908300003], [37.338039243000026, 6.874518833000025], [37.33443274300009, 6.865271475000156], [37.30474441600006, 6.859975918000146], [37.28025238100014, 6.820964755000034], [37.26774751100004, 6.777163616000166], [37.24394163500017, 6.761236353000129], [37.249416999, 6.742560857000171], [37.22490545900018, 6.721240484000077], [37.222493848000056, 6.699987937000174], [37.22881965200014, 6.697594539000022], [37.232800671000064, 6.671807544000046], [37.24198979600004, 6.668152749000114], [37.23732826800017, 6.653542828000184], [37.19987737400015, 6.648671170000114], [37.18203354000008, 6.666882897], [37.146612006000055, 6.669717504000175], [37.10442417500008, 6.633961711000154], [37.064836762000084, 6.626249720000033], [37.02575260600014, 6.594711950000033], [37.003502849000085, 6.58960011500011], [36.98805227000008, 6.603162614999974], [36.98913427100018, 6.679881381000087], [36.96846544300013, 6.693222842000068], [36.93229442, 6.703883515000086], [36.888773581, 6.686813156000142], [36.866842965000046, 6.66846283100017], [36.82028781100007, 6.681543685000122], [36.77980662700014, 6.710629277000066], [36.708785880000164, 6.710652776000188], [36.682050495000055, 6.691513721000149], [36.671804399000166, 6.656941226000129], [36.61964445000018, 6.629324600000075], [36.60023980200009, 6.627329890000055], [36.570636953000076, 6.582557839000117], [36.550090307000175, 6.578375460000188], [36.48993307500007, 6.533931398000107], [36.46177106700003, 6.528785681000045], [36.4177276800001, 6.476416473000029], [36.38412136200003, 6.458868241000118], [36.36114439199997, 6.469150391000142], [36.34859587900007, 6.459784249000052], [36.323350726, 6.458356873000071], [36.306703766000055, 6.426370729000098], [36.26611879600006, 6.391658065000172], [36.24880268200013, 6.38502139000019], [36.237174027000094, 6.38923463000009], [36.191637244000106, 6.441845138000133], [36.13848822700004, 6.438457261000053], [36.100092613000186, 6.406244185000162], [36.06887160400004, 6.354932694000013], [36.039921007000146, 6.348255179999967], [36.03533318400008, 6.331596133000176], [36.0581479170001, 6.305159821000018], [36.04458985500008, 6.293041782000046], [36.03939214500008, 6.271332981], [36.02703356000006, 6.275093286000185], [35.992205013000046, 6.25771196200003], [35.956721498000036, 6.225570251000079], [35.96761664600018, 6.207210981000173], [35.962271506000036, 6.180711116], [35.97774253300014, 6.166221135000058], [35.95288909700008, 6.166839686000174], [35.93332852200018, 6.134152808000124], [35.95036293900017, 6.122391318000098], [35.945089967000115, 6.10214261100009], [35.97331971100016, 6.097778385000083], [35.99482104100014, 6.084648610999977], [35.98213829200017, 6.052006639000126], [36.008553450000136, 5.997335860000078], [36.003157401000124, 5.974374029999979], [35.977710228000035, 5.948063972], [35.98964154500004, 5.92601380800005], [35.98769667300007, 5.896311113000138], [35.96842326400008, 5.869794396000032], [35.973435767000126, 5.840364029000057], [35.96089379600011, 5.834615714000051], [35.966925125000046, 5.800388698000177], [35.96228273700018, 5.782794836000164], [35.97850010500014, 5.759599739000066], [35.97578839600004, 5.727816879000045], [35.95942909900015, 5.703485127000022], [35.970285932000024, 5.695694881000065], [35.95794461200012, 5.685615538000036], [35.968193095000174, 5.682272794000028], [35.964752868000176, 5.669370752000077], [35.95157315000017, 5.651032429000054], [35.87741600600009, 5.673151982000149], [35.80685235200019, 5.665838864000079], [35.75384274400017, 5.600657981000097], [35.757041116000096, 5.345433895999975], [35.82166, 5.32861], [35.79874, 5.265550000000189], [35.79624000000018, 5.23514], [35.80513000000013, 5.206810000000132], [35.83069, 5.168400000000133], [35.82361, 5.13667], [35.77999000000017, 5.08264], [35.77444000000014, 4.79861000000011], [35.92472, 4.64028], [35.94770000000017, 4.62933], [35.95111, 4.521110000000135], [36.04530000000011, 4.44708], [36.21117000000015, 4.448]]], [[[38.20373130500002, 5.935020423000026], [38.21481111600008, 5.893246647000069], [38.19839140400006, 5.849452678000034], [38.22338097500017, 5.8386116960001], [38.270430162000025, 5.868524416000128], [38.303749591999974, 5.861443774000122], [38.32532922300015, 5.868814446000101], [38.35813865100005, 5.902137461000109], [38.380878259000156, 5.903997631000038], [38.396085707000054, 5.920052383000041], [38.37480906600007, 5.943043287000023], [38.327529177000145, 5.95537227900013], [38.318949083, 5.975062712000124], [38.304543440000145, 5.979980626999975], [38.28225995100013, 5.970703664000041], [38.27171014100014, 5.986579348000021], [38.27924000300004, 6.006286885000179], [38.31388050500004, 6.027833492000127], [38.35150567300013, 6.096230788000071], [38.37697371000013, 6.164516717000083], [38.394218009999975, 6.1817727560001], [38.43468269200014, 6.19876580500005], [38.438971759000026, 6.216879246000133], [38.42539189800004, 6.290092588999983], [38.42434710600014, 6.368675131000145], [38.41612729000019, 6.369779311], [38.401403601000084, 6.355596820000073], [38.393861998000034, 6.368261250999979], [38.40446606200004, 6.396718149000151], [38.38927431500014, 6.416756544000179], [38.3093133700001, 6.419694531000175], [38.28954021500016, 6.42782862700011], [38.281051404000095, 6.441578183], [38.282933853000145, 6.408303044999968], [38.29315196700003, 6.397952940999971], [38.288230414000054, 6.359842237000066], [38.24860305800007, 6.336279819000083], [38.21389328100008, 6.330174559000113], [38.19757778500019, 6.319003268000131], [38.1737417810001, 6.266810420000184], [38.17191181600009, 6.255329379000159], [38.19331145000007, 6.226176747000181], [38.19792137500019, 6.206434972000181], [38.18739684100018, 6.182210307000162], [38.14138362000017, 6.154456615000129], [38.125063726000064, 6.155126650000057], [38.102301546000035, 6.180448387000013], [38.08672839300016, 6.161044785000058], [38.07986341200012, 6.116986871000108], [38.116492788000016, 6.050200836000045], [38.121592709000026, 6.016677806000075], [38.15034221200017, 6.000406334000104], [38.18097169200013, 5.941651025000112], [38.20373130500002, 5.935020423000026]]]]}}, {"type": "Feature", "properties": {"pcode": "ET11", "name": "South West Ethiopia", "parent_pcode": "ET", "level": "region"}, "geometry": {"type": "Polygon", "coordinates": [[[35.352840000000185, 5.35069], [35.41909, 5.398400000000152], [35.44371000000018, 5.425520000000176], [35.50471, 5.43139], [35.72624000000013, 5.364440000000116], [35.757041116000096, 5.345433895999975], [35.75384274400017, 5.600657981000097], [35.80685235200019, 5.665838864000079], [35.87741600600009, 5.673151982000149], [35.95157315000017, 5.651032429000054], [35.968193095000174, 5.682272794000028], [35.9582455310001, 5.683977357000117], [35.97023453000003, 5.694347645000164], [35.95903466800007, 5.700672012000041], [35.97578839600004, 5.727816879000045], [35.97850010500014, 5.759599739000066], [35.96228273700018, 5.782794836000164], [35.966925125000046, 5.800388698000177], [35.96089379600011, 5.834615714000051], [35.973435767000126, 5.840364029000057], [35.96842326400008, 5.869794396000032], [35.98769667300007, 5.896311113000138], [35.98964154500004, 5.92601380800005], [35.977710228000035, 5.948063972], [36.003157401000124, 5.974374029999979], [36.008553450000136, 5.997335860000078], [35.98213829200017, 6.052006639000126], [35.99482104100014, 6.084648610999977], [35.97331971100016, 6.097778385000083], [35.949252841000146, 6.098887010000112], [35.95036293900017, 6.122391318000098], [35.933929069000044, 6.131447797000078], [35.95288909700008, 6.166839686000174], [35.97774253300014, 6.166221135000058], [35.962271506000036, 6.180711116], [35.96761664600018, 6.207210981000173], [35.956721498000036, 6.225570251000079], [35.992205013000046, 6.25771196200003], [36.02703356000006, 6.275093286000185], [36.03939214500008, 6.271332981], [36.04458985500008, 6.293041782000046], [36.05907175200008, 6.307414026000117], [36.03533318400008, 6.331596133000176], [36.039131342000076, 6.347126189000107], [36.06887160400004, 6.354932694000013], [36.100092613000186, 6.406244185000162], [36.12810040400018, 6.432613854000181], [36.186975018, 6.443233122000095], [36.237174027000094, 6.38923463000009], [36.24880268200013, 6.38502139000019], [36.26611879600006, 6.391658065000172], [36.306703766000055, 6.426370729000098], [36.323350726, 6.458356873000071], [36.34859587900007, 6.459784249000052], [36.36114439199997, 6.469150391000142], [36.38412136200003, 6.458868241000118], [36.4177276800001, 6.476416473000029], [36.46177106700003, 6.528785681000045], [36.48993307500007, 6.533931398000107], [36.550090307000175, 6.578375460000188], [36.570636953000076, 6.582557839000117], [36.60023980200009, 6.627329890000055], [36.61964445000018, 6.629324600000075], [36.671804399000166, 6.656941226000129], [36.682050495000055, 6.691513721000149], [36.708785880000164, 6.710652776000188], [36.77980662700014, 6.710629277000066], [36.82028781100007, 6.681543685000122], [36.866842965000046, 6.66846283100017], [36.888773581, 6.686813156000142], [36.93229442, 6.703883515000086], [36.96846544300013, 6.693222842000068], [36.98913427100018, 6.679881381000087], [36.98805227000008, 6.603162614999974], [37.003502849000085, 6.58960011500011], [37.02575260600014, 6.594711950000033], [37.064836762000084, 6.626249720000033], [37.10442417500008, 6.633961711000154], [37.146612006000055, 6.669717504000175], [37.18203354000008, 6.666882897], [37.19987737400015, 6.648671170000114], [37.23732826800017, 6.653542828000184], [37.24198979600004, 6.668152749000114], [37.232800671000064, 6.671807544000046], [37.22881965200014, 6.697594539000022], [37.222493848000056, 6.699987937000174], [37.22490545900018, 6.721240484000077], [37.249416999, 6.742560857000171], [37.24394163500017, 6.761236353000129], [37.26774751100004, 6.777163616000166], [37.28025238100014, 6.820964755000034], [37.30474441600006, 6.859975918000146], [37.33443274300009, 6.865271475000156], [37.338039243000026, 6.874518833000025], [37.38862047200013, 6.86083908300003], [37.416474561000086, 6.871291499000165], [37.43497463799997, 6.894799343000102], [37.42113214400007, 6.961003137999967], [37.43236329600012, 7.025805335000086], [37.44572284100013, 7.041162167999971], [37.44105145000009, 7.052990136000062], [37.459723258999986, 7.09888169400017], [37.45544410200006, 7.13519806100004], [37.49610701700004, 7.152989662000095], [37.52717093700005, 7.184553106000067], [37.52729107800013, 7.204336511000179], [37.50862294400008, 7.215597063000132], [37.46433257000007, 7.199061273000154], [37.4400876520001, 7.220296753000184], [37.415378060000194, 7.229877349000105], [37.40264689500009, 7.246221451000054], [37.37428531600011, 7.251456135000126], [37.35645948700005, 7.278043709000144], [37.3494798860001, 7.35773547600013], [37.331224325000164, 7.343444724000051], [37.28763973500014, 7.334420649000037], [37.237830025, 7.312059669000178], [37.15418049200014, 7.240666506000082], [37.12859063800005, 7.228445968000017], [37.104830783000125, 7.224495804000071], [37.03951119000004, 7.240016542000092], [36.9646451700001, 7.224732706000111], [36.96579892, 7.241924506999965], [36.95546430700017, 7.260490995000168], [36.87915457500014, 7.329694398000072], [36.8409362000001, 7.325989875000062], [36.791112613000166, 7.252283413000157], [36.67256347200015, 7.328040718000011], [36.65174360700013, 7.345011488000182], [36.632953738000026, 7.377862983000057], [36.59833394100002, 7.369032600000139], [36.48391965400003, 7.416009775000077], [36.40629512300018, 7.408544479000057], [36.37463531100008, 7.415574806000052], [36.348665484000094, 7.445416163000118], [36.3017557660001, 7.449876385000039], [36.22469624500013, 7.484387976000107], [36.15655667800013, 7.542620626000144], [36.12761685700008, 7.555641226000091], [36.086947099000156, 7.553891164000049], [36.0450673580001, 7.565481707000117], [36.03532741700019, 7.572582032000071], [36.03248744400014, 7.591452878000041], [36.05190735200006, 7.653905677000068], [36.04189742400018, 7.674366604000056], [36.02055755300012, 7.692017406000105], [35.99723771599997, 7.745119799000122], [35.94162805700006, 7.773921118000089], [35.84861863200001, 7.838964073], [35.88687443500015, 7.89253824400015], [35.905128344000104, 7.946018852000066], [35.872718576000125, 8.058773906], [35.86086865400017, 8.077234741000098], [35.76576921200018, 8.081234959000142], [35.72800373500013, 8.039569454000173], [35.722852992000014, 8.022467005000067], [35.738512741000136, 7.988824024000053], [35.79992172900006, 7.940669771000046], [35.776066029000106, 7.899170272000163], [35.73953928500015, 7.866625353000074], [35.716439421000075, 7.855474859000083], [35.69372955400013, 7.86435527000009], [35.61827998600006, 7.814743066000119], [35.58962015300011, 7.808632804000126], [35.554630358000054, 7.82021333400013], [35.54440042500016, 7.83099382], [35.52072558400016, 7.8956067310001], [35.47431084800007, 7.873505752000085], [35.433531098000174, 7.882756181000161], [35.40057884100008, 7.829573682000103], [35.38914134100003, 7.827023693000058], [35.358051522000096, 7.84299441800016], [35.349859201000186, 7.834874142000103], [35.342029587000184, 7.821368869000082], [35.340877649000106, 7.776610678000054], [35.27556691600006, 7.74600805200015], [35.22273282400016, 7.703102542000181], [35.22032125800007, 7.662597221000112], [35.21232413900003, 7.651496985000051], [35.172934602000055, 7.654229187000169], [35.11603360700019, 7.645092153000178], [35.11563662700007, 7.630795768000098], [35.145658908000144, 7.63024023000014], [35.166305223000165, 7.61487082900004], [35.17191638400004, 7.532753644000138], [35.13808280500007, 7.512076175000175], [35.12240210599998, 7.478600811000092], [35.16141289800015, 7.471357534000049], [35.18925243500007, 7.455626145000053], [35.209512077000056, 7.471867610000174], [35.30955471200002, 7.479178306], [35.32005504800003, 7.463008334000051], [35.34531066900007, 7.452871979000065], [35.355809000000136, 7.436700194000082], [35.37364824200006, 7.427978167000049], [35.367835393, 7.414628042000061], [35.39229841000002, 7.396183099000098], [35.37491332500019, 7.289975546000164], [35.35337921500013, 7.262397089000103], [35.345808364000106, 7.238978042000156], [35.372857634000184, 7.231027526000105], [35.33398643000004, 7.17993301000007], [35.380350540000165, 7.122820944000068], [35.37176748400003, 7.116981183000178], [35.33078149100015, 7.127092152000159], [35.31360350500012, 7.115253651000046], [35.299889315000144, 7.11577270700019], [35.264621891000104, 7.13623258299998], [35.23445990600004, 7.137931503000061], [35.21841274400009, 7.108032604000073], [35.20456386800015, 7.099613933000057], [35.11426640299999, 7.102144963000057], [35.083710156000166, 7.124841251000021], [35.053913519000105, 7.184263486000134], [35.02081333500013, 7.185781798000164], [34.97789468900015, 7.213275549000116], [34.9701597020001, 7.234028107000142], [34.965621224000074, 7.215074367000057], [34.94244919000005, 7.19290841000003], [34.89809304100004, 7.184790768000028], [34.89059108900017, 7.159336462000169], [34.89267251799998, 7.091504588000134], [34.877082333000146, 7.06979026900018], [34.88434041800019, 7.030759646000092], [34.90208104300018, 7.030915407000123], [34.91132545600004, 6.988154524000095], [34.997882971000024, 6.892863830000067], [34.99236460800006, 6.864031074000081], [34.968994400000156, 6.859264409000161], [34.933660998000164, 6.796293009000124], [35.07986179400007, 6.81079876900003], [35.179559546000064, 6.727364908000027], [35.17822016700018, 6.709621103000188], [35.197662145000095, 6.680216191999989], [35.18750019300006, 6.656492827000079], [35.1862502620001, 6.626927301000023], [35.195342608000146, 6.597440954999968], [35.185577749000174, 6.489749267000093], [35.173851643000035, 6.466523021000171], [35.19946552100009, 6.410903987999973], [35.17849983100018, 6.379267700000014], [35.14342176000014, 6.397745007000026], [35.13150426100003, 6.395495062000123], [35.10610787900015, 6.318904831000054], [35.03826853400011, 6.304626489000157], [35.011289767000164, 6.28025950600005], [34.984970449000116, 6.298803941000131], [34.97728673000006, 6.292913684000098], [34.97536597200008, 6.301222047000181], [34.85292277500008, 6.33204939899997], [34.85638, 6.29111], [34.87055, 6.237500000000125], [34.92243000000013, 6.13229], [34.96972000000011, 6.086530000000153], [34.981380000000115, 6.06111], [34.98782, 6.01394], [34.975830000000144, 5.96472], [34.98638000000011, 5.87805], [35.10541, 5.68833], [35.10388000000012, 5.632500000000107], [35.28999, 5.50778], [35.2927, 5.487640000000113], [35.27041, 5.438330000000121], [35.30305, 5.377360000000124], [35.32625000000013, 5.35708000000011], [35.352840000000185, 5.35069]]]}}, {"type": "Feature", "properties": {"pcode": "ET12", "name": "Gambela", "parent_pcode": "ET", "level": "region"}, "geometry": {"type": "Polygon", "coordinates": [[[33.926267308000035, 7.483390894000024], [34.02771000000013, 7.37868], [34.03278, 7.30444], [34.02708, 7.24812], [34.09916, 7.199720000000184], [34.163330000000144, 7.17167000000012], [34.19389, 7.09], [34.23569, 7.01972], [34.29957000000013, 6.964320000000157], [34.36097000000018, 6.959030000000155], [34.4718, 6.914310000000171], [34.52882, 6.74722], [34.55361, 6.73569], [34.63208, 6.729030000000137], [34.65472000000017, 6.716670000000136], [34.70472, 6.67778], [34.756990000000144, 6.613780000000133], [34.850000000000136, 6.366660000000138], [34.85292277500008, 6.33204939899997], [34.97536597200008, 6.301222047000181], [34.97728673000006, 6.292913684000098], [34.984970449000116, 6.298803941000131], [35.011289767000164, 6.28025950600005], [35.03826853400011, 6.304626489000157], [35.10610787900015, 6.318904831000054], [35.13150426100003, 6.395495062000123], [35.14342176000014, 6.397745007000026], [35.17849983100018, 6.379267700000014], [35.19946552100009, 6.410903987999973], [35.173851643000035, 6.466523021000171], [35.185577749000174, 6.489749267000093], [35.195342608000146, 6.597440954999968], [35.1862502620001, 6.626927301000023], [35.18750019300006, 6.656492827000079], [35.197662145000095, 6.680216191999989], [35.17822016700018, 6.709621103000188], [35.179559546000064, 6.727364908000027], [35.07986179400007, 6.81079876900003], [34.933660998000164, 6.796293009000124], [34.968994400000156, 6.859264409000161], [34.99236460800006, 6.864031074000081], [34.997882971000024, 6.892863830000067], [34.91132545600004, 6.988154524000095], [34.90208104300018, 7.030915407000123], [34.88434041800019, 7.030759646000092], [34.877082333000146, 7.06979026900018], [34.89267251799998, 7.091504588000134], [34.89059108900017, 7.159336462000169], [34.89809304100004, 7.184790768000028], [34.94244919000005, 7.19290841000003], [34.965621224000074, 7.215074367000057], [34.9701597020001, 7.234028107000142], [34.97789468900015, 7.213275549000116], [35.02081333500013, 7.185781798000164], [35.053913519000105, 7.184263486000134], [35.083710156000166, 7.124841251000021], [35.11426640299999, 7.102144963000057], [35.20456386800015, 7.099613933000057], [35.21841274400009, 7.108032604000073], [35.23445990600004, 7.137931503000061], [35.264621891000104, 7.13623258299998], [35.299889315000144, 7.11577270700019], [35.31360350500012, 7.115253651000046], [35.33078149100015, 7.127092152000159], [35.37176748400003, 7.116981183000178], [35.380350540000165, 7.122820944000068], [35.33398643000004, 7.17993301000007], [35.372857634000184, 7.231027526000105], [35.345808364000106, 7.238978042000156], [35.35337921500013, 7.262397089000103], [35.370291530000145, 7.277360543999976], [35.387543648000076, 7.35066745000006], [35.39229841000002, 7.396183099000098], [35.367835393, 7.414628042000061], [35.37364824200006, 7.427978167000049], [35.355809000000136, 7.436700194000082], [35.34531066900007, 7.452871979000065], [35.32005504800003, 7.463008334000051], [35.30955471200002, 7.479178306], [35.209512077000056, 7.471867610000174], [35.18925243500007, 7.455626145000053], [35.16141289800015, 7.471357534000049], [35.12240210599998, 7.478600811000092], [35.13808280500007, 7.512076175000175], [35.17191638400004, 7.532753644000138], [35.166305223000165, 7.61487082900004], [35.145658908000144, 7.63024023000014], [35.11563662700007, 7.630795768000098], [35.11603360700019, 7.645092153000178], [35.07709584100007, 7.731005248000145], [34.995473251000135, 7.747974243000044], [34.93197755600016, 7.728168627000173], [34.93711194700012, 7.764793453000038], [34.93227635799997, 7.827954211000133], [34.95068663400002, 7.890286446000175], [35.00061526900015, 7.862321638000026], [35.0131013350001, 7.882457938000073], [35.008480071, 7.923502092000035], [35.048340566000036, 7.954436467000107], [35.10855797300019, 7.957113076000155], [35.14102409500009, 7.989027562000047], [35.140716397000176, 8.02168946100005], [35.117936250000184, 8.082588241000167], [35.08908772700005, 8.113922156000058], [35.103878786, 8.115117707000138], [35.1432712240001, 8.142853244000037], [35.15765929900016, 8.136710000000107], [35.13813145800009, 8.181827079000016], [35.11891349000018, 8.200608826000177], [35.07324599700007, 8.22018482700014], [35.01825891200008, 8.219643652], [34.964792083000134, 8.247346959000083], [34.85509482500004, 8.250647129000129], [34.826427111000044, 8.261935566000034], [34.785803330000135, 8.303639340000018], [34.79507204599997, 8.326909195999974], [34.7852504330001, 8.355242661000148], [34.728751828000156, 8.390022244000022], [34.57427349900007, 8.403479556999969], [34.55652675400012, 8.455134120000082], [34.52268710100003, 8.475544933000037], [34.34728014300015, 8.376647333000165], [34.31329640800004, 8.389928504000125], [34.35743284800009, 8.499928235000084], [34.358223376000126, 8.522043527999983], [34.345471368000176, 8.600099974000102], [34.31242902300011, 8.682099813000093], [34.279388977, 8.708837029000108], [34.25573365700012, 8.70263865700008], [34.22351863200015, 8.669767441999966], [34.18963902100012, 8.651632735000078], [34.12424570300004, 8.651479982000126], [34.12166, 8.579580000000135], [34.070830000000115, 8.52333], [33.97076, 8.43757], [33.8524900000001, 8.42583000000019], [33.81874, 8.41153], [33.77133, 8.36775], [33.71527, 8.375070000000107], [33.69048, 8.39548], [33.66999, 8.43708], [33.63437, 8.46715], [33.50861000000015, 8.466200000000129], [33.38083000000012, 8.43792], [33.26354, 8.46153], [33.17125000000016, 8.399790000000166], [33.16083, 8.35653], [33.18592000000018, 8.14029], [33.162770000000194, 8.115], [33.12138, 8.10097], [33.03194, 7.99739], [32.9918, 7.92604], [32.9968300000001, 7.88722], [33.01497000000012, 7.846060000000136], [33.05222, 7.79069], [33.46444, 7.74403], [33.64722000000012, 7.685], [33.71249, 7.658470000000136], [33.88555, 7.525420000000167], [33.926267308000035, 7.483390894000024]]]}}, {"type": "Feature", "properties": {"pcode": "ET13", "name": "Harari", "parent_pcode": "ET", "level": "region"}, "geometry": {"type": "Polygon", "coordinates": [[[42.25632905000009, 9.252552392999974], [42.250309142000106, 9.28553235700008], [42.26604928300014, 9.309772269000064], [42.25851933300004, 9.334412256000121], [42.27031265900007, 9.361664396000094], [42.25299947600013, 9.383802192000132], [42.238079427000116, 9.38494224600015], [42.187439149, 9.361682445000042], [42.16857908200012, 9.362832511000022], [42.146619073000124, 9.387512541000092], [42.12914901400012, 9.388672600000064], [42.070468498000025, 9.303942920999987], [42.05887827800012, 9.249433034999981], [42.061332213000185, 9.226459058999978], [42.07368823800016, 9.220963026000106], [42.112408425000126, 9.230742891999967], [42.127348470000186, 9.226552852000054], [42.14855848700017, 9.206262811000158], [42.19745872100003, 9.219872631000044], [42.23371874200018, 9.185912564000091], [42.25944886800016, 9.19227247300006], [42.27203898800019, 9.21566739400015], [42.25632905000009, 9.252552392999974]]]}}, {"type": "Feature", "properties": {"pcode": "ET14", "name": "Addis Ababa", "parent_pcode": "ET", "level": "region"}, "geometry": {"type": "Polygon", "coordinates": [[[38.74371204200014, 8.90113806200003], [38.7455176040001, 8.86342367300017], [38.75646500000016, 8.853240602000028], [38.77299176000014, 8.857467391000114], [38.780594873000155, 8.835919558000057], [38.82439300400017, 8.841332266000109], [38.82600142900009, 8.880187270000135], [38.86380897200007, 8.882850647000112], [38.868717092000054, 8.873035683000182], [38.87944709200008, 8.918314232000114], [38.855555243000026, 8.938292853000178], [38.896759233000125, 8.937026941000056], [38.90624370900008, 8.977418691000025], [38.905000952000194, 9.009499839000057], [38.876320806000194, 9.081584122000095], [38.79131179199999, 9.077681516000155], [38.76521422400003, 9.09815030100009], [38.68540800500017, 9.073027127000103], [38.66703636400001, 9.01002778100002], [38.651942039000176, 9.010284438000042], [38.659386470000186, 8.985402486000112], [38.65464467800007, 8.976936648000049], [38.63940538700007, 8.97403583300013], [38.64281850800012, 8.965853421000077], [38.676227154, 8.957604862000153], [38.68064233900003, 8.941089926000075], [38.693844563000084, 8.941897666000102], [38.70196616200019, 8.925628316000086], [38.74371204200014, 8.90113806200003]]]}}, {"type": "Feature", "properties": {"pcode": "ET15", "name": "Dire Dawa", "parent_pcode": "ET", "level": "region"}, "geometry": {"type": "Polygon", "coordinates": [[[41.95056769900009, 9.486729088000175], [41.98252383100004, 9.508492896], [42.01909897800016, 9.508172774], [42.074771083000144, 9.473716646000128], [42.08105915400006, 9.48816259900019], [42.13889953700016, 9.53469233300018], [42.15259966700006, 9.556372258000124], [42.13340968100016, 9.582492279000121], [42.124859761000096, 9.61452225000005], [42.200530191000155, 9.653141934000132], [42.25863541500007, 9.651581739000108], [42.339772808000134, 9.719617623000147], [42.25099084900012, 9.783491543000082], [42.213350694000155, 9.783741669000165], [42.18577054800005, 9.773561785000027], [42.03080939300003, 9.618482565000079], [42.00838931800007, 9.622162633000073], [41.906139095000015, 9.679302884000037], [41.87323897700014, 9.683882986000128], [41.80867856300006, 9.64055326600004], [41.77382847000001, 9.653703360000065], [41.748601873999974, 9.636353472000167], [41.749068191000106, 9.60055352300003], [41.72802773800015, 9.489033754000047], [41.73461770200004, 9.471483758000147], [41.77299792700012, 9.49105360700014], [41.81519805100004, 9.476743490000104], [41.859708268000134, 9.48801333], [41.91337842900003, 9.472463175000087], [41.95056769900009, 9.486729088000175]]]}}, {"type": "Feature", "properties": {"pcode": "ET16", "name": "Sidama", "parent_pcode": "ET", "level": "region"}, "geometry": {"type": "Polygon", "coordinates": [[[38.44928577200017, 6.413040543000079], [38.47528660000012, 6.430375209000147], [38.56654503800013, 6.440456127000061], [38.62674400800012, 6.417034019000141], [38.64501602000007, 6.423178951000182], [38.661453411000025, 6.419084203000125], [38.7071626340001, 6.392451803000085], [38.73865209300004, 6.408953289000124], [38.75795676400014, 6.40906830400013], [38.874109772000054, 6.300833539], [38.96059829700016, 6.159270747000164], [39.03448703000015, 6.137438774000088], [39.07971625599998, 6.153000181000039], [39.13185995300006, 6.158786172000134], [39.113207371000044, 6.176556888], [39.085967610000125, 6.252010342000062], [39.090850623000165, 6.270802640999989], [39.119546178000064, 6.298994291000042], [39.12738741700019, 6.344354499000076], [39.09539773400007, 6.472090315000059], [39.09661776400009, 6.521612558000072], [39.08621785500014, 6.545168636000085], [39.05256808600012, 6.556984197000133], [39.04844812400012, 6.569824785000094], [39.0645250770001, 6.598816795000118], [39.059308084, 6.608786533999989], [39.032198258000165, 6.61180669700002], [38.9596402250001, 6.60087935100006], [38.941678844000194, 6.61033670900008], [38.94942382099998, 6.643803218000073], [38.934424959000125, 6.655611414000077], [38.83775103000016, 6.674915718000022], [38.833539606000045, 6.691660483000021], [38.81792971400006, 6.703611031000094], [38.74229019400008, 6.700940976000084], [38.70555046400011, 6.742042868], [38.67842064200016, 6.748963198000069], [38.65821078300013, 6.769624153999985], [38.635670932000096, 6.771714267], [38.63985344200012, 6.812686850000034], [38.714084698000136, 6.860577375000048], [38.69976063400014, 6.903340156000013], [38.704630624000174, 6.930631385000083], [38.69477071600011, 6.957492603000048], [38.71116794900013, 6.973757076000084], [38.714380616000085, 6.991414114000179], [38.71050065800006, 7.012985094000044], [38.697659787000134, 7.013830057000064], [38.68938163300015, 7.000867257000095], [38.67741279700016, 7.005354711000109], [38.68087087700013, 7.048356713000089], [38.668000970000094, 7.05985724400017], [38.63695117400016, 7.06609754699997], [38.64617113900016, 7.09554310600015], [38.630341248000036, 7.110849564999967], [38.61149138000019, 7.124180187000036], [38.58364155400017, 7.126290302000086], [38.54611452500018, 7.090876842000057], [38.480022182000084, 7.090398776000143], [38.46391228700003, 7.099829213000135], [38.460022326000114, 7.118190046000109], [38.4425483280001, 7.126812556000118], [38.40063270000013, 7.121470242000044], [38.378072847000055, 7.129760635000082], [38.34219310100019, 7.164452227000027], [38.32189493300007, 7.161742447], [38.30525896199998, 7.121612751000043], [38.25443070800014, 7.059897726000145], [38.237920596000095, 7.02005471300015], [38.19379390600017, 7.012345484000093], [38.146584174000054, 6.977463948000036], [38.130154270000105, 6.974009886000033], [38.13659192200004, 6.939727871000116], [38.12911116200013, 6.931386024000119], [38.13113460700009, 6.911861565000152], [38.07082609700012, 6.771877416000109], [38.0499274070001, 6.693215047000024], [38.035690407000175, 6.685415855000088], [38.03505564100004, 6.672052939000025], [38.019388640000045, 6.665603544000135], [38.00959474899997, 6.617068244000109], [38.01243348800011, 6.585484843000131], [38.05159517900006, 6.534738812000114], [38.09073151500007, 6.526068446000181], [38.11451055800018, 6.499561886000095], [38.13928038800009, 6.506002737000017], [38.14968371900011, 6.496589192000158], [38.143491266000126, 6.458191833000058], [38.15522208000016, 6.439255981999963], [38.17062181500006, 6.449826935000033], [38.24559052900014, 6.468228601000078], [38.28569499400004, 6.440148725000029], [38.28954021500016, 6.42782862700011], [38.308595304000164, 6.41993289300018], [38.39425414500005, 6.413866506000147], [38.40446606200004, 6.396718149000151], [38.393861998000034, 6.368261250999979], [38.40273642500006, 6.355070756000089], [38.41612729000019, 6.369779311], [38.42434710600014, 6.368675131000145], [38.427645317999975, 6.385945006000043], [38.44928577200017, 6.413040543000079]]]}}, {"type": "Feature", "properties": {"pcode": "ET99", "name": "Contested", "parent_pcode": "ET", "level": "region"}, "geometry": {"type": "MultiPolygon", "coordinates": [[[[37.74592144800016, 13.57578665400007], [37.759926005000125, 13.590998005000188], [37.76436876499997, 13.618372348000037], [37.77606695100013, 13.633502867000061], [37.77476531500008, 13.611653900000135], [37.78414945000003, 13.587719252000056], [37.769024663000096, 13.562598912999988], [37.79265930500003, 13.520614519000048], [37.80900596300006, 13.519093881000174], [37.81690553600009, 13.463175524000064], [37.86640019400005, 13.475127248999968], [37.887193277000165, 13.453370081000116], [37.904101474000186, 13.44704897300005], [37.946487353000066, 13.466415070000096], [37.96838889400004, 13.493693843000187], [38.00117941100007, 13.501097501000118], [38.02072947200014, 13.481256969000185], [38.04560338200014, 13.48011139199997], [38.05944101300014, 13.467191866000064], [38.115321849000054, 13.494262634000052], [38.12099078400007, 13.506304382000053], [38.12990702600007, 13.484739118999983], [38.145192748000056, 13.471678588000032], [38.17372022500007, 13.493443946000184], [38.20089763600015, 13.480138398000122], [38.24795795799997, 13.50166263900013], [38.259142031000124, 13.486203203000173], [38.278917156000034, 13.485519139000075], [38.31985645200007, 13.50215196500011], [38.327883107000105, 13.550325213], [38.34119673500015, 13.537642856000048], [38.35995090700004, 13.553004272000067], [38.37983954800012, 13.544477135000022], [38.39123411000003, 13.553355668000052], [38.40650815900017, 13.539411139000094], [38.44080570200015, 13.584405289000017], [38.451038580000045, 13.584599391000097], [38.442793750000135, 13.560540201000038], [38.45362252400014, 13.556946122000113], [38.46521463300013, 13.567644900000175], [38.47761991099998, 13.55234488300016], [38.50144983200005, 13.557859295000071], [38.553946141000154, 13.550308131], [38.54245895200012, 13.525802187000124], [38.49680460600007, 13.506789362000063], [38.490658546000134, 13.495777931000134], [38.49825668600016, 13.484455432000061], [38.46740284300017, 13.484901999000158], [38.46099123300007, 13.459561585000131], [38.56207545900003, 13.483329711000067], [38.59011241500008, 13.506124023000154], [38.61404523300018, 13.490686865000043], [38.66908442100009, 13.536098585000104], [38.660765268000034, 13.558190167000078], [38.63976325700003, 13.577948260000028], [38.63516727100006, 13.602870737000046], [38.59888693200003, 13.64925171700014], [38.57506827000009, 13.65196296800002], [38.53044557599998, 13.687272523000047], [38.51986704700005, 13.68432151900015], [38.50517663599999, 13.696886875000132], [38.48458833800004, 13.700974737000138], [38.47436476200005, 13.719319527999971], [38.414831729000184, 13.751766609000185], [38.39620794700005, 13.78093437800004], [38.375806650000015, 13.78841745300008], [38.36702883700019, 13.805330040000115], [38.3154075330001, 13.805792884000027], [38.290356208000105, 13.769604255000104], [38.26992053300006, 13.763681097000074], [38.22425021900011, 13.727345228000047], [38.18097168800011, 13.730212876000166], [38.150194366000164, 13.747002539000164], [38.09630698700005, 13.741672194000103], [38.058521939000116, 13.754017779000094], [38.03727378200017, 13.753583112000115], [38.01880257800008, 13.739120401999969], [38.00108328000016, 13.766539454000053], [37.99639879199998, 13.796709174], [37.97700076600012, 13.805909650000103], [37.96279443800012, 13.82831423400006], [37.93830761000015, 13.828720270000076], [37.91240151500011, 13.845320697000034], [37.89907672400011, 13.884870357000182], [37.86773452500006, 13.87619628900012], [37.86254643400008, 13.865287439999975], [37.83949010100008, 13.878629084000067], [37.82254131700017, 13.865298215000053], [37.802185606000194, 13.872771820000025], [37.76786425700004, 13.856612523000138], [37.75239915000003, 13.875555882000128], [37.736880367000026, 13.880071981000128], [37.72901022700006, 13.896615245000078], [37.71547027600019, 13.897889095000153], [37.70115848100005, 13.887629807000053], [37.68664416900015, 13.892971670000179], [37.661861309000074, 13.91577807300007], [37.650389018000055, 13.95267299600016], [37.62894750700008, 13.955084215999989], [37.63236210000008, 13.976111776999971], [37.609512773000176, 14.008938292000096], [37.62370024100005, 14.03763884500006], [37.60305520900005, 14.040077576000158], [37.599912361000065, 14.054779204000113], [37.591078431000085, 14.051815997000176], [37.59225103800003, 14.068359519000126], [37.57560030200011, 14.095933886000182], [37.55959876100013, 14.091316816000074], [37.557245548000026, 14.104488940000124], [37.527302341999984, 14.116462130000116], [37.515639056000055, 14.16030405500004], [37.526516148000155, 14.183004165000114], [37.495588708000014, 14.182035757000108], [37.49617220300007, 14.194177798000112], [37.46540938700008, 14.215550736000182], [37.46913843900012, 14.251295503000165], [37.44609315900004, 14.250233584000114], [37.44635214099998, 14.26071018500005], [37.39547044800008, 14.29567139], [37.402662792000115, 14.335853682000106], [37.379702609000105, 14.342450927000186], [37.39148763600008, 14.365260928000168], [37.37183083600007, 14.372401465999985], [37.3714898340001, 14.381920039000022], [37.34782090500005, 14.401874241000087], [37.349539168000035, 14.413160842000025], [37.336695938, 14.41111368200012], [37.30790988000018, 14.442622822000033], [37.247851065000134, 14.429494461000104], [37.219015151000065, 14.438943632000075], [37.17969781000005, 14.414514492000137], [37.16416747800008, 14.41725616600013], [37.13384149000018, 14.405419887], [37.10252766800011, 14.343399381000097], [37.103384651000056, 14.29076810600003], [37.09375511800005, 14.271675081000069], [37.06514290700011, 14.261925494000138], [37.043557621000105, 14.266419265000081], [37.0175166840001, 14.250591909000036], [36.990331588000174, 14.259755383000083], [36.96923397400019, 14.28708814600003], [36.94372560100004, 14.289098053000146], [36.863263550000056, 14.317819457000155], [36.83220887700003, 14.306866767000031], [36.82489103400019, 14.313709344000188], [36.74648375200019, 14.317707394000024], [36.685778599000116, 14.295905838000067], [36.628806866000104, 14.307589914000118], [36.614275634000194, 14.292427712000062], [36.55273739800009, 14.278901204000135], [36.54282000000018, 14.262050000000102], [36.44639, 13.95694], [36.486940000000175, 13.83944], [36.45352451600007, 13.762965645000065], [36.483836159000134, 13.72710454100013], [36.47579642800008, 13.700421448999975], [36.50439169800012, 13.665134416000058], [36.526074354, 13.606487345000119], [36.519556105000106, 13.585511773000121], [36.55469238600017, 13.571281353000018], [36.564711750000185, 13.533001045000162], [36.601122891000045, 13.498425464000093], [36.57431031800013, 13.477864165000142], [36.56642194400007, 13.446200745000056], [36.569510996000076, 13.425268509000091], [36.60480770800018, 13.377627433000157], [36.63577966200006, 13.382451577000154], [36.6645955140001, 13.366565204000096], [36.68510106900004, 13.374785176000046], [36.73465985299998, 13.36307246600012], [36.766943716000185, 13.37812810700018], [36.78321982300014, 13.402886462000083], [36.808622144000026, 13.418499846000032], [36.8171475150001, 13.446529213000076], [36.82478994000019, 13.448246112000106], [36.84369659099997, 13.440939619000119], [36.881178028000136, 13.407483369000033], [36.8955402360001, 13.40691326800004], [36.91919201400003, 13.376823803999969], [36.9296728970001, 13.372127957000032], [36.9385876880001, 13.379983397000046], [36.956890105000184, 13.362378047000163], [36.96448784700016, 13.369635152000114], [37.03495555200004, 13.353264047000096], [37.0783740330001, 13.311815581000076], [37.098737854000035, 13.316356616], [37.15774619900003, 13.297806598000136], [37.18572662800011, 13.2825500940001], [37.20470911900014, 13.255712391000088], [37.224398829000165, 13.274730585000157], [37.239752410000165, 13.276930645000107], [37.250517199000114, 13.294993971000054], [37.28064718700011, 13.284943967000174], [37.32182724800009, 13.297177615000066], [37.35040973300005, 13.326731793000022], [37.355384239000045, 13.351342339000098], [37.365241889000174, 13.359850854000058], [37.395817856000065, 13.3577769690001], [37.41581665000007, 13.373968391000062], [37.44050583400008, 13.35409430600015], [37.47147485800008, 13.366936788000146], [37.51778052800017, 13.36647495200009], [37.55200112200009, 13.388603948000025], [37.637097256000175, 13.413895488000094], [37.65656396700018, 13.441373463000161], [37.676794297000185, 13.450687568000149], [37.694142437000096, 13.472426752000104], [37.69089672400003, 13.484688629000061], [37.71442554900017, 13.54201267700006], [37.727027012, 13.563421897000069], [37.74592144800016, 13.57578665400007]]], [[[39.576131873000065, 12.560639395000067], [39.56631163400016, 12.564025184000172], [39.57391167600014, 12.580210078000107], [39.554619944000194, 12.608439710000141], [39.57017563000011, 12.614567583999985], [39.55683906400009, 12.638564836000114], [39.559281333000115, 12.662295868000058], [39.548230274000105, 12.670731839000041], [39.49749404500017, 12.666149739000161], [39.47831730100012, 12.643947852000167], [39.45906004100016, 12.637970580000172], [39.40775961200006, 12.638337676000162], [39.39605560500007, 12.663859290000062], [39.405306664000136, 12.67946329900019], [39.39798990200012, 12.69116660900005], [39.28552142900014, 12.704370101000052], [39.280482154000026, 12.688008236000144], [39.26566639900011, 12.677082273], [39.238857724000184, 12.663099151000154], [39.18729086700006, 12.65632306700013], [39.174401276000026, 12.643480484000065], [39.229773857000055, 12.501081519000024], [39.245529419000036, 12.352944384000068], [39.290874255, 12.296071961000052], [39.32170279400003, 12.3048661790001], [39.41951424100017, 12.296596725000143], [39.455564056000185, 12.32502717500006], [39.47051795200008, 12.32139860500007], [39.50744099200011, 12.332852040000091], [39.52266195200008, 12.326414029000091], [39.543273525000075, 12.265007941000022], [39.55518425000014, 12.255511219000141], [39.57254390300005, 12.255925598000033], [39.59186976500018, 12.270975589000159], [39.61421295900004, 12.275731232999988], [39.62512295400006, 12.287998835], [39.62093441800005, 12.300221699000076], [39.632274431000155, 12.307654083000045], [39.70626514400004, 12.306206621000172], [39.75855376100003, 12.319953055000155], [39.76154694300004, 12.303252023000141], [39.81761133000015, 12.324029795000172], [39.817622562, 12.341872429000148], [39.83087630400007, 12.357500495000181], [39.81492922400008, 12.407061931000044], [39.86311270800013, 12.463346011999988], [39.882572530000175, 12.457662647000063], [39.88204999800013, 12.466955603000144], [39.866285922000145, 12.47262432600013], [39.881065664000175, 12.484460752000189], [39.86345175600013, 12.506289292000076], [39.86319581200007, 12.531448593000164], [39.85237048300013, 12.547421673000144], [39.832764098000155, 12.549890952999988], [39.82682559800014, 12.571970484000133], [39.806736717000035, 12.596283054000082], [39.832573503000106, 12.63437755600006], [39.82007780500004, 12.658827258000088], [39.83495343400011, 12.706728690999967], [39.805148897000095, 12.71770946600003], [39.76278382200019, 12.719609177000109], [39.73854275300005, 12.709622720000084], [39.72828738900006, 12.699103760000128], [39.74343710800008, 12.664422913000067], [39.708202193000034, 12.666535226000178], [39.672077532, 12.652194109999982], [39.65467960600006, 12.636188110000091], [39.66565888200006, 12.554630988000042], [39.61583774100018, 12.549994879000053], [39.609603758000105, 12.558022473000108], [39.576131873000065, 12.560639395000067]]], [[[38.63328093100017, 13.472711308000044], [38.615788282000096, 13.451400938000177], [38.62636460300007, 13.407984616000022], [38.648639953000156, 13.39652131000014], [38.695991475000085, 13.3889796630001], [38.70568553600009, 13.389298880000126], [38.721865207000064, 13.408050577999973], [38.72974897000017, 13.4034316420001], [38.680130078, 13.486166756000102], [38.63328093100017, 13.472711308000044]]]]}}]}