internal_record_id,functional_record_id,first_name,middle_name,last_name,full_name,given_name,gender,birth_date,estimated_age,marital_status,phone_numbers,emails,foundational_id,foundational_id_masked,education_level,language_code,image_file,geo_village_id,geo_ward_id,geo_district_id,geo_region_id,geo_country_id,geo_hierarchy_json,latitude,longitude,altitude,plus_code,address_line_1,address_line_2,postal_code,country_code
20000000-0000-4000-8000-000000000001,IND-0001,David,,Guzman,David Guzman,David Guzman,MALE,1968-03-26,58,MARRIED,"[{""type"": ""mobile"", ""number"": ""+10000000001"", ""is_primary"": true}]",jennifermiles@example.com,4733616459,XXXXXX6459,CAN_READ_AND_WRITE,en,images/IND-0001.jpg,550e8400-e29b-41d4-a716-446655884058,550e8400-e29b-41d4-a716-446655883015,550e8400-e29b-41d4-a716-446655442004,550e8400-e29b-41d4-a716-446655441001,550e8400-e29b-41d4-a716-446655440001,"{""hierarchy"": [{""level"": ""country"", ""level_value_id"": ""550e8400-e29b-41d4-a716-446655440001"", ""level_value_mnemonic"": ""kamuntu""}, {""level"": ""region"", ""level_value_id"": ""550e8400-e29b-41d4-a716-446655441001"", ""level_value_mnemonic"": ""kilima""}, {""level"": ""district"", ""level_value_id"": ""550e8400-e29b-41d4-a716-446655442004"", ""level_value_mnemonic"": ""karamu""}, {""level"": ""ward"", ""level_value_id"": ""550e8400-e29b-41d4-a716-446655883015"", ""level_value_mnemonic"": ""uzima""}, {""level"": ""village"", ""level_value_id"": ""550e8400-e29b-41d4-a716-446655884058"", ""level_value_mnemonic"": ""billyu""}], ""lowest_level_value_id"": ""550e8400-e29b-41d4-a716-446655884058""}",16.2459,68.186,158,62AB+81,9402 Peterson Drives,Sector 2,000001,KM
20000000-0000-4000-8000-000000000002,IND-0002,Daniel,,Guzman,Daniel Guzman,Daniel Guzman,FEMALE,1999-05-13,27,MARRIED,"[{""type"": ""mobile"", ""number"": ""+10000000002"", ""is_primary"": true}]",daviscolin@example.com,9776552803,XXXXXX2803,HIGHER_EDUCATION,en,images/IND-0002.jpg,550e8400-e29b-41d4-a716-446655884058,550e8400-e29b-41d4-a716-446655883015,550e8400-e29b-41d4-a716-446655442004,550e8400-e29b-41d4-a716-446655441001,550e8400-e29b-41d4-a716-446655440001,"{""hierarchy"": [{""level"": ""country"", ""level_value_id"": ""550e8400-e29b-41d4-a716-446655440001"", ""level_value_mnemonic"": ""kamuntu""}, {""level"": ""region"", ""level_value_id"": ""550e8400-e29b-41d4-a716-446655441001"", ""level_value_mnemonic"": ""kilima""}, {""level"": ""district"", ""level_value_id"": ""550e8400-e29b-41d4-a716-446655442004"", ""level_value_mnemonic"": ""karamu""}, {""level"": ""ward"", ""level_value_id"": ""550e8400-e29b-41d4-a716-446655883015"", ""level_value_mnemonic"": ""uzima""}, {""level"": ""village"", ""level_value_id"": ""550e8400-e29b-41d4-a716-446655884058"", ""level_value_mnemonic"": ""billyu""}], ""lowest_level_value_id"": ""550e8400-e29b-41d4-a716-446655884058""}",16.2159,68.1825,286,62AB+81,78161 Calderon River Suite 931,Sector 3,000002,KM
20000000-0000-4000-8000-000000000003,IND-0003,Amber,,Guzman,Amber Guzman,Amber Guzman,FEMALE,1982-02-11,44,MARRIED,"[{""type"": ""mobile"", ""number"": ""+10000000003"", ""is_primary"": true}]",,1298737106,XXXXXX7106,ILLITERATE,en,images/IND-0003.jpg,550e8400-e29b-41d4-a716-446655884058,550e8400-e29b-41d4-a716-446655883015,550e8400-e29b-41d4-a716-446655442004,550e8400-e29b-41d4-a716-446655441001,550e8400-e29b-41d4-a716-446655440001,"{""hierarchy"": [{""level"": ""country"", ""level_value_id"": ""550e8400-e29b-41d4-a716-446655440001"", ""level_value_mnemonic"": ""kamuntu""}, {""level"": ""region"", ""level_value_id"": ""550e8400-e29b-41d4-a716-446655441001"", ""level_value_mnemonic"": ""kilima""}, {""level"": ""district"", ""level_value_id"": ""550e8400-e29b-41d4-a716-446655442004"", ""level_value_mnemonic"": ""karamu""}, {""level"": ""ward"", ""level_value_id"": ""550e8400-e29b-41d4-a716-446655883015"", ""level_value_mnemonic"": ""uzima""}, {""level"": ""village"", ""level_value_id"": ""550e8400-e29b-41d4-a716-446655884058"", ""level_value_mnemonic"": ""billyu""}], ""lowest_level_value_id"": ""550e8400-e29b-41d4-a716-446655884058""}",16.2361,68.2473,70,62AB+82,31647 Martin Knoll Apt. 419,Sector 4,000003,KM
20000000-0000-4000-8000-000000000004,IND-0004,Madison,,Ferguson,Madison Ferguson,Madison Ferguson,FEMALE,1993-02-20,33,MARRIED,"[{""type"": ""mobile"", ""number"": ""+10000000004"", ""is_primary"": true}]",,8173347748,XXXXXX7748,CAN_READ_AND_WRITE,en,images/IND-0004.jpg,550e8400-e29b-41d4-a716-446655884195,550e8400-e29b-41d4-a716-446655883049,550e8400-e29b-41d4-a716-446655442013,550e8400-e29b-41d4-a716-446655441004,550e8400-e29b-41d4-a716-446655440001,"{""hierarchy"": [{""level"": ""country"", ""level_value_id"": ""550e8400-e29b-41d4-a716-446655440001"", ""level_value_mnemonic"": ""kamuntu""}, {""level"": ""region"", ""level_value_id"": ""550e8400-e29b-41d4-a716-446655441004"", ""level_value_mnemonic"": ""faraja""}, {""level"": ""district"", ""level_value_id"": ""550e8400-e29b-41d4-a716-446655442013"", ""level_value_mnemonic"": ""asilani""}, {""level"": ""ward"", ""level_value_id"": ""550e8400-e29b-41d4-a716-446655883049"", ""level_value_mnemonic"": ""usawa""}, {""level"": ""village"", ""level_value_id"": ""550e8400-e29b-41d4-a716-446655884195"", ""level_value_mnemonic"": ""baadhi""}], ""lowest_level_value_id"": ""550e8400-e29b-41d4-a716-446655884195""}",14.5702,68.5684,68,45AB+85,76483 Cameron Trail,Sector 5,000004,KM
20000000-0000-4000-8000-000000000005,IND-0005,Anthony,Linda,Ferguson,Anthony Linda Ferguson,Anthony Linda Ferguson,MALE,1987-02-02,39,MARRIED,"[{""type"": ""mobile"", ""number"": ""+10000000005"", ""is_primary"": true}]",nadams@example.net,1240251661,XXXXXX1661,CAN_READ_AND_WRITE,en,images/IND-0005.jpg,550e8400-e29b-41d4-a716-446655884195,550e8400-e29b-41d4-a716-446655883049,550e8400-e29b-41d4-a716-446655442013,550e8400-e29b-41d4-a716-446655441004,550e8400-e29b-41d4-a716-446655440001,"{""hierarchy"": [{""level"": ""country"", ""level_value_id"": ""550e8400-e29b-41d4-a716-446655440001"", ""level_value_mnemonic"": ""kamuntu""}, {""level"": ""region"", ""level_value_id"": ""550e8400-e29b-41d4-a716-446655441004"", ""level_value_mnemonic"": ""faraja""}, {""level"": ""district"", ""level_value_id"": ""550e8400-e29b-41d4-a716-446655442013"", ""level_value_mnemonic"": ""asilani""}, {""level"": ""ward"", ""level_value_id"": ""550e8400-e29b-41d4-a716-446655883049"", ""level_value_mnemonic"": ""usawa""}, {""level"": ""village"", ""level_value_id"": ""550e8400-e29b-41d4-a716-446655884195"", ""level_value_mnemonic"": ""baadhi""}], ""lowest_level_value_id"": ""550e8400-e29b-41d4-a716-446655884195""}",14.5822,68.5805,152,45AB+85,76724 John Points Suite 969,Sector 6,000005,KM
20000000-0000-4000-8000-000000000006,IND-0006,Jennifer,Whitney,Ferguson,Jennifer Whitney Ferguson,Jennifer Whitney Ferguson,FEMALE,1981-08-07,44,DIVORCED,"[{""type"": ""mobile"", ""number"": ""+10000000006"", ""is_primary"": true}]",ddavis@example.org,2970753705,XXXXXX3705,HIGHER_EDUCATION,en,images/IND-0006.jpg,550e8400-e29b-41d4-a716-446655884195,550e8400-e29b-41d4-a716-446655883049,550e8400-e29b-41d4-a716-446655442013,550e8400-e29b-41d4-a716-446655441004,550e8400-e29b-41d4-a716-446655440001,"{""hierarchy"": [{""level"": ""country"", ""level_value_id"": ""550e8400-e29b-41d4-a716-446655440001"", ""level_value_mnemonic"": ""kamuntu""}, {""level"": ""region"", ""level_value_id"": ""550e8400-e29b-41d4-a716-446655441004"", ""level_value_mnemonic"": ""faraja""}, {""level"": ""district"", ""level_value_id"": ""550e8400-e29b-41d4-a716-446655442013"", ""level_value_mnemonic"": ""asilani""}, {""level"": ""ward"", ""level_value_id"": ""550e8400-e29b-41d4-a716-446655883049"", ""level_value_mnemonic"": ""usawa""}, {""level"": ""village"", ""level_value_id"": ""550e8400-e29b-41d4-a716-446655884195"", ""level_value_mnemonic"": ""baadhi""}], ""lowest_level_value_id"": ""550e8400-e29b-41d4-a716-446655884195""}",14.5265,68.5247,193,45AB+85,269 Paul Ranch,Sector 7,000006,KM
20000000-0000-4000-8000-000000000007,IND-0007,Whitney,,Ferguson,Whitney Ferguson,Whitney Ferguson,FEMALE,1996-07-10,29,DIVORCED,"[{""type"": ""mobile"", ""number"": ""+10000000007"", ""is_primary"": true}]",,3119634399,XXXXXX4399,INTERMEDIARY,en,images/IND-0007.jpg,550e8400-e29b-41d4-a716-446655884195,550e8400-e29b-41d4-a716-446655883049,550e8400-e29b-41d4-a716-446655442013,550e8400-e29b-41d4-a716-446655441004,550e8400-e29b-41d4-a716-446655440001,"{""hierarchy"": [{""level"": ""country"", ""level_value_id"": ""550e8400-e29b-41d4-a716-446655440001"", ""level_value_mnemonic"": ""kamuntu""}, {""level"": ""region"", ""level_value_id"": ""550e8400-e29b-41d4-a716-446655441004"", ""level_value_mnemonic"": ""faraja""}, {""level"": ""district"", ""level_value_id"": ""550e8400-e29b-41d4-a716-446655442013"", ""level_value_mnemonic"": ""asilani""}, {""level"": ""ward"", ""level_value_id"": ""550e8400-e29b-41d4-a716-446655883049"", ""level_value_mnemonic"": ""usawa""}, {""level"": ""village"", ""level_value_id"": ""550e8400-e29b-41d4-a716-446655884195"", ""level_value_mnemonic"": ""baadhi""}], ""lowest_level_value_id"": ""550e8400-e29b-41d4-a716-446655884195""}",14.5756,68.5861,89,45AB+85,184 Rodriguez Mews,Sector 8,000007,KM
20000000-0000-4000-8000-000000000008,IND-0008,Christopher,,Ferguson,Christopher Ferguson,Christopher Ferguson,MALE,1990-12-11,35,MARRIED,"[{""type"": ""mobile"", ""number"": ""+10000000008"", ""is_primary"": true}]",,9639245200,XXXXXX5200,BASIC,en,images/IND-0008.jpg,550e8400-e29b-41d4-a716-446655884195,550e8400-e29b-41d4-a716-446655883049,550e8400-e29b-41d4-a716-446655442013,550e8400-e29b-41d4-a716-446655441004,550e8400-e29b-41d4-a716-446655440001,"{""hierarchy"": [{""level"": ""country"", ""level_value_id"": ""550e8400-e29b-41d4-a716-446655440001"", ""level_value_mnemonic"": ""kamuntu""}, {""level"": ""region"", ""level_value_id"": ""550e8400-e29b-41d4-a716-446655441004"", ""level_value_mnemonic"": ""faraja""}, {""level"": ""district"", ""level_value_id"": ""550e8400-e29b-41d4-a716-446655442013"", ""level_value_mnemonic"": ""asilani""}, {""level"": ""ward"", ""level_value_id"": ""550e8400-e29b-41d4-a716-446655883049"", ""level_value_mnemonic"": ""usawa""}, {""level"": ""village"", ""level_value_id"": ""550e8400-e29b-41d4-a716-446655884195"", ""level_value_mnemonic"": ""baadhi""}], ""lowest_level_value_id"": ""550e8400-e29b-41d4-a716-446655884195""}",14.5721,68.5682,187,45AB+85,281 Skinner Parkways Apt. 252,Sector 9,000008,KM
20000000-0000-4000-8000-000000000009,IND-0009,Victoria,,Roman,Victoria Roman,Victoria Roman,FEMALE,1996-12-24,29,MARRIED,"[{""type"": ""mobile"", ""number"": ""+10000000009"", ""is_primary"": true}]",,4274958945,XXXXXX8945,HIGHER_EDUCATION,en,images/IND-0009.jpg,550e8400-e29b-41d4-a716-446655884058,550e8400-e29b-41d4-a716-446655883015,550e8400-e29b-41d4-a716-446655442004,550e8400-e29b-41d4-a716-446655441001,550e8400-e29b-41d4-a716-446655440001,"{""hierarchy"": [{""level"": ""country"", ""level_value_id"": ""550e8400-e29b-41d4-a716-446655440001"", ""level_value_mnemonic"": ""kamuntu""}, {""level"": ""region"", ""level_value_id"": ""550e8400-e29b-41d4-a716-446655441001"", ""level_value_mnemonic"": ""kilima""}, {""level"": ""district"", ""level_value_id"": ""550e8400-e29b-41d4-a716-446655442004"", ""level_value_mnemonic"": ""karamu""}, {""level"": ""ward"", ""level_value_id"": ""550e8400-e29b-41d4-a716-446655883015"", ""level_value_mnemonic"": ""uzima""}, {""level"": ""village"", ""level_value_id"": ""550e8400-e29b-41d4-a716-446655884058"", ""level_value_mnemonic"": ""billyu""}], ""lowest_level_value_id"": ""550e8400-e29b-41d4-a716-446655884058""}",16.2239,68.2479,185,62AB+82,39117 Tiffany Place,Sector 1,000009,KM
20000000-0000-4000-8000-000000000010,IND-0010,Pamela,,Roman,Pamela Roman,Pamela Roman,MALE,2013-04-15,13,MARRIED,"[{""type"": ""mobile"", ""number"": ""+10000000010"", ""is_primary"": true}]",,2320763135,XXXXXX3135,ILLITERATE,en,images/IND-0010.jpg,550e8400-e29b-41d4-a716-446655884058,550e8400-e29b-41d4-a716-446655883015,550e8400-e29b-41d4-a716-446655442004,550e8400-e29b-41d4-a716-446655441001,550e8400-e29b-41d4-a716-446655440001,"{""hierarchy"": [{""level"": ""country"", ""level_value_id"": ""550e8400-e29b-41d4-a716-446655440001"", ""level_value_mnemonic"": ""kamuntu""}, {""level"": ""region"", ""level_value_id"": ""550e8400-e29b-41d4-a716-446655441001"", ""level_value_mnemonic"": ""kilima""}, {""level"": ""district"", ""level_value_id"": ""550e8400-e29b-41d4-a716-446655442004"", ""level_value_mnemonic"": ""karamu""}, {""level"": ""ward"", ""level_value_id"": ""550e8400-e29b-41d4-a716-446655883015"", ""level_value_mnemonic"": ""uzima""}, {""level"": ""village"", ""level_value_id"": ""550e8400-e29b-41d4-a716-446655884058"", ""level_value_mnemonic"": ""billyu""}], ""lowest_level_value_id"": ""550e8400-e29b-41d4-a716-446655884058""}",16.1758,68.2578,292,61AB+82,248 Brandt Plains Apt. 465,Sector 2,000010,KM
20000000-0000-4000-8000-000000000011,IND-0011,Jeffrey,,Roman,Jeffrey Roman,Jeffrey Roman,MALE,1968-07-05,57,MARRIED,"[{""type"": ""mobile"", ""number"": ""+10000000011"", ""is_primary"": true}]",,3361388464,XXXXXX8464,HIGHER_EDUCATION,en,images/IND-0011.jpg,550e8400-e29b-41d4-a716-446655884058,550e8400-e29b-41d4-a716-446655883015,550e8400-e29b-41d4-a716-446655442004,550e8400-e29b-41d4-a716-446655441001,550e8400-e29b-41d4-a716-446655440001,"{""hierarchy"": [{""level"": ""country"", ""level_value_id"": ""550e8400-e29b-41d4-a716-446655440001"", ""level_value_mnemonic"": ""kamuntu""}, {""level"": ""region"", ""level_value_id"": ""550e8400-e29b-41d4-a716-446655441001"", ""level_value_mnemonic"": ""kilima""}, {""level"": ""district"", ""level_value_id"": ""550e8400-e29b-41d4-a716-446655442004"", ""level_value_mnemonic"": ""karamu""}, {""level"": ""ward"", ""level_value_id"": ""550e8400-e29b-41d4-a716-446655883015"", ""level_value_mnemonic"": ""uzima""}, {""level"": ""village"", ""level_value_id"": ""550e8400-e29b-41d4-a716-446655884058"", ""level_value_mnemonic"": ""billyu""}], ""lowest_level_value_id"": ""550e8400-e29b-41d4-a716-446655884058""}",16.1965,68.2572,158,61AB+82,31509 Brianna Avenue,Sector 3,000011,KM
20000000-0000-4000-8000-000000000012,IND-0012,Benjamin,,Roman,Benjamin Roman,Benjamin Roman,MALE,1986-05-18,40,MARRIED,"[{""type"": ""mobile"", ""number"": ""+10000000012"", ""is_primary"": true}]",carlosjohnson@example.com,7517938612,XXXXXX8612,HIGHER_EDUCATION,en,images/IND-0012.jpg,550e8400-e29b-41d4-a716-446655884058,550e8400-e29b-41d4-a716-446655883015,550e8400-e29b-41d4-a716-446655442004,550e8400-e29b-41d4-a716-446655441001,550e8400-e29b-41d4-a716-446655440001,"{""hierarchy"": [{""level"": ""country"", ""level_value_id"": ""550e8400-e29b-41d4-a716-446655440001"", ""level_value_mnemonic"": ""kamuntu""}, {""level"": ""region"", ""level_value_id"": ""550e8400-e29b-41d4-a716-446655441001"", ""level_value_mnemonic"": ""kilima""}, {""level"": ""district"", ""level_value_id"": ""550e8400-e29b-41d4-a716-446655442004"", ""level_value_mnemonic"": ""karamu""}, {""level"": ""ward"", ""level_value_id"": ""550e8400-e29b-41d4-a716-446655883015"", ""level_value_mnemonic"": ""uzima""}, {""level"": ""village"", ""level_value_id"": ""550e8400-e29b-41d4-a716-446655884058"", ""level_value_mnemonic"": ""billyu""}], ""lowest_level_value_id"": ""550e8400-e29b-41d4-a716-446655884058""}",16.1821,68.1925,136,61AB+81,347 Amber Stream,Sector 4,000012,KM
20000000-0000-4000-8000-000000000013,IND-0013,Timothy,,Roman,Timothy Roman,Timothy Roman,MALE,2022-06-16,3,SINGLE,"[{""type"": ""mobile"", ""number"": ""+10000000013"", ""is_primary"": true}]",,3710566582,XXXXXX6582,,en,images/IND-0013.jpg,550e8400-e29b-41d4-a716-446655884058,550e8400-e29b-41d4-a716-446655883015,550e8400-e29b-41d4-a716-446655442004,550e8400-e29b-41d4-a716-446655441001,550e8400-e29b-41d4-a716-446655440001,"{""hierarchy"": [{""level"": ""country"", ""level_value_id"": ""550e8400-e29b-41d4-a716-446655440001"", ""level_value_mnemonic"": ""kamuntu""}, {""level"": ""region"", ""level_value_id"": ""550e8400-e29b-41d4-a716-446655441001"", ""level_value_mnemonic"": ""kilima""}, {""level"": ""district"", ""level_value_id"": ""550e8400-e29b-41d4-a716-446655442004"", ""level_value_mnemonic"": ""karamu""}, {""level"": ""ward"", ""level_value_id"": ""550e8400-e29b-41d4-a716-446655883015"", ""level_value_mnemonic"": ""uzima""}, {""level"": ""village"", ""level_value_id"": ""550e8400-e29b-41d4-a716-446655884058"", ""level_value_mnemonic"": ""billyu""}], ""lowest_level_value_id"": ""550e8400-e29b-41d4-a716-446655884058""}",16.1929,68.2605,270,61AB+82,76311 Gomez Loop Suite 010,Sector 5,000013,KM
20000000-0000-4000-8000-000000000014,IND-0014,James,Michelle,Morgan,James Michelle Morgan,James Michelle Morgan,MALE,1989-05-07,37,MARRIED,"[{""type"": ""mobile"", ""number"": ""+10000000014"", ""is_primary"": true}]",jamesherrera@example.org,3030106617,XXXXXX6617,INTERMEDIARY,en,images/IND-0014.jpg,550e8400-e29b-41d4-a716-446655884170,550e8400-e29b-41d4-a716-446655883043,550e8400-e29b-41d4-a716-446655442011,550e8400-e29b-41d4-a716-446655441003,550e8400-e29b-41d4-a716-446655440001,"{""hierarchy"": [{""level"": ""country"", ""level_value_id"": ""550e8400-e29b-41d4-a716-446655440001"", ""level_value_mnemonic"": ""kamuntu""}, {""level"": ""region"", ""level_value_id"": ""550e8400-e29b-41d4-a716-446655441003"", ""level_value_mnemonic"": ""jasiri""}, {""level"": ""district"", ""level_value_id"": ""550e8400-e29b-41d4-a716-446655442011"", ""level_value_mnemonic"": ""baraka""}, {""level"": ""ward"", ""level_value_id"": ""550e8400-e29b-41d4-a716-446655883043"", ""level_value_mnemonic"": ""safari""}, {""level"": ""village"", ""level_value_id"": ""550e8400-e29b-41d4-a716-446655884170"", ""level_value_mnemonic"": ""bimaqa""}], ""lowest_level_value_id"": ""550e8400-e29b-41d4-a716-446655884170""}",10.8885,70.8907,98,08AB+08,47317 Brent Plains Apt. 132,Sector 6,000014,KM
20000000-0000-4000-8000-000000000015,IND-0015,Jennifer,,Morgan,Jennifer Morgan,Jennifer Morgan,FEMALE,1985-02-02,41,MARRIED,"[{""type"": ""mobile"", ""number"": ""+10000000015"", ""is_primary"": true}]",,3775320897,XXXXXX0897,CAN_READ_AND_WRITE,en,images/IND-0015.jpg,550e8400-e29b-41d4-a716-446655884170,550e8400-e29b-41d4-a716-446655883043,550e8400-e29b-41d4-a716-446655442011,550e8400-e29b-41d4-a716-446655441003,550e8400-e29b-41d4-a716-446655440001,"{""hierarchy"": [{""level"": ""country"", ""level_value_id"": ""550e8400-e29b-41d4-a716-446655440001"", ""level_value_mnemonic"": ""kamuntu""}, {""level"": ""region"", ""level_value_id"": ""550e8400-e29b-41d4-a716-446655441003"", ""level_value_mnemonic"": ""jasiri""}, {""level"": ""district"", ""level_value_id"": ""550e8400-e29b-41d4-a716-446655442011"", ""level_value_mnemonic"": ""baraka""}, {""level"": ""ward"", ""level_value_id"": ""550e8400-e29b-41d4-a716-446655883043"", ""level_value_mnemonic"": ""safari""}, {""level"": ""village"", ""level_value_id"": ""550e8400-e29b-41d4-a716-446655884170"", ""level_value_mnemonic"": ""bimaqa""}], ""lowest_level_value_id"": ""550e8400-e29b-41d4-a716-446655884170""}",10.8161,70.8828,254,08AB+08,26064 Mitchell Square Suite 234,Sector 7,000015,KM
20000000-0000-4000-8000-000000000016,IND-0016,Daniel,Jill,Morgan,Daniel Jill Morgan,Daniel Jill Morgan,MALE,1991-12-24,34,SINGLE,"[{""type"": ""mobile"", ""number"": ""+10000000016"", ""is_primary"": true}]",,2986972437,XXXXXX2437,HIGHER_EDUCATION,en,images/IND-0016.jpg,550e8400-e29b-41d4-a716-446655884170,550e8400-e29b-41d4-a716-446655883043,550e8400-e29b-41d4-a716-446655442011,550e8400-e29b-41d4-a716-446655441003,550e8400-e29b-41d4-a716-446655440001,"{""hierarchy"": [{""level"": ""country"", ""level_value_id"": ""550e8400-e29b-41d4-a716-446655440001"", ""level_value_mnemonic"": ""kamuntu""}, {""level"": ""region"", ""level_value_id"": ""550e8400-e29b-41d4-a716-446655441003"", ""level_value_mnemonic"": ""jasiri""}, {""level"": ""district"", ""level_value_id"": ""550e8400-e29b-41d4-a716-446655442011"", ""level_value_mnemonic"": ""baraka""}, {""level"": ""ward"", ""level_value_id"": ""550e8400-e29b-41d4-a716-446655883043"", ""level_value_mnemonic"": ""safari""}, {""level"": ""village"", ""level_value_id"": ""550e8400-e29b-41d4-a716-446655884170"", ""level_value_mnemonic"": ""bimaqa""}], ""lowest_level_value_id"": ""550e8400-e29b-41d4-a716-446655884170""}",10.8974,70.8175,256,08AB+08,500 Shaw Walk,Sector 8,000016,KM
20000000-0000-4000-8000-000000000017,IND-0017,Joseph,,Brown,Joseph Brown,Joseph Brown,MALE,1954-11-12,71,MARRIED,"[{""type"": ""mobile"", ""number"": ""+10000000017"", ""is_primary"": true}]",yorkcasey@example.org,7380780055,XXXXXX0055,ILLITERATE,en,images/IND-0017.jpg,550e8400-e29b-41d4-a716-446655884051,550e8400-e29b-41d4-a716-446655883013,550e8400-e29b-41d4-a716-446655442004,550e8400-e29b-41d4-a716-446655441001,550e8400-e29b-41d4-a716-446655440001,"{""hierarchy"": [{""level"": ""country"", ""level_value_id"": ""550e8400-e29b-41d4-a716-446655440001"", ""level_value_mnemonic"": ""kamuntu""}, {""level"": ""region"", ""level_value_id"": ""550e8400-e29b-41d4-a716-446655441001"", ""level_value_mnemonic"": ""kilima""}, {""level"": ""district"", ""level_value_id"": ""550e8400-e29b-41d4-a716-446655442004"", ""level_value_mnemonic"": ""karamu""}, {""level"": ""ward"", ""level_value_id"": ""550e8400-e29b-41d4-a716-446655883013"", ""level_value_mnemonic"": ""damu""}, {""level"": ""village"", ""level_value_id"": ""550e8400-e29b-41d4-a716-446655884051"", ""level_value_mnemonic"": ""bilizo""}], ""lowest_level_value_id"": ""550e8400-e29b-41d4-a716-446655884051""}",16.9514,65.9701,65,69AB+59,1939 Christine Manor,Sector 9,000017,KM
20000000-0000-4000-8000-000000000018,IND-0018,Mary,Leslie,Brown,Mary Leslie Brown,Mary Leslie Brown,FEMALE,1970-04-02,56,MARRIED,"[{""type"": ""mobile"", ""number"": ""+10000000018"", ""is_primary"": true}]",james53@example.com,3090237817,XXXXXX7817,HIGHER_EDUCATION,en,images/IND-0018.jpg,550e8400-e29b-41d4-a716-446655884051,550e8400-e29b-41d4-a716-446655883013,550e8400-e29b-41d4-a716-446655442004,550e8400-e29b-41d4-a716-446655441001,550e8400-e29b-41d4-a716-446655440001,"{""hierarchy"": [{""level"": ""country"", ""level_value_id"": ""550e8400-e29b-41d4-a716-446655440001"", ""level_value_mnemonic"": ""kamuntu""}, {""level"": ""region"", ""level_value_id"": ""550e8400-e29b-41d4-a716-446655441001"", ""level_value_mnemonic"": ""kilima""}, {""level"": ""district"", ""level_value_id"": ""550e8400-e29b-41d4-a716-446655442004"", ""level_value_mnemonic"": ""karamu""}, {""level"": ""ward"", ""level_value_id"": ""550e8400-e29b-41d4-a716-446655883013"", ""level_value_mnemonic"": ""damu""}, {""level"": ""village"", ""level_value_id"": ""550e8400-e29b-41d4-a716-446655884051"", ""level_value_mnemonic"": ""bilizo""}], ""lowest_level_value_id"": ""550e8400-e29b-41d4-a716-446655884051""}",16.949,65.9518,64,69AB+59,47510 Howell Port Apt. 183,Sector 1,000018,KM
20000000-0000-4000-8000-000000000019,IND-0019,Jonathan,,Brown,Jonathan Brown,Jonathan Brown,MALE,2010-09-26,15,SINGLE,"[{""type"": ""mobile"", ""number"": ""+10000000019"", ""is_primary"": true}]",,1676168421,XXXXXX8421,ILLITERATE,en,images/IND-0019.jpg,550e8400-e29b-41d4-a716-446655884051,550e8400-e29b-41d4-a716-446655883013,550e8400-e29b-41d4-a716-446655442004,550e8400-e29b-41d4-a716-446655441001,550e8400-e29b-41d4-a716-446655440001,"{""hierarchy"": [{""level"": ""country"", ""level_value_id"": ""550e8400-e29b-41d4-a716-446655440001"", ""level_value_mnemonic"": ""kamuntu""}, {""level"": ""region"", ""level_value_id"": ""550e8400-e29b-41d4-a716-446655441001"", ""level_value_mnemonic"": ""kilima""}, {""level"": ""district"", ""level_value_id"": ""550e8400-e29b-41d4-a716-446655442004"", ""level_value_mnemonic"": ""karamu""}, {""level"": ""ward"", ""level_value_id"": ""550e8400-e29b-41d4-a716-446655883013"", ""level_value_mnemonic"": ""damu""}, {""level"": ""village"", ""level_value_id"": ""550e8400-e29b-41d4-a716-446655884051"", ""level_value_mnemonic"": ""bilizo""}], ""lowest_level_value_id"": ""550e8400-e29b-41d4-a716-446655884051""}",17.0261,65.938,97,70AB+59,35427 Carr Valley Apt. 841,Sector 2,000019,KM
20000000-0000-4000-8000-000000000020,IND-0020,Teresa,Darrell,Taylor,Teresa Darrell Taylor,Teresa Darrell Taylor,FEMALE,1974-12-08,51,MARRIED,"[{""type"": ""mobile"", ""number"": ""+10000000020"", ""is_primary"": true}]",newtoneric@example.com,9760623742,XXXXXX3742,BASIC,en,images/IND-0020.jpg,550e8400-e29b-41d4-a716-446655884035,550e8400-e29b-41d4-a716-446655883009,550e8400-e29b-41d4-a716-446655442003,550e8400-e29b-41d4-a716-446655441001,550e8400-e29b-41d4-a716-446655440001,"{""hierarchy"": [{""level"": ""country"", ""level_value_id"": ""550e8400-e29b-41d4-a716-446655440001"", ""level_value_mnemonic"": ""kamuntu""}, {""level"": ""region"", ""level_value_id"": ""550e8400-e29b-41d4-a716-446655441001"", ""level_value_mnemonic"": ""kilima""}, {""level"": ""district"", ""level_value_id"": ""550e8400-e29b-41d4-a716-446655442003"", ""level_value_mnemonic"": ""nyani""}, {""level"": ""ward"", ""level_value_id"": ""550e8400-e29b-41d4-a716-446655883009"", ""level_value_mnemonic"": ""mkunge""}, {""level"": ""village"", ""level_value_id"": ""550e8400-e29b-41d4-a716-446655884035"", ""level_value_mnemonic"": ""bileza""}], ""lowest_level_value_id"": ""550e8400-e29b-41d4-a716-446655884035""}",11.0282,65.0857,194,10AB+50,534 King Vista,Sector 3,000020,KM
20000000-0000-4000-8000-000000000021,IND-0021,Anthony,,Taylor,Anthony Taylor,Anthony Taylor,MALE,1995-06-27,30,MARRIED,"[{""type"": ""mobile"", ""number"": ""+10000000021"", ""is_primary"": true}]",bradley52@example.net,6583444930,XXXXXX4930,HIGHER_EDUCATION,en,images/IND-0021.jpg,550e8400-e29b-41d4-a716-446655884035,550e8400-e29b-41d4-a716-446655883009,550e8400-e29b-41d4-a716-446655442003,550e8400-e29b-41d4-a716-446655441001,550e8400-e29b-41d4-a716-446655440001,"{""hierarchy"": [{""level"": ""country"", ""level_value_id"": ""550e8400-e29b-41d4-a716-446655440001"", ""level_value_mnemonic"": ""kamuntu""}, {""level"": ""region"", ""level_value_id"": ""550e8400-e29b-41d4-a716-446655441001"", ""level_value_mnemonic"": ""kilima""}, {""level"": ""district"", ""level_value_id"": ""550e8400-e29b-41d4-a716-446655442003"", ""level_value_mnemonic"": ""nyani""}, {""level"": ""ward"", ""level_value_id"": ""550e8400-e29b-41d4-a716-446655883009"", ""level_value_mnemonic"": ""mkunge""}, {""level"": ""village"", ""level_value_id"": ""550e8400-e29b-41d4-a716-446655884035"", ""level_value_mnemonic"": ""bileza""}], ""lowest_level_value_id"": ""550e8400-e29b-41d4-a716-446655884035""}",11.0516,65.0952,68,10AB+50,78680 Charles Spurs Apt. 805,Sector 4,000021,KM
20000000-0000-4000-8000-000000000022,IND-0022,Kevin,David,Taylor,Kevin David Taylor,Kevin David Taylor,MALE,2005-06-18,20,SINGLE,"[{""type"": ""mobile"", ""number"": ""+10000000022"", ""is_primary"": true}]",,6344160868,XXXXXX0868,HIGHER_EDUCATION,en,images/IND-0022.jpg,550e8400-e29b-41d4-a716-446655884035,550e8400-e29b-41d4-a716-446655883009,550e8400-e29b-41d4-a716-446655442003,550e8400-e29b-41d4-a716-446655441001,550e8400-e29b-41d4-a716-446655440001,"{""hierarchy"": [{""level"": ""country"", ""level_value_id"": ""550e8400-e29b-41d4-a716-446655440001"", ""level_value_mnemonic"": ""kamuntu""}, {""level"": ""region"", ""level_value_id"": ""550e8400-e29b-41d4-a716-446655441001"", ""level_value_mnemonic"": ""kilima""}, {""level"": ""district"", ""level_value_id"": ""550e8400-e29b-41d4-a716-446655442003"", ""level_value_mnemonic"": ""nyani""}, {""level"": ""ward"", ""level_value_id"": ""550e8400-e29b-41d4-a716-446655883009"", ""level_value_mnemonic"": ""mkunge""}, {""level"": ""village"", ""level_value_id"": ""550e8400-e29b-41d4-a716-446655884035"", ""level_value_mnemonic"": ""bileza""}], ""lowest_level_value_id"": ""550e8400-e29b-41d4-a716-446655884035""}",11.0485,65.0638,189,10AB+50,0533 Michael Points Suite 923,Sector 5,000022,KM
20000000-0000-4000-8000-000000000023,IND-0023,Sean,,Taylor,Sean Taylor,Sean Taylor,MALE,1986-07-25,39,SINGLE,"[{""type"": ""mobile"", ""number"": ""+10000000023"", ""is_primary"": true}]",nicolejohnson@example.net,4771526597,XXXXXX6597,BASIC,en,images/IND-0023.jpg,550e8400-e29b-41d4-a716-446655884035,550e8400-e29b-41d4-a716-446655883009,550e8400-e29b-41d4-a716-446655442003,550e8400-e29b-41d4-a716-446655441001,550e8400-e29b-41d4-a716-446655440001,"{""hierarchy"": [{""level"": ""country"", ""level_value_id"": ""550e8400-e29b-41d4-a716-446655440001"", ""level_value_mnemonic"": ""kamuntu""}, {""level"": ""region"", ""level_value_id"": ""550e8400-e29b-41d4-a716-446655441001"", ""level_value_mnemonic"": ""kilima""}, {""level"": ""district"", ""level_value_id"": ""550e8400-e29b-41d4-a716-446655442003"", ""level_value_mnemonic"": ""nyani""}, {""level"": ""ward"", ""level_value_id"": ""550e8400-e29b-41d4-a716-446655883009"", ""level_value_mnemonic"": ""mkunge""}, {""level"": ""village"", ""level_value_id"": ""550e8400-e29b-41d4-a716-446655884035"", ""level_value_mnemonic"": ""bileza""}], ""lowest_level_value_id"": ""550e8400-e29b-41d4-a716-446655884035""}",11.0464,65.109,240,10AB+51,3421 Brennan Walks Suite 337,Sector 6,000023,KM
20000000-0000-4000-8000-000000000024,IND-0024,Cassandra,Joseph,Estes,Cassandra Joseph Estes,Cassandra Joseph Estes,FEMALE,1985-08-13,40,MARRIED,"[{""type"": ""mobile"", ""number"": ""+10000000024"", ""is_primary"": true}]",carlsonmichael@example.com,1041531046,XXXXXX1046,ILLITERATE,en,images/IND-0024.jpg,550e8400-e29b-41d4-a716-446655884145,550e8400-e29b-41d4-a716-446655883037,550e8400-e29b-41d4-a716-446655442010,550e8400-e29b-41d4-a716-446655441003,550e8400-e29b-41d4-a716-446655440001,"{""hierarchy"": [{""level"": ""country"", ""level_value_id"": ""550e8400-e29b-41d4-a716-446655440001"", ""level_value_mnemonic"": ""kamuntu""}, {""level"": ""region"", ""level_value_id"": ""550e8400-e29b-41d4-a716-446655441003"", ""level_value_mnemonic"": ""jasiri""}, {""level"": ""district"", ""level_value_id"": ""550e8400-e29b-41d4-a716-446655442010"", ""level_value_mnemonic"": ""ndoto""}, {""level"": ""ward"", ""level_value_id"": ""550e8400-e29b-41d4-a716-446655883037"", ""level_value_mnemonic"": ""pamoja""}, {""level"": ""village"", ""level_value_id"": ""550e8400-e29b-41d4-a716-446655884145"", ""level_value_mnemonic"": ""biluxi""}], ""lowest_level_value_id"": ""550e8400-e29b-41d4-a716-446655884145""}",13.3375,70.4183,281,33AB+04,816 Jonathan Station Suite 088,Sector 7,000024,KM
20000000-0000-4000-8000-000000000025,IND-0025,Melissa,,Estes,Melissa Estes,Melissa Estes,MALE,2018-07-27,7,MARRIED,"[{""type"": ""mobile"", ""number"": ""+10000000025"", ""is_primary"": true}]",,5474620894,XXXXXX0894,ILLITERATE,en,images/IND-0025.jpg,550e8400-e29b-41d4-a716-446655884145,550e8400-e29b-41d4-a716-446655883037,550e8400-e29b-41d4-a716-446655442010,550e8400-e29b-41d4-a716-446655441003,550e8400-e29b-41d4-a716-446655440001,"{""hierarchy"": [{""level"": ""country"", ""level_value_id"": ""550e8400-e29b-41d4-a716-446655440001"", ""level_value_mnemonic"": ""kamuntu""}, {""level"": ""region"", ""level_value_id"": ""550e8400-e29b-41d4-a716-446655441003"", ""level_value_mnemonic"": ""jasiri""}, {""level"": ""district"", ""level_value_id"": ""550e8400-e29b-41d4-a716-446655442010"", ""level_value_mnemonic"": ""ndoto""}, {""level"": ""ward"", ""level_value_id"": ""550e8400-e29b-41d4-a716-446655883037"", ""level_value_mnemonic"": ""pamoja""}, {""level"": ""village"", ""level_value_id"": ""550e8400-e29b-41d4-a716-446655884145"", ""level_value_mnemonic"": ""biluxi""}], ""lowest_level_value_id"": ""550e8400-e29b-41d4-a716-446655884145""}",13.3665,70.4233,298,33AB+04,6159 Alvarado Crossing,Sector 8,000025,KM
20000000-0000-4000-8000-000000000026,IND-0026,Michelle,Kyle,Estes,Michelle Kyle Estes,Michelle Kyle Estes,FEMALE,2007-04-14,19,MARRIED,"[{""type"": ""mobile"", ""number"": ""+10000000026"", ""is_primary"": true}]",,9051829827,XXXXXX9827,CAN_READ_AND_WRITE,en,images/IND-0026.jpg,550e8400-e29b-41d4-a716-446655884145,550e8400-e29b-41d4-a716-446655883037,550e8400-e29b-41d4-a716-446655442010,550e8400-e29b-41d4-a716-446655441003,550e8400-e29b-41d4-a716-446655440001,"{""hierarchy"": [{""level"": ""country"", ""level_value_id"": ""550e8400-e29b-41d4-a716-446655440001"", ""level_value_mnemonic"": ""kamuntu""}, {""level"": ""region"", ""level_value_id"": ""550e8400-e29b-41d4-a716-446655441003"", ""level_value_mnemonic"": ""jasiri""}, {""level"": ""district"", ""level_value_id"": ""550e8400-e29b-41d4-a716-446655442010"", ""level_value_mnemonic"": ""ndoto""}, {""level"": ""ward"", ""level_value_id"": ""550e8400-e29b-41d4-a716-446655883037"", ""level_value_mnemonic"": ""pamoja""}, {""level"": ""village"", ""level_value_id"": ""550e8400-e29b-41d4-a716-446655884145"", ""level_value_mnemonic"": ""biluxi""}], ""lowest_level_value_id"": ""550e8400-e29b-41d4-a716-446655884145""}",13.4274,70.4049,286,34AB+04,6482 Robert Light Apt. 994,Sector 9,000026,KM
20000000-0000-4000-8000-000000000027,IND-0027,Jared,,Estes,Jared Estes,Jared Estes,MALE,2024-07-24,1,SINGLE,"[{""type"": ""mobile"", ""number"": ""+10000000027"", ""is_primary"": true}]",,6360837474,XXXXXX7474,,en,images/IND-0027.jpg,550e8400-e29b-41d4-a716-446655884145,550e8400-e29b-41d4-a716-446655883037,550e8400-e29b-41d4-a716-446655442010,550e8400-e29b-41d4-a716-446655441003,550e8400-e29b-41d4-a716-446655440001,"{""hierarchy"": [{""level"": ""country"", ""level_value_id"": ""550e8400-e29b-41d4-a716-446655440001"", ""level_value_mnemonic"": ""kamuntu""}, {""level"": ""region"", ""level_value_id"": ""550e8400-e29b-41d4-a716-446655441003"", ""level_value_mnemonic"": ""jasiri""}, {""level"": ""district"", ""level_value_id"": ""550e8400-e29b-41d4-a716-446655442010"", ""level_value_mnemonic"": ""ndoto""}, {""level"": ""ward"", ""level_value_id"": ""550e8400-e29b-41d4-a716-446655883037"", ""level_value_mnemonic"": ""pamoja""}, {""level"": ""village"", ""level_value_id"": ""550e8400-e29b-41d4-a716-446655884145"", ""level_value_mnemonic"": ""biluxi""}], ""lowest_level_value_id"": ""550e8400-e29b-41d4-a716-446655884145""}",13.3459,70.4001,147,33AB+04,3699 Marshall Mills Apt. 872,Sector 1,000027,KM
20000000-0000-4000-8000-000000000028,IND-0028,Matthew,,Estes,Matthew Estes,Matthew Estes,MALE,2003-04-11,23,MARRIED,"[{""type"": ""mobile"", ""number"": ""+10000000028"", ""is_primary"": true}]",clarence34@example.org,4742303947,XXXXXX3947,ILLITERATE,en,images/IND-0028.jpg,550e8400-e29b-41d4-a716-446655884145,550e8400-e29b-41d4-a716-446655883037,550e8400-e29b-41d4-a716-446655442010,550e8400-e29b-41d4-a716-446655441003,550e8400-e29b-41d4-a716-446655440001,"{""hierarchy"": [{""level"": ""country"", ""level_value_id"": ""550e8400-e29b-41d4-a716-446655440001"", ""level_value_mnemonic"": ""kamuntu""}, {""level"": ""region"", ""level_value_id"": ""550e8400-e29b-41d4-a716-446655441003"", ""level_value_mnemonic"": ""jasiri""}, {""level"": ""district"", ""level_value_id"": ""550e8400-e29b-41d4-a716-446655442010"", ""level_value_mnemonic"": ""ndoto""}, {""level"": ""ward"", ""level_value_id"": ""550e8400-e29b-41d4-a716-446655883037"", ""level_value_mnemonic"": ""pamoja""}, {""level"": ""village"", ""level_value_id"": ""550e8400-e29b-41d4-a716-446655884145"", ""level_value_mnemonic"": ""biluxi""}], ""lowest_level_value_id"": ""550e8400-e29b-41d4-a716-446655884145""}",13.3523,70.396,152,33AB+03,00379 Stanley Roads,Sector 2,000028,KM
20000000-0000-4000-8000-000000000029,IND-0029,Laura,,Estes,Laura Estes,Laura Estes,FEMALE,1986-03-15,40,DIVORCED,"[{""type"": ""mobile"", ""number"": ""+10000000029"", ""is_primary"": true}]",psnyder@example.org,7597996327,XXXXXX6327,HIGHER_EDUCATION,en,images/IND-0029.jpg,550e8400-e29b-41d4-a716-446655884145,550e8400-e29b-41d4-a716-446655883037,550e8400-e29b-41d4-a716-446655442010,550e8400-e29b-41d4-a716-446655441003,550e8400-e29b-41d4-a716-446655440001,"{""hierarchy"": [{""level"": ""country"", ""level_value_id"": ""550e8400-e29b-41d4-a716-446655440001"", ""level_value_mnemonic"": ""kamuntu""}, {""level"": ""region"", ""level_value_id"": ""550e8400-e29b-41d4-a716-446655441003"", ""level_value_mnemonic"": ""jasiri""}, {""level"": ""district"", ""level_value_id"": ""550e8400-e29b-41d4-a716-446655442010"", ""level_value_mnemonic"": ""ndoto""}, {""level"": ""ward"", ""level_value_id"": ""550e8400-e29b-41d4-a716-446655883037"", ""level_value_mnemonic"": ""pamoja""}, {""level"": ""village"", ""level_value_id"": ""550e8400-e29b-41d4-a716-446655884145"", ""level_value_mnemonic"": ""biluxi""}], ""lowest_level_value_id"": ""550e8400-e29b-41d4-a716-446655884145""}",13.4239,70.3415,298,34AB+03,63287 Angela Vista,Sector 3,000029,KM
20000000-0000-4000-8000-000000000030,IND-0030,Barbara,Steven,Estes,Barbara Steven Estes,Barbara Steven Estes,FEMALE,1993-09-09,32,MARRIED,"[{""type"": ""mobile"", ""number"": ""+10000000030"", ""is_primary"": true}]",,6642201119,XXXXXX1119,CAN_READ_AND_WRITE,en,images/IND-0030.jpg,550e8400-e29b-41d4-a716-446655884145,550e8400-e29b-41d4-a716-446655883037,550e8400-e29b-41d4-a716-446655442010,550e8400-e29b-41d4-a716-446655441003,550e8400-e29b-41d4-a716-446655440001,"{""hierarchy"": [{""level"": ""country"", ""level_value_id"": ""550e8400-e29b-41d4-a716-446655440001"", ""level_value_mnemonic"": ""kamuntu""}, {""level"": ""region"", ""level_value_id"": ""550e8400-e29b-41d4-a716-446655441003"", ""level_value_mnemonic"": ""jasiri""}, {""level"": ""district"", ""level_value_id"": ""550e8400-e29b-41d4-a716-446655442010"", ""level_value_mnemonic"": ""ndoto""}, {""level"": ""ward"", ""level_value_id"": ""550e8400-e29b-41d4-a716-446655883037"", ""level_value_mnemonic"": ""pamoja""}, {""level"": ""village"", ""level_value_id"": ""550e8400-e29b-41d4-a716-446655884145"", ""level_value_mnemonic"": ""biluxi""}], ""lowest_level_value_id"": ""550e8400-e29b-41d4-a716-446655884145""}",13.3906,70.3811,148,33AB+03,9868 Merritt Summit Suite 743,Sector 4,000030,KM
20000000-0000-4000-8000-000000000031,IND-0031,Sara,Kimberly,Ramirez,Sara Kimberly Ramirez,Sara Kimberly Ramirez,FEMALE,1956-08-17,69,MARRIED,"[{""type"": ""mobile"", ""number"": ""+10000000031"", ""is_primary"": true}]",,4642197907,XXXXXX7907,BASIC,en,images/IND-0031.jpg,550e8400-e29b-41d4-a716-446655884131,550e8400-e29b-41d4-a716-446655883033,550e8400-e29b-41d4-a716-446655442009,550e8400-e29b-41d4-a716-446655441003,550e8400-e29b-41d4-a716-446655440001,"{""hierarchy"": [{""level"": ""country"", ""level_value_id"": ""550e8400-e29b-41d4-a716-446655440001"", ""level_value_mnemonic"": ""kamuntu""}, {""level"": ""region"", ""level_value_id"": ""550e8400-e29b-41d4-a716-446655441003"", ""level_value_mnemonic"": ""jasiri""}, {""level"": ""district"", ""level_value_id"": ""550e8400-e29b-41d4-a716-446655442009"", ""level_value_mnemonic"": ""simba""}, {""level"": ""ward"", ""level_value_id"": ""550e8400-e29b-41d4-a716-446655883033"", ""level_value_mnemonic"": ""tanzu""}, {""level"": ""village"", ""level_value_id"": ""550e8400-e29b-41d4-a716-446655884131"", ""level_value_mnemonic"": ""bilusu""}], ""lowest_level_value_id"": ""550e8400-e29b-41d4-a716-446655884131""}",19.402,69.36,129,94AB+93,347 Jennifer Freeway Suite 558,Sector 5,000031,KM
20000000-0000-4000-8000-000000000032,IND-0032,Angela,,Ramirez,Angela Ramirez,Angela Ramirez,MALE,1997-02-20,29,MARRIED,"[{""type"": ""mobile"", ""number"": ""+10000000032"", ""is_primary"": true}]",tbenson@example.org,9333798503,XXXXXX8503,INTERMEDIARY,en,images/IND-0032.jpg,550e8400-e29b-41d4-a716-446655884131,550e8400-e29b-41d4-a716-446655883033,550e8400-e29b-41d4-a716-446655442009,550e8400-e29b-41d4-a716-446655441003,550e8400-e29b-41d4-a716-446655440001,"{""hierarchy"": [{""level"": ""country"", ""level_value_id"": ""550e8400-e29b-41d4-a716-446655440001"", ""level_value_mnemonic"": ""kamuntu""}, {""level"": ""region"", ""level_value_id"": ""550e8400-e29b-41d4-a716-446655441003"", ""level_value_mnemonic"": ""jasiri""}, {""level"": ""district"", ""level_value_id"": ""550e8400-e29b-41d4-a716-446655442009"", ""level_value_mnemonic"": ""simba""}, {""level"": ""ward"", ""level_value_id"": ""550e8400-e29b-41d4-a716-446655883033"", ""level_value_mnemonic"": ""tanzu""}, {""level"": ""village"", ""level_value_id"": ""550e8400-e29b-41d4-a716-446655884131"", ""level_value_mnemonic"": ""bilusu""}], ""lowest_level_value_id"": ""550e8400-e29b-41d4-a716-446655884131""}",19.3977,69.4203,207,93AB+94,6587 Brown Village,Sector 6,000032,KM
20000000-0000-4000-8000-000000000033,IND-0033,Jason,,Ramirez,Jason Ramirez,Jason Ramirez,MALE,2004-10-28,21,MARRIED,"[{""type"": ""mobile"", ""number"": ""+10000000033"", ""is_primary"": true}]",gateskathy@example.com,5659161352,XXXXXX1352,CAN_READ_AND_WRITE,en,images/IND-0033.jpg,550e8400-e29b-41d4-a716-446655884131,550e8400-e29b-41d4-a716-446655883033,550e8400-e29b-41d4-a716-446655442009,550e8400-e29b-41d4-a716-446655441003,550e8400-e29b-41d4-a716-446655440001,"{""hierarchy"": [{""level"": ""country"", ""level_value_id"": ""550e8400-e29b-41d4-a716-446655440001"", ""level_value_mnemonic"": ""kamuntu""}, {""level"": ""region"", ""level_value_id"": ""550e8400-e29b-41d4-a716-446655441003"", ""level_value_mnemonic"": ""jasiri""}, {""level"": ""district"", ""level_value_id"": ""550e8400-e29b-41d4-a716-446655442009"", ""level_value_mnemonic"": ""simba""}, {""level"": ""ward"", ""level_value_id"": ""550e8400-e29b-41d4-a716-446655883033"", ""level_value_mnemonic"": ""tanzu""}, {""level"": ""village"", ""level_value_id"": ""550e8400-e29b-41d4-a716-446655884131"", ""level_value_mnemonic"": ""bilusu""}], ""lowest_level_value_id"": ""550e8400-e29b-41d4-a716-446655884131""}",19.3815,69.3933,135,93AB+93,54668 Tracy Groves Suite 706,Sector 7,000033,KM
20000000-0000-4000-8000-000000000034,IND-0034,Alexander,,Day,Alexander Day,Alexander Day,MALE,1992-06-24,33,MARRIED,"[{""type"": ""mobile"", ""number"": ""+10000000034"", ""is_primary"": true}]",michellewhite@example.com,2825989011,XXXXXX9011,HIGHER_EDUCATION,en,images/IND-0034.jpg,550e8400-e29b-41d4-a716-446655884159,550e8400-e29b-41d4-a716-446655883040,550e8400-e29b-41d4-a716-446655442010,550e8400-e29b-41d4-a716-446655441003,550e8400-e29b-41d4-a716-446655440001,"{""hierarchy"": [{""level"": ""country"", ""level_value_id"": ""550e8400-e29b-41d4-a716-446655440001"", ""level_value_mnemonic"": ""kamuntu""}, {""level"": ""region"", ""level_value_id"": ""550e8400-e29b-41d4-a716-446655441003"", ""level_value_mnemonic"": ""jasiri""}, {""level"": ""district"", ""level_value_id"": ""550e8400-e29b-41d4-a716-446655442010"", ""level_value_mnemonic"": ""ndoto""}, {""level"": ""ward"", ""level_value_id"": ""550e8400-e29b-41d4-a716-446655883040"", ""level_value_mnemonic"": ""tupa""}, {""level"": ""village"", ""level_value_id"": ""550e8400-e29b-41d4-a716-446655884159"", ""level_value_mnemonic"": ""bimaea""}], ""lowest_level_value_id"": ""550e8400-e29b-41d4-a716-446655884159""}",11.5776,69.6558,182,15AB+96,3755 Ramirez Village Suite 417,Sector 8,000034,KM
20000000-0000-4000-8000-000000000035,IND-0035,Alec,,Day,Alec Day,Alec Day,FEMALE,2018-06-09,7,MARRIED,"[{""type"": ""mobile"", ""number"": ""+10000000035"", ""is_primary"": true}]",,8737025391,XXXXXX5391,BASIC,en,images/IND-0035.jpg,550e8400-e29b-41d4-a716-446655884159,550e8400-e29b-41d4-a716-446655883040,550e8400-e29b-41d4-a716-446655442010,550e8400-e29b-41d4-a716-446655441003,550e8400-e29b-41d4-a716-446655440001,"{""hierarchy"": [{""level"": ""country"", ""level_value_id"": ""550e8400-e29b-41d4-a716-446655440001"", ""level_value_mnemonic"": ""kamuntu""}, {""level"": ""region"", ""level_value_id"": ""550e8400-e29b-41d4-a716-446655441003"", ""level_value_mnemonic"": ""jasiri""}, {""level"": ""district"", ""level_value_id"": ""550e8400-e29b-41d4-a716-446655442010"", ""level_value_mnemonic"": ""ndoto""}, {""level"": ""ward"", ""level_value_id"": ""550e8400-e29b-41d4-a716-446655883040"", ""level_value_mnemonic"": ""tupa""}, {""level"": ""village"", ""level_value_id"": ""550e8400-e29b-41d4-a716-446655884159"", ""level_value_mnemonic"": ""bimaea""}], ""lowest_level_value_id"": ""550e8400-e29b-41d4-a716-446655884159""}",11.6268,69.6588,202,16AB+96,10033 Christine Garden Apt. 719,Sector 9,000035,KM
20000000-0000-4000-8000-000000000036,IND-0036,Theresa,,Day,Theresa Day,Theresa Day,FEMALE,1969-02-18,57,MARRIED,"[{""type"": ""mobile"", ""number"": ""+10000000036"", ""is_primary"": true}]",,8995059760,XXXXXX9760,HIGHER_EDUCATION,en,images/IND-0036.jpg,550e8400-e29b-41d4-a716-446655884159,550e8400-e29b-41d4-a716-446655883040,550e8400-e29b-41d4-a716-446655442010,550e8400-e29b-41d4-a716-446655441003,550e8400-e29b-41d4-a716-446655440001,"{""hierarchy"": [{""level"": ""country"", ""level_value_id"": ""550e8400-e29b-41d4-a716-446655440001"", ""level_value_mnemonic"": ""kamuntu""}, {""level"": ""region"", ""level_value_id"": ""550e8400-e29b-41d4-a716-446655441003"", ""level_value_mnemonic"": ""jasiri""}, {""level"": ""district"", ""level_value_id"": ""550e8400-e29b-41d4-a716-446655442010"", ""level_value_mnemonic"": ""ndoto""}, {""level"": ""ward"", ""level_value_id"": ""550e8400-e29b-41d4-a716-446655883040"", ""level_value_mnemonic"": ""tupa""}, {""level"": ""village"", ""level_value_id"": ""550e8400-e29b-41d4-a716-446655884159"", ""level_value_mnemonic"": ""bimaea""}], ""lowest_level_value_id"": ""550e8400-e29b-41d4-a716-446655884159""}",11.605,69.6352,265,16AB+96,2991 Tami Coves Apt. 496,Sector 1,000036,KM
20000000-0000-4000-8000-000000000037,IND-0037,Jennifer,,Day,Jennifer Day,Jennifer Day,FEMALE,2007-07-27,18,MARRIED,"[{""type"": ""mobile"", ""number"": ""+10000000037"", ""is_primary"": true}]",vargasmaria@example.org,6302109556,XXXXXX9556,CAN_READ_AND_WRITE,en,images/IND-0037.jpg,550e8400-e29b-41d4-a716-446655884159,550e8400-e29b-41d4-a716-446655883040,550e8400-e29b-41d4-a716-446655442010,550e8400-e29b-41d4-a716-446655441003,550e8400-e29b-41d4-a716-446655440001,"{""hierarchy"": [{""level"": ""country"", ""level_value_id"": ""550e8400-e29b-41d4-a716-446655440001"", ""level_value_mnemonic"": ""kamuntu""}, {""level"": ""region"", ""level_value_id"": ""550e8400-e29b-41d4-a716-446655441003"", ""level_value_mnemonic"": ""jasiri""}, {""level"": ""district"", ""level_value_id"": ""550e8400-e29b-41d4-a716-446655442010"", ""level_value_mnemonic"": ""ndoto""}, {""level"": ""ward"", ""level_value_id"": ""550e8400-e29b-41d4-a716-446655883040"", ""level_value_mnemonic"": ""tupa""}, {""level"": ""village"", ""level_value_id"": ""550e8400-e29b-41d4-a716-446655884159"", ""level_value_mnemonic"": ""bimaea""}], ""lowest_level_value_id"": ""550e8400-e29b-41d4-a716-446655884159""}",11.5936,69.6493,70,15AB+96,491 Michael Meadow,Sector 2,000037,KM
20000000-0000-4000-8000-000000000038,IND-0038,Matthew,Deborah,Jones,Matthew Deborah Jones,Matthew Deborah Jones,MALE,1989-04-09,37,MARRIED,"[{""type"": ""mobile"", ""number"": ""+10000000038"", ""is_primary"": true}]",atkinsonlynn@example.org,1267429212,XXXXXX9212,ILLITERATE,en,images/IND-0038.jpg,550e8400-e29b-41d4-a716-446655884197,550e8400-e29b-41d4-a716-446655883050,550e8400-e29b-41d4-a716-446655442013,550e8400-e29b-41d4-a716-446655441004,550e8400-e29b-41d4-a716-446655440001,"{""hierarchy"": [{""level"": ""country"", ""level_value_id"": ""550e8400-e29b-41d4-a716-446655440001"", ""level_value_mnemonic"": ""kamuntu""}, {""level"": ""region"", ""level_value_id"": ""550e8400-e29b-41d4-a716-446655441004"", ""level_value_mnemonic"": ""faraja""}, {""level"": ""district"", ""level_value_id"": ""550e8400-e29b-41d4-a716-446655442013"", ""level_value_mnemonic"": ""asilani""}, {""level"": ""ward"", ""level_value_id"": ""550e8400-e29b-41d4-a716-446655883050"", ""level_value_mnemonic"": ""nguvu""}, {""level"": ""village"", ""level_value_id"": ""550e8400-e29b-41d4-a716-446655884197"", ""level_value_mnemonic"": ""bambi""}], ""lowest_level_value_id"": ""550e8400-e29b-41d4-a716-446655884197""}",18.6533,67.6089,247,86AB+76,7262 Gilbert Plain Suite 769,Sector 3,000038,KM
20000000-0000-4000-8000-000000000039,IND-0039,Debra,,Jones,Debra Jones,Debra Jones,FEMALE,1952-01-27,74,MARRIED,"[{""type"": ""mobile"", ""number"": ""+10000000039"", ""is_primary"": true}]",ramirezshannon@example.com,6242173772,XXXXXX3772,INTERMEDIARY,en,images/IND-0039.jpg,550e8400-e29b-41d4-a716-446655884197,550e8400-e29b-41d4-a716-446655883050,550e8400-e29b-41d4-a716-446655442013,550e8400-e29b-41d4-a716-446655441004,550e8400-e29b-41d4-a716-446655440001,"{""hierarchy"": [{""level"": ""country"", ""level_value_id"": ""550e8400-e29b-41d4-a716-446655440001"", ""level_value_mnemonic"": ""kamuntu""}, {""level"": ""region"", ""level_value_id"": ""550e8400-e29b-41d4-a716-446655441004"", ""level_value_mnemonic"": ""faraja""}, {""level"": ""district"", ""level_value_id"": ""550e8400-e29b-41d4-a716-446655442013"", ""level_value_mnemonic"": ""asilani""}, {""level"": ""ward"", ""level_value_id"": ""550e8400-e29b-41d4-a716-446655883050"", ""level_value_mnemonic"": ""nguvu""}, {""level"": ""village"", ""level_value_id"": ""550e8400-e29b-41d4-a716-446655884197"", ""level_value_mnemonic"": ""bambi""}], ""lowest_level_value_id"": ""550e8400-e29b-41d4-a716-446655884197""}",18.5919,67.6136,57,85AB+76,0752 Lewis Union Suite 549,Sector 4,000039,KM
20000000-0000-4000-8000-000000000040,IND-0040,Michael,,Jones,Michael Jones,Michael Jones,MALE,1941-07-04,84,WIDOWED,"[{""type"": ""mobile"", ""number"": ""+10000000040"", ""is_primary"": true}]",blackjames@example.org,1116402431,XXXXXX2431,BASIC,en,images/IND-0040.jpg,550e8400-e29b-41d4-a716-446655884197,550e8400-e29b-41d4-a716-446655883050,550e8400-e29b-41d4-a716-446655442013,550e8400-e29b-41d4-a716-446655441004,550e8400-e29b-41d4-a716-446655440001,"{""hierarchy"": [{""level"": ""country"", ""level_value_id"": ""550e8400-e29b-41d4-a716-446655440001"", ""level_value_mnemonic"": ""kamuntu""}, {""level"": ""region"", ""level_value_id"": ""550e8400-e29b-41d4-a716-446655441004"", ""level_value_mnemonic"": ""faraja""}, {""level"": ""district"", ""level_value_id"": ""550e8400-e29b-41d4-a716-446655442013"", ""level_value_mnemonic"": ""asilani""}, {""level"": ""ward"", ""level_value_id"": ""550e8400-e29b-41d4-a716-446655883050"", ""level_value_mnemonic"": ""nguvu""}, {""level"": ""village"", ""level_value_id"": ""550e8400-e29b-41d4-a716-446655884197"", ""level_value_mnemonic"": ""bambi""}], ""lowest_level_value_id"": ""550e8400-e29b-41d4-a716-446655884197""}",18.6343,67.5836,168,86AB+75,8377 Mcguire Course Suite 363,Sector 5,000040,KM
20000000-0000-4000-8000-000000000041,IND-0041,Elizabeth,,Jones,Elizabeth Jones,Elizabeth Jones,FEMALE,1993-11-15,32,MARRIED,"[{""type"": ""mobile"", ""number"": ""+10000000041"", ""is_primary"": true}]",,6923301988,XXXXXX1988,INTERMEDIARY,en,images/IND-0041.jpg,550e8400-e29b-41d4-a716-446655884197,550e8400-e29b-41d4-a716-446655883050,550e8400-e29b-41d4-a716-446655442013,550e8400-e29b-41d4-a716-446655441004,550e8400-e29b-41d4-a716-446655440001,"{""hierarchy"": [{""level"": ""country"", ""level_value_id"": ""550e8400-e29b-41d4-a716-446655440001"", ""level_value_mnemonic"": ""kamuntu""}, {""level"": ""region"", ""level_value_id"": ""550e8400-e29b-41d4-a716-446655441004"", ""level_value_mnemonic"": ""faraja""}, {""level"": ""district"", ""level_value_id"": ""550e8400-e29b-41d4-a716-446655442013"", ""level_value_mnemonic"": ""asilani""}, {""level"": ""ward"", ""level_value_id"": ""550e8400-e29b-41d4-a716-446655883050"", ""level_value_mnemonic"": ""nguvu""}, {""level"": ""village"", ""level_value_id"": ""550e8400-e29b-41d4-a716-446655884197"", ""level_value_mnemonic"": ""bambi""}], ""lowest_level_value_id"": ""550e8400-e29b-41d4-a716-446655884197""}",18.6452,67.6532,114,86AB+76,856 Bell Motorway Suite 443,Sector 6,000041,KM
20000000-0000-4000-8000-000000000042,IND-0042,Bryan,,Lee,Bryan Lee,Bryan Lee,MALE,1986-11-11,39,MARRIED,"[{""type"": ""mobile"", ""number"": ""+10000000042"", ""is_primary"": true}]",newtonstephanie@example.net,2062073697,XXXXXX3697,ILLITERATE,en,images/IND-0042.jpg,550e8400-e29b-41d4-a716-446655884010,550e8400-e29b-41d4-a716-446655883003,550e8400-e29b-41d4-a716-446655442001,550e8400-e29b-41d4-a716-446655441001,550e8400-e29b-41d4-a716-446655440001,"{""hierarchy"": [{""level"": ""country"", ""level_value_id"": ""550e8400-e29b-41d4-a716-446655440001"", ""level_value_mnemonic"": ""kamuntu""}, {""level"": ""region"", ""level_value_id"": ""550e8400-e29b-41d4-a716-446655441001"", ""level_value_mnemonic"": ""kilima""}, {""level"": ""district"", ""level_value_id"": ""550e8400-e29b-41d4-a716-446655442001"", ""level_value_mnemonic"": ""mkutani""}, {""level"": ""ward"", ""level_value_id"": ""550e8400-e29b-41d4-a716-446655883003"", ""level_value_mnemonic"": ""mtai""}, {""level"": ""village"", ""level_value_id"": ""550e8400-e29b-41d4-a716-446655884010"", ""level_value_mnemonic"": ""baraka""}], ""lowest_level_value_id"": ""550e8400-e29b-41d4-a716-446655884010""}",14.0839,65.0621,111,40AB+50,37498 Hooper Village,Sector 7,000042,KM
20000000-0000-4000-8000-000000000043,IND-0043,Cory,,Lee,Cory Lee,Cory Lee,FEMALE,2004-04-20,22,MARRIED,"[{""type"": ""mobile"", ""number"": ""+10000000043"", ""is_primary"": true}]",,4518871744,XXXXXX1744,HIGHER_EDUCATION,en,images/IND-0043.jpg,550e8400-e29b-41d4-a716-446655884010,550e8400-e29b-41d4-a716-446655883003,550e8400-e29b-41d4-a716-446655442001,550e8400-e29b-41d4-a716-446655441001,550e8400-e29b-41d4-a716-446655440001,"{""hierarchy"": [{""level"": ""country"", ""level_value_id"": ""550e8400-e29b-41d4-a716-446655440001"", ""level_value_mnemonic"": ""kamuntu""}, {""level"": ""region"", ""level_value_id"": ""550e8400-e29b-41d4-a716-446655441001"", ""level_value_mnemonic"": ""kilima""}, {""level"": ""district"", ""level_value_id"": ""550e8400-e29b-41d4-a716-446655442001"", ""level_value_mnemonic"": ""mkutani""}, {""level"": ""ward"", ""level_value_id"": ""550e8400-e29b-41d4-a716-446655883003"", ""level_value_mnemonic"": ""mtai""}, {""level"": ""village"", ""level_value_id"": ""550e8400-e29b-41d4-a716-446655884010"", ""level_value_mnemonic"": ""baraka""}], ""lowest_level_value_id"": ""550e8400-e29b-41d4-a716-446655884010""}",14.0965,65.0108,56,40AB+50,0824 Terri Plaza,Sector 8,000043,KM
20000000-0000-4000-8000-000000000044,IND-0044,Dorothy,,Lee,Dorothy Lee,Dorothy Lee,FEMALE,1978-10-02,47,MARRIED,"[{""type"": ""mobile"", ""number"": ""+10000000044"", ""is_primary"": true}]",,2043030161,XXXXXX0161,ILLITERATE,en,images/IND-0044.jpg,550e8400-e29b-41d4-a716-446655884010,550e8400-e29b-41d4-a716-446655883003,550e8400-e29b-41d4-a716-446655442001,550e8400-e29b-41d4-a716-446655441001,550e8400-e29b-41d4-a716-446655440001,"{""hierarchy"": [{""level"": ""country"", ""level_value_id"": ""550e8400-e29b-41d4-a716-446655440001"", ""level_value_mnemonic"": ""kamuntu""}, {""level"": ""region"", ""level_value_id"": ""550e8400-e29b-41d4-a716-446655441001"", ""level_value_mnemonic"": ""kilima""}, {""level"": ""district"", ""level_value_id"": ""550e8400-e29b-41d4-a716-446655442001"", ""level_value_mnemonic"": ""mkutani""}, {""level"": ""ward"", ""level_value_id"": ""550e8400-e29b-41d4-a716-446655883003"", ""level_value_mnemonic"": ""mtai""}, {""level"": ""village"", ""level_value_id"": ""550e8400-e29b-41d4-a716-446655884010"", ""level_value_mnemonic"": ""baraka""}], ""lowest_level_value_id"": ""550e8400-e29b-41d4-a716-446655884010""}",14.0697,65.0302,225,40AB+50,09477 Peterson Center Suite 711,Sector 9,000044,KM
20000000-0000-4000-8000-000000000045,IND-0045,James,,Lee,James Lee,James Lee,MALE,1993-02-17,33,SINGLE,"[{""type"": ""mobile"", ""number"": ""+10000000045"", ""is_primary"": true}]",hernandezlisa@example.com,8076144396,XXXXXX4396,BASIC,en,images/IND-0045.jpg,550e8400-e29b-41d4-a716-446655884010,550e8400-e29b-41d4-a716-446655883003,550e8400-e29b-41d4-a716-446655442001,550e8400-e29b-41d4-a716-446655441001,550e8400-e29b-41d4-a716-446655440001,"{""hierarchy"": [{""level"": ""country"", ""level_value_id"": ""550e8400-e29b-41d4-a716-446655440001"", ""level_value_mnemonic"": ""kamuntu""}, {""level"": ""region"", ""level_value_id"": ""550e8400-e29b-41d4-a716-446655441001"", ""level_value_mnemonic"": ""kilima""}, {""level"": ""district"", ""level_value_id"": ""550e8400-e29b-41d4-a716-446655442001"", ""level_value_mnemonic"": ""mkutani""}, {""level"": ""ward"", ""level_value_id"": ""550e8400-e29b-41d4-a716-446655883003"", ""level_value_mnemonic"": ""mtai""}, {""level"": ""village"", ""level_value_id"": ""550e8400-e29b-41d4-a716-446655884010"", ""level_value_mnemonic"": ""baraka""}], ""lowest_level_value_id"": ""550e8400-e29b-41d4-a716-446655884010""}",14.0013,65.042,175,40AB+50,18699 Kimberly Light,Sector 1,000045,KM
20000000-0000-4000-8000-000000000046,IND-0046,Joanna,,Lee,Joanna Lee,Joanna Lee,FEMALE,1984-12-25,41,MARRIED,"[{""type"": ""mobile"", ""number"": ""+10000000046"", ""is_primary"": true}]",ntorres@example.org,8088660633,XXXXXX0633,INTERMEDIARY,en,images/IND-0046.jpg,550e8400-e29b-41d4-a716-446655884010,550e8400-e29b-41d4-a716-446655883003,550e8400-e29b-41d4-a716-446655442001,550e8400-e29b-41d4-a716-446655441001,550e8400-e29b-41d4-a716-446655440001,"{""hierarchy"": [{""level"": ""country"", ""level_value_id"": ""550e8400-e29b-41d4-a716-446655440001"", ""level_value_mnemonic"": ""kamuntu""}, {""level"": ""region"", ""level_value_id"": ""550e8400-e29b-41d4-a716-446655441001"", ""level_value_mnemonic"": ""kilima""}, {""level"": ""district"", ""level_value_id"": ""550e8400-e29b-41d4-a716-446655442001"", ""level_value_mnemonic"": ""mkutani""}, {""level"": ""ward"", ""level_value_id"": ""550e8400-e29b-41d4-a716-446655883003"", ""level_value_mnemonic"": ""mtai""}, {""level"": ""village"", ""level_value_id"": ""550e8400-e29b-41d4-a716-446655884010"", ""level_value_mnemonic"": ""baraka""}], ""lowest_level_value_id"": ""550e8400-e29b-41d4-a716-446655884010""}",14.0616,65.092,248,40AB+50,34123 Andrea Estate,Sector 2,000046,KM
20000000-0000-4000-8000-000000000047,IND-0047,April,,Lee,April Lee,April Lee,FEMALE,2007-06-20,18,MARRIED,"[{""type"": ""mobile"", ""number"": ""+10000000047"", ""is_primary"": true}]",ocarter@example.com,2936179853,XXXXXX9853,ILLITERATE,en,images/IND-0047.jpg,550e8400-e29b-41d4-a716-446655884010,550e8400-e29b-41d4-a716-446655883003,550e8400-e29b-41d4-a716-446655442001,550e8400-e29b-41d4-a716-446655441001,550e8400-e29b-41d4-a716-446655440001,"{""hierarchy"": [{""level"": ""country"", ""level_value_id"": ""550e8400-e29b-41d4-a716-446655440001"", ""level_value_mnemonic"": ""kamuntu""}, {""level"": ""region"", ""level_value_id"": ""550e8400-e29b-41d4-a716-446655441001"", ""level_value_mnemonic"": ""kilima""}, {""level"": ""district"", ""level_value_id"": ""550e8400-e29b-41d4-a716-446655442001"", ""level_value_mnemonic"": ""mkutani""}, {""level"": ""ward"", ""level_value_id"": ""550e8400-e29b-41d4-a716-446655883003"", ""level_value_mnemonic"": ""mtai""}, {""level"": ""village"", ""level_value_id"": ""550e8400-e29b-41d4-a716-446655884010"", ""level_value_mnemonic"": ""baraka""}], ""lowest_level_value_id"": ""550e8400-e29b-41d4-a716-446655884010""}",14.075,65.057,221,40AB+50,713 French Road Apt. 618,Sector 3,000047,KM
20000000-0000-4000-8000-000000000048,IND-0048,Courtney,,Lee,Courtney Lee,Courtney Lee,FEMALE,2016-09-02,9,SINGLE,"[{""type"": ""mobile"", ""number"": ""+10000000048"", ""is_primary"": true}]",,6404582459,XXXXXX2459,BASIC,en,images/IND-0048.jpg,550e8400-e29b-41d4-a716-446655884010,550e8400-e29b-41d4-a716-446655883003,550e8400-e29b-41d4-a716-446655442001,550e8400-e29b-41d4-a716-446655441001,550e8400-e29b-41d4-a716-446655440001,"{""hierarchy"": [{""level"": ""country"", ""level_value_id"": ""550e8400-e29b-41d4-a716-446655440001"", ""level_value_mnemonic"": ""kamuntu""}, {""level"": ""region"", ""level_value_id"": ""550e8400-e29b-41d4-a716-446655441001"", ""level_value_mnemonic"": ""kilima""}, {""level"": ""district"", ""level_value_id"": ""550e8400-e29b-41d4-a716-446655442001"", ""level_value_mnemonic"": ""mkutani""}, {""level"": ""ward"", ""level_value_id"": ""550e8400-e29b-41d4-a716-446655883003"", ""level_value_mnemonic"": ""mtai""}, {""level"": ""village"", ""level_value_id"": ""550e8400-e29b-41d4-a716-446655884010"", ""level_value_mnemonic"": ""baraka""}], ""lowest_level_value_id"": ""550e8400-e29b-41d4-a716-446655884010""}",14.028,65.0596,275,40AB+50,10249 Gonzales Mountain Suite 648,Sector 4,000048,KM
20000000-0000-4000-8000-000000000049,IND-0049,Joshua,Carly,Kim,Joshua Carly Kim,Joshua Carly Kim,MALE,1969-07-01,56,MARRIED,"[{""type"": ""mobile"", ""number"": ""+10000000049"", ""is_primary"": true}]",mnavarro@example.com,8352307139,XXXXXX7139,CAN_READ_AND_WRITE,en,images/IND-0049.jpg,550e8400-e29b-41d4-a716-446655884006,550e8400-e29b-41d4-a716-446655883002,550e8400-e29b-41d4-a716-446655442001,550e8400-e29b-41d4-a716-446655441001,550e8400-e29b-41d4-a716-446655440001,"{""hierarchy"": [{""level"": ""country"", ""level_value_id"": ""550e8400-e29b-41d4-a716-446655440001"", ""level_value_mnemonic"": ""kamuntu""}, {""level"": ""region"", ""level_value_id"": ""550e8400-e29b-41d4-a716-446655441001"", ""level_value_mnemonic"": ""kilima""}, {""level"": ""district"", ""level_value_id"": ""550e8400-e29b-41d4-a716-446655442001"", ""level_value_mnemonic"": ""mkutani""}, {""level"": ""ward"", ""level_value_id"": ""550e8400-e29b-41d4-a716-446655883002"", ""level_value_mnemonic"": ""msitu""}, {""level"": ""village"", ""level_value_id"": ""550e8400-e29b-41d4-a716-446655884006"", ""level_value_mnemonic"": ""balozi""}], ""lowest_level_value_id"": ""550e8400-e29b-41d4-a716-446655884006""}",12.7048,66.6617,125,27AB+66,39904 Kathryn Extensions,Sector 5,000049,KM
20000000-0000-4000-8000-000000000050,IND-0050,Julie,,Kim,Julie Kim,Julie Kim,FEMALE,1989-01-10,37,MARRIED,"[{""type"": ""mobile"", ""number"": ""+10000000050"", ""is_primary"": true}]",howard96@example.net,6715705115,XXXXXX5115,CAN_READ_AND_WRITE,en,images/IND-0050.jpg,550e8400-e29b-41d4-a716-446655884006,550e8400-e29b-41d4-a716-446655883002,550e8400-e29b-41d4-a716-446655442001,550e8400-e29b-41d4-a716-446655441001,550e8400-e29b-41d4-a716-446655440001,"{""hierarchy"": [{""level"": ""country"", ""level_value_id"": ""550e8400-e29b-41d4-a716-446655440001"", ""level_value_mnemonic"": ""kamuntu""}, {""level"": ""region"", ""level_value_id"": ""550e8400-e29b-41d4-a716-446655441001"", ""level_value_mnemonic"": ""kilima""}, {""level"": ""district"", ""level_value_id"": ""550e8400-e29b-41d4-a716-446655442001"", ""level_value_mnemonic"": ""mkutani""}, {""level"": ""ward"", ""level_value_id"": ""550e8400-e29b-41d4-a716-446655883002"", ""level_value_mnemonic"": ""msitu""}, {""level"": ""village"", ""level_value_id"": ""550e8400-e29b-41d4-a716-446655884006"", ""level_value_mnemonic"": ""balozi""}], ""lowest_level_value_id"": ""550e8400-e29b-41d4-a716-446655884006""}",12.7303,66.6871,114,27AB+66,75655 Mia Isle Suite 746,Sector 6,000050,KM
20000000-0000-4000-8000-000000000051,IND-0051,Robin,Shawn,Kim,Robin Shawn Kim,Robin Shawn Kim,FEMALE,1984-05-07,42,MARRIED,"[{""type"": ""mobile"", ""number"": ""+10000000051"", ""is_primary"": true}]",,1822662216,XXXXXX2216,HIGHER_EDUCATION,en,images/IND-0051.jpg,550e8400-e29b-41d4-a716-446655884006,550e8400-e29b-41d4-a716-446655883002,550e8400-e29b-41d4-a716-446655442001,550e8400-e29b-41d4-a716-446655441001,550e8400-e29b-41d4-a716-446655440001,"{""hierarchy"": [{""level"": ""country"", ""level_value_id"": ""550e8400-e29b-41d4-a716-446655440001"", ""level_value_mnemonic"": ""kamuntu""}, {""level"": ""region"", ""level_value_id"": ""550e8400-e29b-41d4-a716-446655441001"", ""level_value_mnemonic"": ""kilima""}, {""level"": ""district"", ""level_value_id"": ""550e8400-e29b-41d4-a716-446655442001"", ""level_value_mnemonic"": ""mkutani""}, {""level"": ""ward"", ""level_value_id"": ""550e8400-e29b-41d4-a716-446655883002"", ""level_value_mnemonic"": ""msitu""}, {""level"": ""village"", ""level_value_id"": ""550e8400-e29b-41d4-a716-446655884006"", ""level_value_mnemonic"": ""balozi""}], ""lowest_level_value_id"": ""550e8400-e29b-41d4-a716-446655884006""}",12.7339,66.6876,200,27AB+66,5168 Diane Plains Suite 603,Sector 7,000051,KM
20000000-0000-4000-8000-000000000052,IND-0052,Kelly,,Kim,Kelly Kim,Kelly Kim,FEMALE,1973-10-24,52,MARRIED,"[{""type"": ""mobile"", ""number"": ""+10000000052"", ""is_primary"": true}]",wgarrett@example.org,6065662867,XXXXXX2867,ILLITERATE,en,images/IND-0052.jpg,550e8400-e29b-41d4-a716-446655884006,550e8400-e29b-41d4-a716-446655883002,550e8400-e29b-41d4-a716-446655442001,550e8400-e29b-41d4-a716-446655441001,550e8400-e29b-41d4-a716-446655440001,"{""hierarchy"": [{""level"": ""country"", ""level_value_id"": ""550e8400-e29b-41d4-a716-446655440001"", ""level_value_mnemonic"": ""kamuntu""}, {""level"": ""region"", ""level_value_id"": ""550e8400-e29b-41d4-a716-446655441001"", ""level_value_mnemonic"": ""kilima""}, {""level"": ""district"", ""level_value_id"": ""550e8400-e29b-41d4-a716-446655442001"", ""level_value_mnemonic"": ""mkutani""}, {""level"": ""ward"", ""level_value_id"": ""550e8400-e29b-41d4-a716-446655883002"", ""level_value_mnemonic"": ""msitu""}, {""level"": ""village"", ""level_value_id"": ""550e8400-e29b-41d4-a716-446655884006"", ""level_value_mnemonic"": ""balozi""}], ""lowest_level_value_id"": ""550e8400-e29b-41d4-a716-446655884006""}",12.6614,66.7134,120,26AB+67,8247 Martinez Roads,Sector 8,000052,KM
20000000-0000-4000-8000-000000000053,IND-0053,Lisa,,Kim,Lisa Kim,Lisa Kim,FEMALE,2010-06-02,16,SINGLE,"[{""type"": ""mobile"", ""number"": ""+10000000053"", ""is_primary"": true}]",,9642614082,XXXXXX4082,CAN_READ_AND_WRITE,en,images/IND-0053.jpg,550e8400-e29b-41d4-a716-446655884006,550e8400-e29b-41d4-a716-446655883002,550e8400-e29b-41d4-a716-446655442001,550e8400-e29b-41d4-a716-446655441001,550e8400-e29b-41d4-a716-446655440001,"{""hierarchy"": [{""level"": ""country"", ""level_value_id"": ""550e8400-e29b-41d4-a716-446655440001"", ""level_value_mnemonic"": ""kamuntu""}, {""level"": ""region"", ""level_value_id"": ""550e8400-e29b-41d4-a716-446655441001"", ""level_value_mnemonic"": ""kilima""}, {""level"": ""district"", ""level_value_id"": ""550e8400-e29b-41d4-a716-446655442001"", ""level_value_mnemonic"": ""mkutani""}, {""level"": ""ward"", ""level_value_id"": ""550e8400-e29b-41d4-a716-446655883002"", ""level_value_mnemonic"": ""msitu""}, {""level"": ""village"", ""level_value_id"": ""550e8400-e29b-41d4-a716-446655884006"", ""level_value_mnemonic"": ""balozi""}], ""lowest_level_value_id"": ""550e8400-e29b-41d4-a716-446655884006""}",12.6884,66.7079,137,26AB+67,8086 Jeffrey Ville,Sector 9,000053,KM
20000000-0000-4000-8000-000000000054,IND-0054,Thomas,David,Kim,Thomas David Kim,Thomas David Kim,MALE,1977-11-24,48,WIDOWED,"[{""type"": ""mobile"", ""number"": ""+10000000054"", ""is_primary"": true}]",tyronemoran@example.net,7015992643,XXXXXX2643,HIGHER_EDUCATION,en,images/IND-0054.jpg,550e8400-e29b-41d4-a716-446655884006,550e8400-e29b-41d4-a716-446655883002,550e8400-e29b-41d4-a716-446655442001,550e8400-e29b-41d4-a716-446655441001,550e8400-e29b-41d4-a716-446655440001,"{""hierarchy"": [{""level"": ""country"", ""level_value_id"": ""550e8400-e29b-41d4-a716-446655440001"", ""level_value_mnemonic"": ""kamuntu""}, {""level"": ""region"", ""level_value_id"": ""550e8400-e29b-41d4-a716-446655441001"", ""level_value_mnemonic"": ""kilima""}, {""level"": ""district"", ""level_value_id"": ""550e8400-e29b-41d4-a716-446655442001"", ""level_value_mnemonic"": ""mkutani""}, {""level"": ""ward"", ""level_value_id"": ""550e8400-e29b-41d4-a716-446655883002"", ""level_value_mnemonic"": ""msitu""}, {""level"": ""village"", ""level_value_id"": ""550e8400-e29b-41d4-a716-446655884006"", ""level_value_mnemonic"": ""balozi""}], ""lowest_level_value_id"": ""550e8400-e29b-41d4-a716-446655884006""}",12.6674,66.7229,63,26AB+67,7737 Patrick Rapid Apt. 146,Sector 1,000054,KM
20000000-0000-4000-8000-000000000055,IND-0055,Gina,Joseph,Kim,Gina Joseph Kim,Gina Joseph Kim,FEMALE,2003-10-09,22,MARRIED,"[{""type"": ""mobile"", ""number"": ""+10000000055"", ""is_primary"": true}]",campbellkenneth@example.net,7539399243,XXXXXX9243,INTERMEDIARY,en,images/IND-0055.jpg,550e8400-e29b-41d4-a716-446655884006,550e8400-e29b-41d4-a716-446655883002,550e8400-e29b-41d4-a716-446655442001,550e8400-e29b-41d4-a716-446655441001,550e8400-e29b-41d4-a716-446655440001,"{""hierarchy"": [{""level"": ""country"", ""level_value_id"": ""550e8400-e29b-41d4-a716-446655440001"", ""level_value_mnemonic"": ""kamuntu""}, {""level"": ""region"", ""level_value_id"": ""550e8400-e29b-41d4-a716-446655441001"", ""level_value_mnemonic"": ""kilima""}, {""level"": ""district"", ""level_value_id"": ""550e8400-e29b-41d4-a716-446655442001"", ""level_value_mnemonic"": ""mkutani""}, {""level"": ""ward"", ""level_value_id"": ""550e8400-e29b-41d4-a716-446655883002"", ""level_value_mnemonic"": ""msitu""}, {""level"": ""village"", ""level_value_id"": ""550e8400-e29b-41d4-a716-446655884006"", ""level_value_mnemonic"": ""balozi""}], ""lowest_level_value_id"": ""550e8400-e29b-41d4-a716-446655884006""}",12.7051,66.7043,270,27AB+67,78755 Gibson Islands Apt. 396,Sector 2,000055,KM
20000000-0000-4000-8000-000000000056,IND-0056,David,,Rowe,David Rowe,David Rowe,MALE,1975-10-18,50,MARRIED,"[{""type"": ""mobile"", ""number"": ""+10000000056"", ""is_primary"": true}]",floresthomas@example.com,1348697524,XXXXXX7524,INTERMEDIARY,en,images/IND-0056.jpg,550e8400-e29b-41d4-a716-446655884157,550e8400-e29b-41d4-a716-446655883040,550e8400-e29b-41d4-a716-446655442010,550e8400-e29b-41d4-a716-446655441003,550e8400-e29b-41d4-a716-446655440001,"{""hierarchy"": [{""level"": ""country"", ""level_value_id"": ""550e8400-e29b-41d4-a716-446655440001"", ""level_value_mnemonic"": ""kamuntu""}, {""level"": ""region"", ""level_value_id"": ""550e8400-e29b-41d4-a716-446655441003"", ""level_value_mnemonic"": ""jasiri""}, {""level"": ""district"", ""level_value_id"": ""550e8400-e29b-41d4-a716-446655442010"", ""level_value_mnemonic"": ""ndoto""}, {""level"": ""ward"", ""level_value_id"": ""550e8400-e29b-41d4-a716-446655883040"", ""level_value_mnemonic"": ""tupa""}, {""level"": ""village"", ""level_value_id"": ""550e8400-e29b-41d4-a716-446655884157"", ""level_value_mnemonic"": ""bimaca""}], ""lowest_level_value_id"": ""550e8400-e29b-41d4-a716-446655884157""}",17.114,66.1452,90,71AB+61,270 Wayne Ramp Suite 171,Sector 3,000056,KM
20000000-0000-4000-8000-000000000057,IND-0057,Kelly,Jennifer,Rowe,Kelly Jennifer Rowe,Kelly Jennifer Rowe,FEMALE,2005-04-07,21,MARRIED,"[{""type"": ""mobile"", ""number"": ""+10000000057"", ""is_primary"": true}]",,2950049698,XXXXXX9698,HIGHER_EDUCATION,en,images/IND-0057.jpg,550e8400-e29b-41d4-a716-446655884157,550e8400-e29b-41d4-a716-446655883040,550e8400-e29b-41d4-a716-446655442010,550e8400-e29b-41d4-a716-446655441003,550e8400-e29b-41d4-a716-446655440001,"{""hierarchy"": [{""level"": ""country"", ""level_value_id"": ""550e8400-e29b-41d4-a716-446655440001"", ""level_value_mnemonic"": ""kamuntu""}, {""level"": ""region"", ""level_value_id"": ""550e8400-e29b-41d4-a716-446655441003"", ""level_value_mnemonic"": ""jasiri""}, {""level"": ""district"", ""level_value_id"": ""550e8400-e29b-41d4-a716-446655442010"", ""level_value_mnemonic"": ""ndoto""}, {""level"": ""ward"", ""level_value_id"": ""550e8400-e29b-41d4-a716-446655883040"", ""level_value_mnemonic"": ""tupa""}, {""level"": ""village"", ""level_value_id"": ""550e8400-e29b-41d4-a716-446655884157"", ""level_value_mnemonic"": ""bimaca""}], ""lowest_level_value_id"": ""550e8400-e29b-41d4-a716-446655884157""}",17.1587,66.1824,251,71AB+61,217 Morgan Square Suite 158,Sector 4,000057,KM
20000000-0000-4000-8000-000000000058,IND-0058,James,,Rowe,James Rowe,James Rowe,MALE,1986-12-01,39,SINGLE,"[{""type"": ""mobile"", ""number"": ""+10000000058"", ""is_primary"": true}]",,1610900200,XXXXXX0200,HIGHER_EDUCATION,en,images/IND-0058.jpg,550e8400-e29b-41d4-a716-446655884157,550e8400-e29b-41d4-a716-446655883040,550e8400-e29b-41d4-a716-446655442010,550e8400-e29b-41d4-a716-446655441003,550e8400-e29b-41d4-a716-446655440001,"{""hierarchy"": [{""level"": ""country"", ""level_value_id"": ""550e8400-e29b-41d4-a716-446655440001"", ""level_value_mnemonic"": ""kamuntu""}, {""level"": ""region"", ""level_value_id"": ""550e8400-e29b-41d4-a716-446655441003"", ""level_value_mnemonic"": ""jasiri""}, {""level"": ""district"", ""level_value_id"": ""550e8400-e29b-41d4-a716-446655442010"", ""level_value_mnemonic"": ""ndoto""}, {""level"": ""ward"", ""level_value_id"": ""550e8400-e29b-41d4-a716-446655883040"", ""level_value_mnemonic"": ""tupa""}, {""level"": ""village"", ""level_value_id"": ""550e8400-e29b-41d4-a716-446655884157"", ""level_value_mnemonic"": ""bimaca""}], ""lowest_level_value_id"": ""550e8400-e29b-41d4-a716-446655884157""}",17.096,66.1693,202,70AB+61,091 Crystal Heights Apt. 161,Sector 5,000058,KM
20000000-0000-4000-8000-000000000059,IND-0059,Paige,,Rowe,Paige Rowe,Paige Rowe,FEMALE,1994-08-15,31,MARRIED,"[{""type"": ""mobile"", ""number"": ""+10000000059"", ""is_primary"": true}]",wallaceheather@example.org,9343730920,XXXXXX0920,INTERMEDIARY,en,images/IND-0059.jpg,550e8400-e29b-41d4-a716-446655884157,550e8400-e29b-41d4-a716-446655883040,550e8400-e29b-41d4-a716-446655442010,550e8400-e29b-41d4-a716-446655441003,550e8400-e29b-41d4-a716-446655440001,"{""hierarchy"": [{""level"": ""country"", ""level_value_id"": ""550e8400-e29b-41d4-a716-446655440001"", ""level_value_mnemonic"": ""kamuntu""}, {""level"": ""region"", ""level_value_id"": ""550e8400-e29b-41d4-a716-446655441003"", ""level_value_mnemonic"": ""jasiri""}, {""level"": ""district"", ""level_value_id"": ""550e8400-e29b-41d4-a716-446655442010"", ""level_value_mnemonic"": ""ndoto""}, {""level"": ""ward"", ""level_value_id"": ""550e8400-e29b-41d4-a716-446655883040"", ""level_value_mnemonic"": ""tupa""}, {""level"": ""village"", ""level_value_id"": ""550e8400-e29b-41d4-a716-446655884157"", ""level_value_mnemonic"": ""bimaca""}], ""lowest_level_value_id"": ""550e8400-e29b-41d4-a716-446655884157""}",17.14,66.1394,70,71AB+61,0455 Thomas Pines,Sector 6,000059,KM
20000000-0000-4000-8000-000000000060,IND-0060,Jennifer,,Rowe,Jennifer Rowe,Jennifer Rowe,FEMALE,2025-02-21,1,SINGLE,"[{""type"": ""mobile"", ""number"": ""+10000000060"", ""is_primary"": true}]",,5083595988,XXXXXX5988,,en,images/IND-0060.jpg,550e8400-e29b-41d4-a716-446655884157,550e8400-e29b-41d4-a716-446655883040,550e8400-e29b-41d4-a716-446655442010,550e8400-e29b-41d4-a716-446655441003,550e8400-e29b-41d4-a716-446655440001,"{""hierarchy"": [{""level"": ""country"", ""level_value_id"": ""550e8400-e29b-41d4-a716-446655440001"", ""level_value_mnemonic"": ""kamuntu""}, {""level"": ""region"", ""level_value_id"": ""550e8400-e29b-41d4-a716-446655441003"", ""level_value_mnemonic"": ""jasiri""}, {""level"": ""district"", ""level_value_id"": ""550e8400-e29b-41d4-a716-446655442010"", ""level_value_mnemonic"": ""ndoto""}, {""level"": ""ward"", ""level_value_id"": ""550e8400-e29b-41d4-a716-446655883040"", ""level_value_mnemonic"": ""tupa""}, {""level"": ""village"", ""level_value_id"": ""550e8400-e29b-41d4-a716-446655884157"", ""level_value_mnemonic"": ""bimaca""}], ""lowest_level_value_id"": ""550e8400-e29b-41d4-a716-446655884157""}",17.19,66.1572,118,71AB+61,21969 Tyler Prairie,Sector 7,000060,KM
20000000-0000-4000-8000-000000000061,IND-0061,Charles,,Rowe,Charles Rowe,Charles Rowe,MALE,2009-10-15,16,SINGLE,"[{""type"": ""mobile"", ""number"": ""+10000000061"", ""is_primary"": true}]",,8093179263,XXXXXX9263,INTERMEDIARY,en,images/IND-0061.jpg,550e8400-e29b-41d4-a716-446655884157,550e8400-e29b-41d4-a716-446655883040,550e8400-e29b-41d4-a716-446655442010,550e8400-e29b-41d4-a716-446655441003,550e8400-e29b-41d4-a716-446655440001,"{""hierarchy"": [{""level"": ""country"", ""level_value_id"": ""550e8400-e29b-41d4-a716-446655440001"", ""level_value_mnemonic"": ""kamuntu""}, {""level"": ""region"", ""level_value_id"": ""550e8400-e29b-41d4-a716-446655441003"", ""level_value_mnemonic"": ""jasiri""}, {""level"": ""district"", ""level_value_id"": ""550e8400-e29b-41d4-a716-446655442010"", ""level_value_mnemonic"": ""ndoto""}, {""level"": ""ward"", ""level_value_id"": ""550e8400-e29b-41d4-a716-446655883040"", ""level_value_mnemonic"": ""tupa""}, {""level"": ""village"", ""level_value_id"": ""550e8400-e29b-41d4-a716-446655884157"", ""level_value_mnemonic"": ""bimaca""}], ""lowest_level_value_id"": ""550e8400-e29b-41d4-a716-446655884157""}",17.1816,66.1081,199,71AB+61,4074 Charles Key Suite 647,Sector 8,000061,KM
20000000-0000-4000-8000-000000000062,IND-0062,Sarah,,Rowe,Sarah Rowe,Sarah Rowe,FEMALE,1992-04-13,34,MARRIED,"[{""type"": ""mobile"", ""number"": ""+10000000062"", ""is_primary"": true}]",gcastaneda@example.org,3878201524,XXXXXX1524,INTERMEDIARY,en,images/IND-0062.jpg,550e8400-e29b-41d4-a716-446655884157,550e8400-e29b-41d4-a716-446655883040,550e8400-e29b-41d4-a716-446655442010,550e8400-e29b-41d4-a716-446655441003,550e8400-e29b-41d4-a716-446655440001,"{""hierarchy"": [{""level"": ""country"", ""level_value_id"": ""550e8400-e29b-41d4-a716-446655440001"", ""level_value_mnemonic"": ""kamuntu""}, {""level"": ""region"", ""level_value_id"": ""550e8400-e29b-41d4-a716-446655441003"", ""level_value_mnemonic"": ""jasiri""}, {""level"": ""district"", ""level_value_id"": ""550e8400-e29b-41d4-a716-446655442010"", ""level_value_mnemonic"": ""ndoto""}, {""level"": ""ward"", ""level_value_id"": ""550e8400-e29b-41d4-a716-446655883040"", ""level_value_mnemonic"": ""tupa""}, {""level"": ""village"", ""level_value_id"": ""550e8400-e29b-41d4-a716-446655884157"", ""level_value_mnemonic"": ""bimaca""}], ""lowest_level_value_id"": ""550e8400-e29b-41d4-a716-446655884157""}",17.1758,66.123,227,71AB+61,594 Johnson Village Suite 409,Sector 9,000062,KM
20000000-0000-4000-8000-000000000063,IND-0063,Sean,,Osborne,Sean Osborne,Sean Osborne,MALE,1984-02-12,42,MARRIED,"[{""type"": ""mobile"", ""number"": ""+10000000063"", ""is_primary"": true}]",lozanojulie@example.com,5243939720,XXXXXX9720,HIGHER_EDUCATION,en,images/IND-0063.jpg,550e8400-e29b-41d4-a716-446655884019,550e8400-e29b-41d4-a716-446655883005,550e8400-e29b-41d4-a716-446655442002,550e8400-e29b-41d4-a716-446655441001,550e8400-e29b-41d4-a716-446655440001,"{""hierarchy"": [{""level"": ""country"", ""level_value_id"": ""550e8400-e29b-41d4-a716-446655440001"", ""level_value_mnemonic"": ""kamuntu""}, {""level"": ""region"", ""level_value_id"": ""550e8400-e29b-41d4-a716-446655441001"", ""level_value_mnemonic"": ""kilima""}, {""level"": ""district"", ""level_value_id"": ""550e8400-e29b-41d4-a716-446655442002"", ""level_value_mnemonic"": ""pembe""}, {""level"": ""ward"", ""level_value_id"": ""550e8400-e29b-41d4-a716-446655883005"", ""level_value_mnemonic"": ""soko""}, {""level"": ""village"", ""level_value_id"": ""550e8400-e29b-41d4-a716-446655884019"", ""level_value_mnemonic"": ""bertu""}], ""lowest_level_value_id"": ""550e8400-e29b-41d4-a716-446655884019""}",13.1358,65.1243,155,31AB+51,533 Byrd Stravenue,Sector 1,000063,KM
20000000-0000-4000-8000-000000000064,IND-0064,Patricia,,Osborne,Patricia Osborne,Patricia Osborne,FEMALE,1991-07-12,34,MARRIED,"[{""type"": ""mobile"", ""number"": ""+10000000064"", ""is_primary"": true}]",,6169243284,XXXXXX3284,INTERMEDIARY,en,images/IND-0064.jpg,550e8400-e29b-41d4-a716-446655884019,550e8400-e29b-41d4-a716-446655883005,550e8400-e29b-41d4-a716-446655442002,550e8400-e29b-41d4-a716-446655441001,550e8400-e29b-41d4-a716-446655440001,"{""hierarchy"": [{""level"": ""country"", ""level_value_id"": ""550e8400-e29b-41d4-a716-446655440001"", ""level_value_mnemonic"": ""kamuntu""}, {""level"": ""region"", ""level_value_id"": ""550e8400-e29b-41d4-a716-446655441001"", ""level_value_mnemonic"": ""kilima""}, {""level"": ""district"", ""level_value_id"": ""550e8400-e29b-41d4-a716-446655442002"", ""level_value_mnemonic"": ""pembe""}, {""level"": ""ward"", ""level_value_id"": ""550e8400-e29b-41d4-a716-446655883005"", ""level_value_mnemonic"": ""soko""}, {""level"": ""village"", ""level_value_id"": ""550e8400-e29b-41d4-a716-446655884019"", ""level_value_mnemonic"": ""bertu""}], ""lowest_level_value_id"": ""550e8400-e29b-41d4-a716-446655884019""}",13.1249,65.1628,162,31AB+51,104 Johnson Lakes,Sector 2,000064,KM
20000000-0000-4000-8000-000000000065,IND-0065,Nicholas,Kenneth,Osborne,Nicholas Kenneth Osborne,Nicholas Kenneth Osborne,MALE,1983-07-08,42,MARRIED,"[{""type"": ""mobile"", ""number"": ""+10000000065"", ""is_primary"": true}]",ithompson@example.net,5975196341,XXXXXX6341,ILLITERATE,en,images/IND-0065.jpg,550e8400-e29b-41d4-a716-446655884019,550e8400-e29b-41d4-a716-446655883005,550e8400-e29b-41d4-a716-446655442002,550e8400-e29b-41d4-a716-446655441001,550e8400-e29b-41d4-a716-446655440001,"{""hierarchy"": [{""level"": ""country"", ""level_value_id"": ""550e8400-e29b-41d4-a716-446655440001"", ""level_value_mnemonic"": ""kamuntu""}, {""level"": ""region"", ""level_value_id"": ""550e8400-e29b-41d4-a716-446655441001"", ""level_value_mnemonic"": ""kilima""}, {""level"": ""district"", ""level_value_id"": ""550e8400-e29b-41d4-a716-446655442002"", ""level_value_mnemonic"": ""pembe""}, {""level"": ""ward"", ""level_value_id"": ""550e8400-e29b-41d4-a716-446655883005"", ""level_value_mnemonic"": ""soko""}, {""level"": ""village"", ""level_value_id"": ""550e8400-e29b-41d4-a716-446655884019"", ""level_value_mnemonic"": ""bertu""}], ""lowest_level_value_id"": ""550e8400-e29b-41d4-a716-446655884019""}",13.1251,65.1252,73,31AB+51,842 Sloan Orchard Suite 517,Sector 3,000065,KM
20000000-0000-4000-8000-000000000066,IND-0066,Tonya,,Osborne,Tonya Osborne,Tonya Osborne,FEMALE,1997-12-27,28,MARRIED,"[{""type"": ""mobile"", ""number"": ""+10000000066"", ""is_primary"": true}]",michelleramsey@example.com,8372755146,XXXXXX5146,INTERMEDIARY,en,images/IND-0066.jpg,550e8400-e29b-41d4-a716-446655884019,550e8400-e29b-41d4-a716-446655883005,550e8400-e29b-41d4-a716-446655442002,550e8400-e29b-41d4-a716-446655441001,550e8400-e29b-41d4-a716-446655440001,"{""hierarchy"": [{""level"": ""country"", ""level_value_id"": ""550e8400-e29b-41d4-a716-446655440001"", ""level_value_mnemonic"": ""kamuntu""}, {""level"": ""region"", ""level_value_id"": ""550e8400-e29b-41d4-a716-446655441001"", ""level_value_mnemonic"": ""kilima""}, {""level"": ""district"", ""level_value_id"": ""550e8400-e29b-41d4-a716-446655442002"", ""level_value_mnemonic"": ""pembe""}, {""level"": ""ward"", ""level_value_id"": ""550e8400-e29b-41d4-a716-446655883005"", ""level_value_mnemonic"": ""soko""}, {""level"": ""village"", ""level_value_id"": ""550e8400-e29b-41d4-a716-446655884019"", ""level_value_mnemonic"": ""bertu""}], ""lowest_level_value_id"": ""550e8400-e29b-41d4-a716-446655884019""}",13.1209,65.0973,263,31AB+50,60481 Richardson Summit Suite 965,Sector 4,000066,KM
20000000-0000-4000-8000-000000000067,IND-0067,Brian,,Osborne,Brian Osborne,Brian Osborne,MALE,2017-02-25,9,SINGLE,"[{""type"": ""mobile"", ""number"": ""+10000000067"", ""is_primary"": true}]",,4776677517,XXXXXX7517,INTERMEDIARY,en,images/IND-0067.jpg,550e8400-e29b-41d4-a716-446655884019,550e8400-e29b-41d4-a716-446655883005,550e8400-e29b-41d4-a716-446655442002,550e8400-e29b-41d4-a716-446655441001,550e8400-e29b-41d4-a716-446655440001,"{""hierarchy"": [{""level"": ""country"", ""level_value_id"": ""550e8400-e29b-41d4-a716-446655440001"", ""level_value_mnemonic"": ""kamuntu""}, {""level"": ""region"", ""level_value_id"": ""550e8400-e29b-41d4-a716-446655441001"", ""level_value_mnemonic"": ""kilima""}, {""level"": ""district"", ""level_value_id"": ""550e8400-e29b-41d4-a716-446655442002"", ""level_value_mnemonic"": ""pembe""}, {""level"": ""ward"", ""level_value_id"": ""550e8400-e29b-41d4-a716-446655883005"", ""level_value_mnemonic"": ""soko""}, {""level"": ""village"", ""level_value_id"": ""550e8400-e29b-41d4-a716-446655884019"", ""level_value_mnemonic"": ""bertu""}], ""lowest_level_value_id"": ""550e8400-e29b-41d4-a716-446655884019""}",13.1564,65.0976,252,31AB+50,859 Deborah Roads,Sector 5,000067,KM
20000000-0000-4000-8000-000000000068,IND-0068,Samantha,,Osborne,Samantha Osborne,Samantha Osborne,FEMALE,1983-01-15,43,SINGLE,"[{""type"": ""mobile"", ""number"": ""+10000000068"", ""is_primary"": true}]",debra12@example.org,8413332538,XXXXXX2538,CAN_READ_AND_WRITE,en,images/IND-0068.jpg,550e8400-e29b-41d4-a716-446655884019,550e8400-e29b-41d4-a716-446655883005,550e8400-e29b-41d4-a716-446655442002,550e8400-e29b-41d4-a716-446655441001,550e8400-e29b-41d4-a716-446655440001,"{""hierarchy"": [{""level"": ""country"", ""level_value_id"": ""550e8400-e29b-41d4-a716-446655440001"", ""level_value_mnemonic"": ""kamuntu""}, {""level"": ""region"", ""level_value_id"": ""550e8400-e29b-41d4-a716-446655441001"", ""level_value_mnemonic"": ""kilima""}, {""level"": ""district"", ""level_value_id"": ""550e8400-e29b-41d4-a716-446655442002"", ""level_value_mnemonic"": ""pembe""}, {""level"": ""ward"", ""level_value_id"": ""550e8400-e29b-41d4-a716-446655883005"", ""level_value_mnemonic"": ""soko""}, {""level"": ""village"", ""level_value_id"": ""550e8400-e29b-41d4-a716-446655884019"", ""level_value_mnemonic"": ""bertu""}], ""lowest_level_value_id"": ""550e8400-e29b-41d4-a716-446655884019""}",13.1537,65.128,218,31AB+51,7113 Paul Land,Sector 6,000068,KM
20000000-0000-4000-8000-000000000069,IND-0069,Meagan,,Paul,Meagan Paul,Meagan Paul,FEMALE,1989-04-03,37,MARRIED,"[{""type"": ""mobile"", ""number"": ""+10000000069"", ""is_primary"": true}]",umatthews@example.org,9301537234,XXXXXX7234,CAN_READ_AND_WRITE,en,images/IND-0069.jpg,550e8400-e29b-41d4-a716-446655884229,550e8400-e29b-41d4-a716-446655883058,550e8400-e29b-41d4-a716-446655442015,550e8400-e29b-41d4-a716-446655441004,550e8400-e29b-41d4-a716-446655440001,"{""hierarchy"": [{""level"": ""country"", ""level_value_id"": ""550e8400-e29b-41d4-a716-446655440001"", ""level_value_mnemonic"": ""kamuntu""}, {""level"": ""region"", ""level_value_id"": ""550e8400-e29b-41d4-a716-446655441004"", ""level_value_mnemonic"": ""faraja""}, {""level"": ""district"", ""level_value_id"": ""550e8400-e29b-41d4-a716-446655442015"", ""level_value_mnemonic"": ""zawadi""}, {""level"": ""ward"", ""level_value_id"": ""550e8400-e29b-41d4-a716-446655883058"", ""level_value_mnemonic"": ""kujua""}, {""level"": ""village"", ""level_value_id"": ""550e8400-e29b-41d4-a716-446655884229"", ""level_value_mnemonic"": ""bilili""}], ""lowest_level_value_id"": ""550e8400-e29b-41d4-a716-446655884229""}",16.997,69.0081,111,69AB+90,179 Crosby Harbors Apt. 537,Sector 7,000069,KM
20000000-0000-4000-8000-000000000070,IND-0070,Jill,Michael,Paul,Jill Michael Paul,Jill Michael Paul,MALE,1971-11-27,54,MARRIED,"[{""type"": ""mobile"", ""number"": ""+10000000070"", ""is_primary"": true}]",,5212581851,XXXXXX1851,BASIC,en,images/IND-0070.jpg,550e8400-e29b-41d4-a716-446655884229,550e8400-e29b-41d4-a716-446655883058,550e8400-e29b-41d4-a716-446655442015,550e8400-e29b-41d4-a716-446655441004,550e8400-e29b-41d4-a716-446655440001,"{""hierarchy"": [{""level"": ""country"", ""level_value_id"": ""550e8400-e29b-41d4-a716-446655440001"", ""level_value_mnemonic"": ""kamuntu""}, {""level"": ""region"", ""level_value_id"": ""550e8400-e29b-41d4-a716-446655441004"", ""level_value_mnemonic"": ""faraja""}, {""level"": ""district"", ""level_value_id"": ""550e8400-e29b-41d4-a716-446655442015"", ""level_value_mnemonic"": ""zawadi""}, {""level"": ""ward"", ""level_value_id"": ""550e8400-e29b-41d4-a716-446655883058"", ""level_value_mnemonic"": ""kujua""}, {""level"": ""village"", ""level_value_id"": ""550e8400-e29b-41d4-a716-446655884229"", ""level_value_mnemonic"": ""bilili""}], ""lowest_level_value_id"": ""550e8400-e29b-41d4-a716-446655884229""}",16.9595,68.9137,178,69AB+89,506 Lopez Crossing Suite 139,Sector 8,000070,KM
20000000-0000-4000-8000-000000000071,IND-0071,Wesley,,Paul,Wesley Paul,Wesley Paul,MALE,1989-08-24,36,DIVORCED,"[{""type"": ""mobile"", ""number"": ""+10000000071"", ""is_primary"": true}]",john29@example.org,9655852024,XXXXXX2024,INTERMEDIARY,en,images/IND-0071.jpg,550e8400-e29b-41d4-a716-446655884229,550e8400-e29b-41d4-a716-446655883058,550e8400-e29b-41d4-a716-446655442015,550e8400-e29b-41d4-a716-446655441004,550e8400-e29b-41d4-a716-446655440001,"{""hierarchy"": [{""level"": ""country"", ""level_value_id"": ""550e8400-e29b-41d4-a716-446655440001"", ""level_value_mnemonic"": ""kamuntu""}, {""level"": ""region"", ""level_value_id"": ""550e8400-e29b-41d4-a716-446655441004"", ""level_value_mnemonic"": ""faraja""}, {""level"": ""district"", ""level_value_id"": ""550e8400-e29b-41d4-a716-446655442015"", ""level_value_mnemonic"": ""zawadi""}, {""level"": ""ward"", ""level_value_id"": ""550e8400-e29b-41d4-a716-446655883058"", ""level_value_mnemonic"": ""kujua""}, {""level"": ""village"", ""level_value_id"": ""550e8400-e29b-41d4-a716-446655884229"", ""level_value_mnemonic"": ""bilili""}], ""lowest_level_value_id"": ""550e8400-e29b-41d4-a716-446655884229""}",16.9244,68.9971,298,69AB+89,393 Mark Drive,Sector 9,000071,KM
20000000-0000-4000-8000-000000000072,IND-0072,Rachel,,Paul,Rachel Paul,Rachel Paul,FEMALE,1986-11-13,39,SINGLE,"[{""type"": ""mobile"", ""number"": ""+10000000072"", ""is_primary"": true}]",,7586857685,XXXXXX7685,HIGHER_EDUCATION,en,images/IND-0072.jpg,550e8400-e29b-41d4-a716-446655884229,550e8400-e29b-41d4-a716-446655883058,550e8400-e29b-41d4-a716-446655442015,550e8400-e29b-41d4-a716-446655441004,550e8400-e29b-41d4-a716-446655440001,"{""hierarchy"": [{""level"": ""country"", ""level_value_id"": ""550e8400-e29b-41d4-a716-446655440001"", ""level_value_mnemonic"": ""kamuntu""}, {""level"": ""region"", ""level_value_id"": ""550e8400-e29b-41d4-a716-446655441004"", ""level_value_mnemonic"": ""faraja""}, {""level"": ""district"", ""level_value_id"": ""550e8400-e29b-41d4-a716-446655442015"", ""level_value_mnemonic"": ""zawadi""}, {""level"": ""ward"", ""level_value_id"": ""550e8400-e29b-41d4-a716-446655883058"", ""level_value_mnemonic"": ""kujua""}, {""level"": ""village"", ""level_value_id"": ""550e8400-e29b-41d4-a716-446655884229"", ""level_value_mnemonic"": ""bilili""}], ""lowest_level_value_id"": ""550e8400-e29b-41d4-a716-446655884229""}",17.0054,68.9727,277,70AB+89,28421 David Knolls Apt. 950,Sector 1,000072,KM
20000000-0000-4000-8000-000000000073,IND-0073,Christopher,,Paul,Christopher Paul,Christopher Paul,MALE,2005-03-19,21,DIVORCED,"[{""type"": ""mobile"", ""number"": ""+10000000073"", ""is_primary"": true}]",,4207337120,XXXXXX7120,ILLITERATE,en,images/IND-0073.jpg,550e8400-e29b-41d4-a716-446655884229,550e8400-e29b-41d4-a716-446655883058,550e8400-e29b-41d4-a716-446655442015,550e8400-e29b-41d4-a716-446655441004,550e8400-e29b-41d4-a716-446655440001,"{""hierarchy"": [{""level"": ""country"", ""level_value_id"": ""550e8400-e29b-41d4-a716-446655440001"", ""level_value_mnemonic"": ""kamuntu""}, {""level"": ""region"", ""level_value_id"": ""550e8400-e29b-41d4-a716-446655441004"", ""level_value_mnemonic"": ""faraja""}, {""level"": ""district"", ""level_value_id"": ""550e8400-e29b-41d4-a716-446655442015"", ""level_value_mnemonic"": ""zawadi""}, {""level"": ""ward"", ""level_value_id"": ""550e8400-e29b-41d4-a716-446655883058"", ""level_value_mnemonic"": ""kujua""}, {""level"": ""village"", ""level_value_id"": ""550e8400-e29b-41d4-a716-446655884229"", ""level_value_mnemonic"": ""bilili""}], ""lowest_level_value_id"": ""550e8400-e29b-41d4-a716-446655884229""}",16.9534,68.9198,212,69AB+89,117 Strickland Passage Apt. 783,Sector 2,000073,KM
20000000-0000-4000-8000-000000000074,IND-0074,Theresa,Krista,Paul,Theresa Krista Paul,Theresa Krista Paul,FEMALE,2008-02-11,18,SINGLE,"[{""type"": ""mobile"", ""number"": ""+10000000074"", ""is_primary"": true}]",stephen00@example.com,4419410162,XXXXXX0162,INTERMEDIARY,en,images/IND-0074.jpg,550e8400-e29b-41d4-a716-446655884229,550e8400-e29b-41d4-a716-446655883058,550e8400-e29b-41d4-a716-446655442015,550e8400-e29b-41d4-a716-446655441004,550e8400-e29b-41d4-a716-446655440001,"{""hierarchy"": [{""level"": ""country"", ""level_value_id"": ""550e8400-e29b-41d4-a716-446655440001"", ""level_value_mnemonic"": ""kamuntu""}, {""level"": ""region"", ""level_value_id"": ""550e8400-e29b-41d4-a716-446655441004"", ""level_value_mnemonic"": ""faraja""}, {""level"": ""district"", ""level_value_id"": ""550e8400-e29b-41d4-a716-446655442015"", ""level_value_mnemonic"": ""zawadi""}, {""level"": ""ward"", ""level_value_id"": ""550e8400-e29b-41d4-a716-446655883058"", ""level_value_mnemonic"": ""kujua""}, {""level"": ""village"", ""level_value_id"": ""550e8400-e29b-41d4-a716-446655884229"", ""level_value_mnemonic"": ""bilili""}], ""lowest_level_value_id"": ""550e8400-e29b-41d4-a716-446655884229""}",16.9393,68.9475,87,69AB+89,1771 Marc Drive Apt. 249,Sector 3,000074,KM
20000000-0000-4000-8000-000000000075,IND-0075,Mark,Mark,Paul,Mark Mark Paul,Mark Mark Paul,MALE,2012-11-06,13,SINGLE,"[{""type"": ""mobile"", ""number"": ""+10000000075"", ""is_primary"": true}]",,6329323383,XXXXXX3383,BASIC,en,images/IND-0075.jpg,550e8400-e29b-41d4-a716-446655884229,550e8400-e29b-41d4-a716-446655883058,550e8400-e29b-41d4-a716-446655442015,550e8400-e29b-41d4-a716-446655441004,550e8400-e29b-41d4-a716-446655440001,"{""hierarchy"": [{""level"": ""country"", ""level_value_id"": ""550e8400-e29b-41d4-a716-446655440001"", ""level_value_mnemonic"": ""kamuntu""}, {""level"": ""region"", ""level_value_id"": ""550e8400-e29b-41d4-a716-446655441004"", ""level_value_mnemonic"": ""faraja""}, {""level"": ""district"", ""level_value_id"": ""550e8400-e29b-41d4-a716-446655442015"", ""level_value_mnemonic"": ""zawadi""}, {""level"": ""ward"", ""level_value_id"": ""550e8400-e29b-41d4-a716-446655883058"", ""level_value_mnemonic"": ""kujua""}, {""level"": ""village"", ""level_value_id"": ""550e8400-e29b-41d4-a716-446655884229"", ""level_value_mnemonic"": ""bilili""}], ""lowest_level_value_id"": ""550e8400-e29b-41d4-a716-446655884229""}",17.0013,68.9243,168,70AB+89,8961 Melissa Run Apt. 673,Sector 4,000075,KM
20000000-0000-4000-8000-000000000076,IND-0076,Jason,,Wilcox,Jason Wilcox,Jason Wilcox,MALE,1994-12-28,31,MARRIED,"[{""type"": ""mobile"", ""number"": ""+10000000076"", ""is_primary"": true}]",gperry@example.com,1678500147,XXXXXX0147,INTERMEDIARY,en,images/IND-0076.jpg,550e8400-e29b-41d4-a716-446655884236,550e8400-e29b-41d4-a716-446655883059,550e8400-e29b-41d4-a716-446655442015,550e8400-e29b-41d4-a716-446655441004,550e8400-e29b-41d4-a716-446655440001,"{""hierarchy"": [{""level"": ""country"", ""level_value_id"": ""550e8400-e29b-41d4-a716-446655440001"", ""level_value_mnemonic"": ""kamuntu""}, {""level"": ""region"", ""level_value_id"": ""550e8400-e29b-41d4-a716-446655441004"", ""level_value_mnemonic"": ""faraja""}, {""level"": ""district"", ""level_value_id"": ""550e8400-e29b-41d4-a716-446655442015"", ""level_value_mnemonic"": ""zawadi""}, {""level"": ""ward"", ""level_value_id"": ""550e8400-e29b-41d4-a716-446655883059"", ""level_value_mnemonic"": ""kusikia""}, {""level"": ""village"", ""level_value_id"": ""550e8400-e29b-41d4-a716-446655884236"", ""level_value_mnemonic"": ""biliwa""}], ""lowest_level_value_id"": ""550e8400-e29b-41d4-a716-446655884236""}",17.8142,65.8046,200,78AB+58,4527 Christopher Corner Apt. 615,Sector 5,000076,KM
20000000-0000-4000-8000-000000000077,IND-0077,Robin,,Wilcox,Robin Wilcox,Robin Wilcox,FEMALE,1992-10-24,33,MARRIED,"[{""type"": ""mobile"", ""number"": ""+10000000077"", ""is_primary"": true}]",,1458072318,XXXXXX2318,BASIC,en,images/IND-0077.jpg,550e8400-e29b-41d4-a716-446655884236,550e8400-e29b-41d4-a716-446655883059,550e8400-e29b-41d4-a716-446655442015,550e8400-e29b-41d4-a716-446655441004,550e8400-e29b-41d4-a716-446655440001,"{""hierarchy"": [{""level"": ""country"", ""level_value_id"": ""550e8400-e29b-41d4-a716-446655440001"", ""level_value_mnemonic"": ""kamuntu""}, {""level"": ""region"", ""level_value_id"": ""550e8400-e29b-41d4-a716-446655441004"", ""level_value_mnemonic"": ""faraja""}, {""level"": ""district"", ""level_value_id"": ""550e8400-e29b-41d4-a716-446655442015"", ""level_value_mnemonic"": ""zawadi""}, {""level"": ""ward"", ""level_value_id"": ""550e8400-e29b-41d4-a716-446655883059"", ""level_value_mnemonic"": ""kusikia""}, {""level"": ""village"", ""level_value_id"": ""550e8400-e29b-41d4-a716-446655884236"", ""level_value_mnemonic"": ""biliwa""}], ""lowest_level_value_id"": ""550e8400-e29b-41d4-a716-446655884236""}",17.8081,65.8059,125,78AB+58,165 Parrish Stravenue Apt. 494,Sector 6,000077,KM
20000000-0000-4000-8000-000000000078,IND-0078,Guy,,Wilcox,Guy Wilcox,Guy Wilcox,MALE,1995-04-15,31,SINGLE,"[{""type"": ""mobile"", ""number"": ""+10000000078"", ""is_primary"": true}]",,5181592277,XXXXXX2277,BASIC,en,images/IND-0078.jpg,550e8400-e29b-41d4-a716-446655884236,550e8400-e29b-41d4-a716-446655883059,550e8400-e29b-41d4-a716-446655442015,550e8400-e29b-41d4-a716-446655441004,550e8400-e29b-41d4-a716-446655440001,"{""hierarchy"": [{""level"": ""country"", ""level_value_id"": ""550e8400-e29b-41d4-a716-446655440001"", ""level_value_mnemonic"": ""kamuntu""}, {""level"": ""region"", ""level_value_id"": ""550e8400-e29b-41d4-a716-446655441004"", ""level_value_mnemonic"": ""faraja""}, {""level"": ""district"", ""level_value_id"": ""550e8400-e29b-41d4-a716-446655442015"", ""level_value_mnemonic"": ""zawadi""}, {""level"": ""ward"", ""level_value_id"": ""550e8400-e29b-41d4-a716-446655883059"", ""level_value_mnemonic"": ""kusikia""}, {""level"": ""village"", ""level_value_id"": ""550e8400-e29b-41d4-a716-446655884236"", ""level_value_mnemonic"": ""biliwa""}], ""lowest_level_value_id"": ""550e8400-e29b-41d4-a716-446655884236""}",17.8611,65.8445,263,78AB+58,73158 Wilson Harbors,Sector 7,000078,KM
20000000-0000-4000-8000-000000000079,IND-0079,Kenneth,,Wilcox,Kenneth Wilcox,Kenneth Wilcox,MALE,1987-03-01,39,SINGLE,"[{""type"": ""mobile"", ""number"": ""+10000000079"", ""is_primary"": true}]",,5464285982,XXXXXX5982,ILLITERATE,en,images/IND-0079.jpg,550e8400-e29b-41d4-a716-446655884236,550e8400-e29b-41d4-a716-446655883059,550e8400-e29b-41d4-a716-446655442015,550e8400-e29b-41d4-a716-446655441004,550e8400-e29b-41d4-a716-446655440001,"{""hierarchy"": [{""level"": ""country"", ""level_value_id"": ""550e8400-e29b-41d4-a716-446655440001"", ""level_value_mnemonic"": ""kamuntu""}, {""level"": ""region"", ""level_value_id"": ""550e8400-e29b-41d4-a716-446655441004"", ""level_value_mnemonic"": ""faraja""}, {""level"": ""district"", ""level_value_id"": ""550e8400-e29b-41d4-a716-446655442015"", ""level_value_mnemonic"": ""zawadi""}, {""level"": ""ward"", ""level_value_id"": ""550e8400-e29b-41d4-a716-446655883059"", ""level_value_mnemonic"": ""kusikia""}, {""level"": ""village"", ""level_value_id"": ""550e8400-e29b-41d4-a716-446655884236"", ""level_value_mnemonic"": ""biliwa""}], ""lowest_level_value_id"": ""550e8400-e29b-41d4-a716-446655884236""}",17.8489,65.7733,143,78AB+57,402 Park Inlet,Sector 8,000079,KM
20000000-0000-4000-8000-000000000080,IND-0080,Tammy,,Wilcox,Tammy Wilcox,Tammy Wilcox,FEMALE,1996-12-09,29,SINGLE,"[{""type"": ""mobile"", ""number"": ""+10000000080"", ""is_primary"": true}]",mollyknight@example.com,9467483275,XXXXXX3275,INTERMEDIARY,en,images/IND-0080.jpg,550e8400-e29b-41d4-a716-446655884236,550e8400-e29b-41d4-a716-446655883059,550e8400-e29b-41d4-a716-446655442015,550e8400-e29b-41d4-a716-446655441004,550e8400-e29b-41d4-a716-446655440001,"{""hierarchy"": [{""level"": ""country"", ""level_value_id"": ""550e8400-e29b-41d4-a716-446655440001"", ""level_value_mnemonic"": ""kamuntu""}, {""level"": ""region"", ""level_value_id"": ""550e8400-e29b-41d4-a716-446655441004"", ""level_value_mnemonic"": ""faraja""}, {""level"": ""district"", ""level_value_id"": ""550e8400-e29b-41d4-a716-446655442015"", ""level_value_mnemonic"": ""zawadi""}, {""level"": ""ward"", ""level_value_id"": ""550e8400-e29b-41d4-a716-446655883059"", ""level_value_mnemonic"": ""kusikia""}, {""level"": ""village"", ""level_value_id"": ""550e8400-e29b-41d4-a716-446655884236"", ""level_value_mnemonic"": ""biliwa""}], ""lowest_level_value_id"": ""550e8400-e29b-41d4-a716-446655884236""}",17.8231,65.8613,262,78AB+58,01836 Chavez Estate,Sector 9,000080,KM
20000000-0000-4000-8000-000000000081,IND-0081,Karla,Joshua,Ramos,Karla Joshua Ramos,Karla Joshua Ramos,FEMALE,1991-03-30,35,MARRIED,"[{""type"": ""mobile"", ""number"": ""+10000000081"", ""is_primary"": true}]",,2595467139,XXXXXX7139,HIGHER_EDUCATION,en,images/IND-0081.jpg,550e8400-e29b-41d4-a716-446655884152,550e8400-e29b-41d4-a716-446655883038,550e8400-e29b-41d4-a716-446655442010,550e8400-e29b-41d4-a716-446655441003,550e8400-e29b-41d4-a716-446655440001,"{""hierarchy"": [{""level"": ""country"", ""level_value_id"": ""550e8400-e29b-41d4-a716-446655440001"", ""level_value_mnemonic"": ""kamuntu""}, {""level"": ""region"", ""level_value_id"": ""550e8400-e29b-41d4-a716-446655441003"", ""level_value_mnemonic"": ""jasiri""}, {""level"": ""district"", ""level_value_id"": ""550e8400-e29b-41d4-a716-446655442010"", ""level_value_mnemonic"": ""ndoto""}, {""level"": ""ward"", ""level_value_id"": ""550e8400-e29b-41d4-a716-446655883038"", ""level_value_mnemonic"": ""karibu""}, {""level"": ""village"", ""level_value_id"": ""550e8400-e29b-41d4-a716-446655884152"", ""level_value_mnemonic"": ""biluza""}], ""lowest_level_value_id"": ""550e8400-e29b-41d4-a716-446655884152""}",16.4175,69.3971,208,64AB+93,6149 Rose Inlet,Sector 1,000081,KM
20000000-0000-4000-8000-000000000082,IND-0082,Amber,,Ramos,Amber Ramos,Amber Ramos,MALE,2007-09-24,18,MARRIED,"[{""type"": ""mobile"", ""number"": ""+10000000082"", ""is_primary"": true}]",,8306070814,XXXXXX0814,BASIC,en,images/IND-0082.jpg,550e8400-e29b-41d4-a716-446655884152,550e8400-e29b-41d4-a716-446655883038,550e8400-e29b-41d4-a716-446655442010,550e8400-e29b-41d4-a716-446655441003,550e8400-e29b-41d4-a716-446655440001,"{""hierarchy"": [{""level"": ""country"", ""level_value_id"": ""550e8400-e29b-41d4-a716-446655440001"", ""level_value_mnemonic"": ""kamuntu""}, {""level"": ""region"", ""level_value_id"": ""550e8400-e29b-41d4-a716-446655441003"", ""level_value_mnemonic"": ""jasiri""}, {""level"": ""district"", ""level_value_id"": ""550e8400-e29b-41d4-a716-446655442010"", ""level_value_mnemonic"": ""ndoto""}, {""level"": ""ward"", ""level_value_id"": ""550e8400-e29b-41d4-a716-446655883038"", ""level_value_mnemonic"": ""karibu""}, {""level"": ""village"", ""level_value_id"": ""550e8400-e29b-41d4-a716-446655884152"", ""level_value_mnemonic"": ""biluza""}], ""lowest_level_value_id"": ""550e8400-e29b-41d4-a716-446655884152""}",16.4149,69.3617,61,64AB+93,34324 Murphy Avenue,Sector 2,000082,KM
20000000-0000-4000-8000-000000000083,IND-0083,Kathleen,David,Ramos,Kathleen David Ramos,Kathleen David Ramos,FEMALE,2006-12-01,19,MARRIED,"[{""type"": ""mobile"", ""number"": ""+10000000083"", ""is_primary"": true}]",vincentwhitaker@example.com,7615076397,XXXXXX6397,ILLITERATE,en,images/IND-0083.jpg,550e8400-e29b-41d4-a716-446655884152,550e8400-e29b-41d4-a716-446655883038,550e8400-e29b-41d4-a716-446655442010,550e8400-e29b-41d4-a716-446655441003,550e8400-e29b-41d4-a716-446655440001,"{""hierarchy"": [{""level"": ""country"", ""level_value_id"": ""550e8400-e29b-41d4-a716-446655440001"", ""level_value_mnemonic"": ""kamuntu""}, {""level"": ""region"", ""level_value_id"": ""550e8400-e29b-41d4-a716-446655441003"", ""level_value_mnemonic"": ""jasiri""}, {""level"": ""district"", ""level_value_id"": ""550e8400-e29b-41d4-a716-446655442010"", ""level_value_mnemonic"": ""ndoto""}, {""level"": ""ward"", ""level_value_id"": ""550e8400-e29b-41d4-a716-446655883038"", ""level_value_mnemonic"": ""karibu""}, {""level"": ""village"", ""level_value_id"": ""550e8400-e29b-41d4-a716-446655884152"", ""level_value_mnemonic"": ""biluza""}], ""lowest_level_value_id"": ""550e8400-e29b-41d4-a716-446655884152""}",16.4087,69.4227,276,64AB+94,0607 Michelle Ports,Sector 3,000083,KM
20000000-0000-4000-8000-000000000084,IND-0084,Jessica,,Ramos,Jessica Ramos,Jessica Ramos,FEMALE,1952-12-01,73,WIDOWED,"[{""type"": ""mobile"", ""number"": ""+10000000084"", ""is_primary"": true}]",zroberts@example.org,2591414076,XXXXXX4076,BASIC,en,images/IND-0084.jpg,550e8400-e29b-41d4-a716-446655884152,550e8400-e29b-41d4-a716-446655883038,550e8400-e29b-41d4-a716-446655442010,550e8400-e29b-41d4-a716-446655441003,550e8400-e29b-41d4-a716-446655440001,"{""hierarchy"": [{""level"": ""country"", ""level_value_id"": ""550e8400-e29b-41d4-a716-446655440001"", ""level_value_mnemonic"": ""kamuntu""}, {""level"": ""region"", ""level_value_id"": ""550e8400-e29b-41d4-a716-446655441003"", ""level_value_mnemonic"": ""jasiri""}, {""level"": ""district"", ""level_value_id"": ""550e8400-e29b-41d4-a716-446655442010"", ""level_value_mnemonic"": ""ndoto""}, {""level"": ""ward"", ""level_value_id"": ""550e8400-e29b-41d4-a716-446655883038"", ""level_value_mnemonic"": ""karibu""}, {""level"": ""village"", ""level_value_id"": ""550e8400-e29b-41d4-a716-446655884152"", ""level_value_mnemonic"": ""biluza""}], ""lowest_level_value_id"": ""550e8400-e29b-41d4-a716-446655884152""}",16.3943,69.4451,268,63AB+94,97516 John Radial Suite 816,Sector 4,000084,KM
20000000-0000-4000-8000-000000000085,IND-0085,Sheila,Jeffrey,Ramos,Sheila Jeffrey Ramos,Sheila Jeffrey Ramos,FEMALE,2007-01-25,19,DIVORCED,"[{""type"": ""mobile"", ""number"": ""+10000000085"", ""is_primary"": true}]",charlesschultz@example.net,8834841054,XXXXXX1054,ILLITERATE,en,images/IND-0085.jpg,550e8400-e29b-41d4-a716-446655884152,550e8400-e29b-41d4-a716-446655883038,550e8400-e29b-41d4-a716-446655442010,550e8400-e29b-41d4-a716-446655441003,550e8400-e29b-41d4-a716-446655440001,"{""hierarchy"": [{""level"": ""country"", ""level_value_id"": ""550e8400-e29b-41d4-a716-446655440001"", ""level_value_mnemonic"": ""kamuntu""}, {""level"": ""region"", ""level_value_id"": ""550e8400-e29b-41d4-a716-446655441003"", ""level_value_mnemonic"": ""jasiri""}, {""level"": ""district"", ""level_value_id"": ""550e8400-e29b-41d4-a716-446655442010"", ""level_value_mnemonic"": ""ndoto""}, {""level"": ""ward"", ""level_value_id"": ""550e8400-e29b-41d4-a716-446655883038"", ""level_value_mnemonic"": ""karibu""}, {""level"": ""village"", ""level_value_id"": ""550e8400-e29b-41d4-a716-446655884152"", ""level_value_mnemonic"": ""biluza""}], ""lowest_level_value_id"": ""550e8400-e29b-41d4-a716-446655884152""}",16.3592,69.3712,213,63AB+93,5231 Jonathan Extensions,Sector 5,000085,KM
20000000-0000-4000-8000-000000000086,IND-0086,Lance,,Wolf,Lance Wolf,Lance Wolf,MALE,1975-11-08,50,MARRIED,"[{""type"": ""mobile"", ""number"": ""+10000000086"", ""is_primary"": true}]",thompsonkendra@example.com,4735313433,XXXXXX3433,BASIC,en,images/IND-0086.jpg,550e8400-e29b-41d4-a716-446655884026,550e8400-e29b-41d4-a716-446655883007,550e8400-e29b-41d4-a716-446655442002,550e8400-e29b-41d4-a716-446655441001,550e8400-e29b-41d4-a716-446655440001,"{""hierarchy"": [{""level"": ""country"", ""level_value_id"": ""550e8400-e29b-41d4-a716-446655440001"", ""level_value_mnemonic"": ""kamuntu""}, {""level"": ""region"", ""level_value_id"": ""550e8400-e29b-41d4-a716-446655441001"", ""level_value_mnemonic"": ""kilima""}, {""level"": ""district"", ""level_value_id"": ""550e8400-e29b-41d4-a716-446655442002"", ""level_value_mnemonic"": ""pembe""}, {""level"": ""ward"", ""level_value_id"": ""550e8400-e29b-41d4-a716-446655883007"", ""level_value_mnemonic"": ""wingi""}, {""level"": ""village"", ""level_value_id"": ""550e8400-e29b-41d4-a716-446655884026"", ""level_value_mnemonic"": ""bieke""}], ""lowest_level_value_id"": ""550e8400-e29b-41d4-a716-446655884026""}",15.9129,69.8948,280,59AB+98,979 Lin Road Suite 271,Sector 6,000086,KM
20000000-0000-4000-8000-000000000087,IND-0087,John,,Wolf,John Wolf,John Wolf,FEMALE,1983-07-14,42,MARRIED,"[{""type"": ""mobile"", ""number"": ""+10000000087"", ""is_primary"": true}]",brittany58@example.org,1110724913,XXXXXX4913,ILLITERATE,en,images/IND-0087.jpg,550e8400-e29b-41d4-a716-446655884026,550e8400-e29b-41d4-a716-446655883007,550e8400-e29b-41d4-a716-446655442002,550e8400-e29b-41d4-a716-446655441001,550e8400-e29b-41d4-a716-446655440001,"{""hierarchy"": [{""level"": ""country"", ""level_value_id"": ""550e8400-e29b-41d4-a716-446655440001"", ""level_value_mnemonic"": ""kamuntu""}, {""level"": ""region"", ""level_value_id"": ""550e8400-e29b-41d4-a716-446655441001"", ""level_value_mnemonic"": ""kilima""}, {""level"": ""district"", ""level_value_id"": ""550e8400-e29b-41d4-a716-446655442002"", ""level_value_mnemonic"": ""pembe""}, {""level"": ""ward"", ""level_value_id"": ""550e8400-e29b-41d4-a716-446655883007"", ""level_value_mnemonic"": ""wingi""}, {""level"": ""village"", ""level_value_id"": ""550e8400-e29b-41d4-a716-446655884026"", ""level_value_mnemonic"": ""bieke""}], ""lowest_level_value_id"": ""550e8400-e29b-41d4-a716-446655884026""}",15.8815,69.959,110,58AB+99,7005 Jones Way Apt. 998,Sector 7,000087,KM
20000000-0000-4000-8000-000000000088,IND-0088,James,Stephanie,Wolf,James Stephanie Wolf,James Stephanie Wolf,MALE,2011-12-27,14,SINGLE,"[{""type"": ""mobile"", ""number"": ""+10000000088"", ""is_primary"": true}]",,3259520140,XXXXXX0140,BASIC,en,images/IND-0088.jpg,550e8400-e29b-41d4-a716-446655884026,550e8400-e29b-41d4-a716-446655883007,550e8400-e29b-41d4-a716-446655442002,550e8400-e29b-41d4-a716-446655441001,550e8400-e29b-41d4-a716-446655440001,"{""hierarchy"": [{""level"": ""country"", ""level_value_id"": ""550e8400-e29b-41d4-a716-446655440001"", ""level_value_mnemonic"": ""kamuntu""}, {""level"": ""region"", ""level_value_id"": ""550e8400-e29b-41d4-a716-446655441001"", ""level_value_mnemonic"": ""kilima""}, {""level"": ""district"", ""level_value_id"": ""550e8400-e29b-41d4-a716-446655442002"", ""level_value_mnemonic"": ""pembe""}, {""level"": ""ward"", ""level_value_id"": ""550e8400-e29b-41d4-a716-446655883007"", ""level_value_mnemonic"": ""wingi""}, {""level"": ""village"", ""level_value_id"": ""550e8400-e29b-41d4-a716-446655884026"", ""level_value_mnemonic"": ""bieke""}], ""lowest_level_value_id"": ""550e8400-e29b-41d4-a716-446655884026""}",15.9546,69.9276,249,59AB+99,9359 Mason Circle,Sector 8,000088,KM
20000000-0000-4000-8000-000000000089,IND-0089,Jerry,,Wolf,Jerry Wolf,Jerry Wolf,MALE,2007-12-14,18,MARRIED,"[{""type"": ""mobile"", ""number"": ""+10000000089"", ""is_primary"": true}]",,6590459705,XXXXXX9705,INTERMEDIARY,en,images/IND-0089.jpg,550e8400-e29b-41d4-a716-446655884026,550e8400-e29b-41d4-a716-446655883007,550e8400-e29b-41d4-a716-446655442002,550e8400-e29b-41d4-a716-446655441001,550e8400-e29b-41d4-a716-446655440001,"{""hierarchy"": [{""level"": ""country"", ""level_value_id"": ""550e8400-e29b-41d4-a716-446655440001"", ""level_value_mnemonic"": ""kamuntu""}, {""level"": ""region"", ""level_value_id"": ""550e8400-e29b-41d4-a716-446655441001"", ""level_value_mnemonic"": ""kilima""}, {""level"": ""district"", ""level_value_id"": ""550e8400-e29b-41d4-a716-446655442002"", ""level_value_mnemonic"": ""pembe""}, {""level"": ""ward"", ""level_value_id"": ""550e8400-e29b-41d4-a716-446655883007"", ""level_value_mnemonic"": ""wingi""}, {""level"": ""village"", ""level_value_id"": ""550e8400-e29b-41d4-a716-446655884026"", ""level_value_mnemonic"": ""bieke""}], ""lowest_level_value_id"": ""550e8400-e29b-41d4-a716-446655884026""}",15.9443,69.8831,172,59AB+98,182 John Mill Suite 889,Sector 9,000089,KM
20000000-0000-4000-8000-000000000090,IND-0090,Christopher,,Wolf,Christopher Wolf,Christopher Wolf,MALE,1962-03-03,64,MARRIED,"[{""type"": ""mobile"", ""number"": ""+10000000090"", ""is_primary"": true}]",paul59@example.org,1637088959,XXXXXX8959,BASIC,en,images/IND-0090.jpg,550e8400-e29b-41d4-a716-446655884026,550e8400-e29b-41d4-a716-446655883007,550e8400-e29b-41d4-a716-446655442002,550e8400-e29b-41d4-a716-446655441001,550e8400-e29b-41d4-a716-446655440001,"{""hierarchy"": [{""level"": ""country"", ""level_value_id"": ""550e8400-e29b-41d4-a716-446655440001"", ""level_value_mnemonic"": ""kamuntu""}, {""level"": ""region"", ""level_value_id"": ""550e8400-e29b-41d4-a716-446655441001"", ""level_value_mnemonic"": ""kilima""}, {""level"": ""district"", ""level_value_id"": ""550e8400-e29b-41d4-a716-446655442002"", ""level_value_mnemonic"": ""pembe""}, {""level"": ""ward"", ""level_value_id"": ""550e8400-e29b-41d4-a716-446655883007"", ""level_value_mnemonic"": ""wingi""}, {""level"": ""village"", ""level_value_id"": ""550e8400-e29b-41d4-a716-446655884026"", ""level_value_mnemonic"": ""bieke""}], ""lowest_level_value_id"": ""550e8400-e29b-41d4-a716-446655884026""}",15.8926,69.9424,199,58AB+99,51864 Cummings Shoals Apt. 519,Sector 1,000090,KM
20000000-0000-4000-8000-000000000091,IND-0091,Mary,,Rangel,Mary Rangel,Mary Rangel,FEMALE,1999-03-21,27,MARRIED,"[{""type"": ""mobile"", ""number"": ""+10000000091"", ""is_primary"": true}]",tammy62@example.net,4717261214,XXXXXX1214,INTERMEDIARY,en,images/IND-0091.jpg,550e8400-e29b-41d4-a716-446655884196,550e8400-e29b-41d4-a716-446655883049,550e8400-e29b-41d4-a716-446655442013,550e8400-e29b-41d4-a716-446655441004,550e8400-e29b-41d4-a716-446655440001,"{""hierarchy"": [{""level"": ""country"", ""level_value_id"": ""550e8400-e29b-41d4-a716-446655440001"", ""level_value_mnemonic"": ""kamuntu""}, {""level"": ""region"", ""level_value_id"": ""550e8400-e29b-41d4-a716-446655441004"", ""level_value_mnemonic"": ""faraja""}, {""level"": ""district"", ""level_value_id"": ""550e8400-e29b-41d4-a716-446655442013"", ""level_value_mnemonic"": ""asilani""}, {""level"": ""ward"", ""level_value_id"": ""550e8400-e29b-41d4-a716-446655883049"", ""level_value_mnemonic"": ""usawa""}, {""level"": ""village"", ""level_value_id"": ""550e8400-e29b-41d4-a716-446655884196"", ""level_value_mnemonic"": ""balozi""}], ""lowest_level_value_id"": ""550e8400-e29b-41d4-a716-446655884196""}",16.033,68.0788,155,60AB+80,8652 Debbie Manors,Sector 2,000091,KM
20000000-0000-4000-8000-000000000092,IND-0092,Katie,,Rangel,Katie Rangel,Katie Rangel,MALE,2011-11-09,14,MARRIED,"[{""type"": ""mobile"", ""number"": ""+10000000092"", ""is_primary"": true}]",,6389710636,XXXXXX0636,ILLITERATE,en,images/IND-0092.jpg,550e8400-e29b-41d4-a716-446655884196,550e8400-e29b-41d4-a716-446655883049,550e8400-e29b-41d4-a716-446655442013,550e8400-e29b-41d4-a716-446655441004,550e8400-e29b-41d4-a716-446655440001,"{""hierarchy"": [{""level"": ""country"", ""level_value_id"": ""550e8400-e29b-41d4-a716-446655440001"", ""level_value_mnemonic"": ""kamuntu""}, {""level"": ""region"", ""level_value_id"": ""550e8400-e29b-41d4-a716-446655441004"", ""level_value_mnemonic"": ""faraja""}, {""level"": ""district"", ""level_value_id"": ""550e8400-e29b-41d4-a716-446655442013"", ""level_value_mnemonic"": ""asilani""}, {""level"": ""ward"", ""level_value_id"": ""550e8400-e29b-41d4-a716-446655883049"", ""level_value_mnemonic"": ""usawa""}, {""level"": ""village"", ""level_value_id"": ""550e8400-e29b-41d4-a716-446655884196"", ""level_value_mnemonic"": ""balozi""}], ""lowest_level_value_id"": ""550e8400-e29b-41d4-a716-446655884196""}",16.0854,68.0587,171,60AB+80,35733 Eric Hill Apt. 888,Sector 3,000092,KM
20000000-0000-4000-8000-000000000093,IND-0093,Andrew,,Rangel,Andrew Rangel,Andrew Rangel,MALE,2019-04-06,7,SINGLE,"[{""type"": ""mobile"", ""number"": ""+10000000093"", ""is_primary"": true}]",,9847550931,XXXXXX0931,ILLITERATE,en,images/IND-0093.jpg,550e8400-e29b-41d4-a716-446655884196,550e8400-e29b-41d4-a716-446655883049,550e8400-e29b-41d4-a716-446655442013,550e8400-e29b-41d4-a716-446655441004,550e8400-e29b-41d4-a716-446655440001,"{""hierarchy"": [{""level"": ""country"", ""level_value_id"": ""550e8400-e29b-41d4-a716-446655440001"", ""level_value_mnemonic"": ""kamuntu""}, {""level"": ""region"", ""level_value_id"": ""550e8400-e29b-41d4-a716-446655441004"", ""level_value_mnemonic"": ""faraja""}, {""level"": ""district"", ""level_value_id"": ""550e8400-e29b-41d4-a716-446655442013"", ""level_value_mnemonic"": ""asilani""}, {""level"": ""ward"", ""level_value_id"": ""550e8400-e29b-41d4-a716-446655883049"", ""level_value_mnemonic"": ""usawa""}, {""level"": ""village"", ""level_value_id"": ""550e8400-e29b-41d4-a716-446655884196"", ""level_value_mnemonic"": ""balozi""}], ""lowest_level_value_id"": ""550e8400-e29b-41d4-a716-446655884196""}",16.0857,68.0462,221,60AB+80,622 Marie Trail,Sector 4,000093,KM
20000000-0000-4000-8000-000000000094,IND-0094,Lori,,Rangel,Lori Rangel,Lori Rangel,FEMALE,1984-08-12,41,MARRIED,"[{""type"": ""mobile"", ""number"": ""+10000000094"", ""is_primary"": true}]",,6636925105,XXXXXX5105,CAN_READ_AND_WRITE,en,images/IND-0094.jpg,550e8400-e29b-41d4-a716-446655884196,550e8400-e29b-41d4-a716-446655883049,550e8400-e29b-41d4-a716-446655442013,550e8400-e29b-41d4-a716-446655441004,550e8400-e29b-41d4-a716-446655440001,"{""hierarchy"": [{""level"": ""country"", ""level_value_id"": ""550e8400-e29b-41d4-a716-446655440001"", ""level_value_mnemonic"": ""kamuntu""}, {""level"": ""region"", ""level_value_id"": ""550e8400-e29b-41d4-a716-446655441004"", ""level_value_mnemonic"": ""faraja""}, {""level"": ""district"", ""level_value_id"": ""550e8400-e29b-41d4-a716-446655442013"", ""level_value_mnemonic"": ""asilani""}, {""level"": ""ward"", ""level_value_id"": ""550e8400-e29b-41d4-a716-446655883049"", ""level_value_mnemonic"": ""usawa""}, {""level"": ""village"", ""level_value_id"": ""550e8400-e29b-41d4-a716-446655884196"", ""level_value_mnemonic"": ""balozi""}], ""lowest_level_value_id"": ""550e8400-e29b-41d4-a716-446655884196""}",16.0004,68.0407,89,60AB+80,65379 Goodwin Tunnel Suite 383,Sector 5,000094,KM
20000000-0000-4000-8000-000000000095,IND-0095,Eric,,Rangel,Eric Rangel,Eric Rangel,MALE,1998-11-12,27,MARRIED,"[{""type"": ""mobile"", ""number"": ""+10000000095"", ""is_primary"": true}]",,3465740756,XXXXXX0756,HIGHER_EDUCATION,en,images/IND-0095.jpg,550e8400-e29b-41d4-a716-446655884196,550e8400-e29b-41d4-a716-446655883049,550e8400-e29b-41d4-a716-446655442013,550e8400-e29b-41d4-a716-446655441004,550e8400-e29b-41d4-a716-446655440001,"{""hierarchy"": [{""level"": ""country"", ""level_value_id"": ""550e8400-e29b-41d4-a716-446655440001"", ""level_value_mnemonic"": ""kamuntu""}, {""level"": ""region"", ""level_value_id"": ""550e8400-e29b-41d4-a716-446655441004"", ""level_value_mnemonic"": ""faraja""}, {""level"": ""district"", ""level_value_id"": ""550e8400-e29b-41d4-a716-446655442013"", ""level_value_mnemonic"": ""asilani""}, {""level"": ""ward"", ""level_value_id"": ""550e8400-e29b-41d4-a716-446655883049"", ""level_value_mnemonic"": ""usawa""}, {""level"": ""village"", ""level_value_id"": ""550e8400-e29b-41d4-a716-446655884196"", ""level_value_mnemonic"": ""balozi""}], ""lowest_level_value_id"": ""550e8400-e29b-41d4-a716-446655884196""}",16.0707,68.0745,299,60AB+80,59774 Shaw Manor Apt. 392,Sector 6,000095,KM
20000000-0000-4000-8000-000000000096,IND-0096,Shane,,Rangel,Shane Rangel,Shane Rangel,MALE,1985-11-21,40,MARRIED,"[{""type"": ""mobile"", ""number"": ""+10000000096"", ""is_primary"": true}]",jsawyer@example.org,6069848439,XXXXXX8439,CAN_READ_AND_WRITE,en,images/IND-0096.jpg,550e8400-e29b-41d4-a716-446655884196,550e8400-e29b-41d4-a716-446655883049,550e8400-e29b-41d4-a716-446655442013,550e8400-e29b-41d4-a716-446655441004,550e8400-e29b-41d4-a716-446655440001,"{""hierarchy"": [{""level"": ""country"", ""level_value_id"": ""550e8400-e29b-41d4-a716-446655440001"", ""level_value_mnemonic"": ""kamuntu""}, {""level"": ""region"", ""level_value_id"": ""550e8400-e29b-41d4-a716-446655441004"", ""level_value_mnemonic"": ""faraja""}, {""level"": ""district"", ""level_value_id"": ""550e8400-e29b-41d4-a716-446655442013"", ""level_value_mnemonic"": ""asilani""}, {""level"": ""ward"", ""level_value_id"": ""550e8400-e29b-41d4-a716-446655883049"", ""level_value_mnemonic"": ""usawa""}, {""level"": ""village"", ""level_value_id"": ""550e8400-e29b-41d4-a716-446655884196"", ""level_value_mnemonic"": ""balozi""}], ""lowest_level_value_id"": ""550e8400-e29b-41d4-a716-446655884196""}",16.0603,68.0209,136,60AB+80,1247 Mariah Course,Sector 7,000096,KM
20000000-0000-4000-8000-000000000097,IND-0097,Travis,,Rangel,Travis Rangel,Travis Rangel,MALE,1998-04-05,28,MARRIED,"[{""type"": ""mobile"", ""number"": ""+10000000097"", ""is_primary"": true}]",bwilkerson@example.com,5173893550,XXXXXX3550,BASIC,en,images/IND-0097.jpg,550e8400-e29b-41d4-a716-446655884196,550e8400-e29b-41d4-a716-446655883049,550e8400-e29b-41d4-a716-446655442013,550e8400-e29b-41d4-a716-446655441004,550e8400-e29b-41d4-a716-446655440001,"{""hierarchy"": [{""level"": ""country"", ""level_value_id"": ""550e8400-e29b-41d4-a716-446655440001"", ""level_value_mnemonic"": ""kamuntu""}, {""level"": ""region"", ""level_value_id"": ""550e8400-e29b-41d4-a716-446655441004"", ""level_value_mnemonic"": ""faraja""}, {""level"": ""district"", ""level_value_id"": ""550e8400-e29b-41d4-a716-446655442013"", ""level_value_mnemonic"": ""asilani""}, {""level"": ""ward"", ""level_value_id"": ""550e8400-e29b-41d4-a716-446655883049"", ""level_value_mnemonic"": ""usawa""}, {""level"": ""village"", ""level_value_id"": ""550e8400-e29b-41d4-a716-446655884196"", ""level_value_mnemonic"": ""balozi""}], ""lowest_level_value_id"": ""550e8400-e29b-41d4-a716-446655884196""}",15.9992,68.043,146,59AB+80,8536 Nicholas Burgs,Sector 8,000097,KM
20000000-0000-4000-8000-000000000098,IND-0098,Emma,,Garcia,Emma Garcia,Emma Garcia,FEMALE,1967-09-23,58,MARRIED,"[{""type"": ""mobile"", ""number"": ""+10000000098"", ""is_primary"": true}]",,4793925798,XXXXXX5798,BASIC,en,images/IND-0098.jpg,550e8400-e29b-41d4-a716-446655884081,550e8400-e29b-41d4-a716-446655883021,550e8400-e29b-41d4-a716-446655442006,550e8400-e29b-41d4-a716-446655441002,550e8400-e29b-41d4-a716-446655440001,"{""hierarchy"": [{""level"": ""country"", ""level_value_id"": ""550e8400-e29b-41d4-a716-446655440001"", ""level_value_mnemonic"": ""kamuntu""}, {""level"": ""region"", ""level_value_id"": ""550e8400-e29b-41d4-a716-446655441002"", ""level_value_mnemonic"": ""chakula""}, {""level"": ""district"", ""level_value_id"": ""550e8400-e29b-41d4-a716-446655442006"", ""level_value_mnemonic"": ""njia""}, {""level"": ""ward"", ""level_value_id"": ""550e8400-e29b-41d4-a716-446655883021"", ""level_value_mnemonic"": ""moyo""}, {""level"": ""village"", ""level_value_id"": ""550e8400-e29b-41d4-a716-446655884081"", ""level_value_mnemonic"": ""bilucu""}], ""lowest_level_value_id"": ""550e8400-e29b-41d4-a716-446655884081""}",19.7556,67.8154,62,97AB+78,20472 West Avenue Apt. 043,Sector 9,000098,KM
20000000-0000-4000-8000-000000000099,IND-0099,Sandy,,Garcia,Sandy Garcia,Sandy Garcia,MALE,1991-07-12,34,MARRIED,"[{""type"": ""mobile"", ""number"": ""+10000000099"", ""is_primary"": true}]",,3200510647,XXXXXX0647,INTERMEDIARY,en,images/IND-0099.jpg,550e8400-e29b-41d4-a716-446655884081,550e8400-e29b-41d4-a716-446655883021,550e8400-e29b-41d4-a716-446655442006,550e8400-e29b-41d4-a716-446655441002,550e8400-e29b-41d4-a716-446655440001,"{""hierarchy"": [{""level"": ""country"", ""level_value_id"": ""550e8400-e29b-41d4-a716-446655440001"", ""level_value_mnemonic"": ""kamuntu""}, {""level"": ""region"", ""level_value_id"": ""550e8400-e29b-41d4-a716-446655441002"", ""level_value_mnemonic"": ""chakula""}, {""level"": ""district"", ""level_value_id"": ""550e8400-e29b-41d4-a716-446655442006"", ""level_value_mnemonic"": ""njia""}, {""level"": ""ward"", ""level_value_id"": ""550e8400-e29b-41d4-a716-446655883021"", ""level_value_mnemonic"": ""moyo""}, {""level"": ""village"", ""level_value_id"": ""550e8400-e29b-41d4-a716-446655884081"", ""level_value_mnemonic"": ""bilucu""}], ""lowest_level_value_id"": ""550e8400-e29b-41d4-a716-446655884081""}",19.7745,67.7511,223,97AB+77,43410 Robert Underpass Suite 117,Sector 1,000099,KM
20000000-0000-4000-8000-000000000100,IND-0100,Linda,Zachary,Garcia,Linda Zachary Garcia,Linda Zachary Garcia,FEMALE,1988-01-01,38,SINGLE,"[{""type"": ""mobile"", ""number"": ""+10000000100"", ""is_primary"": true}]",jennifercarter@example.org,6172957943,XXXXXX7943,BASIC,en,images/IND-0100.jpg,550e8400-e29b-41d4-a716-446655884081,550e8400-e29b-41d4-a716-446655883021,550e8400-e29b-41d4-a716-446655442006,550e8400-e29b-41d4-a716-446655441002,550e8400-e29b-41d4-a716-446655440001,"{""hierarchy"": [{""level"": ""country"", ""level_value_id"": ""550e8400-e29b-41d4-a716-446655440001"", ""level_value_mnemonic"": ""kamuntu""}, {""level"": ""region"", ""level_value_id"": ""550e8400-e29b-41d4-a716-446655441002"", ""level_value_mnemonic"": ""chakula""}, {""level"": ""district"", ""level_value_id"": ""550e8400-e29b-41d4-a716-446655442006"", ""level_value_mnemonic"": ""njia""}, {""level"": ""ward"", ""level_value_id"": ""550e8400-e29b-41d4-a716-446655883021"", ""level_value_mnemonic"": ""moyo""}, {""level"": ""village"", ""level_value_id"": ""550e8400-e29b-41d4-a716-446655884081"", ""level_value_mnemonic"": ""bilucu""}], ""lowest_level_value_id"": ""550e8400-e29b-41d4-a716-446655884081""}",19.8345,67.8167,245,98AB+78,96218 Jones Pine Apt. 670,Sector 2,000100,KM
20000000-0000-4000-8000-000000000101,IND-0101,Mark,Jon,Garcia,Mark Jon Garcia,Mark Jon Garcia,MALE,1976-07-07,49,SINGLE,"[{""type"": ""mobile"", ""number"": ""+10000000101"", ""is_primary"": true}]",kellycarlos@example.org,2521136431,XXXXXX6431,ILLITERATE,en,images/IND-0101.jpg,550e8400-e29b-41d4-a716-446655884081,550e8400-e29b-41d4-a716-446655883021,550e8400-e29b-41d4-a716-446655442006,550e8400-e29b-41d4-a716-446655441002,550e8400-e29b-41d4-a716-446655440001,"{""hierarchy"": [{""level"": ""country"", ""level_value_id"": ""550e8400-e29b-41d4-a716-446655440001"", ""level_value_mnemonic"": ""kamuntu""}, {""level"": ""region"", ""level_value_id"": ""550e8400-e29b-41d4-a716-446655441002"", ""level_value_mnemonic"": ""chakula""}, {""level"": ""district"", ""level_value_id"": ""550e8400-e29b-41d4-a716-446655442006"", ""level_value_mnemonic"": ""njia""}, {""level"": ""ward"", ""level_value_id"": ""550e8400-e29b-41d4-a716-446655883021"", ""level_value_mnemonic"": ""moyo""}, {""level"": ""village"", ""level_value_id"": ""550e8400-e29b-41d4-a716-446655884081"", ""level_value_mnemonic"": ""bilucu""}], ""lowest_level_value_id"": ""550e8400-e29b-41d4-a716-446655884081""}",19.7797,67.8142,161,97AB+78,520 Payne Via,Sector 3,000101,KM
20000000-0000-4000-8000-000000000102,IND-0102,Maria,,Garcia,Maria Garcia,Maria Garcia,FEMALE,1985-07-12,40,MARRIED,"[{""type"": ""mobile"", ""number"": ""+10000000102"", ""is_primary"": true}]",,2243458354,XXXXXX8354,HIGHER_EDUCATION,en,images/IND-0102.jpg,550e8400-e29b-41d4-a716-446655884081,550e8400-e29b-41d4-a716-446655883021,550e8400-e29b-41d4-a716-446655442006,550e8400-e29b-41d4-a716-446655441002,550e8400-e29b-41d4-a716-446655440001,"{""hierarchy"": [{""level"": ""country"", ""level_value_id"": ""550e8400-e29b-41d4-a716-446655440001"", ""level_value_mnemonic"": ""kamuntu""}, {""level"": ""region"", ""level_value_id"": ""550e8400-e29b-41d4-a716-446655441002"", ""level_value_mnemonic"": ""chakula""}, {""level"": ""district"", ""level_value_id"": ""550e8400-e29b-41d4-a716-446655442006"", ""level_value_mnemonic"": ""njia""}, {""level"": ""ward"", ""level_value_id"": ""550e8400-e29b-41d4-a716-446655883021"", ""level_value_mnemonic"": ""moyo""}, {""level"": ""village"", ""level_value_id"": ""550e8400-e29b-41d4-a716-446655884081"", ""level_value_mnemonic"": ""bilucu""}], ""lowest_level_value_id"": ""550e8400-e29b-41d4-a716-446655884081""}",19.7805,67.8366,93,97AB+78,722 Jennifer Mount Apt. 430,Sector 4,000102,KM
20000000-0000-4000-8000-000000000103,IND-0103,Sean,,Rivera,Sean Rivera,Sean Rivera,MALE,2009-12-24,16,MARRIED,"[{""type"": ""mobile"", ""number"": ""+10000000103"", ""is_primary"": true}]",,3719679239,XXXXXX9239,BASIC,en,images/IND-0103.jpg,550e8400-e29b-41d4-a716-446655884236,550e8400-e29b-41d4-a716-446655883059,550e8400-e29b-41d4-a716-446655442015,550e8400-e29b-41d4-a716-446655441004,550e8400-e29b-41d4-a716-446655440001,"{""hierarchy"": [{""level"": ""country"", ""level_value_id"": ""550e8400-e29b-41d4-a716-446655440001"", ""level_value_mnemonic"": ""kamuntu""}, {""level"": ""region"", ""level_value_id"": ""550e8400-e29b-41d4-a716-446655441004"", ""level_value_mnemonic"": ""faraja""}, {""level"": ""district"", ""level_value_id"": ""550e8400-e29b-41d4-a716-446655442015"", ""level_value_mnemonic"": ""zawadi""}, {""level"": ""ward"", ""level_value_id"": ""550e8400-e29b-41d4-a716-446655883059"", ""level_value_mnemonic"": ""kusikia""}, {""level"": ""village"", ""level_value_id"": ""550e8400-e29b-41d4-a716-446655884236"", ""level_value_mnemonic"": ""biliwa""}], ""lowest_level_value_id"": ""550e8400-e29b-41d4-a716-446655884236""}",17.8231,65.7894,248,78AB+57,6676 Beltran Parks,Sector 5,000103,KM
20000000-0000-4000-8000-000000000104,IND-0104,Melissa,,Rivera,Melissa Rivera,Melissa Rivera,FEMALE,1977-02-22,49,MARRIED,"[{""type"": ""mobile"", ""number"": ""+10000000104"", ""is_primary"": true}]",,5923940434,XXXXXX0434,ILLITERATE,en,images/IND-0104.jpg,550e8400-e29b-41d4-a716-446655884236,550e8400-e29b-41d4-a716-446655883059,550e8400-e29b-41d4-a716-446655442015,550e8400-e29b-41d4-a716-446655441004,550e8400-e29b-41d4-a716-446655440001,"{""hierarchy"": [{""level"": ""country"", ""level_value_id"": ""550e8400-e29b-41d4-a716-446655440001"", ""level_value_mnemonic"": ""kamuntu""}, {""level"": ""region"", ""level_value_id"": ""550e8400-e29b-41d4-a716-446655441004"", ""level_value_mnemonic"": ""faraja""}, {""level"": ""district"", ""level_value_id"": ""550e8400-e29b-41d4-a716-446655442015"", ""level_value_mnemonic"": ""zawadi""}, {""level"": ""ward"", ""level_value_id"": ""550e8400-e29b-41d4-a716-446655883059"", ""level_value_mnemonic"": ""kusikia""}, {""level"": ""village"", ""level_value_id"": ""550e8400-e29b-41d4-a716-446655884236"", ""level_value_mnemonic"": ""biliwa""}], ""lowest_level_value_id"": ""550e8400-e29b-41d4-a716-446655884236""}",17.7897,65.8302,244,77AB+58,61692 Morris Common Suite 447,Sector 6,000104,KM
20000000-0000-4000-8000-000000000105,IND-0105,Lance,,Rivera,Lance Rivera,Lance Rivera,MALE,1991-01-14,35,MARRIED,"[{""type"": ""mobile"", ""number"": ""+10000000105"", ""is_primary"": true}]",cbell@example.net,7977267911,XXXXXX7911,INTERMEDIARY,en,images/IND-0105.jpg,550e8400-e29b-41d4-a716-446655884236,550e8400-e29b-41d4-a716-446655883059,550e8400-e29b-41d4-a716-446655442015,550e8400-e29b-41d4-a716-446655441004,550e8400-e29b-41d4-a716-446655440001,"{""hierarchy"": [{""level"": ""country"", ""level_value_id"": ""550e8400-e29b-41d4-a716-446655440001"", ""level_value_mnemonic"": ""kamuntu""}, {""level"": ""region"", ""level_value_id"": ""550e8400-e29b-41d4-a716-446655441004"", ""level_value_mnemonic"": ""faraja""}, {""level"": ""district"", ""level_value_id"": ""550e8400-e29b-41d4-a716-446655442015"", ""level_value_mnemonic"": ""zawadi""}, {""level"": ""ward"", ""level_value_id"": ""550e8400-e29b-41d4-a716-446655883059"", ""level_value_mnemonic"": ""kusikia""}, {""level"": ""village"", ""level_value_id"": ""550e8400-e29b-41d4-a716-446655884236"", ""level_value_mnemonic"": ""biliwa""}], ""lowest_level_value_id"": ""550e8400-e29b-41d4-a716-446655884236""}",17.8564,65.8327,88,78AB+58,640 Emily Lodge Suite 820,Sector 7,000105,KM
20000000-0000-4000-8000-000000000106,IND-0106,Brenda,,Rivera,Brenda Rivera,Brenda Rivera,FEMALE,1967-03-12,59,SINGLE,"[{""type"": ""mobile"", ""number"": ""+10000000106"", ""is_primary"": true}]",ejohnson@example.org,3178995337,XXXXXX5337,BASIC,en,images/IND-0106.jpg,550e8400-e29b-41d4-a716-446655884236,550e8400-e29b-41d4-a716-446655883059,550e8400-e29b-41d4-a716-446655442015,550e8400-e29b-41d4-a716-446655441004,550e8400-e29b-41d4-a716-446655440001,"{""hierarchy"": [{""level"": ""country"", ""level_value_id"": ""550e8400-e29b-41d4-a716-446655440001"", ""level_value_mnemonic"": ""kamuntu""}, {""level"": ""region"", ""level_value_id"": ""550e8400-e29b-41d4-a716-446655441004"", ""level_value_mnemonic"": ""faraja""}, {""level"": ""district"", ""level_value_id"": ""550e8400-e29b-41d4-a716-446655442015"", ""level_value_mnemonic"": ""zawadi""}, {""level"": ""ward"", ""level_value_id"": ""550e8400-e29b-41d4-a716-446655883059"", ""level_value_mnemonic"": ""kusikia""}, {""level"": ""village"", ""level_value_id"": ""550e8400-e29b-41d4-a716-446655884236"", ""level_value_mnemonic"": ""biliwa""}], ""lowest_level_value_id"": ""550e8400-e29b-41d4-a716-446655884236""}",17.801,65.8152,64,78AB+58,6909 Erika Land Suite 719,Sector 8,000106,KM
20000000-0000-4000-8000-000000000107,IND-0107,Chad,,Rivera,Chad Rivera,Chad Rivera,MALE,1961-06-01,65,MARRIED,"[{""type"": ""mobile"", ""number"": ""+10000000107"", ""is_primary"": true}]",debra31@example.org,4847761430,XXXXXX1430,HIGHER_EDUCATION,en,images/IND-0107.jpg,550e8400-e29b-41d4-a716-446655884236,550e8400-e29b-41d4-a716-446655883059,550e8400-e29b-41d4-a716-446655442015,550e8400-e29b-41d4-a716-446655441004,550e8400-e29b-41d4-a716-446655440001,"{""hierarchy"": [{""level"": ""country"", ""level_value_id"": ""550e8400-e29b-41d4-a716-446655440001"", ""level_value_mnemonic"": ""kamuntu""}, {""level"": ""region"", ""level_value_id"": ""550e8400-e29b-41d4-a716-446655441004"", ""level_value_mnemonic"": ""faraja""}, {""level"": ""district"", ""level_value_id"": ""550e8400-e29b-41d4-a716-446655442015"", ""level_value_mnemonic"": ""zawadi""}, {""level"": ""ward"", ""level_value_id"": ""550e8400-e29b-41d4-a716-446655883059"", ""level_value_mnemonic"": ""kusikia""}, {""level"": ""village"", ""level_value_id"": ""550e8400-e29b-41d4-a716-446655884236"", ""level_value_mnemonic"": ""biliwa""}], ""lowest_level_value_id"": ""550e8400-e29b-41d4-a716-446655884236""}",17.815,65.851,216,78AB+58,8681 Hampton Squares,Sector 9,000107,KM
20000000-0000-4000-8000-000000000108,IND-0108,Jeremy,,Davies,Jeremy Davies,Jeremy Davies,MALE,1983-04-03,43,MARRIED,"[{""type"": ""mobile"", ""number"": ""+10000000108"", ""is_primary"": true}]",,4067961943,XXXXXX1943,INTERMEDIARY,en,images/IND-0108.jpg,550e8400-e29b-41d4-a716-446655884244,550e8400-e29b-41d4-a716-446655883061,550e8400-e29b-41d4-a716-446655442016,550e8400-e29b-41d4-a716-446655441004,550e8400-e29b-41d4-a716-446655440001,"{""hierarchy"": [{""level"": ""country"", ""level_value_id"": ""550e8400-e29b-41d4-a716-446655440001"", ""level_value_mnemonic"": ""kamuntu""}, {""level"": ""region"", ""level_value_id"": ""550e8400-e29b-41d4-a716-446655441004"", ""level_value_mnemonic"": ""faraja""}, {""level"": ""district"", ""level_value_id"": ""550e8400-e29b-41d4-a716-446655442016"", ""level_value_mnemonic"": ""tunza""}, {""level"": ""ward"", ""level_value_id"": ""550e8400-e29b-41d4-a716-446655883061"", ""level_value_mnemonic"": ""kuwasha""}, {""level"": ""village"", ""level_value_id"": ""550e8400-e29b-41d4-a716-446655884244"", ""level_value_mnemonic"": ""billah""}], ""lowest_level_value_id"": ""550e8400-e29b-41d4-a716-446655884244""}",16.8805,67.8473,113,68AB+78,731 Melissa Mission Apt. 715,Sector 1,000108,KM
20000000-0000-4000-8000-000000000109,IND-0109,Michael,,Davies,Michael Davies,Michael Davies,FEMALE,1948-02-02,78,MARRIED,"[{""type"": ""mobile"", ""number"": ""+10000000109"", ""is_primary"": true}]",patricia22@example.com,3567900251,XXXXXX0251,HIGHER_EDUCATION,en,images/IND-0109.jpg,550e8400-e29b-41d4-a716-446655884244,550e8400-e29b-41d4-a716-446655883061,550e8400-e29b-41d4-a716-446655442016,550e8400-e29b-41d4-a716-446655441004,550e8400-e29b-41d4-a716-446655440001,"{""hierarchy"": [{""level"": ""country"", ""level_value_id"": ""550e8400-e29b-41d4-a716-446655440001"", ""level_value_mnemonic"": ""kamuntu""}, {""level"": ""region"", ""level_value_id"": ""550e8400-e29b-41d4-a716-446655441004"", ""level_value_mnemonic"": ""faraja""}, {""level"": ""district"", ""level_value_id"": ""550e8400-e29b-41d4-a716-446655442016"", ""level_value_mnemonic"": ""tunza""}, {""level"": ""ward"", ""level_value_id"": ""550e8400-e29b-41d4-a716-446655883061"", ""level_value_mnemonic"": ""kuwasha""}, {""level"": ""village"", ""level_value_id"": ""550e8400-e29b-41d4-a716-446655884244"", ""level_value_mnemonic"": ""billah""}], ""lowest_level_value_id"": ""550e8400-e29b-41d4-a716-446655884244""}",16.9089,67.8947,66,69AB+78,32370 Spencer Land,Sector 2,000109,KM
20000000-0000-4000-8000-000000000110,IND-0110,Julie,David,Davies,Julie David Davies,Julie David Davies,FEMALE,1966-12-09,59,WIDOWED,"[{""type"": ""mobile"", ""number"": ""+10000000110"", ""is_primary"": true}]",jonesraymond@example.net,2431779064,XXXXXX9064,INTERMEDIARY,en,images/IND-0110.jpg,550e8400-e29b-41d4-a716-446655884244,550e8400-e29b-41d4-a716-446655883061,550e8400-e29b-41d4-a716-446655442016,550e8400-e29b-41d4-a716-446655441004,550e8400-e29b-41d4-a716-446655440001,"{""hierarchy"": [{""level"": ""country"", ""level_value_id"": ""550e8400-e29b-41d4-a716-446655440001"", ""level_value_mnemonic"": ""kamuntu""}, {""level"": ""region"", ""level_value_id"": ""550e8400-e29b-41d4-a716-446655441004"", ""level_value_mnemonic"": ""faraja""}, {""level"": ""district"", ""level_value_id"": ""550e8400-e29b-41d4-a716-446655442016"", ""level_value_mnemonic"": ""tunza""}, {""level"": ""ward"", ""level_value_id"": ""550e8400-e29b-41d4-a716-446655883061"", ""level_value_mnemonic"": ""kuwasha""}, {""level"": ""village"", ""level_value_id"": ""550e8400-e29b-41d4-a716-446655884244"", ""level_value_mnemonic"": ""billah""}], ""lowest_level_value_id"": ""550e8400-e29b-41d4-a716-446655884244""}",16.8883,67.8441,139,68AB+78,669 David Island Apt. 778,Sector 3,000110,KM
20000000-0000-4000-8000-000000000111,IND-0111,Gregory,,Davies,Gregory Davies,Gregory Davies,MALE,1951-07-31,74,MARRIED,"[{""type"": ""mobile"", ""number"": ""+10000000111"", ""is_primary"": true}]",katrinaanderson@example.net,9991312028,XXXXXX2028,CAN_READ_AND_WRITE,en,images/IND-0111.jpg,550e8400-e29b-41d4-a716-446655884244,550e8400-e29b-41d4-a716-446655883061,550e8400-e29b-41d4-a716-446655442016,550e8400-e29b-41d4-a716-446655441004,550e8400-e29b-41d4-a716-446655440001,"{""hierarchy"": [{""level"": ""country"", ""level_value_id"": ""550e8400-e29b-41d4-a716-446655440001"", ""level_value_mnemonic"": ""kamuntu""}, {""level"": ""region"", ""level_value_id"": ""550e8400-e29b-41d4-a716-446655441004"", ""level_value_mnemonic"": ""faraja""}, {""level"": ""district"", ""level_value_id"": ""550e8400-e29b-41d4-a716-446655442016"", ""level_value_mnemonic"": ""tunza""}, {""level"": ""ward"", ""level_value_id"": ""550e8400-e29b-41d4-a716-446655883061"", ""level_value_mnemonic"": ""kuwasha""}, {""level"": ""village"", ""level_value_id"": ""550e8400-e29b-41d4-a716-446655884244"", ""level_value_mnemonic"": ""billah""}], ""lowest_level_value_id"": ""550e8400-e29b-41d4-a716-446655884244""}",16.897,67.8808,54,68AB+78,82422 Donovan Fork,Sector 4,000111,KM
20000000-0000-4000-8000-000000000112,IND-0112,Gregory,,Davies,Gregory Davies,Gregory Davies,MALE,1976-02-25,50,MARRIED,"[{""type"": ""mobile"", ""number"": ""+10000000112"", ""is_primary"": true}]",meghan43@example.net,1590838716,XXXXXX8716,HIGHER_EDUCATION,en,images/IND-0112.jpg,550e8400-e29b-41d4-a716-446655884244,550e8400-e29b-41d4-a716-446655883061,550e8400-e29b-41d4-a716-446655442016,550e8400-e29b-41d4-a716-446655441004,550e8400-e29b-41d4-a716-446655440001,"{""hierarchy"": [{""level"": ""country"", ""level_value_id"": ""550e8400-e29b-41d4-a716-446655440001"", ""level_value_mnemonic"": ""kamuntu""}, {""level"": ""region"", ""level_value_id"": ""550e8400-e29b-41d4-a716-446655441004"", ""level_value_mnemonic"": ""faraja""}, {""level"": ""district"", ""level_value_id"": ""550e8400-e29b-41d4-a716-446655442016"", ""level_value_mnemonic"": ""tunza""}, {""level"": ""ward"", ""level_value_id"": ""550e8400-e29b-41d4-a716-446655883061"", ""level_value_mnemonic"": ""kuwasha""}, {""level"": ""village"", ""level_value_id"": ""550e8400-e29b-41d4-a716-446655884244"", ""level_value_mnemonic"": ""billah""}], ""lowest_level_value_id"": ""550e8400-e29b-41d4-a716-446655884244""}",16.8377,67.9144,75,68AB+79,49818 Brittany Prairie Apt. 299,Sector 5,000112,KM
20000000-0000-4000-8000-000000000113,IND-0113,George,,Davies,George Davies,George Davies,MALE,1966-08-06,59,SINGLE,"[{""type"": ""mobile"", ""number"": ""+10000000113"", ""is_primary"": true}]",,2617999521,XXXXXX9521,CAN_READ_AND_WRITE,en,images/IND-0113.jpg,550e8400-e29b-41d4-a716-446655884244,550e8400-e29b-41d4-a716-446655883061,550e8400-e29b-41d4-a716-446655442016,550e8400-e29b-41d4-a716-446655441004,550e8400-e29b-41d4-a716-446655440001,"{""hierarchy"": [{""level"": ""country"", ""level_value_id"": ""550e8400-e29b-41d4-a716-446655440001"", ""level_value_mnemonic"": ""kamuntu""}, {""level"": ""region"", ""level_value_id"": ""550e8400-e29b-41d4-a716-446655441004"", ""level_value_mnemonic"": ""faraja""}, {""level"": ""district"", ""level_value_id"": ""550e8400-e29b-41d4-a716-446655442016"", ""level_value_mnemonic"": ""tunza""}, {""level"": ""ward"", ""level_value_id"": ""550e8400-e29b-41d4-a716-446655883061"", ""level_value_mnemonic"": ""kuwasha""}, {""level"": ""village"", ""level_value_id"": ""550e8400-e29b-41d4-a716-446655884244"", ""level_value_mnemonic"": ""billah""}], ""lowest_level_value_id"": ""550e8400-e29b-41d4-a716-446655884244""}",16.8462,67.9131,247,68AB+79,10943 Montgomery Burgs,Sector 6,000113,KM
20000000-0000-4000-8000-000000000114,IND-0114,Kathleen,Keith,Davies,Kathleen Keith Davies,Kathleen Keith Davies,FEMALE,1985-04-21,41,MARRIED,"[{""type"": ""mobile"", ""number"": ""+10000000114"", ""is_primary"": true}]",,2928130926,XXXXXX0926,CAN_READ_AND_WRITE,en,images/IND-0114.jpg,550e8400-e29b-41d4-a716-446655884244,550e8400-e29b-41d4-a716-446655883061,550e8400-e29b-41d4-a716-446655442016,550e8400-e29b-41d4-a716-446655441004,550e8400-e29b-41d4-a716-446655440001,"{""hierarchy"": [{""level"": ""country"", ""level_value_id"": ""550e8400-e29b-41d4-a716-446655440001"", ""level_value_mnemonic"": ""kamuntu""}, {""level"": ""region"", ""level_value_id"": ""550e8400-e29b-41d4-a716-446655441004"", ""level_value_mnemonic"": ""faraja""}, {""level"": ""district"", ""level_value_id"": ""550e8400-e29b-41d4-a716-446655442016"", ""level_value_mnemonic"": ""tunza""}, {""level"": ""ward"", ""level_value_id"": ""550e8400-e29b-41d4-a716-446655883061"", ""level_value_mnemonic"": ""kuwasha""}, {""level"": ""village"", ""level_value_id"": ""550e8400-e29b-41d4-a716-446655884244"", ""level_value_mnemonic"": ""billah""}], ""lowest_level_value_id"": ""550e8400-e29b-41d4-a716-446655884244""}",16.8834,67.8609,257,68AB+78,3647 Haley Estate Suite 677,Sector 7,000114,KM
20000000-0000-4000-8000-000000000115,IND-0115,Bryan,,Cole,Bryan Cole,Bryan Cole,MALE,1998-08-24,27,MARRIED,"[{""type"": ""mobile"", ""number"": ""+10000000115"", ""is_primary"": true}]",,4277561834,XXXXXX1834,ILLITERATE,en,images/IND-0115.jpg,550e8400-e29b-41d4-a716-446655884189,550e8400-e29b-41d4-a716-446655883048,550e8400-e29b-41d4-a716-446655442012,550e8400-e29b-41d4-a716-446655441003,550e8400-e29b-41d4-a716-446655440001,"{""hierarchy"": [{""level"": ""country"", ""level_value_id"": ""550e8400-e29b-41d4-a716-446655440001"", ""level_value_mnemonic"": ""kamuntu""}, {""level"": ""region"", ""level_value_id"": ""550e8400-e29b-41d4-a716-446655441003"", ""level_value_mnemonic"": ""jasiri""}, {""level"": ""district"", ""level_value_id"": ""550e8400-e29b-41d4-a716-446655442012"", ""level_value_mnemonic"": ""mapema""}, {""level"": ""ward"", ""level_value_id"": ""550e8400-e29b-41d4-a716-446655883048"", ""level_value_mnemonic"": ""tahini""}, {""level"": ""village"", ""level_value_id"": ""550e8400-e29b-41d4-a716-446655884189"", ""level_value_mnemonic"": ""bimbey""}], ""lowest_level_value_id"": ""550e8400-e29b-41d4-a716-446655884189""}",16.1173,70.1805,87,61AB+01,04696 Sydney Estate,Sector 8,000115,KM
20000000-0000-4000-8000-000000000116,IND-0116,Robert,,Cole,Robert Cole,Robert Cole,FEMALE,1979-11-10,46,MARRIED,"[{""type"": ""mobile"", ""number"": ""+10000000116"", ""is_primary"": true}]",james27@example.net,2606152369,XXXXXX2369,ILLITERATE,en,images/IND-0116.jpg,550e8400-e29b-41d4-a716-446655884189,550e8400-e29b-41d4-a716-446655883048,550e8400-e29b-41d4-a716-446655442012,550e8400-e29b-41d4-a716-446655441003,550e8400-e29b-41d4-a716-446655440001,"{""hierarchy"": [{""level"": ""country"", ""level_value_id"": ""550e8400-e29b-41d4-a716-446655440001"", ""level_value_mnemonic"": ""kamuntu""}, {""level"": ""region"", ""level_value_id"": ""550e8400-e29b-41d4-a716-446655441003"", ""level_value_mnemonic"": ""jasiri""}, {""level"": ""district"", ""level_value_id"": ""550e8400-e29b-41d4-a716-446655442012"", ""level_value_mnemonic"": ""mapema""}, {""level"": ""ward"", ""level_value_id"": ""550e8400-e29b-41d4-a716-446655883048"", ""level_value_mnemonic"": ""tahini""}, {""level"": ""village"", ""level_value_id"": ""550e8400-e29b-41d4-a716-446655884189"", ""level_value_mnemonic"": ""bimbey""}], ""lowest_level_value_id"": ""550e8400-e29b-41d4-a716-446655884189""}",16.1286,70.0982,107,61AB+00,4701 Wagner Garden Apt. 950,Sector 9,000116,KM
20000000-0000-4000-8000-000000000117,IND-0117,Amber,,Cole,Amber Cole,Amber Cole,FEMALE,2014-12-29,11,SINGLE,"[{""type"": ""mobile"", ""number"": ""+10000000117"", ""is_primary"": true}]",,4569592370,XXXXXX2370,ILLITERATE,en,images/IND-0117.jpg,550e8400-e29b-41d4-a716-446655884189,550e8400-e29b-41d4-a716-446655883048,550e8400-e29b-41d4-a716-446655442012,550e8400-e29b-41d4-a716-446655441003,550e8400-e29b-41d4-a716-446655440001,"{""hierarchy"": [{""level"": ""country"", ""level_value_id"": ""550e8400-e29b-41d4-a716-446655440001"", ""level_value_mnemonic"": ""kamuntu""}, {""level"": ""region"", ""level_value_id"": ""550e8400-e29b-41d4-a716-446655441003"", ""level_value_mnemonic"": ""jasiri""}, {""level"": ""district"", ""level_value_id"": ""550e8400-e29b-41d4-a716-446655442012"", ""level_value_mnemonic"": ""mapema""}, {""level"": ""ward"", ""level_value_id"": ""550e8400-e29b-41d4-a716-446655883048"", ""level_value_mnemonic"": ""tahini""}, {""level"": ""village"", ""level_value_id"": ""550e8400-e29b-41d4-a716-446655884189"", ""level_value_mnemonic"": ""bimbey""}], ""lowest_level_value_id"": ""550e8400-e29b-41d4-a716-446655884189""}",16.1659,70.1369,207,61AB+01,8016 Nicole Stream Suite 650,Sector 1,000117,KM
20000000-0000-4000-8000-000000000118,IND-0118,James,James,Cole,James James Cole,James James Cole,MALE,2006-10-05,19,MARRIED,"[{""type"": ""mobile"", ""number"": ""+10000000118"", ""is_primary"": true}]",charles87@example.net,7561728644,XXXXXX8644,CAN_READ_AND_WRITE,en,images/IND-0118.jpg,550e8400-e29b-41d4-a716-446655884189,550e8400-e29b-41d4-a716-446655883048,550e8400-e29b-41d4-a716-446655442012,550e8400-e29b-41d4-a716-446655441003,550e8400-e29b-41d4-a716-446655440001,"{""hierarchy"": [{""level"": ""country"", ""level_value_id"": ""550e8400-e29b-41d4-a716-446655440001"", ""level_value_mnemonic"": ""kamuntu""}, {""level"": ""region"", ""level_value_id"": ""550e8400-e29b-41d4-a716-446655441003"", ""level_value_mnemonic"": ""jasiri""}, {""level"": ""district"", ""level_value_id"": ""550e8400-e29b-41d4-a716-446655442012"", ""level_value_mnemonic"": ""mapema""}, {""level"": ""ward"", ""level_value_id"": ""550e8400-e29b-41d4-a716-446655883048"", ""level_value_mnemonic"": ""tahini""}, {""level"": ""village"", ""level_value_id"": ""550e8400-e29b-41d4-a716-446655884189"", ""level_value_mnemonic"": ""bimbey""}], ""lowest_level_value_id"": ""550e8400-e29b-41d4-a716-446655884189""}",16.1011,70.1188,127,61AB+01,912 Phillip Underpass Suite 852,Sector 2,000118,KM
20000000-0000-4000-8000-000000000119,IND-0119,Christina,,Cole,Christina Cole,Christina Cole,FEMALE,2000-01-13,26,SINGLE,"[{""type"": ""mobile"", ""number"": ""+10000000119"", ""is_primary"": true}]",williamsderrick@example.com,9182543558,XXXXXX3558,CAN_READ_AND_WRITE,en,images/IND-0119.jpg,550e8400-e29b-41d4-a716-446655884189,550e8400-e29b-41d4-a716-446655883048,550e8400-e29b-41d4-a716-446655442012,550e8400-e29b-41d4-a716-446655441003,550e8400-e29b-41d4-a716-446655440001,"{""hierarchy"": [{""level"": ""country"", ""level_value_id"": ""550e8400-e29b-41d4-a716-446655440001"", ""level_value_mnemonic"": ""kamuntu""}, {""level"": ""region"", ""level_value_id"": ""550e8400-e29b-41d4-a716-446655441003"", ""level_value_mnemonic"": ""jasiri""}, {""level"": ""district"", ""level_value_id"": ""550e8400-e29b-41d4-a716-446655442012"", ""level_value_mnemonic"": ""mapema""}, {""level"": ""ward"", ""level_value_id"": ""550e8400-e29b-41d4-a716-446655883048"", ""level_value_mnemonic"": ""tahini""}, {""level"": ""village"", ""level_value_id"": ""550e8400-e29b-41d4-a716-446655884189"", ""level_value_mnemonic"": ""bimbey""}], ""lowest_level_value_id"": ""550e8400-e29b-41d4-a716-446655884189""}",16.1497,70.0916,181,61AB+00,729 Mark Ridge Suite 269,Sector 3,000119,KM
20000000-0000-4000-8000-000000000120,IND-0120,Nancy,,Cole,Nancy Cole,Nancy Cole,FEMALE,1996-01-18,30,MARRIED,"[{""type"": ""mobile"", ""number"": ""+10000000120"", ""is_primary"": true}]",william88@example.com,3869961166,XXXXXX1166,HIGHER_EDUCATION,en,images/IND-0120.jpg,550e8400-e29b-41d4-a716-446655884189,550e8400-e29b-41d4-a716-446655883048,550e8400-e29b-41d4-a716-446655442012,550e8400-e29b-41d4-a716-446655441003,550e8400-e29b-41d4-a716-446655440001,"{""hierarchy"": [{""level"": ""country"", ""level_value_id"": ""550e8400-e29b-41d4-a716-446655440001"", ""level_value_mnemonic"": ""kamuntu""}, {""level"": ""region"", ""level_value_id"": ""550e8400-e29b-41d4-a716-446655441003"", ""level_value_mnemonic"": ""jasiri""}, {""level"": ""district"", ""level_value_id"": ""550e8400-e29b-41d4-a716-446655442012"", ""level_value_mnemonic"": ""mapema""}, {""level"": ""ward"", ""level_value_id"": ""550e8400-e29b-41d4-a716-446655883048"", ""level_value_mnemonic"": ""tahini""}, {""level"": ""village"", ""level_value_id"": ""550e8400-e29b-41d4-a716-446655884189"", ""level_value_mnemonic"": ""bimbey""}], ""lowest_level_value_id"": ""550e8400-e29b-41d4-a716-446655884189""}",16.1423,70.1261,294,61AB+01,0551 Silva Underpass Apt. 974,Sector 4,000120,KM
20000000-0000-4000-8000-000000000121,IND-0121,Walter,,Cole,Walter Cole,Walter Cole,MALE,1987-03-09,39,MARRIED,"[{""type"": ""mobile"", ""number"": ""+10000000121"", ""is_primary"": true}]",jennifersilva@example.org,6898288854,XXXXXX8854,ILLITERATE,en,images/IND-0121.jpg,550e8400-e29b-41d4-a716-446655884189,550e8400-e29b-41d4-a716-446655883048,550e8400-e29b-41d4-a716-446655442012,550e8400-e29b-41d4-a716-446655441003,550e8400-e29b-41d4-a716-446655440001,"{""hierarchy"": [{""level"": ""country"", ""level_value_id"": ""550e8400-e29b-41d4-a716-446655440001"", ""level_value_mnemonic"": ""kamuntu""}, {""level"": ""region"", ""level_value_id"": ""550e8400-e29b-41d4-a716-446655441003"", ""level_value_mnemonic"": ""jasiri""}, {""level"": ""district"", ""level_value_id"": ""550e8400-e29b-41d4-a716-446655442012"", ""level_value_mnemonic"": ""mapema""}, {""level"": ""ward"", ""level_value_id"": ""550e8400-e29b-41d4-a716-446655883048"", ""level_value_mnemonic"": ""tahini""}, {""level"": ""village"", ""level_value_id"": ""550e8400-e29b-41d4-a716-446655884189"", ""level_value_mnemonic"": ""bimbey""}], ""lowest_level_value_id"": ""550e8400-e29b-41d4-a716-446655884189""}",16.1647,70.1257,67,61AB+01,30913 Scott Manor Apt. 636,Sector 5,000121,KM
20000000-0000-4000-8000-000000000122,IND-0122,Jonathan,,Carr,Jonathan Carr,Jonathan Carr,MALE,1987-01-10,39,MARRIED,"[{""type"": ""mobile"", ""number"": ""+10000000122"", ""is_primary"": true}]",,8281641403,XXXXXX1403,INTERMEDIARY,en,images/IND-0122.jpg,550e8400-e29b-41d4-a716-446655884171,550e8400-e29b-41d4-a716-446655883043,550e8400-e29b-41d4-a716-446655442011,550e8400-e29b-41d4-a716-446655441003,550e8400-e29b-41d4-a716-446655440001,"{""hierarchy"": [{""level"": ""country"", ""level_value_id"": ""550e8400-e29b-41d4-a716-446655440001"", ""level_value_mnemonic"": ""kamuntu""}, {""level"": ""region"", ""level_value_id"": ""550e8400-e29b-41d4-a716-446655441003"", ""level_value_mnemonic"": ""jasiri""}, {""level"": ""district"", ""level_value_id"": ""550e8400-e29b-41d4-a716-446655442011"", ""level_value_mnemonic"": ""baraka""}, {""level"": ""ward"", ""level_value_id"": ""550e8400-e29b-41d4-a716-446655883043"", ""level_value_mnemonic"": ""safari""}, {""level"": ""village"", ""level_value_id"": ""550e8400-e29b-41d4-a716-446655884171"", ""level_value_mnemonic"": ""bimara""}], ""lowest_level_value_id"": ""550e8400-e29b-41d4-a716-446655884171""}",19.0032,68.0211,66,90AB+80,028 Ann Shore Suite 865,Sector 6,000122,KM
20000000-0000-4000-8000-000000000123,IND-0123,Tyler,Amanda,Carr,Tyler Amanda Carr,Tyler Amanda Carr,FEMALE,2025-04-22,1,MARRIED,"[{""type"": ""mobile"", ""number"": ""+10000000123"", ""is_primary"": true}]",,4804440746,XXXXXX0746,,en,images/IND-0123.jpg,550e8400-e29b-41d4-a716-446655884171,550e8400-e29b-41d4-a716-446655883043,550e8400-e29b-41d4-a716-446655442011,550e8400-e29b-41d4-a716-446655441003,550e8400-e29b-41d4-a716-446655440001,"{""hierarchy"": [{""level"": ""country"", ""level_value_id"": ""550e8400-e29b-41d4-a716-446655440001"", ""level_value_mnemonic"": ""kamuntu""}, {""level"": ""region"", ""level_value_id"": ""550e8400-e29b-41d4-a716-446655441003"", ""level_value_mnemonic"": ""jasiri""}, {""level"": ""district"", ""level_value_id"": ""550e8400-e29b-41d4-a716-446655442011"", ""level_value_mnemonic"": ""baraka""}, {""level"": ""ward"", ""level_value_id"": ""550e8400-e29b-41d4-a716-446655883043"", ""level_value_mnemonic"": ""safari""}, {""level"": ""village"", ""level_value_id"": ""550e8400-e29b-41d4-a716-446655884171"", ""level_value_mnemonic"": ""bimara""}], ""lowest_level_value_id"": ""550e8400-e29b-41d4-a716-446655884171""}",18.9716,67.971,151,89AB+79,497 Susan Harbors Suite 344,Sector 7,000123,KM
20000000-0000-4000-8000-000000000124,IND-0124,Michele,Tracy,Carr,Michele Tracy Carr,Michele Tracy Carr,FEMALE,1976-03-03,50,MARRIED,"[{""type"": ""mobile"", ""number"": ""+10000000124"", ""is_primary"": true}]",,8111312076,XXXXXX2076,INTERMEDIARY,en,images/IND-0124.jpg,550e8400-e29b-41d4-a716-446655884171,550e8400-e29b-41d4-a716-446655883043,550e8400-e29b-41d4-a716-446655442011,550e8400-e29b-41d4-a716-446655441003,550e8400-e29b-41d4-a716-446655440001,"{""hierarchy"": [{""level"": ""country"", ""level_value_id"": ""550e8400-e29b-41d4-a716-446655440001"", ""level_value_mnemonic"": ""kamuntu""}, {""level"": ""region"", ""level_value_id"": ""550e8400-e29b-41d4-a716-446655441003"", ""level_value_mnemonic"": ""jasiri""}, {""level"": ""district"", ""level_value_id"": ""550e8400-e29b-41d4-a716-446655442011"", ""level_value_mnemonic"": ""baraka""}, {""level"": ""ward"", ""level_value_id"": ""550e8400-e29b-41d4-a716-446655883043"", ""level_value_mnemonic"": ""safari""}, {""level"": ""village"", ""level_value_id"": ""550e8400-e29b-41d4-a716-446655884171"", ""level_value_mnemonic"": ""bimara""}], ""lowest_level_value_id"": ""550e8400-e29b-41d4-a716-446655884171""}",18.9673,68.0199,161,89AB+80,8441 Huang Locks Suite 240,Sector 8,000124,KM
20000000-0000-4000-8000-000000000125,IND-0125,Donna,,Carr,Donna Carr,Donna Carr,FEMALE,2010-04-09,16,SINGLE,"[{""type"": ""mobile"", ""number"": ""+10000000125"", ""is_primary"": true}]",,9944748312,XXXXXX8312,CAN_READ_AND_WRITE,en,images/IND-0125.jpg,550e8400-e29b-41d4-a716-446655884171,550e8400-e29b-41d4-a716-446655883043,550e8400-e29b-41d4-a716-446655442011,550e8400-e29b-41d4-a716-446655441003,550e8400-e29b-41d4-a716-446655440001,"{""hierarchy"": [{""level"": ""country"", ""level_value_id"": ""550e8400-e29b-41d4-a716-446655440001"", ""level_value_mnemonic"": ""kamuntu""}, {""level"": ""region"", ""level_value_id"": ""550e8400-e29b-41d4-a716-446655441003"", ""level_value_mnemonic"": ""jasiri""}, {""level"": ""district"", ""level_value_id"": ""550e8400-e29b-41d4-a716-446655442011"", ""level_value_mnemonic"": ""baraka""}, {""level"": ""ward"", ""level_value_id"": ""550e8400-e29b-41d4-a716-446655883043"", ""level_value_mnemonic"": ""safari""}, {""level"": ""village"", ""level_value_id"": ""550e8400-e29b-41d4-a716-446655884171"", ""level_value_mnemonic"": ""bimara""}], ""lowest_level_value_id"": ""550e8400-e29b-41d4-a716-446655884171""}",18.9824,67.9831,260,89AB+79,4733 Fitzpatrick Square Suite 219,Sector 9,000125,KM
20000000-0000-4000-8000-000000000126,IND-0126,Patrick,Brent,Allen,Patrick Brent Allen,Patrick Brent Allen,MALE,1994-07-27,31,MARRIED,"[{""type"": ""mobile"", ""number"": ""+10000000126"", ""is_primary"": true}]",danawilliams@example.com,8377306021,XXXXXX6021,BASIC,en,images/IND-0126.jpg,550e8400-e29b-41d4-a716-446655884151,550e8400-e29b-41d4-a716-446655883038,550e8400-e29b-41d4-a716-446655442010,550e8400-e29b-41d4-a716-446655441003,550e8400-e29b-41d4-a716-446655440001,"{""hierarchy"": [{""level"": ""country"", ""level_value_id"": ""550e8400-e29b-41d4-a716-446655440001"", ""level_value_mnemonic"": ""kamuntu""}, {""level"": ""region"", ""level_value_id"": ""550e8400-e29b-41d4-a716-446655441003"", ""level_value_mnemonic"": ""jasiri""}, {""level"": ""district"", ""level_value_id"": ""550e8400-e29b-41d4-a716-446655442010"", ""level_value_mnemonic"": ""ndoto""}, {""level"": ""ward"", ""level_value_id"": ""550e8400-e29b-41d4-a716-446655883038"", ""level_value_mnemonic"": ""karibu""}, {""level"": ""village"", ""level_value_id"": ""550e8400-e29b-41d4-a716-446655884151"", ""level_value_mnemonic"": ""biluyu""}], ""lowest_level_value_id"": ""550e8400-e29b-41d4-a716-446655884151""}",13.8967,65.9244,164,38AB+59,712 Tamara Estate Suite 773,Sector 1,000126,KM
20000000-0000-4000-8000-000000000127,IND-0127,Nicole,Justin,Allen,Nicole Justin Allen,Nicole Justin Allen,FEMALE,1962-11-23,63,MARRIED,"[{""type"": ""mobile"", ""number"": ""+10000000127"", ""is_primary"": true}]",velezchristopher@example.net,8033062794,XXXXXX2794,ILLITERATE,en,images/IND-0127.jpg,550e8400-e29b-41d4-a716-446655884151,550e8400-e29b-41d4-a716-446655883038,550e8400-e29b-41d4-a716-446655442010,550e8400-e29b-41d4-a716-446655441003,550e8400-e29b-41d4-a716-446655440001,"{""hierarchy"": [{""level"": ""country"", ""level_value_id"": ""550e8400-e29b-41d4-a716-446655440001"", ""level_value_mnemonic"": ""kamuntu""}, {""level"": ""region"", ""level_value_id"": ""550e8400-e29b-41d4-a716-446655441003"", ""level_value_mnemonic"": ""jasiri""}, {""level"": ""district"", ""level_value_id"": ""550e8400-e29b-41d4-a716-446655442010"", ""level_value_mnemonic"": ""ndoto""}, {""level"": ""ward"", ""level_value_id"": ""550e8400-e29b-41d4-a716-446655883038"", ""level_value_mnemonic"": ""karibu""}, {""level"": ""village"", ""level_value_id"": ""550e8400-e29b-41d4-a716-446655884151"", ""level_value_mnemonic"": ""biluyu""}], ""lowest_level_value_id"": ""550e8400-e29b-41d4-a716-446655884151""}",13.9163,65.9601,223,39AB+59,026 Sarah Camp,Sector 2,000127,KM
20000000-0000-4000-8000-000000000128,IND-0128,Zachary,,Allen,Zachary Allen,Zachary Allen,MALE,1991-08-13,34,SINGLE,"[{""type"": ""mobile"", ""number"": ""+10000000128"", ""is_primary"": true}]",,1288765093,XXXXXX5093,ILLITERATE,en,images/IND-0128.jpg,550e8400-e29b-41d4-a716-446655884151,550e8400-e29b-41d4-a716-446655883038,550e8400-e29b-41d4-a716-446655442010,550e8400-e29b-41d4-a716-446655441003,550e8400-e29b-41d4-a716-446655440001,"{""hierarchy"": [{""level"": ""country"", ""level_value_id"": ""550e8400-e29b-41d4-a716-446655440001"", ""level_value_mnemonic"": ""kamuntu""}, {""level"": ""region"", ""level_value_id"": ""550e8400-e29b-41d4-a716-446655441003"", ""level_value_mnemonic"": ""jasiri""}, {""level"": ""district"", ""level_value_id"": ""550e8400-e29b-41d4-a716-446655442010"", ""level_value_mnemonic"": ""ndoto""}, {""level"": ""ward"", ""level_value_id"": ""550e8400-e29b-41d4-a716-446655883038"", ""level_value_mnemonic"": ""karibu""}, {""level"": ""village"", ""level_value_id"": ""550e8400-e29b-41d4-a716-446655884151"", ""level_value_mnemonic"": ""biluyu""}], ""lowest_level_value_id"": ""550e8400-e29b-41d4-a716-446655884151""}",13.9579,65.9166,148,39AB+59,40049 Sarah Isle Suite 788,Sector 3,000128,KM
20000000-0000-4000-8000-000000000129,IND-0129,Johnny,,Allen,Johnny Allen,Johnny Allen,MALE,1948-10-11,77,SINGLE,"[{""type"": ""mobile"", ""number"": ""+10000000129"", ""is_primary"": true}]",znelson@example.org,6871005324,XXXXXX5324,CAN_READ_AND_WRITE,en,images/IND-0129.jpg,550e8400-e29b-41d4-a716-446655884151,550e8400-e29b-41d4-a716-446655883038,550e8400-e29b-41d4-a716-446655442010,550e8400-e29b-41d4-a716-446655441003,550e8400-e29b-41d4-a716-446655440001,"{""hierarchy"": [{""level"": ""country"", ""level_value_id"": ""550e8400-e29b-41d4-a716-446655440001"", ""level_value_mnemonic"": ""kamuntu""}, {""level"": ""region"", ""level_value_id"": ""550e8400-e29b-41d4-a716-446655441003"", ""level_value_mnemonic"": ""jasiri""}, {""level"": ""district"", ""level_value_id"": ""550e8400-e29b-41d4-a716-446655442010"", ""level_value_mnemonic"": ""ndoto""}, {""level"": ""ward"", ""level_value_id"": ""550e8400-e29b-41d4-a716-446655883038"", ""level_value_mnemonic"": ""karibu""}, {""level"": ""village"", ""level_value_id"": ""550e8400-e29b-41d4-a716-446655884151"", ""level_value_mnemonic"": ""biluyu""}], ""lowest_level_value_id"": ""550e8400-e29b-41d4-a716-446655884151""}",13.9114,65.9079,295,39AB+59,74205 Bradley Throughway Apt. 296,Sector 4,000129,KM
20000000-0000-4000-8000-000000000130,IND-0130,Samantha,,Allen,Samantha Allen,Samantha Allen,FEMALE,1960-03-08,66,WIDOWED,"[{""type"": ""mobile"", ""number"": ""+10000000130"", ""is_primary"": true}]",,2916728422,XXXXXX8422,CAN_READ_AND_WRITE,en,images/IND-0130.jpg,550e8400-e29b-41d4-a716-446655884151,550e8400-e29b-41d4-a716-446655883038,550e8400-e29b-41d4-a716-446655442010,550e8400-e29b-41d4-a716-446655441003,550e8400-e29b-41d4-a716-446655440001,"{""hierarchy"": [{""level"": ""country"", ""level_value_id"": ""550e8400-e29b-41d4-a716-446655440001"", ""level_value_mnemonic"": ""kamuntu""}, {""level"": ""region"", ""level_value_id"": ""550e8400-e29b-41d4-a716-446655441003"", ""level_value_mnemonic"": ""jasiri""}, {""level"": ""district"", ""level_value_id"": ""550e8400-e29b-41d4-a716-446655442010"", ""level_value_mnemonic"": ""ndoto""}, {""level"": ""ward"", ""level_value_id"": ""550e8400-e29b-41d4-a716-446655883038"", ""level_value_mnemonic"": ""karibu""}, {""level"": ""village"", ""level_value_id"": ""550e8400-e29b-41d4-a716-446655884151"", ""level_value_mnemonic"": ""biluyu""}], ""lowest_level_value_id"": ""550e8400-e29b-41d4-a716-446655884151""}",13.9796,65.9086,284,39AB+59,1227 Boyle Avenue,Sector 5,000130,KM
20000000-0000-4000-8000-000000000131,IND-0131,Dean,,Young,Dean Young,Dean Young,MALE,1970-06-22,55,MARRIED,"[{""type"": ""mobile"", ""number"": ""+10000000131"", ""is_primary"": true}]",stephanie49@example.net,9532273208,XXXXXX3208,BASIC,en,images/IND-0131.jpg,550e8400-e29b-41d4-a716-446655884063,550e8400-e29b-41d4-a716-446655883016,550e8400-e29b-41d4-a716-446655442004,550e8400-e29b-41d4-a716-446655441001,550e8400-e29b-41d4-a716-446655440001,"{""hierarchy"": [{""level"": ""country"", ""level_value_id"": ""550e8400-e29b-41d4-a716-446655440001"", ""level_value_mnemonic"": ""kamuntu""}, {""level"": ""region"", ""level_value_id"": ""550e8400-e29b-41d4-a716-446655441001"", ""level_value_mnemonic"": ""kilima""}, {""level"": ""district"", ""level_value_id"": ""550e8400-e29b-41d4-a716-446655442004"", ""level_value_mnemonic"": ""karamu""}, {""level"": ""ward"", ""level_value_id"": ""550e8400-e29b-41d4-a716-446655883016"", ""level_value_mnemonic"": ""hasara""}, {""level"": ""village"", ""level_value_id"": ""550e8400-e29b-41d4-a716-446655884063"", ""level_value_mnemonic"": ""biloto""}], ""lowest_level_value_id"": ""550e8400-e29b-41d4-a716-446655884063""}",16.2668,69.271,190,62AB+92,5301 Parker Lodge,Sector 6,000131,KM
20000000-0000-4000-8000-000000000132,IND-0132,Michael,,Young,Michael Young,Michael Young,FEMALE,1957-08-28,68,MARRIED,"[{""type"": ""mobile"", ""number"": ""+10000000132"", ""is_primary"": true}]",hannah45@example.net,1596471620,XXXXXX1620,INTERMEDIARY,en,images/IND-0132.jpg,550e8400-e29b-41d4-a716-446655884063,550e8400-e29b-41d4-a716-446655883016,550e8400-e29b-41d4-a716-446655442004,550e8400-e29b-41d4-a716-446655441001,550e8400-e29b-41d4-a716-446655440001,"{""hierarchy"": [{""level"": ""country"", ""level_value_id"": ""550e8400-e29b-41d4-a716-446655440001"", ""level_value_mnemonic"": ""kamuntu""}, {""level"": ""region"", ""level_value_id"": ""550e8400-e29b-41d4-a716-446655441001"", ""level_value_mnemonic"": ""kilima""}, {""level"": ""district"", ""level_value_id"": ""550e8400-e29b-41d4-a716-446655442004"", ""level_value_mnemonic"": ""karamu""}, {""level"": ""ward"", ""level_value_id"": ""550e8400-e29b-41d4-a716-446655883016"", ""level_value_mnemonic"": ""hasara""}, {""level"": ""village"", ""level_value_id"": ""550e8400-e29b-41d4-a716-446655884063"", ""level_value_mnemonic"": ""biloto""}], ""lowest_level_value_id"": ""550e8400-e29b-41d4-a716-446655884063""}",16.279,69.2026,191,62AB+92,27279 Perry Plaza,Sector 7,000132,KM
20000000-0000-4000-8000-000000000133,IND-0133,Thomas,,Young,Thomas Young,Thomas Young,MALE,2014-06-29,11,SINGLE,"[{""type"": ""mobile"", ""number"": ""+10000000133"", ""is_primary"": true}]",,3469178881,XXXXXX8881,INTERMEDIARY,en,images/IND-0133.jpg,550e8400-e29b-41d4-a716-446655884063,550e8400-e29b-41d4-a716-446655883016,550e8400-e29b-41d4-a716-446655442004,550e8400-e29b-41d4-a716-446655441001,550e8400-e29b-41d4-a716-446655440001,"{""hierarchy"": [{""level"": ""country"", ""level_value_id"": ""550e8400-e29b-41d4-a716-446655440001"", ""level_value_mnemonic"": ""kamuntu""}, {""level"": ""region"", ""level_value_id"": ""550e8400-e29b-41d4-a716-446655441001"", ""level_value_mnemonic"": ""kilima""}, {""level"": ""district"", ""level_value_id"": ""550e8400-e29b-41d4-a716-446655442004"", ""level_value_mnemonic"": ""karamu""}, {""level"": ""ward"", ""level_value_id"": ""550e8400-e29b-41d4-a716-446655883016"", ""level_value_mnemonic"": ""hasara""}, {""level"": ""village"", ""level_value_id"": ""550e8400-e29b-41d4-a716-446655884063"", ""level_value_mnemonic"": ""biloto""}], ""lowest_level_value_id"": ""550e8400-e29b-41d4-a716-446655884063""}",16.2125,69.2317,68,62AB+92,91878 Miller Port,Sector 8,000133,KM
20000000-0000-4000-8000-000000000134,IND-0134,Ashley,,Young,Ashley Young,Ashley Young,FEMALE,1981-10-01,44,WIDOWED,"[{""type"": ""mobile"", ""number"": ""+10000000134"", ""is_primary"": true}]",,3524521602,XXXXXX1602,ILLITERATE,en,images/IND-0134.jpg,550e8400-e29b-41d4-a716-446655884063,550e8400-e29b-41d4-a716-446655883016,550e8400-e29b-41d4-a716-446655442004,550e8400-e29b-41d4-a716-446655441001,550e8400-e29b-41d4-a716-446655440001,"{""hierarchy"": [{""level"": ""country"", ""level_value_id"": ""550e8400-e29b-41d4-a716-446655440001"", ""level_value_mnemonic"": ""kamuntu""}, {""level"": ""region"", ""level_value_id"": ""550e8400-e29b-41d4-a716-446655441001"", ""level_value_mnemonic"": ""kilima""}, {""level"": ""district"", ""level_value_id"": ""550e8400-e29b-41d4-a716-446655442004"", ""level_value_mnemonic"": ""karamu""}, {""level"": ""ward"", ""level_value_id"": ""550e8400-e29b-41d4-a716-446655883016"", ""level_value_mnemonic"": ""hasara""}, {""level"": ""village"", ""level_value_id"": ""550e8400-e29b-41d4-a716-446655884063"", ""level_value_mnemonic"": ""biloto""}], ""lowest_level_value_id"": ""550e8400-e29b-41d4-a716-446655884063""}",16.2768,69.2129,178,62AB+92,822 Bond Mills,Sector 9,000134,KM
20000000-0000-4000-8000-000000000135,IND-0135,Dawn,Jeffery,Smith,Dawn Jeffery Smith,Dawn Jeffery Smith,FEMALE,1989-06-23,36,MARRIED,"[{""type"": ""mobile"", ""number"": ""+10000000135"", ""is_primary"": true}]",,3753020051,XXXXXX0051,HIGHER_EDUCATION,en,images/IND-0135.jpg,550e8400-e29b-41d4-a716-446655884064,550e8400-e29b-41d4-a716-446655883016,550e8400-e29b-41d4-a716-446655442004,550e8400-e29b-41d4-a716-446655441001,550e8400-e29b-41d4-a716-446655440001,"{""hierarchy"": [{""level"": ""country"", ""level_value_id"": ""550e8400-e29b-41d4-a716-446655440001"", ""level_value_mnemonic"": ""kamuntu""}, {""level"": ""region"", ""level_value_id"": ""550e8400-e29b-41d4-a716-446655441001"", ""level_value_mnemonic"": ""kilima""}, {""level"": ""district"", ""level_value_id"": ""550e8400-e29b-41d4-a716-446655442004"", ""level_value_mnemonic"": ""karamu""}, {""level"": ""ward"", ""level_value_id"": ""550e8400-e29b-41d4-a716-446655883016"", ""level_value_mnemonic"": ""hasara""}, {""level"": ""village"", ""level_value_id"": ""550e8400-e29b-41d4-a716-446655884064"", ""level_value_mnemonic"": ""bilova""}], ""lowest_level_value_id"": ""550e8400-e29b-41d4-a716-446655884064""}",11.0092,68.0081,93,10AB+80,65180 Valerie Mountains,Sector 1,000135,KM
20000000-0000-4000-8000-000000000136,IND-0136,Amanda,,Smith,Amanda Smith,Amanda Smith,MALE,1982-12-07,43,MARRIED,"[{""type"": ""mobile"", ""number"": ""+10000000136"", ""is_primary"": true}]",,1348849508,XXXXXX9508,HIGHER_EDUCATION,en,images/IND-0136.jpg,550e8400-e29b-41d4-a716-446655884064,550e8400-e29b-41d4-a716-446655883016,550e8400-e29b-41d4-a716-446655442004,550e8400-e29b-41d4-a716-446655441001,550e8400-e29b-41d4-a716-446655440001,"{""hierarchy"": [{""level"": ""country"", ""level_value_id"": ""550e8400-e29b-41d4-a716-446655440001"", ""level_value_mnemonic"": ""kamuntu""}, {""level"": ""region"", ""level_value_id"": ""550e8400-e29b-41d4-a716-446655441001"", ""level_value_mnemonic"": ""kilima""}, {""level"": ""district"", ""level_value_id"": ""550e8400-e29b-41d4-a716-446655442004"", ""level_value_mnemonic"": ""karamu""}, {""level"": ""ward"", ""level_value_id"": ""550e8400-e29b-41d4-a716-446655883016"", ""level_value_mnemonic"": ""hasara""}, {""level"": ""village"", ""level_value_id"": ""550e8400-e29b-41d4-a716-446655884064"", ""level_value_mnemonic"": ""bilova""}], ""lowest_level_value_id"": ""550e8400-e29b-41d4-a716-446655884064""}",11.0449,68.0271,117,10AB+80,656 Kane Lane,Sector 2,000136,KM
20000000-0000-4000-8000-000000000137,IND-0137,Jaime,,Smith,Jaime Smith,Jaime Smith,FEMALE,2022-11-28,3,SINGLE,"[{""type"": ""mobile"", ""number"": ""+10000000137"", ""is_primary"": true}]",,7638204740,XXXXXX4740,,en,images/IND-0137.jpg,550e8400-e29b-41d4-a716-446655884064,550e8400-e29b-41d4-a716-446655883016,550e8400-e29b-41d4-a716-446655442004,550e8400-e29b-41d4-a716-446655441001,550e8400-e29b-41d4-a716-446655440001,"{""hierarchy"": [{""level"": ""country"", ""level_value_id"": ""550e8400-e29b-41d4-a716-446655440001"", ""level_value_mnemonic"": ""kamuntu""}, {""level"": ""region"", ""level_value_id"": ""550e8400-e29b-41d4-a716-446655441001"", ""level_value_mnemonic"": ""kilima""}, {""level"": ""district"", ""level_value_id"": ""550e8400-e29b-41d4-a716-446655442004"", ""level_value_mnemonic"": ""karamu""}, {""level"": ""ward"", ""level_value_id"": ""550e8400-e29b-41d4-a716-446655883016"", ""level_value_mnemonic"": ""hasara""}, {""level"": ""village"", ""level_value_id"": ""550e8400-e29b-41d4-a716-446655884064"", ""level_value_mnemonic"": ""bilova""}], ""lowest_level_value_id"": ""550e8400-e29b-41d4-a716-446655884064""}",11.0142,67.9802,112,10AB+79,512 Rice Stream,Sector 3,000137,KM
20000000-0000-4000-8000-000000000138,IND-0138,Veronica,Katelyn,Smith,Veronica Katelyn Smith,Veronica Katelyn Smith,FEMALE,2020-02-01,6,SINGLE,"[{""type"": ""mobile"", ""number"": ""+10000000138"", ""is_primary"": true}]",,5973917657,XXXXXX7657,HIGHER_EDUCATION,en,images/IND-0138.jpg,550e8400-e29b-41d4-a716-446655884064,550e8400-e29b-41d4-a716-446655883016,550e8400-e29b-41d4-a716-446655442004,550e8400-e29b-41d4-a716-446655441001,550e8400-e29b-41d4-a716-446655440001,"{""hierarchy"": [{""level"": ""country"", ""level_value_id"": ""550e8400-e29b-41d4-a716-446655440001"", ""level_value_mnemonic"": ""kamuntu""}, {""level"": ""region"", ""level_value_id"": ""550e8400-e29b-41d4-a716-446655441001"", ""level_value_mnemonic"": ""kilima""}, {""level"": ""district"", ""level_value_id"": ""550e8400-e29b-41d4-a716-446655442004"", ""level_value_mnemonic"": ""karamu""}, {""level"": ""ward"", ""level_value_id"": ""550e8400-e29b-41d4-a716-446655883016"", ""level_value_mnemonic"": ""hasara""}, {""level"": ""village"", ""level_value_id"": ""550e8400-e29b-41d4-a716-446655884064"", ""level_value_mnemonic"": ""bilova""}], ""lowest_level_value_id"": ""550e8400-e29b-41d4-a716-446655884064""}",10.9916,67.9964,137,09AB+79,8686 John Key Apt. 431,Sector 4,000138,KM
20000000-0000-4000-8000-000000000139,IND-0139,Andrew,,Smith,Andrew Smith,Andrew Smith,MALE,1972-09-16,53,DIVORCED,"[{""type"": ""mobile"", ""number"": ""+10000000139"", ""is_primary"": true}]",allencarlos@example.net,3412273600,XXXXXX3600,CAN_READ_AND_WRITE,en,images/IND-0139.jpg,550e8400-e29b-41d4-a716-446655884064,550e8400-e29b-41d4-a716-446655883016,550e8400-e29b-41d4-a716-446655442004,550e8400-e29b-41d4-a716-446655441001,550e8400-e29b-41d4-a716-446655440001,"{""hierarchy"": [{""level"": ""country"", ""level_value_id"": ""550e8400-e29b-41d4-a716-446655440001"", ""level_value_mnemonic"": ""kamuntu""}, {""level"": ""region"", ""level_value_id"": ""550e8400-e29b-41d4-a716-446655441001"", ""level_value_mnemonic"": ""kilima""}, {""level"": ""district"", ""level_value_id"": ""550e8400-e29b-41d4-a716-446655442004"", ""level_value_mnemonic"": ""karamu""}, {""level"": ""ward"", ""level_value_id"": ""550e8400-e29b-41d4-a716-446655883016"", ""level_value_mnemonic"": ""hasara""}, {""level"": ""village"", ""level_value_id"": ""550e8400-e29b-41d4-a716-446655884064"", ""level_value_mnemonic"": ""bilova""}], ""lowest_level_value_id"": ""550e8400-e29b-41d4-a716-446655884064""}",10.9819,67.9966,118,09AB+79,9030 Gonzales Plains,Sector 5,000139,KM
20000000-0000-4000-8000-000000000140,IND-0140,Daniel,Brian,Smith,Daniel Brian Smith,Daniel Brian Smith,MALE,1946-09-17,79,WIDOWED,"[{""type"": ""mobile"", ""number"": ""+10000000140"", ""is_primary"": true}]",jim95@example.net,2343100352,XXXXXX0352,BASIC,en,images/IND-0140.jpg,550e8400-e29b-41d4-a716-446655884064,550e8400-e29b-41d4-a716-446655883016,550e8400-e29b-41d4-a716-446655442004,550e8400-e29b-41d4-a716-446655441001,550e8400-e29b-41d4-a716-446655440001,"{""hierarchy"": [{""level"": ""country"", ""level_value_id"": ""550e8400-e29b-41d4-a716-446655440001"", ""level_value_mnemonic"": ""kamuntu""}, {""level"": ""region"", ""level_value_id"": ""550e8400-e29b-41d4-a716-446655441001"", ""level_value_mnemonic"": ""kilima""}, {""level"": ""district"", ""level_value_id"": ""550e8400-e29b-41d4-a716-446655442004"", ""level_value_mnemonic"": ""karamu""}, {""level"": ""ward"", ""level_value_id"": ""550e8400-e29b-41d4-a716-446655883016"", ""level_value_mnemonic"": ""hasara""}, {""level"": ""village"", ""level_value_id"": ""550e8400-e29b-41d4-a716-446655884064"", ""level_value_mnemonic"": ""bilova""}], ""lowest_level_value_id"": ""550e8400-e29b-41d4-a716-446655884064""}",11.0263,67.9998,181,10AB+79,42836 Hill Point Apt. 687,Sector 6,000140,KM
20000000-0000-4000-8000-000000000141,IND-0141,Amber,Dawn,Smith,Amber Dawn Smith,Amber Dawn Smith,FEMALE,1942-10-17,83,MARRIED,"[{""type"": ""mobile"", ""number"": ""+10000000141"", ""is_primary"": true}]",,7800411181,XXXXXX1181,INTERMEDIARY,en,images/IND-0141.jpg,550e8400-e29b-41d4-a716-446655884064,550e8400-e29b-41d4-a716-446655883016,550e8400-e29b-41d4-a716-446655442004,550e8400-e29b-41d4-a716-446655441001,550e8400-e29b-41d4-a716-446655440001,"{""hierarchy"": [{""level"": ""country"", ""level_value_id"": ""550e8400-e29b-41d4-a716-446655440001"", ""level_value_mnemonic"": ""kamuntu""}, {""level"": ""region"", ""level_value_id"": ""550e8400-e29b-41d4-a716-446655441001"", ""level_value_mnemonic"": ""kilima""}, {""level"": ""district"", ""level_value_id"": ""550e8400-e29b-41d4-a716-446655442004"", ""level_value_mnemonic"": ""karamu""}, {""level"": ""ward"", ""level_value_id"": ""550e8400-e29b-41d4-a716-446655883016"", ""level_value_mnemonic"": ""hasara""}, {""level"": ""village"", ""level_value_id"": ""550e8400-e29b-41d4-a716-446655884064"", ""level_value_mnemonic"": ""bilova""}], ""lowest_level_value_id"": ""550e8400-e29b-41d4-a716-446655884064""}",10.9549,67.9781,202,09AB+79,566 Kevin Ferry Suite 334,Sector 7,000141,KM
20000000-0000-4000-8000-000000000142,IND-0142,Scott,,Thomas,Scott Thomas,Scott Thomas,MALE,1981-08-25,44,MARRIED,"[{""type"": ""mobile"", ""number"": ""+10000000142"", ""is_primary"": true}]",jmelendez@example.com,7026930365,XXXXXX0365,HIGHER_EDUCATION,en,images/IND-0142.jpg,550e8400-e29b-41d4-a716-446655884147,550e8400-e29b-41d4-a716-446655883037,550e8400-e29b-41d4-a716-446655442010,550e8400-e29b-41d4-a716-446655441003,550e8400-e29b-41d4-a716-446655440001,"{""hierarchy"": [{""level"": ""country"", ""level_value_id"": ""550e8400-e29b-41d4-a716-446655440001"", ""level_value_mnemonic"": ""kamuntu""}, {""level"": ""region"", ""level_value_id"": ""550e8400-e29b-41d4-a716-446655441003"", ""level_value_mnemonic"": ""jasiri""}, {""level"": ""district"", ""level_value_id"": ""550e8400-e29b-41d4-a716-446655442010"", ""level_value_mnemonic"": ""ndoto""}, {""level"": ""ward"", ""level_value_id"": ""550e8400-e29b-41d4-a716-446655883037"", ""level_value_mnemonic"": ""pamoja""}, {""level"": ""village"", ""level_value_id"": ""550e8400-e29b-41d4-a716-446655884147"", ""level_value_mnemonic"": ""biluxu""}], ""lowest_level_value_id"": ""550e8400-e29b-41d4-a716-446655884147""}",17.3445,66.3451,193,73AB+63,826 Jonathan Isle Apt. 751,Sector 8,000142,KM
20000000-0000-4000-8000-000000000143,IND-0143,Kimberly,Brett,Thomas,Kimberly Brett Thomas,Kimberly Brett Thomas,FEMALE,1984-04-19,42,MARRIED,"[{""type"": ""mobile"", ""number"": ""+10000000143"", ""is_primary"": true}]",,3624410325,XXXXXX0325,BASIC,en,images/IND-0143.jpg,550e8400-e29b-41d4-a716-446655884147,550e8400-e29b-41d4-a716-446655883037,550e8400-e29b-41d4-a716-446655442010,550e8400-e29b-41d4-a716-446655441003,550e8400-e29b-41d4-a716-446655440001,"{""hierarchy"": [{""level"": ""country"", ""level_value_id"": ""550e8400-e29b-41d4-a716-446655440001"", ""level_value_mnemonic"": ""kamuntu""}, {""level"": ""region"", ""level_value_id"": ""550e8400-e29b-41d4-a716-446655441003"", ""level_value_mnemonic"": ""jasiri""}, {""level"": ""district"", ""level_value_id"": ""550e8400-e29b-41d4-a716-446655442010"", ""level_value_mnemonic"": ""ndoto""}, {""level"": ""ward"", ""level_value_id"": ""550e8400-e29b-41d4-a716-446655883037"", ""level_value_mnemonic"": ""pamoja""}, {""level"": ""village"", ""level_value_id"": ""550e8400-e29b-41d4-a716-446655884147"", ""level_value_mnemonic"": ""biluxu""}], ""lowest_level_value_id"": ""550e8400-e29b-41d4-a716-446655884147""}",17.3529,66.3497,145,73AB+63,990 Jacob Trace Apt. 735,Sector 9,000143,KM
20000000-0000-4000-8000-000000000144,IND-0144,Elizabeth,,Thomas,Elizabeth Thomas,Elizabeth Thomas,FEMALE,2010-01-04,16,SINGLE,"[{""type"": ""mobile"", ""number"": ""+10000000144"", ""is_primary"": true}]",,1172893522,XXXXXX3522,INTERMEDIARY,en,images/IND-0144.jpg,550e8400-e29b-41d4-a716-446655884147,550e8400-e29b-41d4-a716-446655883037,550e8400-e29b-41d4-a716-446655442010,550e8400-e29b-41d4-a716-446655441003,550e8400-e29b-41d4-a716-446655440001,"{""hierarchy"": [{""level"": ""country"", ""level_value_id"": ""550e8400-e29b-41d4-a716-446655440001"", ""level_value_mnemonic"": ""kamuntu""}, {""level"": ""region"", ""level_value_id"": ""550e8400-e29b-41d4-a716-446655441003"", ""level_value_mnemonic"": ""jasiri""}, {""level"": ""district"", ""level_value_id"": ""550e8400-e29b-41d4-a716-446655442010"", ""level_value_mnemonic"": ""ndoto""}, {""level"": ""ward"", ""level_value_id"": ""550e8400-e29b-41d4-a716-446655883037"", ""level_value_mnemonic"": ""pamoja""}, {""level"": ""village"", ""level_value_id"": ""550e8400-e29b-41d4-a716-446655884147"", ""level_value_mnemonic"": ""biluxu""}], ""lowest_level_value_id"": ""550e8400-e29b-41d4-a716-446655884147""}",17.3439,66.4114,255,73AB+64,17393 Herman Plaza,Sector 1,000144,KM
20000000-0000-4000-8000-000000000145,IND-0145,Erica,Steven,Thomas,Erica Steven Thomas,Erica Steven Thomas,FEMALE,1977-04-27,49,MARRIED,"[{""type"": ""mobile"", ""number"": ""+10000000145"", ""is_primary"": true}]",,7928074841,XXXXXX4841,HIGHER_EDUCATION,en,images/IND-0145.jpg,550e8400-e29b-41d4-a716-446655884147,550e8400-e29b-41d4-a716-446655883037,550e8400-e29b-41d4-a716-446655442010,550e8400-e29b-41d4-a716-446655441003,550e8400-e29b-41d4-a716-446655440001,"{""hierarchy"": [{""level"": ""country"", ""level_value_id"": ""550e8400-e29b-41d4-a716-446655440001"", ""level_value_mnemonic"": ""kamuntu""}, {""level"": ""region"", ""level_value_id"": ""550e8400-e29b-41d4-a716-446655441003"", ""level_value_mnemonic"": ""jasiri""}, {""level"": ""district"", ""level_value_id"": ""550e8400-e29b-41d4-a716-446655442010"", ""level_value_mnemonic"": ""ndoto""}, {""level"": ""ward"", ""level_value_id"": ""550e8400-e29b-41d4-a716-446655883037"", ""level_value_mnemonic"": ""pamoja""}, {""level"": ""village"", ""level_value_id"": ""550e8400-e29b-41d4-a716-446655884147"", ""level_value_mnemonic"": ""biluxu""}], ""lowest_level_value_id"": ""550e8400-e29b-41d4-a716-446655884147""}",17.3563,66.4391,239,73AB+64,4587 Garcia Stravenue Suite 535,Sector 2,000145,KM
20000000-0000-4000-8000-000000000146,IND-0146,Emily,,Thomas,Emily Thomas,Emily Thomas,FEMALE,1990-06-16,35,MARRIED,"[{""type"": ""mobile"", ""number"": ""+10000000146"", ""is_primary"": true}]",joycesmith@example.net,6582557981,XXXXXX7981,INTERMEDIARY,en,images/IND-0146.jpg,550e8400-e29b-41d4-a716-446655884147,550e8400-e29b-41d4-a716-446655883037,550e8400-e29b-41d4-a716-446655442010,550e8400-e29b-41d4-a716-446655441003,550e8400-e29b-41d4-a716-446655440001,"{""hierarchy"": [{""level"": ""country"", ""level_value_id"": ""550e8400-e29b-41d4-a716-446655440001"", ""level_value_mnemonic"": ""kamuntu""}, {""level"": ""region"", ""level_value_id"": ""550e8400-e29b-41d4-a716-446655441003"", ""level_value_mnemonic"": ""jasiri""}, {""level"": ""district"", ""level_value_id"": ""550e8400-e29b-41d4-a716-446655442010"", ""level_value_mnemonic"": ""ndoto""}, {""level"": ""ward"", ""level_value_id"": ""550e8400-e29b-41d4-a716-446655883037"", ""level_value_mnemonic"": ""pamoja""}, {""level"": ""village"", ""level_value_id"": ""550e8400-e29b-41d4-a716-446655884147"", ""level_value_mnemonic"": ""biluxu""}], ""lowest_level_value_id"": ""550e8400-e29b-41d4-a716-446655884147""}",17.4216,66.3768,222,74AB+63,2353 Hudson Gardens Suite 854,Sector 3,000146,KM
20000000-0000-4000-8000-000000000147,IND-0147,Pamela,,Thomas,Pamela Thomas,Pamela Thomas,FEMALE,1979-11-10,46,MARRIED,"[{""type"": ""mobile"", ""number"": ""+10000000147"", ""is_primary"": true}]",,9810503338,XXXXXX3338,INTERMEDIARY,en,images/IND-0147.jpg,550e8400-e29b-41d4-a716-446655884147,550e8400-e29b-41d4-a716-446655883037,550e8400-e29b-41d4-a716-446655442010,550e8400-e29b-41d4-a716-446655441003,550e8400-e29b-41d4-a716-446655440001,"{""hierarchy"": [{""level"": ""country"", ""level_value_id"": ""550e8400-e29b-41d4-a716-446655440001"", ""level_value_mnemonic"": ""kamuntu""}, {""level"": ""region"", ""level_value_id"": ""550e8400-e29b-41d4-a716-446655441003"", ""level_value_mnemonic"": ""jasiri""}, {""level"": ""district"", ""level_value_id"": ""550e8400-e29b-41d4-a716-446655442010"", ""level_value_mnemonic"": ""ndoto""}, {""level"": ""ward"", ""level_value_id"": ""550e8400-e29b-41d4-a716-446655883037"", ""level_value_mnemonic"": ""pamoja""}, {""level"": ""village"", ""level_value_id"": ""550e8400-e29b-41d4-a716-446655884147"", ""level_value_mnemonic"": ""biluxu""}], ""lowest_level_value_id"": ""550e8400-e29b-41d4-a716-446655884147""}",17.388,66.3924,234,73AB+63,2522 White Plains Apt. 801,Sector 4,000147,KM
20000000-0000-4000-8000-000000000148,IND-0148,Tony,,Thomas,Tony Thomas,Tony Thomas,MALE,2007-03-16,19,SINGLE,"[{""type"": ""mobile"", ""number"": ""+10000000148"", ""is_primary"": true}]",gutierrezmegan@example.org,7189213526,XXXXXX3526,HIGHER_EDUCATION,en,images/IND-0148.jpg,550e8400-e29b-41d4-a716-446655884147,550e8400-e29b-41d4-a716-446655883037,550e8400-e29b-41d4-a716-446655442010,550e8400-e29b-41d4-a716-446655441003,550e8400-e29b-41d4-a716-446655440001,"{""hierarchy"": [{""level"": ""country"", ""level_value_id"": ""550e8400-e29b-41d4-a716-446655440001"", ""level_value_mnemonic"": ""kamuntu""}, {""level"": ""region"", ""level_value_id"": ""550e8400-e29b-41d4-a716-446655441003"", ""level_value_mnemonic"": ""jasiri""}, {""level"": ""district"", ""level_value_id"": ""550e8400-e29b-41d4-a716-446655442010"", ""level_value_mnemonic"": ""ndoto""}, {""level"": ""ward"", ""level_value_id"": ""550e8400-e29b-41d4-a716-446655883037"", ""level_value_mnemonic"": ""pamoja""}, {""level"": ""village"", ""level_value_id"": ""550e8400-e29b-41d4-a716-446655884147"", ""level_value_mnemonic"": ""biluxu""}], ""lowest_level_value_id"": ""550e8400-e29b-41d4-a716-446655884147""}",17.3819,66.3813,102,73AB+63,203 Brooks River,Sector 5,000148,KM
20000000-0000-4000-8000-000000000149,IND-0149,Mark,,Peck,Mark Peck,Mark Peck,MALE,1986-08-04,39,MARRIED,"[{""type"": ""mobile"", ""number"": ""+10000000149"", ""is_primary"": true}]",bhopkins@example.org,6913417379,XXXXXX7379,BASIC,en,images/IND-0149.jpg,550e8400-e29b-41d4-a716-446655884242,550e8400-e29b-41d4-a716-446655883061,550e8400-e29b-41d4-a716-446655442016,550e8400-e29b-41d4-a716-446655441004,550e8400-e29b-41d4-a716-446655440001,"{""hierarchy"": [{""level"": ""country"", ""level_value_id"": ""550e8400-e29b-41d4-a716-446655440001"", ""level_value_mnemonic"": ""kamuntu""}, {""level"": ""region"", ""level_value_id"": ""550e8400-e29b-41d4-a716-446655441004"", ""level_value_mnemonic"": ""faraja""}, {""level"": ""district"", ""level_value_id"": ""550e8400-e29b-41d4-a716-446655442016"", ""level_value_mnemonic"": ""tunza""}, {""level"": ""ward"", ""level_value_id"": ""550e8400-e29b-41d4-a716-446655883061"", ""level_value_mnemonic"": ""kuwasha""}, {""level"": ""village"", ""level_value_id"": ""550e8400-e29b-41d4-a716-446655884242"", ""level_value_mnemonic"": ""bilkou""}], ""lowest_level_value_id"": ""550e8400-e29b-41d4-a716-446655884242""}",13.2057,71.156,186,32AB+11,08484 Wayne Square Suite 211,Sector 6,000149,KM
20000000-0000-4000-8000-000000000150,IND-0150,Kelly,,Peck,Kelly Peck,Kelly Peck,FEMALE,2015-11-25,10,MARRIED,"[{""type"": ""mobile"", ""number"": ""+10000000150"", ""is_primary"": true}]",,2282044148,XXXXXX4148,BASIC,en,images/IND-0150.jpg,550e8400-e29b-41d4-a716-446655884242,550e8400-e29b-41d4-a716-446655883061,550e8400-e29b-41d4-a716-446655442016,550e8400-e29b-41d4-a716-446655441004,550e8400-e29b-41d4-a716-446655440001,"{""hierarchy"": [{""level"": ""country"", ""level_value_id"": ""550e8400-e29b-41d4-a716-446655440001"", ""level_value_mnemonic"": ""kamuntu""}, {""level"": ""region"", ""level_value_id"": ""550e8400-e29b-41d4-a716-446655441004"", ""level_value_mnemonic"": ""faraja""}, {""level"": ""district"", ""level_value_id"": ""550e8400-e29b-41d4-a716-446655442016"", ""level_value_mnemonic"": ""tunza""}, {""level"": ""ward"", ""level_value_id"": ""550e8400-e29b-41d4-a716-446655883061"", ""level_value_mnemonic"": ""kuwasha""}, {""level"": ""village"", ""level_value_id"": ""550e8400-e29b-41d4-a716-446655884242"", ""level_value_mnemonic"": ""bilkou""}], ""lowest_level_value_id"": ""550e8400-e29b-41d4-a716-446655884242""}",13.2041,71.2082,247,32AB+12,4615 Stevens Gardens Apt. 410,Sector 7,000150,KM
20000000-0000-4000-8000-000000000151,IND-0151,Brandon,,Peck,Brandon Peck,Brandon Peck,MALE,1990-09-06,35,MARRIED,"[{""type"": ""mobile"", ""number"": ""+10000000151"", ""is_primary"": true}]",,6469458472,XXXXXX8472,INTERMEDIARY,en,images/IND-0151.jpg,550e8400-e29b-41d4-a716-446655884242,550e8400-e29b-41d4-a716-446655883061,550e8400-e29b-41d4-a716-446655442016,550e8400-e29b-41d4-a716-446655441004,550e8400-e29b-41d4-a716-446655440001,"{""hierarchy"": [{""level"": ""country"", ""level_value_id"": ""550e8400-e29b-41d4-a716-446655440001"", ""level_value_mnemonic"": ""kamuntu""}, {""level"": ""region"", ""level_value_id"": ""550e8400-e29b-41d4-a716-446655441004"", ""level_value_mnemonic"": ""faraja""}, {""level"": ""district"", ""level_value_id"": ""550e8400-e29b-41d4-a716-446655442016"", ""level_value_mnemonic"": ""tunza""}, {""level"": ""ward"", ""level_value_id"": ""550e8400-e29b-41d4-a716-446655883061"", ""level_value_mnemonic"": ""kuwasha""}, {""level"": ""village"", ""level_value_id"": ""550e8400-e29b-41d4-a716-446655884242"", ""level_value_mnemonic"": ""bilkou""}], ""lowest_level_value_id"": ""550e8400-e29b-41d4-a716-446655884242""}",13.1222,71.1777,147,31AB+11,02176 Knight Walks Apt. 803,Sector 8,000151,KM
20000000-0000-4000-8000-000000000152,IND-0152,Christine,Paige,Parrish,Christine Paige Parrish,Christine Paige Parrish,FEMALE,1961-12-03,64,MARRIED,"[{""type"": ""mobile"", ""number"": ""+10000000152"", ""is_primary"": true}]",enelson@example.net,3057629778,XXXXXX9778,BASIC,en,images/IND-0152.jpg,550e8400-e29b-41d4-a716-446655884177,550e8400-e29b-41d4-a716-446655883045,550e8400-e29b-41d4-a716-446655442012,550e8400-e29b-41d4-a716-446655441003,550e8400-e29b-41d4-a716-446655440001,"{""hierarchy"": [{""level"": ""country"", ""level_value_id"": ""550e8400-e29b-41d4-a716-446655440001"", ""level_value_mnemonic"": ""kamuntu""}, {""level"": ""region"", ""level_value_id"": ""550e8400-e29b-41d4-a716-446655441003"", ""level_value_mnemonic"": ""jasiri""}, {""level"": ""district"", ""level_value_id"": ""550e8400-e29b-41d4-a716-446655442012"", ""level_value_mnemonic"": ""mapema""}, {""level"": ""ward"", ""level_value_id"": ""550e8400-e29b-41d4-a716-446655883045"", ""level_value_mnemonic"": ""ushindi""}, {""level"": ""village"", ""level_value_id"": ""550e8400-e29b-41d4-a716-446655884177"", ""level_value_mnemonic"": ""bimaxa""}], ""lowest_level_value_id"": ""550e8400-e29b-41d4-a716-446655884177""}",15.3502,68.3839,288,53AB+83,902 Smith Fords Apt. 614,Sector 9,000152,KM
20000000-0000-4000-8000-000000000153,IND-0153,Christopher,Mary,Parrish,Christopher Mary Parrish,Christopher Mary Parrish,MALE,1975-02-02,51,MARRIED,"[{""type"": ""mobile"", ""number"": ""+10000000153"", ""is_primary"": true}]",irhodes@example.com,3280805846,XXXXXX5846,INTERMEDIARY,en,images/IND-0153.jpg,550e8400-e29b-41d4-a716-446655884177,550e8400-e29b-41d4-a716-446655883045,550e8400-e29b-41d4-a716-446655442012,550e8400-e29b-41d4-a716-446655441003,550e8400-e29b-41d4-a716-446655440001,"{""hierarchy"": [{""level"": ""country"", ""level_value_id"": ""550e8400-e29b-41d4-a716-446655440001"", ""level_value_mnemonic"": ""kamuntu""}, {""level"": ""region"", ""level_value_id"": ""550e8400-e29b-41d4-a716-446655441003"", ""level_value_mnemonic"": ""jasiri""}, {""level"": ""district"", ""level_value_id"": ""550e8400-e29b-41d4-a716-446655442012"", ""level_value_mnemonic"": ""mapema""}, {""level"": ""ward"", ""level_value_id"": ""550e8400-e29b-41d4-a716-446655883045"", ""level_value_mnemonic"": ""ushindi""}, {""level"": ""village"", ""level_value_id"": ""550e8400-e29b-41d4-a716-446655884177"", ""level_value_mnemonic"": ""bimaxa""}], ""lowest_level_value_id"": ""550e8400-e29b-41d4-a716-446655884177""}",15.3938,68.3352,155,53AB+83,218 Brown Mews Apt. 159,Sector 1,000153,KM
20000000-0000-4000-8000-000000000154,IND-0154,Randy,,Parrish,Randy Parrish,Randy Parrish,MALE,2017-11-20,8,SINGLE,"[{""type"": ""mobile"", ""number"": ""+10000000154"", ""is_primary"": true}]",,9067664957,XXXXXX4957,BASIC,en,images/IND-0154.jpg,550e8400-e29b-41d4-a716-446655884177,550e8400-e29b-41d4-a716-446655883045,550e8400-e29b-41d4-a716-446655442012,550e8400-e29b-41d4-a716-446655441003,550e8400-e29b-41d4-a716-446655440001,"{""hierarchy"": [{""level"": ""country"", ""level_value_id"": ""550e8400-e29b-41d4-a716-446655440001"", ""level_value_mnemonic"": ""kamuntu""}, {""level"": ""region"", ""level_value_id"": ""550e8400-e29b-41d4-a716-446655441003"", ""level_value_mnemonic"": ""jasiri""}, {""level"": ""district"", ""level_value_id"": ""550e8400-e29b-41d4-a716-446655442012"", ""level_value_mnemonic"": ""mapema""}, {""level"": ""ward"", ""level_value_id"": ""550e8400-e29b-41d4-a716-446655883045"", ""level_value_mnemonic"": ""ushindi""}, {""level"": ""village"", ""level_value_id"": ""550e8400-e29b-41d4-a716-446655884177"", ""level_value_mnemonic"": ""bimaxa""}], ""lowest_level_value_id"": ""550e8400-e29b-41d4-a716-446655884177""}",15.3777,68.3499,296,53AB+83,0477 Michael Lane Suite 296,Sector 2,000154,KM
20000000-0000-4000-8000-000000000155,IND-0155,Angelica,Lauren,Parrish,Angelica Lauren Parrish,Angelica Lauren Parrish,FEMALE,2019-06-04,7,SINGLE,"[{""type"": ""mobile"", ""number"": ""+10000000155"", ""is_primary"": true}]",,4957687327,XXXXXX7327,ILLITERATE,en,images/IND-0155.jpg,550e8400-e29b-41d4-a716-446655884177,550e8400-e29b-41d4-a716-446655883045,550e8400-e29b-41d4-a716-446655442012,550e8400-e29b-41d4-a716-446655441003,550e8400-e29b-41d4-a716-446655440001,"{""hierarchy"": [{""level"": ""country"", ""level_value_id"": ""550e8400-e29b-41d4-a716-446655440001"", ""level_value_mnemonic"": ""kamuntu""}, {""level"": ""region"", ""level_value_id"": ""550e8400-e29b-41d4-a716-446655441003"", ""level_value_mnemonic"": ""jasiri""}, {""level"": ""district"", ""level_value_id"": ""550e8400-e29b-41d4-a716-446655442012"", ""level_value_mnemonic"": ""mapema""}, {""level"": ""ward"", ""level_value_id"": ""550e8400-e29b-41d4-a716-446655883045"", ""level_value_mnemonic"": ""ushindi""}, {""level"": ""village"", ""level_value_id"": ""550e8400-e29b-41d4-a716-446655884177"", ""level_value_mnemonic"": ""bimaxa""}], ""lowest_level_value_id"": ""550e8400-e29b-41d4-a716-446655884177""}",15.3718,68.4138,289,53AB+84,42626 Ward Course,Sector 3,000155,KM
20000000-0000-4000-8000-000000000156,IND-0156,Aaron,,Parker,Aaron Parker,Aaron Parker,MALE,1952-06-25,73,MARRIED,"[{""type"": ""mobile"", ""number"": ""+10000000156"", ""is_primary"": true}]",kathleen12@example.org,9516893896,XXXXXX3896,CAN_READ_AND_WRITE,en,images/IND-0156.jpg,550e8400-e29b-41d4-a716-446655884204,550e8400-e29b-41d4-a716-446655883051,550e8400-e29b-41d4-a716-446655442013,550e8400-e29b-41d4-a716-446655441004,550e8400-e29b-41d4-a716-446655440001,"{""hierarchy"": [{""level"": ""country"", ""level_value_id"": ""550e8400-e29b-41d4-a716-446655440001"", ""level_value_mnemonic"": ""kamuntu""}, {""level"": ""region"", ""level_value_id"": ""550e8400-e29b-41d4-a716-446655441004"", ""level_value_mnemonic"": ""faraja""}, {""level"": ""district"", ""level_value_id"": ""550e8400-e29b-41d4-a716-446655442013"", ""level_value_mnemonic"": ""asilani""}, {""level"": ""ward"", ""level_value_id"": ""550e8400-e29b-41d4-a716-446655883051"", ""level_value_mnemonic"": ""mapicho""}, {""level"": ""village"", ""level_value_id"": ""550e8400-e29b-41d4-a716-446655884204"", ""level_value_mnemonic"": ""bedui""}], ""lowest_level_value_id"": ""550e8400-e29b-41d4-a716-446655884204""}",15.4185,65.4889,189,54AB+54,7888 Garcia Corners,Sector 4,000156,KM
20000000-0000-4000-8000-000000000157,IND-0157,Heather,Carly,Parker,Heather Carly Parker,Heather Carly Parker,FEMALE,1973-01-15,53,MARRIED,"[{""type"": ""mobile"", ""number"": ""+10000000157"", ""is_primary"": true}]",,1799718923,XXXXXX8923,CAN_READ_AND_WRITE,en,images/IND-0157.jpg,550e8400-e29b-41d4-a716-446655884204,550e8400-e29b-41d4-a716-446655883051,550e8400-e29b-41d4-a716-446655442013,550e8400-e29b-41d4-a716-446655441004,550e8400-e29b-41d4-a716-446655440001,"{""hierarchy"": [{""level"": ""country"", ""level_value_id"": ""550e8400-e29b-41d4-a716-446655440001"", ""level_value_mnemonic"": ""kamuntu""}, {""level"": ""region"", ""level_value_id"": ""550e8400-e29b-41d4-a716-446655441004"", ""level_value_mnemonic"": ""faraja""}, {""level"": ""district"", ""level_value_id"": ""550e8400-e29b-41d4-a716-446655442013"", ""level_value_mnemonic"": ""asilani""}, {""level"": ""ward"", ""level_value_id"": ""550e8400-e29b-41d4-a716-446655883051"", ""level_value_mnemonic"": ""mapicho""}, {""level"": ""village"", ""level_value_id"": ""550e8400-e29b-41d4-a716-446655884204"", ""level_value_mnemonic"": ""bedui""}], ""lowest_level_value_id"": ""550e8400-e29b-41d4-a716-446655884204""}",15.4637,65.4691,195,54AB+54,0466 Jenny Points Apt. 982,Sector 5,000157,KM
20000000-0000-4000-8000-000000000158,IND-0158,Michael,,Parker,Michael Parker,Michael Parker,MALE,1992-05-07,34,WIDOWED,"[{""type"": ""mobile"", ""number"": ""+10000000158"", ""is_primary"": true}]",,7508080884,XXXXXX0884,INTERMEDIARY,en,images/IND-0158.jpg,550e8400-e29b-41d4-a716-446655884204,550e8400-e29b-41d4-a716-446655883051,550e8400-e29b-41d4-a716-446655442013,550e8400-e29b-41d4-a716-446655441004,550e8400-e29b-41d4-a716-446655440001,"{""hierarchy"": [{""level"": ""country"", ""level_value_id"": ""550e8400-e29b-41d4-a716-446655440001"", ""level_value_mnemonic"": ""kamuntu""}, {""level"": ""region"", ""level_value_id"": ""550e8400-e29b-41d4-a716-446655441004"", ""level_value_mnemonic"": ""faraja""}, {""level"": ""district"", ""level_value_id"": ""550e8400-e29b-41d4-a716-446655442013"", ""level_value_mnemonic"": ""asilani""}, {""level"": ""ward"", ""level_value_id"": ""550e8400-e29b-41d4-a716-446655883051"", ""level_value_mnemonic"": ""mapicho""}, {""level"": ""village"", ""level_value_id"": ""550e8400-e29b-41d4-a716-446655884204"", ""level_value_mnemonic"": ""bedui""}], ""lowest_level_value_id"": ""550e8400-e29b-41d4-a716-446655884204""}",15.3987,65.4569,97,53AB+54,4721 Ryan Manor Suite 715,Sector 6,000158,KM
20000000-0000-4000-8000-000000000159,IND-0159,Darlene,,Parker,Darlene Parker,Darlene Parker,FEMALE,2024-04-10,2,SINGLE,"[{""type"": ""mobile"", ""number"": ""+10000000159"", ""is_primary"": true}]",,6306523372,XXXXXX3372,,en,images/IND-0159.jpg,550e8400-e29b-41d4-a716-446655884204,550e8400-e29b-41d4-a716-446655883051,550e8400-e29b-41d4-a716-446655442013,550e8400-e29b-41d4-a716-446655441004,550e8400-e29b-41d4-a716-446655440001,"{""hierarchy"": [{""level"": ""country"", ""level_value_id"": ""550e8400-e29b-41d4-a716-446655440001"", ""level_value_mnemonic"": ""kamuntu""}, {""level"": ""region"", ""level_value_id"": ""550e8400-e29b-41d4-a716-446655441004"", ""level_value_mnemonic"": ""faraja""}, {""level"": ""district"", ""level_value_id"": ""550e8400-e29b-41d4-a716-446655442013"", ""level_value_mnemonic"": ""asilani""}, {""level"": ""ward"", ""level_value_id"": ""550e8400-e29b-41d4-a716-446655883051"", ""level_value_mnemonic"": ""mapicho""}, {""level"": ""village"", ""level_value_id"": ""550e8400-e29b-41d4-a716-446655884204"", ""level_value_mnemonic"": ""bedui""}], ""lowest_level_value_id"": ""550e8400-e29b-41d4-a716-446655884204""}",15.4654,65.4854,127,54AB+54,937 Derek Avenue Suite 596,Sector 7,000159,KM
20000000-0000-4000-8000-000000000160,IND-0160,Robert,Matthew,Parker,Robert Matthew Parker,Robert Matthew Parker,MALE,1996-02-22,30,SINGLE,"[{""type"": ""mobile"", ""number"": ""+10000000160"", ""is_primary"": true}]",,5802739154,XXXXXX9154,BASIC,en,images/IND-0160.jpg,550e8400-e29b-41d4-a716-446655884204,550e8400-e29b-41d4-a716-446655883051,550e8400-e29b-41d4-a716-446655442013,550e8400-e29b-41d4-a716-446655441004,550e8400-e29b-41d4-a716-446655440001,"{""hierarchy"": [{""level"": ""country"", ""level_value_id"": ""550e8400-e29b-41d4-a716-446655440001"", ""level_value_mnemonic"": ""kamuntu""}, {""level"": ""region"", ""level_value_id"": ""550e8400-e29b-41d4-a716-446655441004"", ""level_value_mnemonic"": ""faraja""}, {""level"": ""district"", ""level_value_id"": ""550e8400-e29b-41d4-a716-446655442013"", ""level_value_mnemonic"": ""asilani""}, {""level"": ""ward"", ""level_value_id"": ""550e8400-e29b-41d4-a716-446655883051"", ""level_value_mnemonic"": ""mapicho""}, {""level"": ""village"", ""level_value_id"": ""550e8400-e29b-41d4-a716-446655884204"", ""level_value_mnemonic"": ""bedui""}], ""lowest_level_value_id"": ""550e8400-e29b-41d4-a716-446655884204""}",15.4207,65.4305,178,54AB+54,5937 Thompson Locks,Sector 8,000160,KM
20000000-0000-4000-8000-000000000161,IND-0161,Wayne,,Parker,Wayne Parker,Wayne Parker,MALE,1948-12-24,77,MARRIED,"[{""type"": ""mobile"", ""number"": ""+10000000161"", ""is_primary"": true}]",yfaulkner@example.org,5868640848,XXXXXX0848,HIGHER_EDUCATION,en,images/IND-0161.jpg,550e8400-e29b-41d4-a716-446655884204,550e8400-e29b-41d4-a716-446655883051,550e8400-e29b-41d4-a716-446655442013,550e8400-e29b-41d4-a716-446655441004,550e8400-e29b-41d4-a716-446655440001,"{""hierarchy"": [{""level"": ""country"", ""level_value_id"": ""550e8400-e29b-41d4-a716-446655440001"", ""level_value_mnemonic"": ""kamuntu""}, {""level"": ""region"", ""level_value_id"": ""550e8400-e29b-41d4-a716-446655441004"", ""level_value_mnemonic"": ""faraja""}, {""level"": ""district"", ""level_value_id"": ""550e8400-e29b-41d4-a716-446655442013"", ""level_value_mnemonic"": ""asilani""}, {""level"": ""ward"", ""level_value_id"": ""550e8400-e29b-41d4-a716-446655883051"", ""level_value_mnemonic"": ""mapicho""}, {""level"": ""village"", ""level_value_id"": ""550e8400-e29b-41d4-a716-446655884204"", ""level_value_mnemonic"": ""bedui""}], ""lowest_level_value_id"": ""550e8400-e29b-41d4-a716-446655884204""}",15.4053,65.4648,205,54AB+54,4651 Brittany Plains Apt. 807,Sector 9,000161,KM
20000000-0000-4000-8000-000000000162,IND-0162,Tommy,,Clark,Tommy Clark,Tommy Clark,MALE,1988-01-30,38,MARRIED,"[{""type"": ""mobile"", ""number"": ""+10000000162"", ""is_primary"": true}]",,9941564880,XXXXXX4880,ILLITERATE,en,images/IND-0162.jpg,550e8400-e29b-41d4-a716-446655884242,550e8400-e29b-41d4-a716-446655883061,550e8400-e29b-41d4-a716-446655442016,550e8400-e29b-41d4-a716-446655441004,550e8400-e29b-41d4-a716-446655440001,"{""hierarchy"": [{""level"": ""country"", ""level_value_id"": ""550e8400-e29b-41d4-a716-446655440001"", ""level_value_mnemonic"": ""kamuntu""}, {""level"": ""region"", ""level_value_id"": ""550e8400-e29b-41d4-a716-446655441004"", ""level_value_mnemonic"": ""faraja""}, {""level"": ""district"", ""level_value_id"": ""550e8400-e29b-41d4-a716-446655442016"", ""level_value_mnemonic"": ""tunza""}, {""level"": ""ward"", ""level_value_id"": ""550e8400-e29b-41d4-a716-446655883061"", ""level_value_mnemonic"": ""kuwasha""}, {""level"": ""village"", ""level_value_id"": ""550e8400-e29b-41d4-a716-446655884242"", ""level_value_mnemonic"": ""bilkou""}], ""lowest_level_value_id"": ""550e8400-e29b-41d4-a716-446655884242""}",13.1547,71.1804,69,31AB+11,167 Cynthia Garden Suite 266,Sector 1,000162,KM
20000000-0000-4000-8000-000000000163,IND-0163,Benjamin,,Clark,Benjamin Clark,Benjamin Clark,FEMALE,1956-05-25,70,MARRIED,"[{""type"": ""mobile"", ""number"": ""+10000000163"", ""is_primary"": true}]",iaguilar@example.net,7529817193,XXXXXX7193,HIGHER_EDUCATION,en,images/IND-0163.jpg,550e8400-e29b-41d4-a716-446655884242,550e8400-e29b-41d4-a716-446655883061,550e8400-e29b-41d4-a716-446655442016,550e8400-e29b-41d4-a716-446655441004,550e8400-e29b-41d4-a716-446655440001,"{""hierarchy"": [{""level"": ""country"", ""level_value_id"": ""550e8400-e29b-41d4-a716-446655440001"", ""level_value_mnemonic"": ""kamuntu""}, {""level"": ""region"", ""level_value_id"": ""550e8400-e29b-41d4-a716-446655441004"", ""level_value_mnemonic"": ""faraja""}, {""level"": ""district"", ""level_value_id"": ""550e8400-e29b-41d4-a716-446655442016"", ""level_value_mnemonic"": ""tunza""}, {""level"": ""ward"", ""level_value_id"": ""550e8400-e29b-41d4-a716-446655883061"", ""level_value_mnemonic"": ""kuwasha""}, {""level"": ""village"", ""level_value_id"": ""550e8400-e29b-41d4-a716-446655884242"", ""level_value_mnemonic"": ""bilkou""}], ""lowest_level_value_id"": ""550e8400-e29b-41d4-a716-446655884242""}",13.1216,71.1305,199,31AB+11,058 Daniel Gateway Suite 290,Sector 2,000163,KM
20000000-0000-4000-8000-000000000164,IND-0164,Kristine,,Clark,Kristine Clark,Kristine Clark,FEMALE,1989-12-06,36,MARRIED,"[{""type"": ""mobile"", ""number"": ""+10000000164"", ""is_primary"": true}]",,3421980125,XXXXXX0125,INTERMEDIARY,en,images/IND-0164.jpg,550e8400-e29b-41d4-a716-446655884242,550e8400-e29b-41d4-a716-446655883061,550e8400-e29b-41d4-a716-446655442016,550e8400-e29b-41d4-a716-446655441004,550e8400-e29b-41d4-a716-446655440001,"{""hierarchy"": [{""level"": ""country"", ""level_value_id"": ""550e8400-e29b-41d4-a716-446655440001"", ""level_value_mnemonic"": ""kamuntu""}, {""level"": ""region"", ""level_value_id"": ""550e8400-e29b-41d4-a716-446655441004"", ""level_value_mnemonic"": ""faraja""}, {""level"": ""district"", ""level_value_id"": ""550e8400-e29b-41d4-a716-446655442016"", ""level_value_mnemonic"": ""tunza""}, {""level"": ""ward"", ""level_value_id"": ""550e8400-e29b-41d4-a716-446655883061"", ""level_value_mnemonic"": ""kuwasha""}, {""level"": ""village"", ""level_value_id"": ""550e8400-e29b-41d4-a716-446655884242"", ""level_value_mnemonic"": ""bilkou""}], ""lowest_level_value_id"": ""550e8400-e29b-41d4-a716-446655884242""}",13.1659,71.1773,128,31AB+11,6101 Walker Summit Apt. 756,Sector 3,000164,KM
20000000-0000-4000-8000-000000000165,IND-0165,Julie,,Clark,Julie Clark,Julie Clark,FEMALE,1967-06-27,58,SINGLE,"[{""type"": ""mobile"", ""number"": ""+10000000165"", ""is_primary"": true}]",,7114733717,XXXXXX3717,ILLITERATE,en,images/IND-0165.jpg,550e8400-e29b-41d4-a716-446655884242,550e8400-e29b-41d4-a716-446655883061,550e8400-e29b-41d4-a716-446655442016,550e8400-e29b-41d4-a716-446655441004,550e8400-e29b-41d4-a716-446655440001,"{""hierarchy"": [{""level"": ""country"", ""level_value_id"": ""550e8400-e29b-41d4-a716-446655440001"", ""level_value_mnemonic"": ""kamuntu""}, {""level"": ""region"", ""level_value_id"": ""550e8400-e29b-41d4-a716-446655441004"", ""level_value_mnemonic"": ""faraja""}, {""level"": ""district"", ""level_value_id"": ""550e8400-e29b-41d4-a716-446655442016"", ""level_value_mnemonic"": ""tunza""}, {""level"": ""ward"", ""level_value_id"": ""550e8400-e29b-41d4-a716-446655883061"", ""level_value_mnemonic"": ""kuwasha""}, {""level"": ""village"", ""level_value_id"": ""550e8400-e29b-41d4-a716-446655884242"", ""level_value_mnemonic"": ""bilkou""}], ""lowest_level_value_id"": ""550e8400-e29b-41d4-a716-446655884242""}",13.18,71.1641,65,31AB+11,0714 Knapp Corner,Sector 4,000165,KM
20000000-0000-4000-8000-000000000166,IND-0166,Audrey,Donald,Clark,Audrey Donald Clark,Audrey Donald Clark,FEMALE,1984-03-12,42,SINGLE,"[{""type"": ""mobile"", ""number"": ""+10000000166"", ""is_primary"": true}]",,9434381915,XXXXXX1915,INTERMEDIARY,en,images/IND-0166.jpg,550e8400-e29b-41d4-a716-446655884242,550e8400-e29b-41d4-a716-446655883061,550e8400-e29b-41d4-a716-446655442016,550e8400-e29b-41d4-a716-446655441004,550e8400-e29b-41d4-a716-446655440001,"{""hierarchy"": [{""level"": ""country"", ""level_value_id"": ""550e8400-e29b-41d4-a716-446655440001"", ""level_value_mnemonic"": ""kamuntu""}, {""level"": ""region"", ""level_value_id"": ""550e8400-e29b-41d4-a716-446655441004"", ""level_value_mnemonic"": ""faraja""}, {""level"": ""district"", ""level_value_id"": ""550e8400-e29b-41d4-a716-446655442016"", ""level_value_mnemonic"": ""tunza""}, {""level"": ""ward"", ""level_value_id"": ""550e8400-e29b-41d4-a716-446655883061"", ""level_value_mnemonic"": ""kuwasha""}, {""level"": ""village"", ""level_value_id"": ""550e8400-e29b-41d4-a716-446655884242"", ""level_value_mnemonic"": ""bilkou""}], ""lowest_level_value_id"": ""550e8400-e29b-41d4-a716-446655884242""}",13.1474,71.1991,164,31AB+11,7387 Alvarez Mill Suite 514,Sector 5,000166,KM
20000000-0000-4000-8000-000000000167,IND-0167,Amanda,Andrew,Clark,Amanda Andrew Clark,Amanda Andrew Clark,FEMALE,1959-07-03,66,MARRIED,"[{""type"": ""mobile"", ""number"": ""+10000000167"", ""is_primary"": true}]",,7602474923,XXXXXX4923,ILLITERATE,en,images/IND-0167.jpg,550e8400-e29b-41d4-a716-446655884242,550e8400-e29b-41d4-a716-446655883061,550e8400-e29b-41d4-a716-446655442016,550e8400-e29b-41d4-a716-446655441004,550e8400-e29b-41d4-a716-446655440001,"{""hierarchy"": [{""level"": ""country"", ""level_value_id"": ""550e8400-e29b-41d4-a716-446655440001"", ""level_value_mnemonic"": ""kamuntu""}, {""level"": ""region"", ""level_value_id"": ""550e8400-e29b-41d4-a716-446655441004"", ""level_value_mnemonic"": ""faraja""}, {""level"": ""district"", ""level_value_id"": ""550e8400-e29b-41d4-a716-446655442016"", ""level_value_mnemonic"": ""tunza""}, {""level"": ""ward"", ""level_value_id"": ""550e8400-e29b-41d4-a716-446655883061"", ""level_value_mnemonic"": ""kuwasha""}, {""level"": ""village"", ""level_value_id"": ""550e8400-e29b-41d4-a716-446655884242"", ""level_value_mnemonic"": ""bilkou""}], ""lowest_level_value_id"": ""550e8400-e29b-41d4-a716-446655884242""}",13.1629,71.1828,107,31AB+11,123 Andrea Isle Suite 736,Sector 6,000167,KM
20000000-0000-4000-8000-000000000168,IND-0168,Lori,,Clark,Lori Clark,Lori Clark,FEMALE,1970-12-11,55,MARRIED,"[{""type"": ""mobile"", ""number"": ""+10000000168"", ""is_primary"": true}]",vfoster@example.net,4536306171,XXXXXX6171,ILLITERATE,en,images/IND-0168.jpg,550e8400-e29b-41d4-a716-446655884242,550e8400-e29b-41d4-a716-446655883061,550e8400-e29b-41d4-a716-446655442016,550e8400-e29b-41d4-a716-446655441004,550e8400-e29b-41d4-a716-446655440001,"{""hierarchy"": [{""level"": ""country"", ""level_value_id"": ""550e8400-e29b-41d4-a716-446655440001"", ""level_value_mnemonic"": ""kamuntu""}, {""level"": ""region"", ""level_value_id"": ""550e8400-e29b-41d4-a716-446655441004"", ""level_value_mnemonic"": ""faraja""}, {""level"": ""district"", ""level_value_id"": ""550e8400-e29b-41d4-a716-446655442016"", ""level_value_mnemonic"": ""tunza""}, {""level"": ""ward"", ""level_value_id"": ""550e8400-e29b-41d4-a716-446655883061"", ""level_value_mnemonic"": ""kuwasha""}, {""level"": ""village"", ""level_value_id"": ""550e8400-e29b-41d4-a716-446655884242"", ""level_value_mnemonic"": ""bilkou""}], ""lowest_level_value_id"": ""550e8400-e29b-41d4-a716-446655884242""}",13.1348,71.1446,120,31AB+11,9660 Jamie Terrace,Sector 7,000168,KM
20000000-0000-4000-8000-000000000169,IND-0169,Joseph,,Fowler,Joseph Fowler,Joseph Fowler,MALE,1979-03-11,47,MARRIED,"[{""type"": ""mobile"", ""number"": ""+10000000169"", ""is_primary"": true}]",lcarr@example.org,9561946187,XXXXXX6187,HIGHER_EDUCATION,en,images/IND-0169.jpg,550e8400-e29b-41d4-a716-446655884017,550e8400-e29b-41d4-a716-446655883005,550e8400-e29b-41d4-a716-446655442002,550e8400-e29b-41d4-a716-446655441001,550e8400-e29b-41d4-a716-446655440001,"{""hierarchy"": [{""level"": ""country"", ""level_value_id"": ""550e8400-e29b-41d4-a716-446655440001"", ""level_value_mnemonic"": ""kamuntu""}, {""level"": ""region"", ""level_value_id"": ""550e8400-e29b-41d4-a716-446655441001"", ""level_value_mnemonic"": ""kilima""}, {""level"": ""district"", ""level_value_id"": ""550e8400-e29b-41d4-a716-446655442002"", ""level_value_mnemonic"": ""pembe""}, {""level"": ""ward"", ""level_value_id"": ""550e8400-e29b-41d4-a716-446655883005"", ""level_value_mnemonic"": ""soko""}, {""level"": ""village"", ""level_value_id"": ""550e8400-e29b-41d4-a716-446655884017"", ""level_value_mnemonic"": ""bere""}], ""lowest_level_value_id"": ""550e8400-e29b-41d4-a716-446655884017""}",10.4434,70.5116,197,04AB+05,7924 Emily Island Apt. 341,Sector 8,000169,KM
20000000-0000-4000-8000-000000000170,IND-0170,Catherine,William,Fowler,Catherine William Fowler,Catherine William Fowler,FEMALE,1968-10-06,57,MARRIED,"[{""type"": ""mobile"", ""number"": ""+10000000170"", ""is_primary"": true}]",,6585609060,XXXXXX9060,CAN_READ_AND_WRITE,en,images/IND-0170.jpg,550e8400-e29b-41d4-a716-446655884017,550e8400-e29b-41d4-a716-446655883005,550e8400-e29b-41d4-a716-446655442002,550e8400-e29b-41d4-a716-446655441001,550e8400-e29b-41d4-a716-446655440001,"{""hierarchy"": [{""level"": ""country"", ""level_value_id"": ""550e8400-e29b-41d4-a716-446655440001"", ""level_value_mnemonic"": ""kamuntu""}, {""level"": ""region"", ""level_value_id"": ""550e8400-e29b-41d4-a716-446655441001"", ""level_value_mnemonic"": ""kilima""}, {""level"": ""district"", ""level_value_id"": ""550e8400-e29b-41d4-a716-446655442002"", ""level_value_mnemonic"": ""pembe""}, {""level"": ""ward"", ""level_value_id"": ""550e8400-e29b-41d4-a716-446655883005"", ""level_value_mnemonic"": ""soko""}, {""level"": ""village"", ""level_value_id"": ""550e8400-e29b-41d4-a716-446655884017"", ""level_value_mnemonic"": ""bere""}], ""lowest_level_value_id"": ""550e8400-e29b-41d4-a716-446655884017""}",10.4261,70.5149,275,04AB+05,296 Lopez Roads Apt. 827,Sector 9,000170,KM
20000000-0000-4000-8000-000000000171,IND-0171,Donna,,Fowler,Donna Fowler,Donna Fowler,FEMALE,2024-06-29,1,SINGLE,"[{""type"": ""mobile"", ""number"": ""+10000000171"", ""is_primary"": true}]",,8178361487,XXXXXX1487,,en,images/IND-0171.jpg,550e8400-e29b-41d4-a716-446655884017,550e8400-e29b-41d4-a716-446655883005,550e8400-e29b-41d4-a716-446655442002,550e8400-e29b-41d4-a716-446655441001,550e8400-e29b-41d4-a716-446655440001,"{""hierarchy"": [{""level"": ""country"", ""level_value_id"": ""550e8400-e29b-41d4-a716-446655440001"", ""level_value_mnemonic"": ""kamuntu""}, {""level"": ""region"", ""level_value_id"": ""550e8400-e29b-41d4-a716-446655441001"", ""level_value_mnemonic"": ""kilima""}, {""level"": ""district"", ""level_value_id"": ""550e8400-e29b-41d4-a716-446655442002"", ""level_value_mnemonic"": ""pembe""}, {""level"": ""ward"", ""level_value_id"": ""550e8400-e29b-41d4-a716-446655883005"", ""level_value_mnemonic"": ""soko""}, {""level"": ""village"", ""level_value_id"": ""550e8400-e29b-41d4-a716-446655884017"", ""level_value_mnemonic"": ""bere""}], ""lowest_level_value_id"": ""550e8400-e29b-41d4-a716-446655884017""}",10.4986,70.4519,156,04AB+04,050 Taylor Via Suite 887,Sector 1,000171,KM
20000000-0000-4000-8000-000000000172,IND-0172,Jennifer,Jennifer,Fowler,Jennifer Jennifer Fowler,Jennifer Jennifer Fowler,FEMALE,1984-07-09,41,MARRIED,"[{""type"": ""mobile"", ""number"": ""+10000000172"", ""is_primary"": true}]",,6262814762,XXXXXX4762,HIGHER_EDUCATION,en,images/IND-0172.jpg,550e8400-e29b-41d4-a716-446655884017,550e8400-e29b-41d4-a716-446655883005,550e8400-e29b-41d4-a716-446655442002,550e8400-e29b-41d4-a716-446655441001,550e8400-e29b-41d4-a716-446655440001,"{""hierarchy"": [{""level"": ""country"", ""level_value_id"": ""550e8400-e29b-41d4-a716-446655440001"", ""level_value_mnemonic"": ""kamuntu""}, {""level"": ""region"", ""level_value_id"": ""550e8400-e29b-41d4-a716-446655441001"", ""level_value_mnemonic"": ""kilima""}, {""level"": ""district"", ""level_value_id"": ""550e8400-e29b-41d4-a716-446655442002"", ""level_value_mnemonic"": ""pembe""}, {""level"": ""ward"", ""level_value_id"": ""550e8400-e29b-41d4-a716-446655883005"", ""level_value_mnemonic"": ""soko""}, {""level"": ""village"", ""level_value_id"": ""550e8400-e29b-41d4-a716-446655884017"", ""level_value_mnemonic"": ""bere""}], ""lowest_level_value_id"": ""550e8400-e29b-41d4-a716-446655884017""}",10.5058,70.4344,168,05AB+04,2190 Kelly Harbor Apt. 842,Sector 2,000172,KM
20000000-0000-4000-8000-000000000173,IND-0173,Phyllis,,Fowler,Phyllis Fowler,Phyllis Fowler,FEMALE,1998-06-08,27,MARRIED,"[{""type"": ""mobile"", ""number"": ""+10000000173"", ""is_primary"": true}]",,2095197958,XXXXXX7958,ILLITERATE,en,images/IND-0173.jpg,550e8400-e29b-41d4-a716-446655884017,550e8400-e29b-41d4-a716-446655883005,550e8400-e29b-41d4-a716-446655442002,550e8400-e29b-41d4-a716-446655441001,550e8400-e29b-41d4-a716-446655440001,"{""hierarchy"": [{""level"": ""country"", ""level_value_id"": ""550e8400-e29b-41d4-a716-446655440001"", ""level_value_mnemonic"": ""kamuntu""}, {""level"": ""region"", ""level_value_id"": ""550e8400-e29b-41d4-a716-446655441001"", ""level_value_mnemonic"": ""kilima""}, {""level"": ""district"", ""level_value_id"": ""550e8400-e29b-41d4-a716-446655442002"", ""level_value_mnemonic"": ""pembe""}, {""level"": ""ward"", ""level_value_id"": ""550e8400-e29b-41d4-a716-446655883005"", ""level_value_mnemonic"": ""soko""}, {""level"": ""village"", ""level_value_id"": ""550e8400-e29b-41d4-a716-446655884017"", ""level_value_mnemonic"": ""bere""}], ""lowest_level_value_id"": ""550e8400-e29b-41d4-a716-446655884017""}",10.453,70.4279,165,04AB+04,819 Joseph Plains Suite 807,Sector 3,000173,KM
20000000-0000-4000-8000-000000000174,IND-0174,Joshua,Curtis,Fowler,Joshua Curtis Fowler,Joshua Curtis Fowler,MALE,1987-11-16,38,MARRIED,"[{""type"": ""mobile"", ""number"": ""+10000000174"", ""is_primary"": true}]",,4752171298,XXXXXX1298,CAN_READ_AND_WRITE,en,images/IND-0174.jpg,550e8400-e29b-41d4-a716-446655884017,550e8400-e29b-41d4-a716-446655883005,550e8400-e29b-41d4-a716-446655442002,550e8400-e29b-41d4-a716-446655441001,550e8400-e29b-41d4-a716-446655440001,"{""hierarchy"": [{""level"": ""country"", ""level_value_id"": ""550e8400-e29b-41d4-a716-446655440001"", ""level_value_mnemonic"": ""kamuntu""}, {""level"": ""region"", ""level_value_id"": ""550e8400-e29b-41d4-a716-446655441001"", ""level_value_mnemonic"": ""kilima""}, {""level"": ""district"", ""level_value_id"": ""550e8400-e29b-41d4-a716-446655442002"", ""level_value_mnemonic"": ""pembe""}, {""level"": ""ward"", ""level_value_id"": ""550e8400-e29b-41d4-a716-446655883005"", ""level_value_mnemonic"": ""soko""}, {""level"": ""village"", ""level_value_id"": ""550e8400-e29b-41d4-a716-446655884017"", ""level_value_mnemonic"": ""bere""}], ""lowest_level_value_id"": ""550e8400-e29b-41d4-a716-446655884017""}",10.4388,70.4962,235,04AB+04,0745 Scott Crest,Sector 4,000174,KM
20000000-0000-4000-8000-000000000175,IND-0175,Patricia,,Young,Patricia Young,Patricia Young,FEMALE,1955-12-19,70,MARRIED,"[{""type"": ""mobile"", ""number"": ""+10000000175"", ""is_primary"": true}]",michelle96@example.org,6173344564,XXXXXX4564,INTERMEDIARY,en,images/IND-0175.jpg,550e8400-e29b-41d4-a716-446655884246,550e8400-e29b-41d4-a716-446655883062,550e8400-e29b-41d4-a716-446655442016,550e8400-e29b-41d4-a716-446655441004,550e8400-e29b-41d4-a716-446655440001,"{""hierarchy"": [{""level"": ""country"", ""level_value_id"": ""550e8400-e29b-41d4-a716-446655440001"", ""level_value_mnemonic"": ""kamuntu""}, {""level"": ""region"", ""level_value_id"": ""550e8400-e29b-41d4-a716-446655441004"", ""level_value_mnemonic"": ""faraja""}, {""level"": ""district"", ""level_value_id"": ""550e8400-e29b-41d4-a716-446655442016"", ""level_value_mnemonic"": ""tunza""}, {""level"": ""ward"", ""level_value_id"": ""550e8400-e29b-41d4-a716-446655883062"", ""level_value_mnemonic"": ""kufanya""}, {""level"": ""village"", ""level_value_id"": ""550e8400-e29b-41d4-a716-446655884246"", ""level_value_mnemonic"": ""billio""}], ""lowest_level_value_id"": ""550e8400-e29b-41d4-a716-446655884246""}",19.5515,66.5152,248,95AB+65,30958 Carlson Extension,Sector 5,000175,KM
20000000-0000-4000-8000-000000000176,IND-0176,Erica,,Young,Erica Young,Erica Young,MALE,1981-08-23,44,MARRIED,"[{""type"": ""mobile"", ""number"": ""+10000000176"", ""is_primary"": true}]",ashley81@example.org,8901585274,XXXXXX5274,CAN_READ_AND_WRITE,en,images/IND-0176.jpg,550e8400-e29b-41d4-a716-446655884246,550e8400-e29b-41d4-a716-446655883062,550e8400-e29b-41d4-a716-446655442016,550e8400-e29b-41d4-a716-446655441004,550e8400-e29b-41d4-a716-446655440001,"{""hierarchy"": [{""level"": ""country"", ""level_value_id"": ""550e8400-e29b-41d4-a716-446655440001"", ""level_value_mnemonic"": ""kamuntu""}, {""level"": ""region"", ""level_value_id"": ""550e8400-e29b-41d4-a716-446655441004"", ""level_value_mnemonic"": ""faraja""}, {""level"": ""district"", ""level_value_id"": ""550e8400-e29b-41d4-a716-446655442016"", ""level_value_mnemonic"": ""tunza""}, {""level"": ""ward"", ""level_value_id"": ""550e8400-e29b-41d4-a716-446655883062"", ""level_value_mnemonic"": ""kufanya""}, {""level"": ""village"", ""level_value_id"": ""550e8400-e29b-41d4-a716-446655884246"", ""level_value_mnemonic"": ""billio""}], ""lowest_level_value_id"": ""550e8400-e29b-41d4-a716-446655884246""}",19.5514,66.4971,155,95AB+64,42232 Poole Trace Suite 729,Sector 6,000176,KM
20000000-0000-4000-8000-000000000177,IND-0177,Mark,Nicholas,Young,Mark Nicholas Young,Mark Nicholas Young,MALE,1988-05-05,38,MARRIED,"[{""type"": ""mobile"", ""number"": ""+10000000177"", ""is_primary"": true}]",schultznicole@example.org,7088451458,XXXXXX1458,CAN_READ_AND_WRITE,en,images/IND-0177.jpg,550e8400-e29b-41d4-a716-446655884246,550e8400-e29b-41d4-a716-446655883062,550e8400-e29b-41d4-a716-446655442016,550e8400-e29b-41d4-a716-446655441004,550e8400-e29b-41d4-a716-446655440001,"{""hierarchy"": [{""level"": ""country"", ""level_value_id"": ""550e8400-e29b-41d4-a716-446655440001"", ""level_value_mnemonic"": ""kamuntu""}, {""level"": ""region"", ""level_value_id"": ""550e8400-e29b-41d4-a716-446655441004"", ""level_value_mnemonic"": ""faraja""}, {""level"": ""district"", ""level_value_id"": ""550e8400-e29b-41d4-a716-446655442016"", ""level_value_mnemonic"": ""tunza""}, {""level"": ""ward"", ""level_value_id"": ""550e8400-e29b-41d4-a716-446655883062"", ""level_value_mnemonic"": ""kufanya""}, {""level"": ""village"", ""level_value_id"": ""550e8400-e29b-41d4-a716-446655884246"", ""level_value_mnemonic"": ""billio""}], ""lowest_level_value_id"": ""550e8400-e29b-41d4-a716-446655884246""}",19.4752,66.493,147,94AB+64,457 Murphy Alley Apt. 751,Sector 7,000177,KM
20000000-0000-4000-8000-000000000178,IND-0178,Rebecca,,Young,Rebecca Young,Rebecca Young,FEMALE,1950-04-29,76,WIDOWED,"[{""type"": ""mobile"", ""number"": ""+10000000178"", ""is_primary"": true}]",fsummers@example.com,8823677798,XXXXXX7798,BASIC,en,images/IND-0178.jpg,550e8400-e29b-41d4-a716-446655884246,550e8400-e29b-41d4-a716-446655883062,550e8400-e29b-41d4-a716-446655442016,550e8400-e29b-41d4-a716-446655441004,550e8400-e29b-41d4-a716-446655440001,"{""hierarchy"": [{""level"": ""country"", ""level_value_id"": ""550e8400-e29b-41d4-a716-446655440001"", ""level_value_mnemonic"": ""kamuntu""}, {""level"": ""region"", ""level_value_id"": ""550e8400-e29b-41d4-a716-446655441004"", ""level_value_mnemonic"": ""faraja""}, {""level"": ""district"", ""level_value_id"": ""550e8400-e29b-41d4-a716-446655442016"", ""level_value_mnemonic"": ""tunza""}, {""level"": ""ward"", ""level_value_id"": ""550e8400-e29b-41d4-a716-446655883062"", ""level_value_mnemonic"": ""kufanya""}, {""level"": ""village"", ""level_value_id"": ""550e8400-e29b-41d4-a716-446655884246"", ""level_value_mnemonic"": ""billio""}], ""lowest_level_value_id"": ""550e8400-e29b-41d4-a716-446655884246""}",19.5567,66.5242,175,95AB+65,5892 Kramer Springs Apt. 017,Sector 8,000178,KM
20000000-0000-4000-8000-000000000179,IND-0179,Alexis,Eric,Noble,Alexis Eric Noble,Alexis Eric Noble,FEMALE,1979-02-20,47,MARRIED,"[{""type"": ""mobile"", ""number"": ""+10000000179"", ""is_primary"": true}]",,5322385617,XXXXXX5617,ILLITERATE,en,images/IND-0179.jpg,550e8400-e29b-41d4-a716-446655884087,550e8400-e29b-41d4-a716-446655883022,550e8400-e29b-41d4-a716-446655442006,550e8400-e29b-41d4-a716-446655441002,550e8400-e29b-41d4-a716-446655440001,"{""hierarchy"": [{""level"": ""country"", ""level_value_id"": ""550e8400-e29b-41d4-a716-446655440001"", ""level_value_mnemonic"": ""kamuntu""}, {""level"": ""region"", ""level_value_id"": ""550e8400-e29b-41d4-a716-446655441002"", ""level_value_mnemonic"": ""chakula""}, {""level"": ""district"", ""level_value_id"": ""550e8400-e29b-41d4-a716-446655442006"", ""level_value_mnemonic"": ""njia""}, {""level"": ""ward"", ""level_value_id"": ""550e8400-e29b-41d4-a716-446655883022"", ""level_value_mnemonic"": ""wingu""}, {""level"": ""village"", ""level_value_id"": ""550e8400-e29b-41d4-a716-446655884087"", ""level_value_mnemonic"": ""biluga""}], ""lowest_level_value_id"": ""550e8400-e29b-41d4-a716-446655884087""}",14.7337,65.7831,67,47AB+57,63242 Davis Lake Suite 152,Sector 9,000179,KM
20000000-0000-4000-8000-000000000180,IND-0180,Anthony,,Noble,Anthony Noble,Anthony Noble,MALE,1987-08-02,38,MARRIED,"[{""type"": ""mobile"", ""number"": ""+10000000180"", ""is_primary"": true}]",rubendavis@example.org,9215204939,XXXXXX4939,ILLITERATE,en,images/IND-0180.jpg,550e8400-e29b-41d4-a716-446655884087,550e8400-e29b-41d4-a716-446655883022,550e8400-e29b-41d4-a716-446655442006,550e8400-e29b-41d4-a716-446655441002,550e8400-e29b-41d4-a716-446655440001,"{""hierarchy"": [{""level"": ""country"", ""level_value_id"": ""550e8400-e29b-41d4-a716-446655440001"", ""level_value_mnemonic"": ""kamuntu""}, {""level"": ""region"", ""level_value_id"": ""550e8400-e29b-41d4-a716-446655441002"", ""level_value_mnemonic"": ""chakula""}, {""level"": ""district"", ""level_value_id"": ""550e8400-e29b-41d4-a716-446655442006"", ""level_value_mnemonic"": ""njia""}, {""level"": ""ward"", ""level_value_id"": ""550e8400-e29b-41d4-a716-446655883022"", ""level_value_mnemonic"": ""wingu""}, {""level"": ""village"", ""level_value_id"": ""550e8400-e29b-41d4-a716-446655884087"", ""level_value_mnemonic"": ""biluga""}], ""lowest_level_value_id"": ""550e8400-e29b-41d4-a716-446655884087""}",14.7859,65.7216,186,47AB+57,71293 Smith Square,Sector 1,000180,KM
20000000-0000-4000-8000-000000000181,IND-0181,Greg,,Noble,Greg Noble,Greg Noble,MALE,2005-03-22,21,SINGLE,"[{""type"": ""mobile"", ""number"": ""+10000000181"", ""is_primary"": true}]",,8189916797,XXXXXX6797,HIGHER_EDUCATION,en,images/IND-0181.jpg,550e8400-e29b-41d4-a716-446655884087,550e8400-e29b-41d4-a716-446655883022,550e8400-e29b-41d4-a716-446655442006,550e8400-e29b-41d4-a716-446655441002,550e8400-e29b-41d4-a716-446655440001,"{""hierarchy"": [{""level"": ""country"", ""level_value_id"": ""550e8400-e29b-41d4-a716-446655440001"", ""level_value_mnemonic"": ""kamuntu""}, {""level"": ""region"", ""level_value_id"": ""550e8400-e29b-41d4-a716-446655441002"", ""level_value_mnemonic"": ""chakula""}, {""level"": ""district"", ""level_value_id"": ""550e8400-e29b-41d4-a716-446655442006"", ""level_value_mnemonic"": ""njia""}, {""level"": ""ward"", ""level_value_id"": ""550e8400-e29b-41d4-a716-446655883022"", ""level_value_mnemonic"": ""wingu""}, {""level"": ""village"", ""level_value_id"": ""550e8400-e29b-41d4-a716-446655884087"", ""level_value_mnemonic"": ""biluga""}], ""lowest_level_value_id"": ""550e8400-e29b-41d4-a716-446655884087""}",14.8006,65.811,77,48AB+58,271 Patrick Street Apt. 155,Sector 2,000181,KM
20000000-0000-4000-8000-000000000182,IND-0182,Stanley,Kiara,Noble,Stanley Kiara Noble,Stanley Kiara Noble,MALE,1995-10-13,30,WIDOWED,"[{""type"": ""mobile"", ""number"": ""+10000000182"", ""is_primary"": true}]",darlenebyrd@example.org,2704657157,XXXXXX7157,CAN_READ_AND_WRITE,en,images/IND-0182.jpg,550e8400-e29b-41d4-a716-446655884087,550e8400-e29b-41d4-a716-446655883022,550e8400-e29b-41d4-a716-446655442006,550e8400-e29b-41d4-a716-446655441002,550e8400-e29b-41d4-a716-446655440001,"{""hierarchy"": [{""level"": ""country"", ""level_value_id"": ""550e8400-e29b-41d4-a716-446655440001"", ""level_value_mnemonic"": ""kamuntu""}, {""level"": ""region"", ""level_value_id"": ""550e8400-e29b-41d4-a716-446655441002"", ""level_value_mnemonic"": ""chakula""}, {""level"": ""district"", ""level_value_id"": ""550e8400-e29b-41d4-a716-446655442006"", ""level_value_mnemonic"": ""njia""}, {""level"": ""ward"", ""level_value_id"": ""550e8400-e29b-41d4-a716-446655883022"", ""level_value_mnemonic"": ""wingu""}, {""level"": ""village"", ""level_value_id"": ""550e8400-e29b-41d4-a716-446655884087"", ""level_value_mnemonic"": ""biluga""}], ""lowest_level_value_id"": ""550e8400-e29b-41d4-a716-446655884087""}",14.7573,65.7606,194,47AB+57,275 Courtney Drive,Sector 3,000182,KM
20000000-0000-4000-8000-000000000183,IND-0183,Thomas,Scott,Jensen,Thomas Scott Jensen,Thomas Scott Jensen,MALE,1989-01-17,37,MARRIED,"[{""type"": ""mobile"", ""number"": ""+10000000183"", ""is_primary"": true}]",christophergarcia@example.org,3734812163,XXXXXX2163,BASIC,en,images/IND-0183.jpg,550e8400-e29b-41d4-a716-446655884154,550e8400-e29b-41d4-a716-446655883039,550e8400-e29b-41d4-a716-446655442010,550e8400-e29b-41d4-a716-446655441003,550e8400-e29b-41d4-a716-446655440001,"{""hierarchy"": [{""level"": ""country"", ""level_value_id"": ""550e8400-e29b-41d4-a716-446655440001"", ""level_value_mnemonic"": ""kamuntu""}, {""level"": ""region"", ""level_value_id"": ""550e8400-e29b-41d4-a716-446655441003"", ""level_value_mnemonic"": ""jasiri""}, {""level"": ""district"", ""level_value_id"": ""550e8400-e29b-41d4-a716-446655442010"", ""level_value_mnemonic"": ""ndoto""}, {""level"": ""ward"", ""level_value_id"": ""550e8400-e29b-41d4-a716-446655883039"", ""level_value_mnemonic"": ""habari""}, {""level"": ""village"", ""level_value_id"": ""550e8400-e29b-41d4-a716-446655884154"", ""level_value_mnemonic"": ""biluzo""}], ""lowest_level_value_id"": ""550e8400-e29b-41d4-a716-446655884154""}",18.3603,71.2983,266,83AB+12,6523 Newman Gateway Suite 043,Sector 4,000183,KM
20000000-0000-4000-8000-000000000184,IND-0184,Joseph,,Jensen,Joseph Jensen,Joseph Jensen,FEMALE,1955-02-28,71,MARRIED,"[{""type"": ""mobile"", ""number"": ""+10000000184"", ""is_primary"": true}]",dphillips@example.org,7337225482,XXXXXX5482,HIGHER_EDUCATION,en,images/IND-0184.jpg,550e8400-e29b-41d4-a716-446655884154,550e8400-e29b-41d4-a716-446655883039,550e8400-e29b-41d4-a716-446655442010,550e8400-e29b-41d4-a716-446655441003,550e8400-e29b-41d4-a716-446655440001,"{""hierarchy"": [{""level"": ""country"", ""level_value_id"": ""550e8400-e29b-41d4-a716-446655440001"", ""level_value_mnemonic"": ""kamuntu""}, {""level"": ""region"", ""level_value_id"": ""550e8400-e29b-41d4-a716-446655441003"", ""level_value_mnemonic"": ""jasiri""}, {""level"": ""district"", ""level_value_id"": ""550e8400-e29b-41d4-a716-446655442010"", ""level_value_mnemonic"": ""ndoto""}, {""level"": ""ward"", ""level_value_id"": ""550e8400-e29b-41d4-a716-446655883039"", ""level_value_mnemonic"": ""habari""}, {""level"": ""village"", ""level_value_id"": ""550e8400-e29b-41d4-a716-446655884154"", ""level_value_mnemonic"": ""biluzo""}], ""lowest_level_value_id"": ""550e8400-e29b-41d4-a716-446655884154""}",18.2947,71.2974,286,82AB+12,1379 Allison Bridge Suite 526,Sector 5,000184,KM
20000000-0000-4000-8000-000000000185,IND-0185,Scott,Michael,Jensen,Scott Michael Jensen,Scott Michael Jensen,MALE,1980-02-08,46,DIVORCED,"[{""type"": ""mobile"", ""number"": ""+10000000185"", ""is_primary"": true}]",,3521300895,XXXXXX0895,BASIC,en,images/IND-0185.jpg,550e8400-e29b-41d4-a716-446655884154,550e8400-e29b-41d4-a716-446655883039,550e8400-e29b-41d4-a716-446655442010,550e8400-e29b-41d4-a716-446655441003,550e8400-e29b-41d4-a716-446655440001,"{""hierarchy"": [{""level"": ""country"", ""level_value_id"": ""550e8400-e29b-41d4-a716-446655440001"", ""level_value_mnemonic"": ""kamuntu""}, {""level"": ""region"", ""level_value_id"": ""550e8400-e29b-41d4-a716-446655441003"", ""level_value_mnemonic"": ""jasiri""}, {""level"": ""district"", ""level_value_id"": ""550e8400-e29b-41d4-a716-446655442010"", ""level_value_mnemonic"": ""ndoto""}, {""level"": ""ward"", ""level_value_id"": ""550e8400-e29b-41d4-a716-446655883039"", ""level_value_mnemonic"": ""habari""}, {""level"": ""village"", ""level_value_id"": ""550e8400-e29b-41d4-a716-446655884154"", ""level_value_mnemonic"": ""biluzo""}], ""lowest_level_value_id"": ""550e8400-e29b-41d4-a716-446655884154""}",18.3652,71.3613,151,83AB+13,1091 Jose Canyon,Sector 6,000185,KM
20000000-0000-4000-8000-000000000186,IND-0186,Thomas,,Fry,Thomas Fry,Thomas Fry,MALE,1968-05-01,58,MARRIED,"[{""type"": ""mobile"", ""number"": ""+10000000186"", ""is_primary"": true}]",ohunter@example.net,4110258855,XXXXXX8855,CAN_READ_AND_WRITE,en,images/IND-0186.jpg,550e8400-e29b-41d4-a716-446655884084,550e8400-e29b-41d4-a716-446655883021,550e8400-e29b-41d4-a716-446655442006,550e8400-e29b-41d4-a716-446655441002,550e8400-e29b-41d4-a716-446655440001,"{""hierarchy"": [{""level"": ""country"", ""level_value_id"": ""550e8400-e29b-41d4-a716-446655440001"", ""level_value_mnemonic"": ""kamuntu""}, {""level"": ""region"", ""level_value_id"": ""550e8400-e29b-41d4-a716-446655441002"", ""level_value_mnemonic"": ""chakula""}, {""level"": ""district"", ""level_value_id"": ""550e8400-e29b-41d4-a716-446655442006"", ""level_value_mnemonic"": ""njia""}, {""level"": ""ward"", ""level_value_id"": ""550e8400-e29b-41d4-a716-446655883021"", ""level_value_mnemonic"": ""moyo""}, {""level"": ""village"", ""level_value_id"": ""550e8400-e29b-41d4-a716-446655884084"", ""level_value_mnemonic"": ""bilufi""}], ""lowest_level_value_id"": ""550e8400-e29b-41d4-a716-446655884084""}",19.0001,70.0474,63,90AB+00,6188 Joshua Inlet Apt. 832,Sector 7,000186,KM
20000000-0000-4000-8000-000000000187,IND-0187,Joshua,,Fry,Joshua Fry,Joshua Fry,FEMALE,1967-02-05,59,MARRIED,"[{""type"": ""mobile"", ""number"": ""+10000000187"", ""is_primary"": true}]",collinssamuel@example.org,8617360361,XXXXXX0361,BASIC,en,images/IND-0187.jpg,550e8400-e29b-41d4-a716-446655884084,550e8400-e29b-41d4-a716-446655883021,550e8400-e29b-41d4-a716-446655442006,550e8400-e29b-41d4-a716-446655441002,550e8400-e29b-41d4-a716-446655440001,"{""hierarchy"": [{""level"": ""country"", ""level_value_id"": ""550e8400-e29b-41d4-a716-446655440001"", ""level_value_mnemonic"": ""kamuntu""}, {""level"": ""region"", ""level_value_id"": ""550e8400-e29b-41d4-a716-446655441002"", ""level_value_mnemonic"": ""chakula""}, {""level"": ""district"", ""level_value_id"": ""550e8400-e29b-41d4-a716-446655442006"", ""level_value_mnemonic"": ""njia""}, {""level"": ""ward"", ""level_value_id"": ""550e8400-e29b-41d4-a716-446655883021"", ""level_value_mnemonic"": ""moyo""}, {""level"": ""village"", ""level_value_id"": ""550e8400-e29b-41d4-a716-446655884084"", ""level_value_mnemonic"": ""bilufi""}], ""lowest_level_value_id"": ""550e8400-e29b-41d4-a716-446655884084""}",18.953,69.9773,165,89AB+99,16179 Kyle Streets,Sector 8,000187,KM
20000000-0000-4000-8000-000000000188,IND-0188,Mary,,Fry,Mary Fry,Mary Fry,FEMALE,1986-08-16,39,MARRIED,"[{""type"": ""mobile"", ""number"": ""+10000000188"", ""is_primary"": true}]",,1315708805,XXXXXX8805,INTERMEDIARY,en,images/IND-0188.jpg,550e8400-e29b-41d4-a716-446655884084,550e8400-e29b-41d4-a716-446655883021,550e8400-e29b-41d4-a716-446655442006,550e8400-e29b-41d4-a716-446655441002,550e8400-e29b-41d4-a716-446655440001,"{""hierarchy"": [{""level"": ""country"", ""level_value_id"": ""550e8400-e29b-41d4-a716-446655440001"", ""level_value_mnemonic"": ""kamuntu""}, {""level"": ""region"", ""level_value_id"": ""550e8400-e29b-41d4-a716-446655441002"", ""level_value_mnemonic"": ""chakula""}, {""level"": ""district"", ""level_value_id"": ""550e8400-e29b-41d4-a716-446655442006"", ""level_value_mnemonic"": ""njia""}, {""level"": ""ward"", ""level_value_id"": ""550e8400-e29b-41d4-a716-446655883021"", ""level_value_mnemonic"": ""moyo""}, {""level"": ""village"", ""level_value_id"": ""550e8400-e29b-41d4-a716-446655884084"", ""level_value_mnemonic"": ""bilufi""}], ""lowest_level_value_id"": ""550e8400-e29b-41d4-a716-446655884084""}",18.9768,69.988,250,89AB+99,202 Benton Pike,Sector 9,000188,KM
20000000-0000-4000-8000-000000000189,IND-0189,Kelly,,Fry,Kelly Fry,Kelly Fry,FEMALE,2014-07-07,11,SINGLE,"[{""type"": ""mobile"", ""number"": ""+10000000189"", ""is_primary"": true}]",,7205093305,XXXXXX3305,CAN_READ_AND_WRITE,en,images/IND-0189.jpg,550e8400-e29b-41d4-a716-446655884084,550e8400-e29b-41d4-a716-446655883021,550e8400-e29b-41d4-a716-446655442006,550e8400-e29b-41d4-a716-446655441002,550e8400-e29b-41d4-a716-446655440001,"{""hierarchy"": [{""level"": ""country"", ""level_value_id"": ""550e8400-e29b-41d4-a716-446655440001"", ""level_value_mnemonic"": ""kamuntu""}, {""level"": ""region"", ""level_value_id"": ""550e8400-e29b-41d4-a716-446655441002"", ""level_value_mnemonic"": ""chakula""}, {""level"": ""district"", ""level_value_id"": ""550e8400-e29b-41d4-a716-446655442006"", ""level_value_mnemonic"": ""njia""}, {""level"": ""ward"", ""level_value_id"": ""550e8400-e29b-41d4-a716-446655883021"", ""level_value_mnemonic"": ""moyo""}, {""level"": ""village"", ""level_value_id"": ""550e8400-e29b-41d4-a716-446655884084"", ""level_value_mnemonic"": ""bilufi""}], ""lowest_level_value_id"": ""550e8400-e29b-41d4-a716-446655884084""}",19.0261,69.9602,72,90AB+99,52410 Roman Groves Apt. 491,Sector 1,000189,KM
20000000-0000-4000-8000-000000000190,IND-0190,Kathleen,,Fry,Kathleen Fry,Kathleen Fry,FEMALE,1992-04-16,34,SINGLE,"[{""type"": ""mobile"", ""number"": ""+10000000190"", ""is_primary"": true}]",porterashley@example.com,5679877282,XXXXXX7282,INTERMEDIARY,en,images/IND-0190.jpg,550e8400-e29b-41d4-a716-446655884084,550e8400-e29b-41d4-a716-446655883021,550e8400-e29b-41d4-a716-446655442006,550e8400-e29b-41d4-a716-446655441002,550e8400-e29b-41d4-a716-446655440001,"{""hierarchy"": [{""level"": ""country"", ""level_value_id"": ""550e8400-e29b-41d4-a716-446655440001"", ""level_value_mnemonic"": ""kamuntu""}, {""level"": ""region"", ""level_value_id"": ""550e8400-e29b-41d4-a716-446655441002"", ""level_value_mnemonic"": ""chakula""}, {""level"": ""district"", ""level_value_id"": ""550e8400-e29b-41d4-a716-446655442006"", ""level_value_mnemonic"": ""njia""}, {""level"": ""ward"", ""level_value_id"": ""550e8400-e29b-41d4-a716-446655883021"", ""level_value_mnemonic"": ""moyo""}, {""level"": ""village"", ""level_value_id"": ""550e8400-e29b-41d4-a716-446655884084"", ""level_value_mnemonic"": ""bilufi""}], ""lowest_level_value_id"": ""550e8400-e29b-41d4-a716-446655884084""}",19.0054,70.0097,250,90AB+00,1913 Bradley Wall,Sector 2,000190,KM
20000000-0000-4000-8000-000000000191,IND-0191,Adam,Michael,Fry,Adam Michael Fry,Adam Michael Fry,MALE,1999-07-18,26,MARRIED,"[{""type"": ""mobile"", ""number"": ""+10000000191"", ""is_primary"": true}]",haroldhorne@example.org,3238126936,XXXXXX6936,INTERMEDIARY,en,images/IND-0191.jpg,550e8400-e29b-41d4-a716-446655884084,550e8400-e29b-41d4-a716-446655883021,550e8400-e29b-41d4-a716-446655442006,550e8400-e29b-41d4-a716-446655441002,550e8400-e29b-41d4-a716-446655440001,"{""hierarchy"": [{""level"": ""country"", ""level_value_id"": ""550e8400-e29b-41d4-a716-446655440001"", ""level_value_mnemonic"": ""kamuntu""}, {""level"": ""region"", ""level_value_id"": ""550e8400-e29b-41d4-a716-446655441002"", ""level_value_mnemonic"": ""chakula""}, {""level"": ""district"", ""level_value_id"": ""550e8400-e29b-41d4-a716-446655442006"", ""level_value_mnemonic"": ""njia""}, {""level"": ""ward"", ""level_value_id"": ""550e8400-e29b-41d4-a716-446655883021"", ""level_value_mnemonic"": ""moyo""}, {""level"": ""village"", ""level_value_id"": ""550e8400-e29b-41d4-a716-446655884084"", ""level_value_mnemonic"": ""bilufi""}], ""lowest_level_value_id"": ""550e8400-e29b-41d4-a716-446655884084""}",19.0185,69.967,118,90AB+99,53654 Ashley Crest Apt. 238,Sector 3,000191,KM
20000000-0000-4000-8000-000000000192,IND-0192,William,Casey,Fry,William Casey Fry,William Casey Fry,MALE,1991-12-31,34,MARRIED,"[{""type"": ""mobile"", ""number"": ""+10000000192"", ""is_primary"": true}]",,4361527572,XXXXXX7572,HIGHER_EDUCATION,en,images/IND-0192.jpg,550e8400-e29b-41d4-a716-446655884084,550e8400-e29b-41d4-a716-446655883021,550e8400-e29b-41d4-a716-446655442006,550e8400-e29b-41d4-a716-446655441002,550e8400-e29b-41d4-a716-446655440001,"{""hierarchy"": [{""level"": ""country"", ""level_value_id"": ""550e8400-e29b-41d4-a716-446655440001"", ""level_value_mnemonic"": ""kamuntu""}, {""level"": ""region"", ""level_value_id"": ""550e8400-e29b-41d4-a716-446655441002"", ""level_value_mnemonic"": ""chakula""}, {""level"": ""district"", ""level_value_id"": ""550e8400-e29b-41d4-a716-446655442006"", ""level_value_mnemonic"": ""njia""}, {""level"": ""ward"", ""level_value_id"": ""550e8400-e29b-41d4-a716-446655883021"", ""level_value_mnemonic"": ""moyo""}, {""level"": ""village"", ""level_value_id"": ""550e8400-e29b-41d4-a716-446655884084"", ""level_value_mnemonic"": ""bilufi""}], ""lowest_level_value_id"": ""550e8400-e29b-41d4-a716-446655884084""}",18.9861,70.0444,234,89AB+00,4518 Smith Flats Suite 949,Sector 4,000192,KM
20000000-0000-4000-8000-000000000193,IND-0193,Crystal,,Reed,Crystal Reed,Crystal Reed,FEMALE,1967-02-15,59,MARRIED,"[{""type"": ""mobile"", ""number"": ""+10000000193"", ""is_primary"": true}]",tapiaaaron@example.net,6157617867,XXXXXX7867,INTERMEDIARY,en,images/IND-0193.jpg,550e8400-e29b-41d4-a716-446655884101,550e8400-e29b-41d4-a716-446655883026,550e8400-e29b-41d4-a716-446655442007,550e8400-e29b-41d4-a716-446655441002,550e8400-e29b-41d4-a716-446655440001,"{""hierarchy"": [{""level"": ""country"", ""level_value_id"": ""550e8400-e29b-41d4-a716-446655440001"", ""level_value_mnemonic"": ""kamuntu""}, {""level"": ""region"", ""level_value_id"": ""550e8400-e29b-41d4-a716-446655441002"", ""level_value_mnemonic"": ""chakula""}, {""level"": ""district"", ""level_value_id"": ""550e8400-e29b-41d4-a716-446655442007"", ""level_value_mnemonic"": ""rafiki""}, {""level"": ""ward"", ""level_value_id"": ""550e8400-e29b-41d4-a716-446655883026"", ""level_value_mnemonic"": ""mahaba""}, {""level"": ""village"", ""level_value_id"": ""550e8400-e29b-41d4-a716-446655884101"", ""level_value_mnemonic"": ""biluki""}], ""lowest_level_value_id"": ""550e8400-e29b-41d4-a716-446655884101""}",15.7914,69.8565,297,57AB+98,413 Robert Circle Apt. 410,Sector 5,000193,KM
20000000-0000-4000-8000-000000000194,IND-0194,Thomas,,Reed,Thomas Reed,Thomas Reed,MALE,2004-01-12,22,MARRIED,"[{""type"": ""mobile"", ""number"": ""+10000000194"", ""is_primary"": true}]",xhaynes@example.com,8418324922,XXXXXX4922,ILLITERATE,en,images/IND-0194.jpg,550e8400-e29b-41d4-a716-446655884101,550e8400-e29b-41d4-a716-446655883026,550e8400-e29b-41d4-a716-446655442007,550e8400-e29b-41d4-a716-446655441002,550e8400-e29b-41d4-a716-446655440001,"{""hierarchy"": [{""level"": ""country"", ""level_value_id"": ""550e8400-e29b-41d4-a716-446655440001"", ""level_value_mnemonic"": ""kamuntu""}, {""level"": ""region"", ""level_value_id"": ""550e8400-e29b-41d4-a716-446655441002"", ""level_value_mnemonic"": ""chakula""}, {""level"": ""district"", ""level_value_id"": ""550e8400-e29b-41d4-a716-446655442007"", ""level_value_mnemonic"": ""rafiki""}, {""level"": ""ward"", ""level_value_id"": ""550e8400-e29b-41d4-a716-446655883026"", ""level_value_mnemonic"": ""mahaba""}, {""level"": ""village"", ""level_value_id"": ""550e8400-e29b-41d4-a716-446655884101"", ""level_value_mnemonic"": ""biluki""}], ""lowest_level_value_id"": ""550e8400-e29b-41d4-a716-446655884101""}",15.8543,69.781,254,58AB+97,182 Jones Port,Sector 6,000194,KM
20000000-0000-4000-8000-000000000195,IND-0195,Amy,,Reed,Amy Reed,Amy Reed,FEMALE,2014-08-21,11,SINGLE,"[{""type"": ""mobile"", ""number"": ""+10000000195"", ""is_primary"": true}]",,6334440295,XXXXXX0295,INTERMEDIARY,en,images/IND-0195.jpg,550e8400-e29b-41d4-a716-446655884101,550e8400-e29b-41d4-a716-446655883026,550e8400-e29b-41d4-a716-446655442007,550e8400-e29b-41d4-a716-446655441002,550e8400-e29b-41d4-a716-446655440001,"{""hierarchy"": [{""level"": ""country"", ""level_value_id"": ""550e8400-e29b-41d4-a716-446655440001"", ""level_value_mnemonic"": ""kamuntu""}, {""level"": ""region"", ""level_value_id"": ""550e8400-e29b-41d4-a716-446655441002"", ""level_value_mnemonic"": ""chakula""}, {""level"": ""district"", ""level_value_id"": ""550e8400-e29b-41d4-a716-446655442007"", ""level_value_mnemonic"": ""rafiki""}, {""level"": ""ward"", ""level_value_id"": ""550e8400-e29b-41d4-a716-446655883026"", ""level_value_mnemonic"": ""mahaba""}, {""level"": ""village"", ""level_value_id"": ""550e8400-e29b-41d4-a716-446655884101"", ""level_value_mnemonic"": ""biluki""}], ""lowest_level_value_id"": ""550e8400-e29b-41d4-a716-446655884101""}",15.8259,69.8315,252,58AB+98,44565 Chavez Fort,Sector 7,000195,KM
20000000-0000-4000-8000-000000000196,IND-0196,Benjamin,,Reed,Benjamin Reed,Benjamin Reed,MALE,1988-05-20,38,MARRIED,"[{""type"": ""mobile"", ""number"": ""+10000000196"", ""is_primary"": true}]",,8265834251,XXXXXX4251,HIGHER_EDUCATION,en,images/IND-0196.jpg,550e8400-e29b-41d4-a716-446655884101,550e8400-e29b-41d4-a716-446655883026,550e8400-e29b-41d4-a716-446655442007,550e8400-e29b-41d4-a716-446655441002,550e8400-e29b-41d4-a716-446655440001,"{""hierarchy"": [{""level"": ""country"", ""level_value_id"": ""550e8400-e29b-41d4-a716-446655440001"", ""level_value_mnemonic"": ""kamuntu""}, {""level"": ""region"", ""level_value_id"": ""550e8400-e29b-41d4-a716-446655441002"", ""level_value_mnemonic"": ""chakula""}, {""level"": ""district"", ""level_value_id"": ""550e8400-e29b-41d4-a716-446655442007"", ""level_value_mnemonic"": ""rafiki""}, {""level"": ""ward"", ""level_value_id"": ""550e8400-e29b-41d4-a716-446655883026"", ""level_value_mnemonic"": ""mahaba""}, {""level"": ""village"", ""level_value_id"": ""550e8400-e29b-41d4-a716-446655884101"", ""level_value_mnemonic"": ""biluki""}], ""lowest_level_value_id"": ""550e8400-e29b-41d4-a716-446655884101""}",15.8144,69.8391,142,58AB+98,12775 Martinez Knolls,Sector 8,000196,KM
20000000-0000-4000-8000-000000000197,IND-0197,Vincent,Kyle,Reed,Vincent Kyle Reed,Vincent Kyle Reed,MALE,2004-06-15,21,SINGLE,"[{""type"": ""mobile"", ""number"": ""+10000000197"", ""is_primary"": true}]",melissa12@example.net,3631431563,XXXXXX1563,BASIC,en,images/IND-0197.jpg,550e8400-e29b-41d4-a716-446655884101,550e8400-e29b-41d4-a716-446655883026,550e8400-e29b-41d4-a716-446655442007,550e8400-e29b-41d4-a716-446655441002,550e8400-e29b-41d4-a716-446655440001,"{""hierarchy"": [{""level"": ""country"", ""level_value_id"": ""550e8400-e29b-41d4-a716-446655440001"", ""level_value_mnemonic"": ""kamuntu""}, {""level"": ""region"", ""level_value_id"": ""550e8400-e29b-41d4-a716-446655441002"", ""level_value_mnemonic"": ""chakula""}, {""level"": ""district"", ""level_value_id"": ""550e8400-e29b-41d4-a716-446655442007"", ""level_value_mnemonic"": ""rafiki""}, {""level"": ""ward"", ""level_value_id"": ""550e8400-e29b-41d4-a716-446655883026"", ""level_value_mnemonic"": ""mahaba""}, {""level"": ""village"", ""level_value_id"": ""550e8400-e29b-41d4-a716-446655884101"", ""level_value_mnemonic"": ""biluki""}], ""lowest_level_value_id"": ""550e8400-e29b-41d4-a716-446655884101""}",15.8163,69.8245,215,58AB+98,903 Hernandez Station Apt. 568,Sector 9,000197,KM
20000000-0000-4000-8000-000000000198,IND-0198,Amber,Lori,Reed,Amber Lori Reed,Amber Lori Reed,FEMALE,2016-06-13,9,SINGLE,"[{""type"": ""mobile"", ""number"": ""+10000000198"", ""is_primary"": true}]",,3470617247,XXXXXX7247,HIGHER_EDUCATION,en,images/IND-0198.jpg,550e8400-e29b-41d4-a716-446655884101,550e8400-e29b-41d4-a716-446655883026,550e8400-e29b-41d4-a716-446655442007,550e8400-e29b-41d4-a716-446655441002,550e8400-e29b-41d4-a716-446655440001,"{""hierarchy"": [{""level"": ""country"", ""level_value_id"": ""550e8400-e29b-41d4-a716-446655440001"", ""level_value_mnemonic"": ""kamuntu""}, {""level"": ""region"", ""level_value_id"": ""550e8400-e29b-41d4-a716-446655441002"", ""level_value_mnemonic"": ""chakula""}, {""level"": ""district"", ""level_value_id"": ""550e8400-e29b-41d4-a716-446655442007"", ""level_value_mnemonic"": ""rafiki""}, {""level"": ""ward"", ""level_value_id"": ""550e8400-e29b-41d4-a716-446655883026"", ""level_value_mnemonic"": ""mahaba""}, {""level"": ""village"", ""level_value_id"": ""550e8400-e29b-41d4-a716-446655884101"", ""level_value_mnemonic"": ""biluki""}], ""lowest_level_value_id"": ""550e8400-e29b-41d4-a716-446655884101""}",15.8046,69.7991,247,58AB+97,67883 Steven Unions,Sector 1,000198,KM
20000000-0000-4000-8000-000000000199,IND-0199,Alison,Rachel,Brown,Alison Rachel Brown,Alison Rachel Brown,FEMALE,1970-04-23,56,MARRIED,"[{""type"": ""mobile"", ""number"": ""+10000000199"", ""is_primary"": true}]",flamb@example.com,2289624427,XXXXXX4427,ILLITERATE,en,images/IND-0199.jpg,550e8400-e29b-41d4-a716-446655884078,550e8400-e29b-41d4-a716-446655883020,550e8400-e29b-41d4-a716-446655442005,550e8400-e29b-41d4-a716-446655441002,550e8400-e29b-41d4-a716-446655440001,"{""hierarchy"": [{""level"": ""country"", ""level_value_id"": ""550e8400-e29b-41d4-a716-446655440001"", ""level_value_mnemonic"": ""kamuntu""}, {""level"": ""region"", ""level_value_id"": ""550e8400-e29b-41d4-a716-446655441002"", ""level_value_mnemonic"": ""chakula""}, {""level"": ""district"", ""level_value_id"": ""550e8400-e29b-41d4-a716-446655442005"", ""level_value_mnemonic"": ""mfumo""}, {""level"": ""ward"", ""level_value_id"": ""550e8400-e29b-41d4-a716-446655883020"", ""level_value_mnemonic"": ""nguvu""}, {""level"": ""village"", ""level_value_id"": ""550e8400-e29b-41d4-a716-446655884078"", ""level_value_mnemonic"": ""biluca""}], ""lowest_level_value_id"": ""550e8400-e29b-41d4-a716-446655884078""}",19.341,68.2715,267,93AB+82,70296 Crawford Light,Sector 2,000199,KM
20000000-0000-4000-8000-000000000200,IND-0200,Michael,,Brown,Michael Brown,Michael Brown,MALE,1968-11-18,57,MARRIED,"[{""type"": ""mobile"", ""number"": ""+10000000200"", ""is_primary"": true}]",,5982744929,XXXXXX4929,CAN_READ_AND_WRITE,en,images/IND-0200.jpg,550e8400-e29b-41d4-a716-446655884078,550e8400-e29b-41d4-a716-446655883020,550e8400-e29b-41d4-a716-446655442005,550e8400-e29b-41d4-a716-446655441002,550e8400-e29b-41d4-a716-446655440001,"{""hierarchy"": [{""level"": ""country"", ""level_value_id"": ""550e8400-e29b-41d4-a716-446655440001"", ""level_value_mnemonic"": ""kamuntu""}, {""level"": ""region"", ""level_value_id"": ""550e8400-e29b-41d4-a716-446655441002"", ""level_value_mnemonic"": ""chakula""}, {""level"": ""district"", ""level_value_id"": ""550e8400-e29b-41d4-a716-446655442005"", ""level_value_mnemonic"": ""mfumo""}, {""level"": ""ward"", ""level_value_id"": ""550e8400-e29b-41d4-a716-446655883020"", ""level_value_mnemonic"": ""nguvu""}, {""level"": ""village"", ""level_value_id"": ""550e8400-e29b-41d4-a716-446655884078"", ""level_value_mnemonic"": ""biluca""}], ""lowest_level_value_id"": ""550e8400-e29b-41d4-a716-446655884078""}",19.316,68.3558,109,93AB+83,44720 Deborah Parks,Sector 3,000200,KM
20000000-0000-4000-8000-000000000201,IND-0201,Jason,,Brown,Jason Brown,Jason Brown,MALE,2000-10-14,25,MARRIED,"[{""type"": ""mobile"", ""number"": ""+10000000201"", ""is_primary"": true}]",,4792874364,XXXXXX4364,CAN_READ_AND_WRITE,en,images/IND-0201.jpg,550e8400-e29b-41d4-a716-446655884078,550e8400-e29b-41d4-a716-446655883020,550e8400-e29b-41d4-a716-446655442005,550e8400-e29b-41d4-a716-446655441002,550e8400-e29b-41d4-a716-446655440001,"{""hierarchy"": [{""level"": ""country"", ""level_value_id"": ""550e8400-e29b-41d4-a716-446655440001"", ""level_value_mnemonic"": ""kamuntu""}, {""level"": ""region"", ""level_value_id"": ""550e8400-e29b-41d4-a716-446655441002"", ""level_value_mnemonic"": ""chakula""}, {""level"": ""district"", ""level_value_id"": ""550e8400-e29b-41d4-a716-446655442005"", ""level_value_mnemonic"": ""mfumo""}, {""level"": ""ward"", ""level_value_id"": ""550e8400-e29b-41d4-a716-446655883020"", ""level_value_mnemonic"": ""nguvu""}, {""level"": ""village"", ""level_value_id"": ""550e8400-e29b-41d4-a716-446655884078"", ""level_value_mnemonic"": ""biluca""}], ""lowest_level_value_id"": ""550e8400-e29b-41d4-a716-446655884078""}",19.305,68.303,51,93AB+83,46263 Crystal Unions,Sector 4,000201,KM
20000000-0000-4000-8000-000000000202,IND-0202,Kimberly,,Brown,Kimberly Brown,Kimberly Brown,FEMALE,1979-01-20,47,MARRIED,"[{""type"": ""mobile"", ""number"": ""+10000000202"", ""is_primary"": true}]",wcasey@example.com,3305920746,XXXXXX0746,INTERMEDIARY,en,images/IND-0202.jpg,550e8400-e29b-41d4-a716-446655884078,550e8400-e29b-41d4-a716-446655883020,550e8400-e29b-41d4-a716-446655442005,550e8400-e29b-41d4-a716-446655441002,550e8400-e29b-41d4-a716-446655440001,"{""hierarchy"": [{""level"": ""country"", ""level_value_id"": ""550e8400-e29b-41d4-a716-446655440001"", ""level_value_mnemonic"": ""kamuntu""}, {""level"": ""region"", ""level_value_id"": ""550e8400-e29b-41d4-a716-446655441002"", ""level_value_mnemonic"": ""chakula""}, {""level"": ""district"", ""level_value_id"": ""550e8400-e29b-41d4-a716-446655442005"", ""level_value_mnemonic"": ""mfumo""}, {""level"": ""ward"", ""level_value_id"": ""550e8400-e29b-41d4-a716-446655883020"", ""level_value_mnemonic"": ""nguvu""}, {""level"": ""village"", ""level_value_id"": ""550e8400-e29b-41d4-a716-446655884078"", ""level_value_mnemonic"": ""biluca""}], ""lowest_level_value_id"": ""550e8400-e29b-41d4-a716-446655884078""}",19.2966,68.2797,79,92AB+82,9856 White Island Apt. 040,Sector 5,000202,KM
20000000-0000-4000-8000-000000000203,IND-0203,Rhonda,,Brown,Rhonda Brown,Rhonda Brown,FEMALE,1988-04-11,38,SINGLE,"[{""type"": ""mobile"", ""number"": ""+10000000203"", ""is_primary"": true}]",katie32@example.org,8733575600,XXXXXX5600,ILLITERATE,en,images/IND-0203.jpg,550e8400-e29b-41d4-a716-446655884078,550e8400-e29b-41d4-a716-446655883020,550e8400-e29b-41d4-a716-446655442005,550e8400-e29b-41d4-a716-446655441002,550e8400-e29b-41d4-a716-446655440001,"{""hierarchy"": [{""level"": ""country"", ""level_value_id"": ""550e8400-e29b-41d4-a716-446655440001"", ""level_value_mnemonic"": ""kamuntu""}, {""level"": ""region"", ""level_value_id"": ""550e8400-e29b-41d4-a716-446655441002"", ""level_value_mnemonic"": ""chakula""}, {""level"": ""district"", ""level_value_id"": ""550e8400-e29b-41d4-a716-446655442005"", ""level_value_mnemonic"": ""mfumo""}, {""level"": ""ward"", ""level_value_id"": ""550e8400-e29b-41d4-a716-446655883020"", ""level_value_mnemonic"": ""nguvu""}, {""level"": ""village"", ""level_value_id"": ""550e8400-e29b-41d4-a716-446655884078"", ""level_value_mnemonic"": ""biluca""}], ""lowest_level_value_id"": ""550e8400-e29b-41d4-a716-446655884078""}",19.3519,68.319,222,93AB+83,348 Kathryn Forges,Sector 6,000203,KM
20000000-0000-4000-8000-000000000204,IND-0204,Kenneth,Paul,Mcgrath,Kenneth Paul Mcgrath,Kenneth Paul Mcgrath,MALE,1989-12-26,36,MARRIED,"[{""type"": ""mobile"", ""number"": ""+10000000204"", ""is_primary"": true}]",,3561629386,XXXXXX9386,CAN_READ_AND_WRITE,en,images/IND-0204.jpg,550e8400-e29b-41d4-a716-446655884123,550e8400-e29b-41d4-a716-446655883031,550e8400-e29b-41d4-a716-446655442008,550e8400-e29b-41d4-a716-446655441002,550e8400-e29b-41d4-a716-446655440001,"{""hierarchy"": [{""level"": ""country"", ""level_value_id"": ""550e8400-e29b-41d4-a716-446655440001"", ""level_value_mnemonic"": ""kamuntu""}, {""level"": ""region"", ""level_value_id"": ""550e8400-e29b-41d4-a716-446655441002"", ""level_value_mnemonic"": ""chakula""}, {""level"": ""district"", ""level_value_id"": ""550e8400-e29b-41d4-a716-446655442008"", ""level_value_mnemonic"": ""makali""}, {""level"": ""ward"", ""level_value_id"": ""550e8400-e29b-41d4-a716-446655883031"", ""level_value_mnemonic"": ""sura""}, {""level"": ""village"", ""level_value_id"": ""550e8400-e29b-41d4-a716-446655884123"", ""level_value_mnemonic"": ""biluqu""}], ""lowest_level_value_id"": ""550e8400-e29b-41d4-a716-446655884123""}",16.0475,66.0323,174,60AB+60,39559 Jade Knoll,Sector 7,000204,KM
20000000-0000-4000-8000-000000000205,IND-0205,Travis,,Mcgrath,Travis Mcgrath,Travis Mcgrath,FEMALE,2014-05-16,12,MARRIED,"[{""type"": ""mobile"", ""number"": ""+10000000205"", ""is_primary"": true}]",,8911266259,XXXXXX6259,ILLITERATE,en,images/IND-0205.jpg,550e8400-e29b-41d4-a716-446655884123,550e8400-e29b-41d4-a716-446655883031,550e8400-e29b-41d4-a716-446655442008,550e8400-e29b-41d4-a716-446655441002,550e8400-e29b-41d4-a716-446655440001,"{""hierarchy"": [{""level"": ""country"", ""level_value_id"": ""550e8400-e29b-41d4-a716-446655440001"", ""level_value_mnemonic"": ""kamuntu""}, {""level"": ""region"", ""level_value_id"": ""550e8400-e29b-41d4-a716-446655441002"", ""level_value_mnemonic"": ""chakula""}, {""level"": ""district"", ""level_value_id"": ""550e8400-e29b-41d4-a716-446655442008"", ""level_value_mnemonic"": ""makali""}, {""level"": ""ward"", ""level_value_id"": ""550e8400-e29b-41d4-a716-446655883031"", ""level_value_mnemonic"": ""sura""}, {""level"": ""village"", ""level_value_id"": ""550e8400-e29b-41d4-a716-446655884123"", ""level_value_mnemonic"": ""biluqu""}], ""lowest_level_value_id"": ""550e8400-e29b-41d4-a716-446655884123""}",16.0519,66.0766,293,60AB+60,8427 Christopher Fort,Sector 8,000205,KM
20000000-0000-4000-8000-000000000206,IND-0206,Lindsay,Timothy,Mcgrath,Lindsay Timothy Mcgrath,Lindsay Timothy Mcgrath,FEMALE,1967-11-11,58,MARRIED,"[{""type"": ""mobile"", ""number"": ""+10000000206"", ""is_primary"": true}]",samantha32@example.com,7420846622,XXXXXX6622,CAN_READ_AND_WRITE,en,images/IND-0206.jpg,550e8400-e29b-41d4-a716-446655884123,550e8400-e29b-41d4-a716-446655883031,550e8400-e29b-41d4-a716-446655442008,550e8400-e29b-41d4-a716-446655441002,550e8400-e29b-41d4-a716-446655440001,"{""hierarchy"": [{""level"": ""country"", ""level_value_id"": ""550e8400-e29b-41d4-a716-446655440001"", ""level_value_mnemonic"": ""kamuntu""}, {""level"": ""region"", ""level_value_id"": ""550e8400-e29b-41d4-a716-446655441002"", ""level_value_mnemonic"": ""chakula""}, {""level"": ""district"", ""level_value_id"": ""550e8400-e29b-41d4-a716-446655442008"", ""level_value_mnemonic"": ""makali""}, {""level"": ""ward"", ""level_value_id"": ""550e8400-e29b-41d4-a716-446655883031"", ""level_value_mnemonic"": ""sura""}, {""level"": ""village"", ""level_value_id"": ""550e8400-e29b-41d4-a716-446655884123"", ""level_value_mnemonic"": ""biluqu""}], ""lowest_level_value_id"": ""550e8400-e29b-41d4-a716-446655884123""}",16.0585,66.0316,265,60AB+60,0029 Kim Vista,Sector 9,000206,KM
20000000-0000-4000-8000-000000000207,IND-0207,Joseph,,Mcgrath,Joseph Mcgrath,Joseph Mcgrath,MALE,1975-07-06,50,MARRIED,"[{""type"": ""mobile"", ""number"": ""+10000000207"", ""is_primary"": true}]",brookssheri@example.com,2180484299,XXXXXX4299,INTERMEDIARY,en,images/IND-0207.jpg,550e8400-e29b-41d4-a716-446655884123,550e8400-e29b-41d4-a716-446655883031,550e8400-e29b-41d4-a716-446655442008,550e8400-e29b-41d4-a716-446655441002,550e8400-e29b-41d4-a716-446655440001,"{""hierarchy"": [{""level"": ""country"", ""level_value_id"": ""550e8400-e29b-41d4-a716-446655440001"", ""level_value_mnemonic"": ""kamuntu""}, {""level"": ""region"", ""level_value_id"": ""550e8400-e29b-41d4-a716-446655441002"", ""level_value_mnemonic"": ""chakula""}, {""level"": ""district"", ""level_value_id"": ""550e8400-e29b-41d4-a716-446655442008"", ""level_value_mnemonic"": ""makali""}, {""level"": ""ward"", ""level_value_id"": ""550e8400-e29b-41d4-a716-446655883031"", ""level_value_mnemonic"": ""sura""}, {""level"": ""village"", ""level_value_id"": ""550e8400-e29b-41d4-a716-446655884123"", ""level_value_mnemonic"": ""biluqu""}], ""lowest_level_value_id"": ""550e8400-e29b-41d4-a716-446655884123""}",16.0438,66.0068,167,60AB+60,4522 Conner Oval,Sector 1,000207,KM
20000000-0000-4000-8000-000000000208,IND-0208,Matthew,,Mcgrath,Matthew Mcgrath,Matthew Mcgrath,MALE,2004-04-28,22,MARRIED,"[{""type"": ""mobile"", ""number"": ""+10000000208"", ""is_primary"": true}]",,4250372185,XXXXXX2185,ILLITERATE,en,images/IND-0208.jpg,550e8400-e29b-41d4-a716-446655884123,550e8400-e29b-41d4-a716-446655883031,550e8400-e29b-41d4-a716-446655442008,550e8400-e29b-41d4-a716-446655441002,550e8400-e29b-41d4-a716-446655440001,"{""hierarchy"": [{""level"": ""country"", ""level_value_id"": ""550e8400-e29b-41d4-a716-446655440001"", ""level_value_mnemonic"": ""kamuntu""}, {""level"": ""region"", ""level_value_id"": ""550e8400-e29b-41d4-a716-446655441002"", ""level_value_mnemonic"": ""chakula""}, {""level"": ""district"", ""level_value_id"": ""550e8400-e29b-41d4-a716-446655442008"", ""level_value_mnemonic"": ""makali""}, {""level"": ""ward"", ""level_value_id"": ""550e8400-e29b-41d4-a716-446655883031"", ""level_value_mnemonic"": ""sura""}, {""level"": ""village"", ""level_value_id"": ""550e8400-e29b-41d4-a716-446655884123"", ""level_value_mnemonic"": ""biluqu""}], ""lowest_level_value_id"": ""550e8400-e29b-41d4-a716-446655884123""}",16.066,66.0341,105,60AB+60,92644 Gregory Alley Suite 902,Sector 2,000208,KM
20000000-0000-4000-8000-000000000209,IND-0209,Lance,,Mccall,Lance Mccall,Lance Mccall,MALE,1983-02-15,43,MARRIED,"[{""type"": ""mobile"", ""number"": ""+10000000209"", ""is_primary"": true}]",daniellegarcia@example.com,4487036345,XXXXXX6345,HIGHER_EDUCATION,en,images/IND-0209.jpg,550e8400-e29b-41d4-a716-446655884127,550e8400-e29b-41d4-a716-446655883032,550e8400-e29b-41d4-a716-446655442008,550e8400-e29b-41d4-a716-446655441002,550e8400-e29b-41d4-a716-446655440001,"{""hierarchy"": [{""level"": ""country"", ""level_value_id"": ""550e8400-e29b-41d4-a716-446655440001"", ""level_value_mnemonic"": ""kamuntu""}, {""level"": ""region"", ""level_value_id"": ""550e8400-e29b-41d4-a716-446655441002"", ""level_value_mnemonic"": ""chakula""}, {""level"": ""district"", ""level_value_id"": ""550e8400-e29b-41d4-a716-446655442008"", ""level_value_mnemonic"": ""makali""}, {""level"": ""ward"", ""level_value_id"": ""550e8400-e29b-41d4-a716-446655883032"", ""level_value_mnemonic"": ""tano""}, {""level"": ""village"", ""level_value_id"": ""550e8400-e29b-41d4-a716-446655884127"", ""level_value_mnemonic"": ""biluru""}], ""lowest_level_value_id"": ""550e8400-e29b-41d4-a716-446655884127""}",12.361,68.4138,226,23AB+84,1355 Daisy Corners,Sector 3,000209,KM
20000000-0000-4000-8000-000000000210,IND-0210,Samantha,Jessica,Mccall,Samantha Jessica Mccall,Samantha Jessica Mccall,FEMALE,2016-10-17,9,MARRIED,"[{""type"": ""mobile"", ""number"": ""+10000000210"", ""is_primary"": true}]",,4494084172,XXXXXX4172,BASIC,en,images/IND-0210.jpg,550e8400-e29b-41d4-a716-446655884127,550e8400-e29b-41d4-a716-446655883032,550e8400-e29b-41d4-a716-446655442008,550e8400-e29b-41d4-a716-446655441002,550e8400-e29b-41d4-a716-446655440001,"{""hierarchy"": [{""level"": ""country"", ""level_value_id"": ""550e8400-e29b-41d4-a716-446655440001"", ""level_value_mnemonic"": ""kamuntu""}, {""level"": ""region"", ""level_value_id"": ""550e8400-e29b-41d4-a716-446655441002"", ""level_value_mnemonic"": ""chakula""}, {""level"": ""district"", ""level_value_id"": ""550e8400-e29b-41d4-a716-446655442008"", ""level_value_mnemonic"": ""makali""}, {""level"": ""ward"", ""level_value_id"": ""550e8400-e29b-41d4-a716-446655883032"", ""level_value_mnemonic"": ""tano""}, {""level"": ""village"", ""level_value_id"": ""550e8400-e29b-41d4-a716-446655884127"", ""level_value_mnemonic"": ""biluru""}], ""lowest_level_value_id"": ""550e8400-e29b-41d4-a716-446655884127""}",12.4205,68.397,186,24AB+83,0433 Michael Turnpike Apt. 006,Sector 4,000210,KM
20000000-0000-4000-8000-000000000211,IND-0211,Jeffrey,,Mccall,Jeffrey Mccall,Jeffrey Mccall,MALE,1973-12-19,52,MARRIED,"[{""type"": ""mobile"", ""number"": ""+10000000211"", ""is_primary"": true}]",,4501175349,XXXXXX5349,BASIC,en,images/IND-0211.jpg,550e8400-e29b-41d4-a716-446655884127,550e8400-e29b-41d4-a716-446655883032,550e8400-e29b-41d4-a716-446655442008,550e8400-e29b-41d4-a716-446655441002,550e8400-e29b-41d4-a716-446655440001,"{""hierarchy"": [{""level"": ""country"", ""level_value_id"": ""550e8400-e29b-41d4-a716-446655440001"", ""level_value_mnemonic"": ""kamuntu""}, {""level"": ""region"", ""level_value_id"": ""550e8400-e29b-41d4-a716-446655441002"", ""level_value_mnemonic"": ""chakula""}, {""level"": ""district"", ""level_value_id"": ""550e8400-e29b-41d4-a716-446655442008"", ""level_value_mnemonic"": ""makali""}, {""level"": ""ward"", ""level_value_id"": ""550e8400-e29b-41d4-a716-446655883032"", ""level_value_mnemonic"": ""tano""}, {""level"": ""village"", ""level_value_id"": ""550e8400-e29b-41d4-a716-446655884127"", ""level_value_mnemonic"": ""biluru""}], ""lowest_level_value_id"": ""550e8400-e29b-41d4-a716-446655884127""}",12.3536,68.415,155,23AB+84,7658 Garcia Neck,Sector 5,000211,KM
20000000-0000-4000-8000-000000000212,IND-0212,Richard,,Mccall,Richard Mccall,Richard Mccall,MALE,2018-02-23,8,SINGLE,"[{""type"": ""mobile"", ""number"": ""+10000000212"", ""is_primary"": true}]",,8350384902,XXXXXX4902,INTERMEDIARY,en,images/IND-0212.jpg,550e8400-e29b-41d4-a716-446655884127,550e8400-e29b-41d4-a716-446655883032,550e8400-e29b-41d4-a716-446655442008,550e8400-e29b-41d4-a716-446655441002,550e8400-e29b-41d4-a716-446655440001,"{""hierarchy"": [{""level"": ""country"", ""level_value_id"": ""550e8400-e29b-41d4-a716-446655440001"", ""level_value_mnemonic"": ""kamuntu""}, {""level"": ""region"", ""level_value_id"": ""550e8400-e29b-41d4-a716-446655441002"", ""level_value_mnemonic"": ""chakula""}, {""level"": ""district"", ""level_value_id"": ""550e8400-e29b-41d4-a716-446655442008"", ""level_value_mnemonic"": ""makali""}, {""level"": ""ward"", ""level_value_id"": ""550e8400-e29b-41d4-a716-446655883032"", ""level_value_mnemonic"": ""tano""}, {""level"": ""village"", ""level_value_id"": ""550e8400-e29b-41d4-a716-446655884127"", ""level_value_mnemonic"": ""biluru""}], ""lowest_level_value_id"": ""550e8400-e29b-41d4-a716-446655884127""}",12.4228,68.4161,223,24AB+84,71040 Green Cove,Sector 6,000212,KM
20000000-0000-4000-8000-000000000213,IND-0213,Angela,Nicholas,Mccall,Angela Nicholas Mccall,Angela Nicholas Mccall,FEMALE,1987-05-12,39,MARRIED,"[{""type"": ""mobile"", ""number"": ""+10000000213"", ""is_primary"": true}]",paynerachael@example.org,2941289685,XXXXXX9685,BASIC,en,images/IND-0213.jpg,550e8400-e29b-41d4-a716-446655884127,550e8400-e29b-41d4-a716-446655883032,550e8400-e29b-41d4-a716-446655442008,550e8400-e29b-41d4-a716-446655441002,550e8400-e29b-41d4-a716-446655440001,"{""hierarchy"": [{""level"": ""country"", ""level_value_id"": ""550e8400-e29b-41d4-a716-446655440001"", ""level_value_mnemonic"": ""kamuntu""}, {""level"": ""region"", ""level_value_id"": ""550e8400-e29b-41d4-a716-446655441002"", ""level_value_mnemonic"": ""chakula""}, {""level"": ""district"", ""level_value_id"": ""550e8400-e29b-41d4-a716-446655442008"", ""level_value_mnemonic"": ""makali""}, {""level"": ""ward"", ""level_value_id"": ""550e8400-e29b-41d4-a716-446655883032"", ""level_value_mnemonic"": ""tano""}, {""level"": ""village"", ""level_value_id"": ""550e8400-e29b-41d4-a716-446655884127"", ""level_value_mnemonic"": ""biluru""}], ""lowest_level_value_id"": ""550e8400-e29b-41d4-a716-446655884127""}",12.4034,68.428,73,24AB+84,970 Dunlap Expressway Suite 201,Sector 7,000213,KM
20000000-0000-4000-8000-000000000214,IND-0214,Sara,Michael,Hernandez,Sara Michael Hernandez,Sara Michael Hernandez,FEMALE,1972-11-18,53,MARRIED,"[{""type"": ""mobile"", ""number"": ""+10000000214"", ""is_primary"": true}]",qmiller@example.net,8956094389,XXXXXX4389,ILLITERATE,en,images/IND-0214.jpg,550e8400-e29b-41d4-a716-446655884189,550e8400-e29b-41d4-a716-446655883048,550e8400-e29b-41d4-a716-446655442012,550e8400-e29b-41d4-a716-446655441003,550e8400-e29b-41d4-a716-446655440001,"{""hierarchy"": [{""level"": ""country"", ""level_value_id"": ""550e8400-e29b-41d4-a716-446655440001"", ""level_value_mnemonic"": ""kamuntu""}, {""level"": ""region"", ""level_value_id"": ""550e8400-e29b-41d4-a716-446655441003"", ""level_value_mnemonic"": ""jasiri""}, {""level"": ""district"", ""level_value_id"": ""550e8400-e29b-41d4-a716-446655442012"", ""level_value_mnemonic"": ""mapema""}, {""level"": ""ward"", ""level_value_id"": ""550e8400-e29b-41d4-a716-446655883048"", ""level_value_mnemonic"": ""tahini""}, {""level"": ""village"", ""level_value_id"": ""550e8400-e29b-41d4-a716-446655884189"", ""level_value_mnemonic"": ""bimbey""}], ""lowest_level_value_id"": ""550e8400-e29b-41d4-a716-446655884189""}",16.1688,70.1794,245,61AB+01,10324 Thomas Crescent Suite 677,Sector 8,000214,KM
20000000-0000-4000-8000-000000000215,IND-0215,Stephanie,Darlene,Hernandez,Stephanie Darlene Hernandez,Stephanie Darlene Hernandez,MALE,1958-05-19,68,MARRIED,"[{""type"": ""mobile"", ""number"": ""+10000000215"", ""is_primary"": true}]",,9409682410,XXXXXX2410,BASIC,en,images/IND-0215.jpg,550e8400-e29b-41d4-a716-446655884189,550e8400-e29b-41d4-a716-446655883048,550e8400-e29b-41d4-a716-446655442012,550e8400-e29b-41d4-a716-446655441003,550e8400-e29b-41d4-a716-446655440001,"{""hierarchy"": [{""level"": ""country"", ""level_value_id"": ""550e8400-e29b-41d4-a716-446655440001"", ""level_value_mnemonic"": ""kamuntu""}, {""level"": ""region"", ""level_value_id"": ""550e8400-e29b-41d4-a716-446655441003"", ""level_value_mnemonic"": ""jasiri""}, {""level"": ""district"", ""level_value_id"": ""550e8400-e29b-41d4-a716-446655442012"", ""level_value_mnemonic"": ""mapema""}, {""level"": ""ward"", ""level_value_id"": ""550e8400-e29b-41d4-a716-446655883048"", ""level_value_mnemonic"": ""tahini""}, {""level"": ""village"", ""level_value_id"": ""550e8400-e29b-41d4-a716-446655884189"", ""level_value_mnemonic"": ""bimbey""}], ""lowest_level_value_id"": ""550e8400-e29b-41d4-a716-446655884189""}",16.1102,70.1589,83,61AB+01,56527 Jose Mountain Suite 349,Sector 9,000215,KM
20000000-0000-4000-8000-000000000216,IND-0216,Antonio,,Hernandez,Antonio Hernandez,Antonio Hernandez,MALE,1978-05-13,48,MARRIED,"[{""type"": ""mobile"", ""number"": ""+10000000216"", ""is_primary"": true}]",millermaurice@example.net,2075413763,XXXXXX3763,BASIC,en,images/IND-0216.jpg,550e8400-e29b-41d4-a716-446655884189,550e8400-e29b-41d4-a716-446655883048,550e8400-e29b-41d4-a716-446655442012,550e8400-e29b-41d4-a716-446655441003,550e8400-e29b-41d4-a716-446655440001,"{""hierarchy"": [{""level"": ""country"", ""level_value_id"": ""550e8400-e29b-41d4-a716-446655440001"", ""level_value_mnemonic"": ""kamuntu""}, {""level"": ""region"", ""level_value_id"": ""550e8400-e29b-41d4-a716-446655441003"", ""level_value_mnemonic"": ""jasiri""}, {""level"": ""district"", ""level_value_id"": ""550e8400-e29b-41d4-a716-446655442012"", ""level_value_mnemonic"": ""mapema""}, {""level"": ""ward"", ""level_value_id"": ""550e8400-e29b-41d4-a716-446655883048"", ""level_value_mnemonic"": ""tahini""}, {""level"": ""village"", ""level_value_id"": ""550e8400-e29b-41d4-a716-446655884189"", ""level_value_mnemonic"": ""bimbey""}], ""lowest_level_value_id"": ""550e8400-e29b-41d4-a716-446655884189""}",16.1272,70.1804,92,61AB+01,380 Cardenas Manor Suite 937,Sector 1,000216,KM
20000000-0000-4000-8000-000000000217,IND-0217,Edwin,,Hernandez,Edwin Hernandez,Edwin Hernandez,MALE,2019-04-18,7,SINGLE,"[{""type"": ""mobile"", ""number"": ""+10000000217"", ""is_primary"": true}]",,1004665657,XXXXXX5657,HIGHER_EDUCATION,en,images/IND-0217.jpg,550e8400-e29b-41d4-a716-446655884189,550e8400-e29b-41d4-a716-446655883048,550e8400-e29b-41d4-a716-446655442012,550e8400-e29b-41d4-a716-446655441003,550e8400-e29b-41d4-a716-446655440001,"{""hierarchy"": [{""level"": ""country"", ""level_value_id"": ""550e8400-e29b-41d4-a716-446655440001"", ""level_value_mnemonic"": ""kamuntu""}, {""level"": ""region"", ""level_value_id"": ""550e8400-e29b-41d4-a716-446655441003"", ""level_value_mnemonic"": ""jasiri""}, {""level"": ""district"", ""level_value_id"": ""550e8400-e29b-41d4-a716-446655442012"", ""level_value_mnemonic"": ""mapema""}, {""level"": ""ward"", ""level_value_id"": ""550e8400-e29b-41d4-a716-446655883048"", ""level_value_mnemonic"": ""tahini""}, {""level"": ""village"", ""level_value_id"": ""550e8400-e29b-41d4-a716-446655884189"", ""level_value_mnemonic"": ""bimbey""}], ""lowest_level_value_id"": ""550e8400-e29b-41d4-a716-446655884189""}",16.1377,70.1033,107,61AB+01,989 David Throughway,Sector 2,000217,KM
20000000-0000-4000-8000-000000000218,IND-0218,Joann,Gary,Hernandez,Joann Gary Hernandez,Joann Gary Hernandez,FEMALE,1983-02-12,43,SINGLE,"[{""type"": ""mobile"", ""number"": ""+10000000218"", ""is_primary"": true}]",lindseymartinez@example.com,8990100704,XXXXXX0704,ILLITERATE,en,images/IND-0218.jpg,550e8400-e29b-41d4-a716-446655884189,550e8400-e29b-41d4-a716-446655883048,550e8400-e29b-41d4-a716-446655442012,550e8400-e29b-41d4-a716-446655441003,550e8400-e29b-41d4-a716-446655440001,"{""hierarchy"": [{""level"": ""country"", ""level_value_id"": ""550e8400-e29b-41d4-a716-446655440001"", ""level_value_mnemonic"": ""kamuntu""}, {""level"": ""region"", ""level_value_id"": ""550e8400-e29b-41d4-a716-446655441003"", ""level_value_mnemonic"": ""jasiri""}, {""level"": ""district"", ""level_value_id"": ""550e8400-e29b-41d4-a716-446655442012"", ""level_value_mnemonic"": ""mapema""}, {""level"": ""ward"", ""level_value_id"": ""550e8400-e29b-41d4-a716-446655883048"", ""level_value_mnemonic"": ""tahini""}, {""level"": ""village"", ""level_value_id"": ""550e8400-e29b-41d4-a716-446655884189"", ""level_value_mnemonic"": ""bimbey""}], ""lowest_level_value_id"": ""550e8400-e29b-41d4-a716-446655884189""}",16.1594,70.1378,108,61AB+01,632 Flores Stream,Sector 3,000218,KM
20000000-0000-4000-8000-000000000219,IND-0219,Thomas,,Hernandez,Thomas Hernandez,Thomas Hernandez,MALE,1977-05-19,49,MARRIED,"[{""type"": ""mobile"", ""number"": ""+10000000219"", ""is_primary"": true}]",jhawkins@example.com,4755937285,XXXXXX7285,ILLITERATE,en,images/IND-0219.jpg,550e8400-e29b-41d4-a716-446655884189,550e8400-e29b-41d4-a716-446655883048,550e8400-e29b-41d4-a716-446655442012,550e8400-e29b-41d4-a716-446655441003,550e8400-e29b-41d4-a716-446655440001,"{""hierarchy"": [{""level"": ""country"", ""level_value_id"": ""550e8400-e29b-41d4-a716-446655440001"", ""level_value_mnemonic"": ""kamuntu""}, {""level"": ""region"", ""level_value_id"": ""550e8400-e29b-41d4-a716-446655441003"", ""level_value_mnemonic"": ""jasiri""}, {""level"": ""district"", ""level_value_id"": ""550e8400-e29b-41d4-a716-446655442012"", ""level_value_mnemonic"": ""mapema""}, {""level"": ""ward"", ""level_value_id"": ""550e8400-e29b-41d4-a716-446655883048"", ""level_value_mnemonic"": ""tahini""}, {""level"": ""village"", ""level_value_id"": ""550e8400-e29b-41d4-a716-446655884189"", ""level_value_mnemonic"": ""bimbey""}], ""lowest_level_value_id"": ""550e8400-e29b-41d4-a716-446655884189""}",16.1542,70.1577,67,61AB+01,709 Rodriguez Drive Apt. 999,Sector 4,000219,KM
20000000-0000-4000-8000-000000000220,IND-0220,Olivia,,Ayers,Olivia Ayers,Olivia Ayers,FEMALE,1998-01-17,28,MARRIED,"[{""type"": ""mobile"", ""number"": ""+10000000220"", ""is_primary"": true}]",hartcraig@example.com,1933058809,XXXXXX8809,INTERMEDIARY,en,images/IND-0220.jpg,550e8400-e29b-41d4-a716-446655884085,550e8400-e29b-41d4-a716-446655883022,550e8400-e29b-41d4-a716-446655442006,550e8400-e29b-41d4-a716-446655441002,550e8400-e29b-41d4-a716-446655440001,"{""hierarchy"": [{""level"": ""country"", ""level_value_id"": ""550e8400-e29b-41d4-a716-446655440001"", ""level_value_mnemonic"": ""kamuntu""}, {""level"": ""region"", ""level_value_id"": ""550e8400-e29b-41d4-a716-446655441002"", ""level_value_mnemonic"": ""chakula""}, {""level"": ""district"", ""level_value_id"": ""550e8400-e29b-41d4-a716-446655442006"", ""level_value_mnemonic"": ""njia""}, {""level"": ""ward"", ""level_value_id"": ""550e8400-e29b-41d4-a716-446655883022"", ""level_value_mnemonic"": ""wingu""}, {""level"": ""village"", ""level_value_id"": ""550e8400-e29b-41d4-a716-446655884085"", ""level_value_mnemonic"": ""bilufo""}], ""lowest_level_value_id"": ""550e8400-e29b-41d4-a716-446655884085""}",13.2797,70.204,81,32AB+02,4679 Johnson Harbor Suite 299,Sector 5,000220,KM
20000000-0000-4000-8000-000000000221,IND-0221,Melanie,,Ayers,Melanie Ayers,Melanie Ayers,MALE,1998-04-22,28,MARRIED,"[{""type"": ""mobile"", ""number"": ""+10000000221"", ""is_primary"": true}]",,3768624284,XXXXXX4284,ILLITERATE,en,images/IND-0221.jpg,550e8400-e29b-41d4-a716-446655884085,550e8400-e29b-41d4-a716-446655883022,550e8400-e29b-41d4-a716-446655442006,550e8400-e29b-41d4-a716-446655441002,550e8400-e29b-41d4-a716-446655440001,"{""hierarchy"": [{""level"": ""country"", ""level_value_id"": ""550e8400-e29b-41d4-a716-446655440001"", ""level_value_mnemonic"": ""kamuntu""}, {""level"": ""region"", ""level_value_id"": ""550e8400-e29b-41d4-a716-446655441002"", ""level_value_mnemonic"": ""chakula""}, {""level"": ""district"", ""level_value_id"": ""550e8400-e29b-41d4-a716-446655442006"", ""level_value_mnemonic"": ""njia""}, {""level"": ""ward"", ""level_value_id"": ""550e8400-e29b-41d4-a716-446655883022"", ""level_value_mnemonic"": ""wingu""}, {""level"": ""village"", ""level_value_id"": ""550e8400-e29b-41d4-a716-446655884085"", ""level_value_mnemonic"": ""bilufo""}], ""lowest_level_value_id"": ""550e8400-e29b-41d4-a716-446655884085""}",13.2148,70.2501,234,32AB+02,3074 Smith Viaduct Suite 447,Sector 6,000221,KM
20000000-0000-4000-8000-000000000222,IND-0222,Shannon,Teresa,Ayers,Shannon Teresa Ayers,Shannon Teresa Ayers,FEMALE,1997-03-18,29,MARRIED,"[{""type"": ""mobile"", ""number"": ""+10000000222"", ""is_primary"": true}]",,5100282913,XXXXXX2913,ILLITERATE,en,images/IND-0222.jpg,550e8400-e29b-41d4-a716-446655884085,550e8400-e29b-41d4-a716-446655883022,550e8400-e29b-41d4-a716-446655442006,550e8400-e29b-41d4-a716-446655441002,550e8400-e29b-41d4-a716-446655440001,"{""hierarchy"": [{""level"": ""country"", ""level_value_id"": ""550e8400-e29b-41d4-a716-446655440001"", ""level_value_mnemonic"": ""kamuntu""}, {""level"": ""region"", ""level_value_id"": ""550e8400-e29b-41d4-a716-446655441002"", ""level_value_mnemonic"": ""chakula""}, {""level"": ""district"", ""level_value_id"": ""550e8400-e29b-41d4-a716-446655442006"", ""level_value_mnemonic"": ""njia""}, {""level"": ""ward"", ""level_value_id"": ""550e8400-e29b-41d4-a716-446655883022"", ""level_value_mnemonic"": ""wingu""}, {""level"": ""village"", ""level_value_id"": ""550e8400-e29b-41d4-a716-446655884085"", ""level_value_mnemonic"": ""bilufo""}], ""lowest_level_value_id"": ""550e8400-e29b-41d4-a716-446655884085""}",13.2395,70.2013,177,32AB+02,47546 Jacob Forest,Sector 7,000222,KM
20000000-0000-4000-8000-000000000223,IND-0223,Thomas,,Ayers,Thomas Ayers,Thomas Ayers,MALE,1959-07-19,66,WIDOWED,"[{""type"": ""mobile"", ""number"": ""+10000000223"", ""is_primary"": true}]",,7102562415,XXXXXX2415,ILLITERATE,en,images/IND-0223.jpg,550e8400-e29b-41d4-a716-446655884085,550e8400-e29b-41d4-a716-446655883022,550e8400-e29b-41d4-a716-446655442006,550e8400-e29b-41d4-a716-446655441002,550e8400-e29b-41d4-a716-446655440001,"{""hierarchy"": [{""level"": ""country"", ""level_value_id"": ""550e8400-e29b-41d4-a716-446655440001"", ""level_value_mnemonic"": ""kamuntu""}, {""level"": ""region"", ""level_value_id"": ""550e8400-e29b-41d4-a716-446655441002"", ""level_value_mnemonic"": ""chakula""}, {""level"": ""district"", ""level_value_id"": ""550e8400-e29b-41d4-a716-446655442006"", ""level_value_mnemonic"": ""njia""}, {""level"": ""ward"", ""level_value_id"": ""550e8400-e29b-41d4-a716-446655883022"", ""level_value_mnemonic"": ""wingu""}, {""level"": ""village"", ""level_value_id"": ""550e8400-e29b-41d4-a716-446655884085"", ""level_value_mnemonic"": ""bilufo""}], ""lowest_level_value_id"": ""550e8400-e29b-41d4-a716-446655884085""}",13.2446,70.2073,170,32AB+02,508 Cameron Station Suite 289,Sector 8,000223,KM
20000000-0000-4000-8000-000000000224,IND-0224,Allen,,Ayers,Allen Ayers,Allen Ayers,MALE,2025-03-20,1,SINGLE,"[{""type"": ""mobile"", ""number"": ""+10000000224"", ""is_primary"": true}]",,8684942020,XXXXXX2020,,en,images/IND-0224.jpg,550e8400-e29b-41d4-a716-446655884085,550e8400-e29b-41d4-a716-446655883022,550e8400-e29b-41d4-a716-446655442006,550e8400-e29b-41d4-a716-446655441002,550e8400-e29b-41d4-a716-446655440001,"{""hierarchy"": [{""level"": ""country"", ""level_value_id"": ""550e8400-e29b-41d4-a716-446655440001"", ""level_value_mnemonic"": ""kamuntu""}, {""level"": ""region"", ""level_value_id"": ""550e8400-e29b-41d4-a716-446655441002"", ""level_value_mnemonic"": ""chakula""}, {""level"": ""district"", ""level_value_id"": ""550e8400-e29b-41d4-a716-446655442006"", ""level_value_mnemonic"": ""njia""}, {""level"": ""ward"", ""level_value_id"": ""550e8400-e29b-41d4-a716-446655883022"", ""level_value_mnemonic"": ""wingu""}, {""level"": ""village"", ""level_value_id"": ""550e8400-e29b-41d4-a716-446655884085"", ""level_value_mnemonic"": ""bilufo""}], ""lowest_level_value_id"": ""550e8400-e29b-41d4-a716-446655884085""}",13.2407,70.2529,178,32AB+02,30705 Joshua View,Sector 9,000224,KM
20000000-0000-4000-8000-000000000225,IND-0225,Julie,,Ayers,Julie Ayers,Julie Ayers,FEMALE,1987-01-28,39,MARRIED,"[{""type"": ""mobile"", ""number"": ""+10000000225"", ""is_primary"": true}]",,3645901955,XXXXXX1955,CAN_READ_AND_WRITE,en,images/IND-0225.jpg,550e8400-e29b-41d4-a716-446655884085,550e8400-e29b-41d4-a716-446655883022,550e8400-e29b-41d4-a716-446655442006,550e8400-e29b-41d4-a716-446655441002,550e8400-e29b-41d4-a716-446655440001,"{""hierarchy"": [{""level"": ""country"", ""level_value_id"": ""550e8400-e29b-41d4-a716-446655440001"", ""level_value_mnemonic"": ""kamuntu""}, {""level"": ""region"", ""level_value_id"": ""550e8400-e29b-41d4-a716-446655441002"", ""level_value_mnemonic"": ""chakula""}, {""level"": ""district"", ""level_value_id"": ""550e8400-e29b-41d4-a716-446655442006"", ""level_value_mnemonic"": ""njia""}, {""level"": ""ward"", ""level_value_id"": ""550e8400-e29b-41d4-a716-446655883022"", ""level_value_mnemonic"": ""wingu""}, {""level"": ""village"", ""level_value_id"": ""550e8400-e29b-41d4-a716-446655884085"", ""level_value_mnemonic"": ""bilufo""}], ""lowest_level_value_id"": ""550e8400-e29b-41d4-a716-446655884085""}",13.2177,70.221,180,32AB+02,035 Wheeler Fall,Sector 1,000225,KM
20000000-0000-4000-8000-000000000226,IND-0226,Tyler,,Wells,Tyler Wells,Tyler Wells,MALE,1982-06-16,43,MARRIED,"[{""type"": ""mobile"", ""number"": ""+10000000226"", ""is_primary"": true}]",,2050032570,XXXXXX2570,BASIC,en,images/IND-0226.jpg,550e8400-e29b-41d4-a716-446655884168,550e8400-e29b-41d4-a716-446655883042,550e8400-e29b-41d4-a716-446655442011,550e8400-e29b-41d4-a716-446655441003,550e8400-e29b-41d4-a716-446655440001,"{""hierarchy"": [{""level"": ""country"", ""level_value_id"": ""550e8400-e29b-41d4-a716-446655440001"", ""level_value_mnemonic"": ""kamuntu""}, {""level"": ""region"", ""level_value_id"": ""550e8400-e29b-41d4-a716-446655441003"", ""level_value_mnemonic"": ""jasiri""}, {""level"": ""district"", ""level_value_id"": ""550e8400-e29b-41d4-a716-446655442011"", ""level_value_mnemonic"": ""baraka""}, {""level"": ""ward"", ""level_value_id"": ""550e8400-e29b-41d4-a716-446655883042"", ""level_value_mnemonic"": ""umani""}, {""level"": ""village"", ""level_value_id"": ""550e8400-e29b-41d4-a716-446655884168"", ""level_value_mnemonic"": ""bimana""}], ""lowest_level_value_id"": ""550e8400-e29b-41d4-a716-446655884168""}",14.2225,66.1416,206,42AB+61,2414 Paul Estates Apt. 333,Sector 2,000226,KM
20000000-0000-4000-8000-000000000227,IND-0227,Derrick,Andrew,Wells,Derrick Andrew Wells,Derrick Andrew Wells,FEMALE,1980-03-15,46,MARRIED,"[{""type"": ""mobile"", ""number"": ""+10000000227"", ""is_primary"": true}]",wellsdavid@example.org,9388140708,XXXXXX0708,BASIC,en,images/IND-0227.jpg,550e8400-e29b-41d4-a716-446655884168,550e8400-e29b-41d4-a716-446655883042,550e8400-e29b-41d4-a716-446655442011,550e8400-e29b-41d4-a716-446655441003,550e8400-e29b-41d4-a716-446655440001,"{""hierarchy"": [{""level"": ""country"", ""level_value_id"": ""550e8400-e29b-41d4-a716-446655440001"", ""level_value_mnemonic"": ""kamuntu""}, {""level"": ""region"", ""level_value_id"": ""550e8400-e29b-41d4-a716-446655441003"", ""level_value_mnemonic"": ""jasiri""}, {""level"": ""district"", ""level_value_id"": ""550e8400-e29b-41d4-a716-446655442011"", ""level_value_mnemonic"": ""baraka""}, {""level"": ""ward"", ""level_value_id"": ""550e8400-e29b-41d4-a716-446655883042"", ""level_value_mnemonic"": ""umani""}, {""level"": ""village"", ""level_value_id"": ""550e8400-e29b-41d4-a716-446655884168"", ""level_value_mnemonic"": ""bimana""}], ""lowest_level_value_id"": ""550e8400-e29b-41d4-a716-446655884168""}",14.1823,66.2083,234,41AB+62,49446 York Mount,Sector 3,000227,KM
20000000-0000-4000-8000-000000000228,IND-0228,David,,Wells,David Wells,David Wells,MALE,1977-10-22,48,MARRIED,"[{""type"": ""mobile"", ""number"": ""+10000000228"", ""is_primary"": true}]",asilva@example.net,5421051452,XXXXXX1452,HIGHER_EDUCATION,en,images/IND-0228.jpg,550e8400-e29b-41d4-a716-446655884168,550e8400-e29b-41d4-a716-446655883042,550e8400-e29b-41d4-a716-446655442011,550e8400-e29b-41d4-a716-446655441003,550e8400-e29b-41d4-a716-446655440001,"{""hierarchy"": [{""level"": ""country"", ""level_value_id"": ""550e8400-e29b-41d4-a716-446655440001"", ""level_value_mnemonic"": ""kamuntu""}, {""level"": ""region"", ""level_value_id"": ""550e8400-e29b-41d4-a716-446655441003"", ""level_value_mnemonic"": ""jasiri""}, {""level"": ""district"", ""level_value_id"": ""550e8400-e29b-41d4-a716-446655442011"", ""level_value_mnemonic"": ""baraka""}, {""level"": ""ward"", ""level_value_id"": ""550e8400-e29b-41d4-a716-446655883042"", ""level_value_mnemonic"": ""umani""}, {""level"": ""village"", ""level_value_id"": ""550e8400-e29b-41d4-a716-446655884168"", ""level_value_mnemonic"": ""bimana""}], ""lowest_level_value_id"": ""550e8400-e29b-41d4-a716-446655884168""}",14.2107,66.1572,66,42AB+61,994 Cohen Orchard Apt. 545,Sector 4,000228,KM
20000000-0000-4000-8000-000000000229,IND-0229,Scott,,Wells,Scott Wells,Scott Wells,MALE,2000-03-13,26,MARRIED,"[{""type"": ""mobile"", ""number"": ""+10000000229"", ""is_primary"": true}]",,3434757387,XXXXXX7387,ILLITERATE,en,images/IND-0229.jpg,550e8400-e29b-41d4-a716-446655884168,550e8400-e29b-41d4-a716-446655883042,550e8400-e29b-41d4-a716-446655442011,550e8400-e29b-41d4-a716-446655441003,550e8400-e29b-41d4-a716-446655440001,"{""hierarchy"": [{""level"": ""country"", ""level_value_id"": ""550e8400-e29b-41d4-a716-446655440001"", ""level_value_mnemonic"": ""kamuntu""}, {""level"": ""region"", ""level_value_id"": ""550e8400-e29b-41d4-a716-446655441003"", ""level_value_mnemonic"": ""jasiri""}, {""level"": ""district"", ""level_value_id"": ""550e8400-e29b-41d4-a716-446655442011"", ""level_value_mnemonic"": ""baraka""}, {""level"": ""ward"", ""level_value_id"": ""550e8400-e29b-41d4-a716-446655883042"", ""level_value_mnemonic"": ""umani""}, {""level"": ""village"", ""level_value_id"": ""550e8400-e29b-41d4-a716-446655884168"", ""level_value_mnemonic"": ""bimana""}], ""lowest_level_value_id"": ""550e8400-e29b-41d4-a716-446655884168""}",14.1668,66.1555,76,41AB+61,28309 Guerrero Springs Apt. 074,Sector 5,000229,KM
20000000-0000-4000-8000-000000000230,IND-0230,David,,Wells,David Wells,David Wells,MALE,2026-05-10,0,SINGLE,"[{""type"": ""mobile"", ""number"": ""+10000000230"", ""is_primary"": true}]",,2050340486,XXXXXX0486,,en,images/IND-0230.jpg,550e8400-e29b-41d4-a716-446655884168,550e8400-e29b-41d4-a716-446655883042,550e8400-e29b-41d4-a716-446655442011,550e8400-e29b-41d4-a716-446655441003,550e8400-e29b-41d4-a716-446655440001,"{""hierarchy"": [{""level"": ""country"", ""level_value_id"": ""550e8400-e29b-41d4-a716-446655440001"", ""level_value_mnemonic"": ""kamuntu""}, {""level"": ""region"", ""level_value_id"": ""550e8400-e29b-41d4-a716-446655441003"", ""level_value_mnemonic"": ""jasiri""}, {""level"": ""district"", ""level_value_id"": ""550e8400-e29b-41d4-a716-446655442011"", ""level_value_mnemonic"": ""baraka""}, {""level"": ""ward"", ""level_value_id"": ""550e8400-e29b-41d4-a716-446655883042"", ""level_value_mnemonic"": ""umani""}, {""level"": ""village"", ""level_value_id"": ""550e8400-e29b-41d4-a716-446655884168"", ""level_value_mnemonic"": ""bimana""}], ""lowest_level_value_id"": ""550e8400-e29b-41d4-a716-446655884168""}",14.1772,66.1683,88,41AB+61,099 Matthew Station Apt. 875,Sector 6,000230,KM
20000000-0000-4000-8000-000000000231,IND-0231,Jordan,,Wells,Jordan Wells,Jordan Wells,MALE,1968-01-21,58,WIDOWED,"[{""type"": ""mobile"", ""number"": ""+10000000231"", ""is_primary"": true}]",,8111191488,XXXXXX1488,BASIC,en,images/IND-0231.jpg,550e8400-e29b-41d4-a716-446655884168,550e8400-e29b-41d4-a716-446655883042,550e8400-e29b-41d4-a716-446655442011,550e8400-e29b-41d4-a716-446655441003,550e8400-e29b-41d4-a716-446655440001,"{""hierarchy"": [{""level"": ""country"", ""level_value_id"": ""550e8400-e29b-41d4-a716-446655440001"", ""level_value_mnemonic"": ""kamuntu""}, {""level"": ""region"", ""level_value_id"": ""550e8400-e29b-41d4-a716-446655441003"", ""level_value_mnemonic"": ""jasiri""}, {""level"": ""district"", ""level_value_id"": ""550e8400-e29b-41d4-a716-446655442011"", ""level_value_mnemonic"": ""baraka""}, {""level"": ""ward"", ""level_value_id"": ""550e8400-e29b-41d4-a716-446655883042"", ""level_value_mnemonic"": ""umani""}, {""level"": ""village"", ""level_value_id"": ""550e8400-e29b-41d4-a716-446655884168"", ""level_value_mnemonic"": ""bimana""}], ""lowest_level_value_id"": ""550e8400-e29b-41d4-a716-446655884168""}",14.1525,66.1548,284,41AB+61,1724 Stacey Isle,Sector 7,000231,KM
20000000-0000-4000-8000-000000000232,IND-0232,Martha,Jeffrey,Walker,Martha Jeffrey Walker,Martha Jeffrey Walker,FEMALE,2000-04-05,26,MARRIED,"[{""type"": ""mobile"", ""number"": ""+10000000232"", ""is_primary"": true}]",,5215140451,XXXXXX0451,BASIC,en,images/IND-0232.jpg,550e8400-e29b-41d4-a716-446655884040,550e8400-e29b-41d4-a716-446655883010,550e8400-e29b-41d4-a716-446655442003,550e8400-e29b-41d4-a716-446655441001,550e8400-e29b-41d4-a716-446655440001,"{""hierarchy"": [{""level"": ""country"", ""level_value_id"": ""550e8400-e29b-41d4-a716-446655440001"", ""level_value_mnemonic"": ""kamuntu""}, {""level"": ""region"", ""level_value_id"": ""550e8400-e29b-41d4-a716-446655441001"", ""level_value_mnemonic"": ""kilima""}, {""level"": ""district"", ""level_value_id"": ""550e8400-e29b-41d4-a716-446655442003"", ""level_value_mnemonic"": ""nyani""}, {""level"": ""ward"", ""level_value_id"": ""550e8400-e29b-41d4-a716-446655883010"", ""level_value_mnemonic"": ""pika""}, {""level"": ""village"", ""level_value_id"": ""550e8400-e29b-41d4-a716-446655884040"", ""level_value_mnemonic"": ""bililo""}], ""lowest_level_value_id"": ""550e8400-e29b-41d4-a716-446655884040""}",19.5654,66.4769,169,95AB+64,5549 Ford Crest Suite 099,Sector 8,000232,KM
20000000-0000-4000-8000-000000000233,IND-0233,Terry,Pamela,Walker,Terry Pamela Walker,Terry Pamela Walker,MALE,1993-03-02,33,MARRIED,"[{""type"": ""mobile"", ""number"": ""+10000000233"", ""is_primary"": true}]",,3674551397,XXXXXX1397,CAN_READ_AND_WRITE,en,images/IND-0233.jpg,550e8400-e29b-41d4-a716-446655884040,550e8400-e29b-41d4-a716-446655883010,550e8400-e29b-41d4-a716-446655442003,550e8400-e29b-41d4-a716-446655441001,550e8400-e29b-41d4-a716-446655440001,"{""hierarchy"": [{""level"": ""country"", ""level_value_id"": ""550e8400-e29b-41d4-a716-446655440001"", ""level_value_mnemonic"": ""kamuntu""}, {""level"": ""region"", ""level_value_id"": ""550e8400-e29b-41d4-a716-446655441001"", ""level_value_mnemonic"": ""kilima""}, {""level"": ""district"", ""level_value_id"": ""550e8400-e29b-41d4-a716-446655442003"", ""level_value_mnemonic"": ""nyani""}, {""level"": ""ward"", ""level_value_id"": ""550e8400-e29b-41d4-a716-446655883010"", ""level_value_mnemonic"": ""pika""}, {""level"": ""village"", ""level_value_id"": ""550e8400-e29b-41d4-a716-446655884040"", ""level_value_mnemonic"": ""bililo""}], ""lowest_level_value_id"": ""550e8400-e29b-41d4-a716-446655884040""}",19.5164,66.5292,176,95AB+65,684 Brown Walk,Sector 9,000233,KM
20000000-0000-4000-8000-000000000234,IND-0234,Chris,Matthew,Walker,Chris Matthew Walker,Chris Matthew Walker,MALE,1964-05-24,62,WIDOWED,"[{""type"": ""mobile"", ""number"": ""+10000000234"", ""is_primary"": true}]",tthomas@example.org,4767539382,XXXXXX9382,BASIC,en,images/IND-0234.jpg,550e8400-e29b-41d4-a716-446655884040,550e8400-e29b-41d4-a716-446655883010,550e8400-e29b-41d4-a716-446655442003,550e8400-e29b-41d4-a716-446655441001,550e8400-e29b-41d4-a716-446655440001,"{""hierarchy"": [{""level"": ""country"", ""level_value_id"": ""550e8400-e29b-41d4-a716-446655440001"", ""level_value_mnemonic"": ""kamuntu""}, {""level"": ""region"", ""level_value_id"": ""550e8400-e29b-41d4-a716-446655441001"", ""level_value_mnemonic"": ""kilima""}, {""level"": ""district"", ""level_value_id"": ""550e8400-e29b-41d4-a716-446655442003"", ""level_value_mnemonic"": ""nyani""}, {""level"": ""ward"", ""level_value_id"": ""550e8400-e29b-41d4-a716-446655883010"", ""level_value_mnemonic"": ""pika""}, {""level"": ""village"", ""level_value_id"": ""550e8400-e29b-41d4-a716-446655884040"", ""level_value_mnemonic"": ""bililo""}], ""lowest_level_value_id"": ""550e8400-e29b-41d4-a716-446655884040""}",19.5651,66.4701,218,95AB+64,5250 Shannon Fords,Sector 1,000234,KM
20000000-0000-4000-8000-000000000235,IND-0235,Philip,Kathy,Walker,Philip Kathy Walker,Philip Kathy Walker,MALE,1946-08-20,79,SINGLE,"[{""type"": ""mobile"", ""number"": ""+10000000235"", ""is_primary"": true}]",xglover@example.org,5281907480,XXXXXX7480,HIGHER_EDUCATION,en,images/IND-0235.jpg,550e8400-e29b-41d4-a716-446655884040,550e8400-e29b-41d4-a716-446655883010,550e8400-e29b-41d4-a716-446655442003,550e8400-e29b-41d4-a716-446655441001,550e8400-e29b-41d4-a716-446655440001,"{""hierarchy"": [{""level"": ""country"", ""level_value_id"": ""550e8400-e29b-41d4-a716-446655440001"", ""level_value_mnemonic"": ""kamuntu""}, {""level"": ""region"", ""level_value_id"": ""550e8400-e29b-41d4-a716-446655441001"", ""level_value_mnemonic"": ""kilima""}, {""level"": ""district"", ""level_value_id"": ""550e8400-e29b-41d4-a716-446655442003"", ""level_value_mnemonic"": ""nyani""}, {""level"": ""ward"", ""level_value_id"": ""550e8400-e29b-41d4-a716-446655883010"", ""level_value_mnemonic"": ""pika""}, {""level"": ""village"", ""level_value_id"": ""550e8400-e29b-41d4-a716-446655884040"", ""level_value_mnemonic"": ""bililo""}], ""lowest_level_value_id"": ""550e8400-e29b-41d4-a716-446655884040""}",19.5412,66.4793,285,95AB+64,666 Sanford Lights,Sector 2,000235,KM
20000000-0000-4000-8000-000000000236,IND-0236,Abigail,,Walker,Abigail Walker,Abigail Walker,FEMALE,1984-09-01,41,SINGLE,"[{""type"": ""mobile"", ""number"": ""+10000000236"", ""is_primary"": true}]",,8816681105,XXXXXX1105,CAN_READ_AND_WRITE,en,images/IND-0236.jpg,550e8400-e29b-41d4-a716-446655884040,550e8400-e29b-41d4-a716-446655883010,550e8400-e29b-41d4-a716-446655442003,550e8400-e29b-41d4-a716-446655441001,550e8400-e29b-41d4-a716-446655440001,"{""hierarchy"": [{""level"": ""country"", ""level_value_id"": ""550e8400-e29b-41d4-a716-446655440001"", ""level_value_mnemonic"": ""kamuntu""}, {""level"": ""region"", ""level_value_id"": ""550e8400-e29b-41d4-a716-446655441001"", ""level_value_mnemonic"": ""kilima""}, {""level"": ""district"", ""level_value_id"": ""550e8400-e29b-41d4-a716-446655442003"", ""level_value_mnemonic"": ""nyani""}, {""level"": ""ward"", ""level_value_id"": ""550e8400-e29b-41d4-a716-446655883010"", ""level_value_mnemonic"": ""pika""}, {""level"": ""village"", ""level_value_id"": ""550e8400-e29b-41d4-a716-446655884040"", ""level_value_mnemonic"": ""bililo""}], ""lowest_level_value_id"": ""550e8400-e29b-41d4-a716-446655884040""}",19.4775,66.5268,161,94AB+65,58300 Jeremy Wells Suite 421,Sector 3,000236,KM
20000000-0000-4000-8000-000000000237,IND-0237,James,Gary,Walker,James Gary Walker,James Gary Walker,MALE,1971-08-23,54,MARRIED,"[{""type"": ""mobile"", ""number"": ""+10000000237"", ""is_primary"": true}]",,8453283834,XXXXXX3834,CAN_READ_AND_WRITE,en,images/IND-0237.jpg,550e8400-e29b-41d4-a716-446655884040,550e8400-e29b-41d4-a716-446655883010,550e8400-e29b-41d4-a716-446655442003,550e8400-e29b-41d4-a716-446655441001,550e8400-e29b-41d4-a716-446655440001,"{""hierarchy"": [{""level"": ""country"", ""level_value_id"": ""550e8400-e29b-41d4-a716-446655440001"", ""level_value_mnemonic"": ""kamuntu""}, {""level"": ""region"", ""level_value_id"": ""550e8400-e29b-41d4-a716-446655441001"", ""level_value_mnemonic"": ""kilima""}, {""level"": ""district"", ""level_value_id"": ""550e8400-e29b-41d4-a716-446655442003"", ""level_value_mnemonic"": ""nyani""}, {""level"": ""ward"", ""level_value_id"": ""550e8400-e29b-41d4-a716-446655883010"", ""level_value_mnemonic"": ""pika""}, {""level"": ""village"", ""level_value_id"": ""550e8400-e29b-41d4-a716-446655884040"", ""level_value_mnemonic"": ""bililo""}], ""lowest_level_value_id"": ""550e8400-e29b-41d4-a716-446655884040""}",19.5018,66.4972,69,95AB+64,4789 Hamilton Spur,Sector 4,000237,KM
20000000-0000-4000-8000-000000000238,IND-0238,Zachary,Rachel,Walker,Zachary Rachel Walker,Zachary Rachel Walker,MALE,2010-12-23,15,SINGLE,"[{""type"": ""mobile"", ""number"": ""+10000000238"", ""is_primary"": true}]",,6643730009,XXXXXX0009,CAN_READ_AND_WRITE,en,images/IND-0238.jpg,550e8400-e29b-41d4-a716-446655884040,550e8400-e29b-41d4-a716-446655883010,550e8400-e29b-41d4-a716-446655442003,550e8400-e29b-41d4-a716-446655441001,550e8400-e29b-41d4-a716-446655440001,"{""hierarchy"": [{""level"": ""country"", ""level_value_id"": ""550e8400-e29b-41d4-a716-446655440001"", ""level_value_mnemonic"": ""kamuntu""}, {""level"": ""region"", ""level_value_id"": ""550e8400-e29b-41d4-a716-446655441001"", ""level_value_mnemonic"": ""kilima""}, {""level"": ""district"", ""level_value_id"": ""550e8400-e29b-41d4-a716-446655442003"", ""level_value_mnemonic"": ""nyani""}, {""level"": ""ward"", ""level_value_id"": ""550e8400-e29b-41d4-a716-446655883010"", ""level_value_mnemonic"": ""pika""}, {""level"": ""village"", ""level_value_id"": ""550e8400-e29b-41d4-a716-446655884040"", ""level_value_mnemonic"": ""bililo""}], ""lowest_level_value_id"": ""550e8400-e29b-41d4-a716-446655884040""}",19.4821,66.5058,247,94AB+65,26033 Jason Brooks Apt. 150,Sector 5,000238,KM
20000000-0000-4000-8000-000000000239,IND-0239,Jeremy,,Martinez,Jeremy Martinez,Jeremy Martinez,MALE,2000-05-05,26,MARRIED,"[{""type"": ""mobile"", ""number"": ""+10000000239"", ""is_primary"": true}]",thomas23@example.net,5254923696,XXXXXX3696,HIGHER_EDUCATION,en,images/IND-0239.jpg,550e8400-e29b-41d4-a716-446655884232,550e8400-e29b-41d4-a716-446655883058,550e8400-e29b-41d4-a716-446655442015,550e8400-e29b-41d4-a716-446655441004,550e8400-e29b-41d4-a716-446655440001,"{""hierarchy"": [{""level"": ""country"", ""level_value_id"": ""550e8400-e29b-41d4-a716-446655440001"", ""level_value_mnemonic"": ""kamuntu""}, {""level"": ""region"", ""level_value_id"": ""550e8400-e29b-41d4-a716-446655441004"", ""level_value_mnemonic"": ""faraja""}, {""level"": ""district"", ""level_value_id"": ""550e8400-e29b-41d4-a716-446655442015"", ""level_value_mnemonic"": ""zawadi""}, {""level"": ""ward"", ""level_value_id"": ""550e8400-e29b-41d4-a716-446655883058"", ""level_value_mnemonic"": ""kujua""}, {""level"": ""village"", ""level_value_id"": ""550e8400-e29b-41d4-a716-446655884232"", ""level_value_mnemonic"": ""bilini""}], ""lowest_level_value_id"": ""550e8400-e29b-41d4-a716-446655884232""}",12.2331,67.2704,165,22AB+72,6184 Robert Cove,Sector 6,000239,KM
20000000-0000-4000-8000-000000000240,IND-0240,Jorge,Justin,Martinez,Jorge Justin Martinez,Jorge Justin Martinez,FEMALE,2018-04-17,8,MARRIED,"[{""type"": ""mobile"", ""number"": ""+10000000240"", ""is_primary"": true}]",,1521637779,XXXXXX7779,CAN_READ_AND_WRITE,en,images/IND-0240.jpg,550e8400-e29b-41d4-a716-446655884232,550e8400-e29b-41d4-a716-446655883058,550e8400-e29b-41d4-a716-446655442015,550e8400-e29b-41d4-a716-446655441004,550e8400-e29b-41d4-a716-446655440001,"{""hierarchy"": [{""level"": ""country"", ""level_value_id"": ""550e8400-e29b-41d4-a716-446655440001"", ""level_value_mnemonic"": ""kamuntu""}, {""level"": ""region"", ""level_value_id"": ""550e8400-e29b-41d4-a716-446655441004"", ""level_value_mnemonic"": ""faraja""}, {""level"": ""district"", ""level_value_id"": ""550e8400-e29b-41d4-a716-446655442015"", ""level_value_mnemonic"": ""zawadi""}, {""level"": ""ward"", ""level_value_id"": ""550e8400-e29b-41d4-a716-446655883058"", ""level_value_mnemonic"": ""kujua""}, {""level"": ""village"", ""level_value_id"": ""550e8400-e29b-41d4-a716-446655884232"", ""level_value_mnemonic"": ""bilini""}], ""lowest_level_value_id"": ""550e8400-e29b-41d4-a716-446655884232""}",12.2362,67.3081,106,22AB+73,3934 Michael Lodge,Sector 7,000240,KM
20000000-0000-4000-8000-000000000241,IND-0241,Edward,,Martinez,Edward Martinez,Edward Martinez,MALE,1987-04-22,39,DIVORCED,"[{""type"": ""mobile"", ""number"": ""+10000000241"", ""is_primary"": true}]",slozano@example.com,9950881177,XXXXXX1177,ILLITERATE,en,images/IND-0241.jpg,550e8400-e29b-41d4-a716-446655884232,550e8400-e29b-41d4-a716-446655883058,550e8400-e29b-41d4-a716-446655442015,550e8400-e29b-41d4-a716-446655441004,550e8400-e29b-41d4-a716-446655440001,"{""hierarchy"": [{""level"": ""country"", ""level_value_id"": ""550e8400-e29b-41d4-a716-446655440001"", ""level_value_mnemonic"": ""kamuntu""}, {""level"": ""region"", ""level_value_id"": ""550e8400-e29b-41d4-a716-446655441004"", ""level_value_mnemonic"": ""faraja""}, {""level"": ""district"", ""level_value_id"": ""550e8400-e29b-41d4-a716-446655442015"", ""level_value_mnemonic"": ""zawadi""}, {""level"": ""ward"", ""level_value_id"": ""550e8400-e29b-41d4-a716-446655883058"", ""level_value_mnemonic"": ""kujua""}, {""level"": ""village"", ""level_value_id"": ""550e8400-e29b-41d4-a716-446655884232"", ""level_value_mnemonic"": ""bilini""}], ""lowest_level_value_id"": ""550e8400-e29b-41d4-a716-446655884232""}",12.2886,67.3217,69,22AB+73,00119 Hernandez Course Apt. 143,Sector 8,000241,KM
20000000-0000-4000-8000-000000000242,IND-0242,Jesus,,Martinez,Jesus Martinez,Jesus Martinez,MALE,1998-07-21,27,SINGLE,"[{""type"": ""mobile"", ""number"": ""+10000000242"", ""is_primary"": true}]",steven12@example.org,8769111397,XXXXXX1397,HIGHER_EDUCATION,en,images/IND-0242.jpg,550e8400-e29b-41d4-a716-446655884232,550e8400-e29b-41d4-a716-446655883058,550e8400-e29b-41d4-a716-446655442015,550e8400-e29b-41d4-a716-446655441004,550e8400-e29b-41d4-a716-446655440001,"{""hierarchy"": [{""level"": ""country"", ""level_value_id"": ""550e8400-e29b-41d4-a716-446655440001"", ""level_value_mnemonic"": ""kamuntu""}, {""level"": ""region"", ""level_value_id"": ""550e8400-e29b-41d4-a716-446655441004"", ""level_value_mnemonic"": ""faraja""}, {""level"": ""district"", ""level_value_id"": ""550e8400-e29b-41d4-a716-446655442015"", ""level_value_mnemonic"": ""zawadi""}, {""level"": ""ward"", ""level_value_id"": ""550e8400-e29b-41d4-a716-446655883058"", ""level_value_mnemonic"": ""kujua""}, {""level"": ""village"", ""level_value_id"": ""550e8400-e29b-41d4-a716-446655884232"", ""level_value_mnemonic"": ""bilini""}], ""lowest_level_value_id"": ""550e8400-e29b-41d4-a716-446655884232""}",12.2423,67.3242,62,22AB+73,5611 Alec Dam Apt. 557,Sector 9,000242,KM
20000000-0000-4000-8000-000000000243,IND-0243,Tina,,Martinez,Tina Martinez,Tina Martinez,FEMALE,2000-10-12,25,MARRIED,"[{""type"": ""mobile"", ""number"": ""+10000000243"", ""is_primary"": true}]",watsonmatthew@example.org,2832508021,XXXXXX8021,CAN_READ_AND_WRITE,en,images/IND-0243.jpg,550e8400-e29b-41d4-a716-446655884232,550e8400-e29b-41d4-a716-446655883058,550e8400-e29b-41d4-a716-446655442015,550e8400-e29b-41d4-a716-446655441004,550e8400-e29b-41d4-a716-446655440001,"{""hierarchy"": [{""level"": ""country"", ""level_value_id"": ""550e8400-e29b-41d4-a716-446655440001"", ""level_value_mnemonic"": ""kamuntu""}, {""level"": ""region"", ""level_value_id"": ""550e8400-e29b-41d4-a716-446655441004"", ""level_value_mnemonic"": ""faraja""}, {""level"": ""district"", ""level_value_id"": ""550e8400-e29b-41d4-a716-446655442015"", ""level_value_mnemonic"": ""zawadi""}, {""level"": ""ward"", ""level_value_id"": ""550e8400-e29b-41d4-a716-446655883058"", ""level_value_mnemonic"": ""kujua""}, {""level"": ""village"", ""level_value_id"": ""550e8400-e29b-41d4-a716-446655884232"", ""level_value_mnemonic"": ""bilini""}], ""lowest_level_value_id"": ""550e8400-e29b-41d4-a716-446655884232""}",12.2654,67.3208,120,22AB+73,7467 Banks Union Apt. 120,Sector 1,000243,KM
20000000-0000-4000-8000-000000000244,IND-0244,William,,Richard,William Richard,William Richard,MALE,1981-08-23,44,MARRIED,"[{""type"": ""mobile"", ""number"": ""+10000000244"", ""is_primary"": true}]",,1261903104,XXXXXX3104,HIGHER_EDUCATION,en,images/IND-0244.jpg,550e8400-e29b-41d4-a716-446655884018,550e8400-e29b-41d4-a716-446655883005,550e8400-e29b-41d4-a716-446655442002,550e8400-e29b-41d4-a716-446655441001,550e8400-e29b-41d4-a716-446655440001,"{""hierarchy"": [{""level"": ""country"", ""level_value_id"": ""550e8400-e29b-41d4-a716-446655440001"", ""level_value_mnemonic"": ""kamuntu""}, {""level"": ""region"", ""level_value_id"": ""550e8400-e29b-41d4-a716-446655441001"", ""level_value_mnemonic"": ""kilima""}, {""level"": ""district"", ""level_value_id"": ""550e8400-e29b-41d4-a716-446655442002"", ""level_value_mnemonic"": ""pembe""}, {""level"": ""ward"", ""level_value_id"": ""550e8400-e29b-41d4-a716-446655883005"", ""level_value_mnemonic"": ""soko""}, {""level"": ""village"", ""level_value_id"": ""550e8400-e29b-41d4-a716-446655884018"", ""level_value_mnemonic"": ""berio""}], ""lowest_level_value_id"": ""550e8400-e29b-41d4-a716-446655884018""}",15.188,67.1737,101,51AB+71,9797 Cheryl Tunnel,Sector 2,000244,KM
20000000-0000-4000-8000-000000000245,IND-0245,Ian,,Richard,Ian Richard,Ian Richard,FEMALE,1980-01-08,46,MARRIED,"[{""type"": ""mobile"", ""number"": ""+10000000245"", ""is_primary"": true}]",timothyfreeman@example.com,6837342064,XXXXXX2064,BASIC,en,images/IND-0245.jpg,550e8400-e29b-41d4-a716-446655884018,550e8400-e29b-41d4-a716-446655883005,550e8400-e29b-41d4-a716-446655442002,550e8400-e29b-41d4-a716-446655441001,550e8400-e29b-41d4-a716-446655440001,"{""hierarchy"": [{""level"": ""country"", ""level_value_id"": ""550e8400-e29b-41d4-a716-446655440001"", ""level_value_mnemonic"": ""kamuntu""}, {""level"": ""region"", ""level_value_id"": ""550e8400-e29b-41d4-a716-446655441001"", ""level_value_mnemonic"": ""kilima""}, {""level"": ""district"", ""level_value_id"": ""550e8400-e29b-41d4-a716-446655442002"", ""level_value_mnemonic"": ""pembe""}, {""level"": ""ward"", ""level_value_id"": ""550e8400-e29b-41d4-a716-446655883005"", ""level_value_mnemonic"": ""soko""}, {""level"": ""village"", ""level_value_id"": ""550e8400-e29b-41d4-a716-446655884018"", ""level_value_mnemonic"": ""berio""}], ""lowest_level_value_id"": ""550e8400-e29b-41d4-a716-446655884018""}",15.2145,67.2085,283,52AB+72,14508 Tiffany Skyway Suite 889,Sector 3,000245,KM
20000000-0000-4000-8000-000000000246,IND-0246,Anna,John,Richard,Anna John Richard,Anna John Richard,FEMALE,2023-01-29,3,SINGLE,"[{""type"": ""mobile"", ""number"": ""+10000000246"", ""is_primary"": true}]",,1940684569,XXXXXX4569,,en,images/IND-0246.jpg,550e8400-e29b-41d4-a716-446655884018,550e8400-e29b-41d4-a716-446655883005,550e8400-e29b-41d4-a716-446655442002,550e8400-e29b-41d4-a716-446655441001,550e8400-e29b-41d4-a716-446655440001,"{""hierarchy"": [{""level"": ""country"", ""level_value_id"": ""550e8400-e29b-41d4-a716-446655440001"", ""level_value_mnemonic"": ""kamuntu""}, {""level"": ""region"", ""level_value_id"": ""550e8400-e29b-41d4-a716-446655441001"", ""level_value_mnemonic"": ""kilima""}, {""level"": ""district"", ""level_value_id"": ""550e8400-e29b-41d4-a716-446655442002"", ""level_value_mnemonic"": ""pembe""}, {""level"": ""ward"", ""level_value_id"": ""550e8400-e29b-41d4-a716-446655883005"", ""level_value_mnemonic"": ""soko""}, {""level"": ""village"", ""level_value_id"": ""550e8400-e29b-41d4-a716-446655884018"", ""level_value_mnemonic"": ""berio""}], ""lowest_level_value_id"": ""550e8400-e29b-41d4-a716-446655884018""}",15.2496,67.2379,64,52AB+72,628 Alexander Estate Suite 721,Sector 4,000246,KM
20000000-0000-4000-8000-000000000247,IND-0247,Nicole,,Richard,Nicole Richard,Nicole Richard,FEMALE,1975-03-28,51,DIVORCED,"[{""type"": ""mobile"", ""number"": ""+10000000247"", ""is_primary"": true}]",,1430073711,XXXXXX3711,ILLITERATE,en,images/IND-0247.jpg,550e8400-e29b-41d4-a716-446655884018,550e8400-e29b-41d4-a716-446655883005,550e8400-e29b-41d4-a716-446655442002,550e8400-e29b-41d4-a716-446655441001,550e8400-e29b-41d4-a716-446655440001,"{""hierarchy"": [{""level"": ""country"", ""level_value_id"": ""550e8400-e29b-41d4-a716-446655440001"", ""level_value_mnemonic"": ""kamuntu""}, {""level"": ""region"", ""level_value_id"": ""550e8400-e29b-41d4-a716-446655441001"", ""level_value_mnemonic"": ""kilima""}, {""level"": ""district"", ""level_value_id"": ""550e8400-e29b-41d4-a716-446655442002"", ""level_value_mnemonic"": ""pembe""}, {""level"": ""ward"", ""level_value_id"": ""550e8400-e29b-41d4-a716-446655883005"", ""level_value_mnemonic"": ""soko""}, {""level"": ""village"", ""level_value_id"": ""550e8400-e29b-41d4-a716-446655884018"", ""level_value_mnemonic"": ""berio""}], ""lowest_level_value_id"": ""550e8400-e29b-41d4-a716-446655884018""}",15.2257,67.1867,258,52AB+71,0838 Powell Freeway Apt. 779,Sector 5,000247,KM
20000000-0000-4000-8000-000000000248,IND-0248,Jerome,,Richard,Jerome Richard,Jerome Richard,MALE,1948-01-17,78,WIDOWED,"[{""type"": ""mobile"", ""number"": ""+10000000248"", ""is_primary"": true}]",,4630196130,XXXXXX6130,BASIC,en,images/IND-0248.jpg,550e8400-e29b-41d4-a716-446655884018,550e8400-e29b-41d4-a716-446655883005,550e8400-e29b-41d4-a716-446655442002,550e8400-e29b-41d4-a716-446655441001,550e8400-e29b-41d4-a716-446655440001,"{""hierarchy"": [{""level"": ""country"", ""level_value_id"": ""550e8400-e29b-41d4-a716-446655440001"", ""level_value_mnemonic"": ""kamuntu""}, {""level"": ""region"", ""level_value_id"": ""550e8400-e29b-41d4-a716-446655441001"", ""level_value_mnemonic"": ""kilima""}, {""level"": ""district"", ""level_value_id"": ""550e8400-e29b-41d4-a716-446655442002"", ""level_value_mnemonic"": ""pembe""}, {""level"": ""ward"", ""level_value_id"": ""550e8400-e29b-41d4-a716-446655883005"", ""level_value_mnemonic"": ""soko""}, {""level"": ""village"", ""level_value_id"": ""550e8400-e29b-41d4-a716-446655884018"", ""level_value_mnemonic"": ""berio""}], ""lowest_level_value_id"": ""550e8400-e29b-41d4-a716-446655884018""}",15.1776,67.2193,256,51AB+72,1701 Gutierrez Point Apt. 199,Sector 6,000248,KM
20000000-0000-4000-8000-000000000249,IND-0249,Mark,,Richard,Mark Richard,Mark Richard,MALE,1988-09-16,37,MARRIED,"[{""type"": ""mobile"", ""number"": ""+10000000249"", ""is_primary"": true}]",,2327372855,XXXXXX2855,ILLITERATE,en,images/IND-0249.jpg,550e8400-e29b-41d4-a716-446655884018,550e8400-e29b-41d4-a716-446655883005,550e8400-e29b-41d4-a716-446655442002,550e8400-e29b-41d4-a716-446655441001,550e8400-e29b-41d4-a716-446655440001,"{""hierarchy"": [{""level"": ""country"", ""level_value_id"": ""550e8400-e29b-41d4-a716-446655440001"", ""level_value_mnemonic"": ""kamuntu""}, {""level"": ""region"", ""level_value_id"": ""550e8400-e29b-41d4-a716-446655441001"", ""level_value_mnemonic"": ""kilima""}, {""level"": ""district"", ""level_value_id"": ""550e8400-e29b-41d4-a716-446655442002"", ""level_value_mnemonic"": ""pembe""}, {""level"": ""ward"", ""level_value_id"": ""550e8400-e29b-41d4-a716-446655883005"", ""level_value_mnemonic"": ""soko""}, {""level"": ""village"", ""level_value_id"": ""550e8400-e29b-41d4-a716-446655884018"", ""level_value_mnemonic"": ""berio""}], ""lowest_level_value_id"": ""550e8400-e29b-41d4-a716-446655884018""}",15.209,67.169,109,52AB+71,755 Lisa Vista,Sector 7,000249,KM
20000000-0000-4000-8000-000000000250,IND-0250,Jordan,Christine,Richard,Jordan Christine Richard,Jordan Christine Richard,FEMALE,1956-06-06,69,MARRIED,"[{""type"": ""mobile"", ""number"": ""+10000000250"", ""is_primary"": true}]",,9023931339,XXXXXX1339,ILLITERATE,en,images/IND-0250.jpg,550e8400-e29b-41d4-a716-446655884018,550e8400-e29b-41d4-a716-446655883005,550e8400-e29b-41d4-a716-446655442002,550e8400-e29b-41d4-a716-446655441001,550e8400-e29b-41d4-a716-446655440001,"{""hierarchy"": [{""level"": ""country"", ""level_value_id"": ""550e8400-e29b-41d4-a716-446655440001"", ""level_value_mnemonic"": ""kamuntu""}, {""level"": ""region"", ""level_value_id"": ""550e8400-e29b-41d4-a716-446655441001"", ""level_value_mnemonic"": ""kilima""}, {""level"": ""district"", ""level_value_id"": ""550e8400-e29b-41d4-a716-446655442002"", ""level_value_mnemonic"": ""pembe""}, {""level"": ""ward"", ""level_value_id"": ""550e8400-e29b-41d4-a716-446655883005"", ""level_value_mnemonic"": ""soko""}, {""level"": ""village"", ""level_value_id"": ""550e8400-e29b-41d4-a716-446655884018"", ""level_value_mnemonic"": ""berio""}], ""lowest_level_value_id"": ""550e8400-e29b-41d4-a716-446655884018""}",15.166,67.1748,230,51AB+71,571 Katherine Forges Apt. 554,Sector 8,000250,KM
20000000-0000-4000-8000-000000000251,IND-0251,Kimberly,,Brooks,Kimberly Brooks,Kimberly Brooks,FEMALE,1988-04-19,38,MARRIED,"[{""type"": ""mobile"", ""number"": ""+10000000251"", ""is_primary"": true}]",williamsfrank@example.org,6591038760,XXXXXX8760,INTERMEDIARY,en,images/IND-0251.jpg,550e8400-e29b-41d4-a716-446655884187,550e8400-e29b-41d4-a716-446655883047,550e8400-e29b-41d4-a716-446655442012,550e8400-e29b-41d4-a716-446655441003,550e8400-e29b-41d4-a716-446655440001,"{""hierarchy"": [{""level"": ""country"", ""level_value_id"": ""550e8400-e29b-41d4-a716-446655440001"", ""level_value_mnemonic"": ""kamuntu""}, {""level"": ""region"", ""level_value_id"": ""550e8400-e29b-41d4-a716-446655441003"", ""level_value_mnemonic"": ""jasiri""}, {""level"": ""district"", ""level_value_id"": ""550e8400-e29b-41d4-a716-446655442012"", ""level_value_mnemonic"": ""mapema""}, {""level"": ""ward"", ""level_value_id"": ""550e8400-e29b-41d4-a716-446655883047"", ""level_value_mnemonic"": ""ujinga""}, {""level"": ""village"", ""level_value_id"": ""550e8400-e29b-41d4-a716-446655884187"", ""level_value_mnemonic"": ""bimbeo""}], ""lowest_level_value_id"": ""550e8400-e29b-41d4-a716-446655884187""}",18.2036,66.2058,292,82AB+62,49331 Lewis Views Apt. 516,Sector 9,000251,KM
20000000-0000-4000-8000-000000000252,IND-0252,Amber,Emily,Brooks,Amber Emily Brooks,Amber Emily Brooks,MALE,1949-06-17,76,MARRIED,"[{""type"": ""mobile"", ""number"": ""+10000000252"", ""is_primary"": true}]",bartonshannon@example.net,6048096802,XXXXXX6802,ILLITERATE,en,images/IND-0252.jpg,550e8400-e29b-41d4-a716-446655884187,550e8400-e29b-41d4-a716-446655883047,550e8400-e29b-41d4-a716-446655442012,550e8400-e29b-41d4-a716-446655441003,550e8400-e29b-41d4-a716-446655440001,"{""hierarchy"": [{""level"": ""country"", ""level_value_id"": ""550e8400-e29b-41d4-a716-446655440001"", ""level_value_mnemonic"": ""kamuntu""}, {""level"": ""region"", ""level_value_id"": ""550e8400-e29b-41d4-a716-446655441003"", ""level_value_mnemonic"": ""jasiri""}, {""level"": ""district"", ""level_value_id"": ""550e8400-e29b-41d4-a716-446655442012"", ""level_value_mnemonic"": ""mapema""}, {""level"": ""ward"", ""level_value_id"": ""550e8400-e29b-41d4-a716-446655883047"", ""level_value_mnemonic"": ""ujinga""}, {""level"": ""village"", ""level_value_id"": ""550e8400-e29b-41d4-a716-446655884187"", ""level_value_mnemonic"": ""bimbeo""}], ""lowest_level_value_id"": ""550e8400-e29b-41d4-a716-446655884187""}",18.2207,66.2588,82,82AB+62,0808 Roberson Orchard,Sector 1,000252,KM
20000000-0000-4000-8000-000000000253,IND-0253,Tammy,,Brooks,Tammy Brooks,Tammy Brooks,FEMALE,1967-09-24,58,SINGLE,"[{""type"": ""mobile"", ""number"": ""+10000000253"", ""is_primary"": true}]",,7882206934,XXXXXX6934,ILLITERATE,en,images/IND-0253.jpg,550e8400-e29b-41d4-a716-446655884187,550e8400-e29b-41d4-a716-446655883047,550e8400-e29b-41d4-a716-446655442012,550e8400-e29b-41d4-a716-446655441003,550e8400-e29b-41d4-a716-446655440001,"{""hierarchy"": [{""level"": ""country"", ""level_value_id"": ""550e8400-e29b-41d4-a716-446655440001"", ""level_value_mnemonic"": ""kamuntu""}, {""level"": ""region"", ""level_value_id"": ""550e8400-e29b-41d4-a716-446655441003"", ""level_value_mnemonic"": ""jasiri""}, {""level"": ""district"", ""level_value_id"": ""550e8400-e29b-41d4-a716-446655442012"", ""level_value_mnemonic"": ""mapema""}, {""level"": ""ward"", ""level_value_id"": ""550e8400-e29b-41d4-a716-446655883047"", ""level_value_mnemonic"": ""ujinga""}, {""level"": ""village"", ""level_value_id"": ""550e8400-e29b-41d4-a716-446655884187"", ""level_value_mnemonic"": ""bimbeo""}], ""lowest_level_value_id"": ""550e8400-e29b-41d4-a716-446655884187""}",18.2821,66.2868,106,82AB+62,922 Paul Rapid,Sector 2,000253,KM
20000000-0000-4000-8000-000000000254,IND-0254,Melissa,,Goodman,Melissa Goodman,Melissa Goodman,FEMALE,1979-05-18,47,MARRIED,"[{""type"": ""mobile"", ""number"": ""+10000000254"", ""is_primary"": true}]",,8441393731,XXXXXX3731,BASIC,en,images/IND-0254.jpg,550e8400-e29b-41d4-a716-446655884255,550e8400-e29b-41d4-a716-446655883064,550e8400-e29b-41d4-a716-446655442016,550e8400-e29b-41d4-a716-446655441004,550e8400-e29b-41d4-a716-446655440001,"{""hierarchy"": [{""level"": ""country"", ""level_value_id"": ""550e8400-e29b-41d4-a716-446655440001"", ""level_value_mnemonic"": ""kamuntu""}, {""level"": ""region"", ""level_value_id"": ""550e8400-e29b-41d4-a716-446655441004"", ""level_value_mnemonic"": ""faraja""}, {""level"": ""district"", ""level_value_id"": ""550e8400-e29b-41d4-a716-446655442016"", ""level_value_mnemonic"": ""tunza""}, {""level"": ""ward"", ""level_value_id"": ""550e8400-e29b-41d4-a716-446655883064"", ""level_value_mnemonic"": ""kuitwa""}, {""level"": ""village"", ""level_value_id"": ""550e8400-e29b-41d4-a716-446655884255"", ""level_value_mnemonic"": ""bilovi""}], ""lowest_level_value_id"": ""550e8400-e29b-41d4-a716-446655884255""}",10.1069,67.0985,176,01AB+70,858 James Road Suite 522,Sector 3,000254,KM
20000000-0000-4000-8000-000000000255,IND-0255,Kathy,Marcus,Goodman,Kathy Marcus Goodman,Kathy Marcus Goodman,MALE,1982-01-23,44,MARRIED,"[{""type"": ""mobile"", ""number"": ""+10000000255"", ""is_primary"": true}]",hodgesanna@example.net,1968870456,XXXXXX0456,BASIC,en,images/IND-0255.jpg,550e8400-e29b-41d4-a716-446655884255,550e8400-e29b-41d4-a716-446655883064,550e8400-e29b-41d4-a716-446655442016,550e8400-e29b-41d4-a716-446655441004,550e8400-e29b-41d4-a716-446655440001,"{""hierarchy"": [{""level"": ""country"", ""level_value_id"": ""550e8400-e29b-41d4-a716-446655440001"", ""level_value_mnemonic"": ""kamuntu""}, {""level"": ""region"", ""level_value_id"": ""550e8400-e29b-41d4-a716-446655441004"", ""level_value_mnemonic"": ""faraja""}, {""level"": ""district"", ""level_value_id"": ""550e8400-e29b-41d4-a716-446655442016"", ""level_value_mnemonic"": ""tunza""}, {""level"": ""ward"", ""level_value_id"": ""550e8400-e29b-41d4-a716-446655883064"", ""level_value_mnemonic"": ""kuitwa""}, {""level"": ""village"", ""level_value_id"": ""550e8400-e29b-41d4-a716-446655884255"", ""level_value_mnemonic"": ""bilovi""}], ""lowest_level_value_id"": ""550e8400-e29b-41d4-a716-446655884255""}",10.0551,67.0899,58,00AB+70,846 Alexandra Burg Suite 200,Sector 4,000255,KM
20000000-0000-4000-8000-000000000256,IND-0256,Christina,,Goodman,Christina Goodman,Christina Goodman,FEMALE,2017-08-12,8,SINGLE,"[{""type"": ""mobile"", ""number"": ""+10000000256"", ""is_primary"": true}]",,9108603060,XXXXXX3060,ILLITERATE,en,images/IND-0256.jpg,550e8400-e29b-41d4-a716-446655884255,550e8400-e29b-41d4-a716-446655883064,550e8400-e29b-41d4-a716-446655442016,550e8400-e29b-41d4-a716-446655441004,550e8400-e29b-41d4-a716-446655440001,"{""hierarchy"": [{""level"": ""country"", ""level_value_id"": ""550e8400-e29b-41d4-a716-446655440001"", ""level_value_mnemonic"": ""kamuntu""}, {""level"": ""region"", ""level_value_id"": ""550e8400-e29b-41d4-a716-446655441004"", ""level_value_mnemonic"": ""faraja""}, {""level"": ""district"", ""level_value_id"": ""550e8400-e29b-41d4-a716-446655442016"", ""level_value_mnemonic"": ""tunza""}, {""level"": ""ward"", ""level_value_id"": ""550e8400-e29b-41d4-a716-446655883064"", ""level_value_mnemonic"": ""kuitwa""}, {""level"": ""village"", ""level_value_id"": ""550e8400-e29b-41d4-a716-446655884255"", ""level_value_mnemonic"": ""bilovi""}], ""lowest_level_value_id"": ""550e8400-e29b-41d4-a716-446655884255""}",10.0261,67.0175,291,00AB+70,4204 Karen Bypass,Sector 5,000256,KM
20000000-0000-4000-8000-000000000257,IND-0257,Heather,,Goodman,Heather Goodman,Heather Goodman,FEMALE,1990-08-13,35,MARRIED,"[{""type"": ""mobile"", ""number"": ""+10000000257"", ""is_primary"": true}]",juliahoffman@example.org,3807341727,XXXXXX1727,CAN_READ_AND_WRITE,en,images/IND-0257.jpg,550e8400-e29b-41d4-a716-446655884255,550e8400-e29b-41d4-a716-446655883064,550e8400-e29b-41d4-a716-446655442016,550e8400-e29b-41d4-a716-446655441004,550e8400-e29b-41d4-a716-446655440001,"{""hierarchy"": [{""level"": ""country"", ""level_value_id"": ""550e8400-e29b-41d4-a716-446655440001"", ""level_value_mnemonic"": ""kamuntu""}, {""level"": ""region"", ""level_value_id"": ""550e8400-e29b-41d4-a716-446655441004"", ""level_value_mnemonic"": ""faraja""}, {""level"": ""district"", ""level_value_id"": ""550e8400-e29b-41d4-a716-446655442016"", ""level_value_mnemonic"": ""tunza""}, {""level"": ""ward"", ""level_value_id"": ""550e8400-e29b-41d4-a716-446655883064"", ""level_value_mnemonic"": ""kuitwa""}, {""level"": ""village"", ""level_value_id"": ""550e8400-e29b-41d4-a716-446655884255"", ""level_value_mnemonic"": ""bilovi""}], ""lowest_level_value_id"": ""550e8400-e29b-41d4-a716-446655884255""}",10.0707,67.0534,63,00AB+70,066 Frye Spur Suite 800,Sector 6,000257,KM
20000000-0000-4000-8000-000000000258,IND-0258,Barbara,Joshua,Williams,Barbara Joshua Williams,Barbara Joshua Williams,FEMALE,2025-06-20,0,MARRIED,"[{""type"": ""mobile"", ""number"": ""+10000000258"", ""is_primary"": true}]",,8035975297,XXXXXX5297,,en,images/IND-0258.jpg,550e8400-e29b-41d4-a716-446655884098,550e8400-e29b-41d4-a716-446655883025,550e8400-e29b-41d4-a716-446655442007,550e8400-e29b-41d4-a716-446655441002,550e8400-e29b-41d4-a716-446655440001,"{""hierarchy"": [{""level"": ""country"", ""level_value_id"": ""550e8400-e29b-41d4-a716-446655440001"", ""level_value_mnemonic"": ""kamuntu""}, {""level"": ""region"", ""level_value_id"": ""550e8400-e29b-41d4-a716-446655441002"", ""level_value_mnemonic"": ""chakula""}, {""level"": ""district"", ""level_value_id"": ""550e8400-e29b-41d4-a716-446655442007"", ""level_value_mnemonic"": ""rafiki""}, {""level"": ""ward"", ""level_value_id"": ""550e8400-e29b-41d4-a716-446655883025"", ""level_value_mnemonic"": ""uhuruumeme""}, {""level"": ""village"", ""level_value_id"": ""550e8400-e29b-41d4-a716-446655884098"", ""level_value_mnemonic"": ""bilujo""}], ""lowest_level_value_id"": ""550e8400-e29b-41d4-a716-446655884098""}",12.2377,71.1874,79,22AB+11,29405 Mckinney Drives Apt. 259,Sector 7,000258,KM
20000000-0000-4000-8000-000000000259,IND-0259,Amber,,Williams,Amber Williams,Amber Williams,MALE,1986-08-13,39,MARRIED,"[{""type"": ""mobile"", ""number"": ""+10000000259"", ""is_primary"": true}]",tracy98@example.com,2664416298,XXXXXX6298,BASIC,en,images/IND-0259.jpg,550e8400-e29b-41d4-a716-446655884098,550e8400-e29b-41d4-a716-446655883025,550e8400-e29b-41d4-a716-446655442007,550e8400-e29b-41d4-a716-446655441002,550e8400-e29b-41d4-a716-446655440001,"{""hierarchy"": [{""level"": ""country"", ""level_value_id"": ""550e8400-e29b-41d4-a716-446655440001"", ""level_value_mnemonic"": ""kamuntu""}, {""level"": ""region"", ""level_value_id"": ""550e8400-e29b-41d4-a716-446655441002"", ""level_value_mnemonic"": ""chakula""}, {""level"": ""district"", ""level_value_id"": ""550e8400-e29b-41d4-a716-446655442007"", ""level_value_mnemonic"": ""rafiki""}, {""level"": ""ward"", ""level_value_id"": ""550e8400-e29b-41d4-a716-446655883025"", ""level_value_mnemonic"": ""uhuruumeme""}, {""level"": ""village"", ""level_value_id"": ""550e8400-e29b-41d4-a716-446655884098"", ""level_value_mnemonic"": ""bilujo""}], ""lowest_level_value_id"": ""550e8400-e29b-41d4-a716-446655884098""}",12.1771,71.1781,97,21AB+11,583 Abigail Turnpike,Sector 8,000259,KM
20000000-0000-4000-8000-000000000260,IND-0260,Kathy,,Williams,Kathy Williams,Kathy Williams,FEMALE,2005-06-04,21,MARRIED,"[{""type"": ""mobile"", ""number"": ""+10000000260"", ""is_primary"": true}]",,1415334610,XXXXXX4610,HIGHER_EDUCATION,en,images/IND-0260.jpg,550e8400-e29b-41d4-a716-446655884098,550e8400-e29b-41d4-a716-446655883025,550e8400-e29b-41d4-a716-446655442007,550e8400-e29b-41d4-a716-446655441002,550e8400-e29b-41d4-a716-446655440001,"{""hierarchy"": [{""level"": ""country"", ""level_value_id"": ""550e8400-e29b-41d4-a716-446655440001"", ""level_value_mnemonic"": ""kamuntu""}, {""level"": ""region"", ""level_value_id"": ""550e8400-e29b-41d4-a716-446655441002"", ""level_value_mnemonic"": ""chakula""}, {""level"": ""district"", ""level_value_id"": ""550e8400-e29b-41d4-a716-446655442007"", ""level_value_mnemonic"": ""rafiki""}, {""level"": ""ward"", ""level_value_id"": ""550e8400-e29b-41d4-a716-446655883025"", ""level_value_mnemonic"": ""uhuruumeme""}, {""level"": ""village"", ""level_value_id"": ""550e8400-e29b-41d4-a716-446655884098"", ""level_value_mnemonic"": ""bilujo""}], ""lowest_level_value_id"": ""550e8400-e29b-41d4-a716-446655884098""}",12.2068,71.2208,155,22AB+12,53355 Carter Terrace Suite 801,Sector 9,000260,KM
20000000-0000-4000-8000-000000000261,IND-0261,Michael,,Williams,Michael Williams,Michael Williams,MALE,1968-09-26,57,MARRIED,"[{""type"": ""mobile"", ""number"": ""+10000000261"", ""is_primary"": true}]",,4786674545,XXXXXX4545,ILLITERATE,en,images/IND-0261.jpg,550e8400-e29b-41d4-a716-446655884098,550e8400-e29b-41d4-a716-446655883025,550e8400-e29b-41d4-a716-446655442007,550e8400-e29b-41d4-a716-446655441002,550e8400-e29b-41d4-a716-446655440001,"{""hierarchy"": [{""level"": ""country"", ""level_value_id"": ""550e8400-e29b-41d4-a716-446655440001"", ""level_value_mnemonic"": ""kamuntu""}, {""level"": ""region"", ""level_value_id"": ""550e8400-e29b-41d4-a716-446655441002"", ""level_value_mnemonic"": ""chakula""}, {""level"": ""district"", ""level_value_id"": ""550e8400-e29b-41d4-a716-446655442007"", ""level_value_mnemonic"": ""rafiki""}, {""level"": ""ward"", ""level_value_id"": ""550e8400-e29b-41d4-a716-446655883025"", ""level_value_mnemonic"": ""uhuruumeme""}, {""level"": ""village"", ""level_value_id"": ""550e8400-e29b-41d4-a716-446655884098"", ""level_value_mnemonic"": ""bilujo""}], ""lowest_level_value_id"": ""550e8400-e29b-41d4-a716-446655884098""}",12.1876,71.1479,281,21AB+11,56164 Johnson Path,Sector 1,000261,KM
20000000-0000-4000-8000-000000000262,IND-0262,Rodney,Leah,Williams,Rodney Leah Williams,Rodney Leah Williams,MALE,1976-07-30,49,DIVORCED,"[{""type"": ""mobile"", ""number"": ""+10000000262"", ""is_primary"": true}]",stucker@example.net,1827752234,XXXXXX2234,CAN_READ_AND_WRITE,en,images/IND-0262.jpg,550e8400-e29b-41d4-a716-446655884098,550e8400-e29b-41d4-a716-446655883025,550e8400-e29b-41d4-a716-446655442007,550e8400-e29b-41d4-a716-446655441002,550e8400-e29b-41d4-a716-446655440001,"{""hierarchy"": [{""level"": ""country"", ""level_value_id"": ""550e8400-e29b-41d4-a716-446655440001"", ""level_value_mnemonic"": ""kamuntu""}, {""level"": ""region"", ""level_value_id"": ""550e8400-e29b-41d4-a716-446655441002"", ""level_value_mnemonic"": ""chakula""}, {""level"": ""district"", ""level_value_id"": ""550e8400-e29b-41d4-a716-446655442007"", ""level_value_mnemonic"": ""rafiki""}, {""level"": ""ward"", ""level_value_id"": ""550e8400-e29b-41d4-a716-446655883025"", ""level_value_mnemonic"": ""uhuruumeme""}, {""level"": ""village"", ""level_value_id"": ""550e8400-e29b-41d4-a716-446655884098"", ""level_value_mnemonic"": ""bilujo""}], ""lowest_level_value_id"": ""550e8400-e29b-41d4-a716-446655884098""}",12.1443,71.1478,224,21AB+11,8112 Courtney Fords,Sector 2,000262,KM
20000000-0000-4000-8000-000000000263,IND-0263,Meagan,,Williams,Meagan Williams,Meagan Williams,FEMALE,1978-12-15,47,SINGLE,"[{""type"": ""mobile"", ""number"": ""+10000000263"", ""is_primary"": true}]",nhouston@example.net,7684533347,XXXXXX3347,ILLITERATE,en,images/IND-0263.jpg,550e8400-e29b-41d4-a716-446655884098,550e8400-e29b-41d4-a716-446655883025,550e8400-e29b-41d4-a716-446655442007,550e8400-e29b-41d4-a716-446655441002,550e8400-e29b-41d4-a716-446655440001,"{""hierarchy"": [{""level"": ""country"", ""level_value_id"": ""550e8400-e29b-41d4-a716-446655440001"", ""level_value_mnemonic"": ""kamuntu""}, {""level"": ""region"", ""level_value_id"": ""550e8400-e29b-41d4-a716-446655441002"", ""level_value_mnemonic"": ""chakula""}, {""level"": ""district"", ""level_value_id"": ""550e8400-e29b-41d4-a716-446655442007"", ""level_value_mnemonic"": ""rafiki""}, {""level"": ""ward"", ""level_value_id"": ""550e8400-e29b-41d4-a716-446655883025"", ""level_value_mnemonic"": ""uhuruumeme""}, {""level"": ""village"", ""level_value_id"": ""550e8400-e29b-41d4-a716-446655884098"", ""level_value_mnemonic"": ""bilujo""}], ""lowest_level_value_id"": ""550e8400-e29b-41d4-a716-446655884098""}",12.1952,71.2257,183,21AB+12,120 Love Camp Apt. 102,Sector 3,000263,KM
20000000-0000-4000-8000-000000000264,IND-0264,Rebecca,Bailey,Grant,Rebecca Bailey Grant,Rebecca Bailey Grant,FEMALE,1988-05-16,38,MARRIED,"[{""type"": ""mobile"", ""number"": ""+10000000264"", ""is_primary"": true}]",,5035765954,XXXXXX5954,HIGHER_EDUCATION,en,images/IND-0264.jpg,550e8400-e29b-41d4-a716-446655884215,550e8400-e29b-41d4-a716-446655883054,550e8400-e29b-41d4-a716-446655442014,550e8400-e29b-41d4-a716-446655441004,550e8400-e29b-41d4-a716-446655440001,"{""hierarchy"": [{""level"": ""country"", ""level_value_id"": ""550e8400-e29b-41d4-a716-446655440001"", ""level_value_mnemonic"": ""kamuntu""}, {""level"": ""region"", ""level_value_id"": ""550e8400-e29b-41d4-a716-446655441004"", ""level_value_mnemonic"": ""faraja""}, {""level"": ""district"", ""level_value_id"": ""550e8400-e29b-41d4-a716-446655442014"", ""level_value_mnemonic"": ""sihaya""}, {""level"": ""ward"", ""level_value_id"": ""550e8400-e29b-41d4-a716-446655883054"", ""level_value_mnemonic"": ""kusoma""}, {""level"": ""village"", ""level_value_id"": ""550e8400-e29b-41d4-a716-446655884215"", ""level_value_mnemonic"": ""bidi""}], ""lowest_level_value_id"": ""550e8400-e29b-41d4-a716-446655884215""}",14.1725,70.1363,75,41AB+01,6676 Stewart Loaf,Sector 4,000264,KM
20000000-0000-4000-8000-000000000265,IND-0265,Megan,,Grant,Megan Grant,Megan Grant,MALE,2002-12-29,23,MARRIED,"[{""type"": ""mobile"", ""number"": ""+10000000265"", ""is_primary"": true}]",,3031719772,XXXXXX9772,INTERMEDIARY,en,images/IND-0265.jpg,550e8400-e29b-41d4-a716-446655884215,550e8400-e29b-41d4-a716-446655883054,550e8400-e29b-41d4-a716-446655442014,550e8400-e29b-41d4-a716-446655441004,550e8400-e29b-41d4-a716-446655440001,"{""hierarchy"": [{""level"": ""country"", ""level_value_id"": ""550e8400-e29b-41d4-a716-446655440001"", ""level_value_mnemonic"": ""kamuntu""}, {""level"": ""region"", ""level_value_id"": ""550e8400-e29b-41d4-a716-446655441004"", ""level_value_mnemonic"": ""faraja""}, {""level"": ""district"", ""level_value_id"": ""550e8400-e29b-41d4-a716-446655442014"", ""level_value_mnemonic"": ""sihaya""}, {""level"": ""ward"", ""level_value_id"": ""550e8400-e29b-41d4-a716-446655883054"", ""level_value_mnemonic"": ""kusoma""}, {""level"": ""village"", ""level_value_id"": ""550e8400-e29b-41d4-a716-446655884215"", ""level_value_mnemonic"": ""bidi""}], ""lowest_level_value_id"": ""550e8400-e29b-41d4-a716-446655884215""}",14.0972,70.1203,208,40AB+01,901 Reilly Coves,Sector 5,000265,KM
20000000-0000-4000-8000-000000000266,IND-0266,Dylan,,Grant,Dylan Grant,Dylan Grant,MALE,1975-02-16,51,SINGLE,"[{""type"": ""mobile"", ""number"": ""+10000000266"", ""is_primary"": true}]",campbellsara@example.com,2599620611,XXXXXX0611,INTERMEDIARY,en,images/IND-0266.jpg,550e8400-e29b-41d4-a716-446655884215,550e8400-e29b-41d4-a716-446655883054,550e8400-e29b-41d4-a716-446655442014,550e8400-e29b-41d4-a716-446655441004,550e8400-e29b-41d4-a716-446655440001,"{""hierarchy"": [{""level"": ""country"", ""level_value_id"": ""550e8400-e29b-41d4-a716-446655440001"", ""level_value_mnemonic"": ""kamuntu""}, {""level"": ""region"", ""level_value_id"": ""550e8400-e29b-41d4-a716-446655441004"", ""level_value_mnemonic"": ""faraja""}, {""level"": ""district"", ""level_value_id"": ""550e8400-e29b-41d4-a716-446655442014"", ""level_value_mnemonic"": ""sihaya""}, {""level"": ""ward"", ""level_value_id"": ""550e8400-e29b-41d4-a716-446655883054"", ""level_value_mnemonic"": ""kusoma""}, {""level"": ""village"", ""level_value_id"": ""550e8400-e29b-41d4-a716-446655884215"", ""level_value_mnemonic"": ""bidi""}], ""lowest_level_value_id"": ""550e8400-e29b-41d4-a716-446655884215""}",14.1138,70.1594,129,41AB+01,072 Derek Lock Suite 245,Sector 6,000266,KM
20000000-0000-4000-8000-000000000267,IND-0267,Tyler,,Smith,Tyler Smith,Tyler Smith,MALE,1973-04-05,53,MARRIED,"[{""type"": ""mobile"", ""number"": ""+10000000267"", ""is_primary"": true}]",davidsmith@example.net,3772636814,XXXXXX6814,INTERMEDIARY,en,images/IND-0267.jpg,550e8400-e29b-41d4-a716-446655884051,550e8400-e29b-41d4-a716-446655883013,550e8400-e29b-41d4-a716-446655442004,550e8400-e29b-41d4-a716-446655441001,550e8400-e29b-41d4-a716-446655440001,"{""hierarchy"": [{""level"": ""country"", ""level_value_id"": ""550e8400-e29b-41d4-a716-446655440001"", ""level_value_mnemonic"": ""kamuntu""}, {""level"": ""region"", ""level_value_id"": ""550e8400-e29b-41d4-a716-446655441001"", ""level_value_mnemonic"": ""kilima""}, {""level"": ""district"", ""level_value_id"": ""550e8400-e29b-41d4-a716-446655442004"", ""level_value_mnemonic"": ""karamu""}, {""level"": ""ward"", ""level_value_id"": ""550e8400-e29b-41d4-a716-446655883013"", ""level_value_mnemonic"": ""damu""}, {""level"": ""village"", ""level_value_id"": ""550e8400-e29b-41d4-a716-446655884051"", ""level_value_mnemonic"": ""bilizo""}], ""lowest_level_value_id"": ""550e8400-e29b-41d4-a716-446655884051""}",16.9488,65.9511,260,69AB+59,814 Kaitlin Stream Suite 368,Sector 7,000267,KM
20000000-0000-4000-8000-000000000268,IND-0268,Brenda,,Smith,Brenda Smith,Brenda Smith,FEMALE,1997-11-16,28,MARRIED,"[{""type"": ""mobile"", ""number"": ""+10000000268"", ""is_primary"": true}]",james29@example.org,2732526008,XXXXXX6008,CAN_READ_AND_WRITE,en,images/IND-0268.jpg,550e8400-e29b-41d4-a716-446655884051,550e8400-e29b-41d4-a716-446655883013,550e8400-e29b-41d4-a716-446655442004,550e8400-e29b-41d4-a716-446655441001,550e8400-e29b-41d4-a716-446655440001,"{""hierarchy"": [{""level"": ""country"", ""level_value_id"": ""550e8400-e29b-41d4-a716-446655440001"", ""level_value_mnemonic"": ""kamuntu""}, {""level"": ""region"", ""level_value_id"": ""550e8400-e29b-41d4-a716-446655441001"", ""level_value_mnemonic"": ""kilima""}, {""level"": ""district"", ""level_value_id"": ""550e8400-e29b-41d4-a716-446655442004"", ""level_value_mnemonic"": ""karamu""}, {""level"": ""ward"", ""level_value_id"": ""550e8400-e29b-41d4-a716-446655883013"", ""level_value_mnemonic"": ""damu""}, {""level"": ""village"", ""level_value_id"": ""550e8400-e29b-41d4-a716-446655884051"", ""level_value_mnemonic"": ""bilizo""}], ""lowest_level_value_id"": ""550e8400-e29b-41d4-a716-446655884051""}",17.0081,65.9824,195,70AB+59,814 John Flat Suite 552,Sector 8,000268,KM
20000000-0000-4000-8000-000000000269,IND-0269,Michael,,Smith,Michael Smith,Michael Smith,MALE,2003-04-27,23,SINGLE,"[{""type"": ""mobile"", ""number"": ""+10000000269"", ""is_primary"": true}]",,6150137259,XXXXXX7259,ILLITERATE,en,images/IND-0269.jpg,550e8400-e29b-41d4-a716-446655884051,550e8400-e29b-41d4-a716-446655883013,550e8400-e29b-41d4-a716-446655442004,550e8400-e29b-41d4-a716-446655441001,550e8400-e29b-41d4-a716-446655440001,"{""hierarchy"": [{""level"": ""country"", ""level_value_id"": ""550e8400-e29b-41d4-a716-446655440001"", ""level_value_mnemonic"": ""kamuntu""}, {""level"": ""region"", ""level_value_id"": ""550e8400-e29b-41d4-a716-446655441001"", ""level_value_mnemonic"": ""kilima""}, {""level"": ""district"", ""level_value_id"": ""550e8400-e29b-41d4-a716-446655442004"", ""level_value_mnemonic"": ""karamu""}, {""level"": ""ward"", ""level_value_id"": ""550e8400-e29b-41d4-a716-446655883013"", ""level_value_mnemonic"": ""damu""}, {""level"": ""village"", ""level_value_id"": ""550e8400-e29b-41d4-a716-446655884051"", ""level_value_mnemonic"": ""bilizo""}], ""lowest_level_value_id"": ""550e8400-e29b-41d4-a716-446655884051""}",16.9668,65.9764,151,69AB+59,135 Hayes Ridges Suite 929,Sector 9,000269,KM
20000000-0000-4000-8000-000000000270,IND-0270,Keith,Susan,Smith,Keith Susan Smith,Keith Susan Smith,MALE,1991-06-09,34,SINGLE,"[{""type"": ""mobile"", ""number"": ""+10000000270"", ""is_primary"": true}]",,9033653743,XXXXXX3743,BASIC,en,images/IND-0270.jpg,550e8400-e29b-41d4-a716-446655884051,550e8400-e29b-41d4-a716-446655883013,550e8400-e29b-41d4-a716-446655442004,550e8400-e29b-41d4-a716-446655441001,550e8400-e29b-41d4-a716-446655440001,"{""hierarchy"": [{""level"": ""country"", ""level_value_id"": ""550e8400-e29b-41d4-a716-446655440001"", ""level_value_mnemonic"": ""kamuntu""}, {""level"": ""region"", ""level_value_id"": ""550e8400-e29b-41d4-a716-446655441001"", ""level_value_mnemonic"": ""kilima""}, {""level"": ""district"", ""level_value_id"": ""550e8400-e29b-41d4-a716-446655442004"", ""level_value_mnemonic"": ""karamu""}, {""level"": ""ward"", ""level_value_id"": ""550e8400-e29b-41d4-a716-446655883013"", ""level_value_mnemonic"": ""damu""}, {""level"": ""village"", ""level_value_id"": ""550e8400-e29b-41d4-a716-446655884051"", ""level_value_mnemonic"": ""bilizo""}], ""lowest_level_value_id"": ""550e8400-e29b-41d4-a716-446655884051""}",16.9887,65.965,91,69AB+59,53364 Taylor Street,Sector 1,000270,KM
20000000-0000-4000-8000-000000000271,IND-0271,Dennis,,Mercado,Dennis Mercado,Dennis Mercado,MALE,1965-01-25,61,MARRIED,"[{""type"": ""mobile"", ""number"": ""+10000000271"", ""is_primary"": true}]",lunapatricia@example.net,4439688162,XXXXXX8162,BASIC,en,images/IND-0271.jpg,550e8400-e29b-41d4-a716-446655884047,550e8400-e29b-41d4-a716-446655883012,550e8400-e29b-41d4-a716-446655442003,550e8400-e29b-41d4-a716-446655441001,550e8400-e29b-41d4-a716-446655440001,"{""hierarchy"": [{""level"": ""country"", ""level_value_id"": ""550e8400-e29b-41d4-a716-446655440001"", ""level_value_mnemonic"": ""kamuntu""}, {""level"": ""region"", ""level_value_id"": ""550e8400-e29b-41d4-a716-446655441001"", ""level_value_mnemonic"": ""kilima""}, {""level"": ""district"", ""level_value_id"": ""550e8400-e29b-41d4-a716-446655442003"", ""level_value_mnemonic"": ""nyani""}, {""level"": ""ward"", ""level_value_id"": ""550e8400-e29b-41d4-a716-446655883012"", ""level_value_mnemonic"": ""mbegu""}, {""level"": ""village"", ""level_value_id"": ""550e8400-e29b-41d4-a716-446655884047"", ""level_value_mnemonic"": ""bilixi""}], ""lowest_level_value_id"": ""550e8400-e29b-41d4-a716-446655884047""}",11.5724,70.6108,291,15AB+06,969 Rebecca Plaza,Sector 2,000271,KM
20000000-0000-4000-8000-000000000272,IND-0272,Debbie,,Mercado,Debbie Mercado,Debbie Mercado,FEMALE,1970-02-28,56,MARRIED,"[{""type"": ""mobile"", ""number"": ""+10000000272"", ""is_primary"": true}]",jvaldez@example.com,7299420031,XXXXXX0031,ILLITERATE,en,images/IND-0272.jpg,550e8400-e29b-41d4-a716-446655884047,550e8400-e29b-41d4-a716-446655883012,550e8400-e29b-41d4-a716-446655442003,550e8400-e29b-41d4-a716-446655441001,550e8400-e29b-41d4-a716-446655440001,"{""hierarchy"": [{""level"": ""country"", ""level_value_id"": ""550e8400-e29b-41d4-a716-446655440001"", ""level_value_mnemonic"": ""kamuntu""}, {""level"": ""region"", ""level_value_id"": ""550e8400-e29b-41d4-a716-446655441001"", ""level_value_mnemonic"": ""kilima""}, {""level"": ""district"", ""level_value_id"": ""550e8400-e29b-41d4-a716-446655442003"", ""level_value_mnemonic"": ""nyani""}, {""level"": ""ward"", ""level_value_id"": ""550e8400-e29b-41d4-a716-446655883012"", ""level_value_mnemonic"": ""mbegu""}, {""level"": ""village"", ""level_value_id"": ""550e8400-e29b-41d4-a716-446655884047"", ""level_value_mnemonic"": ""bilixi""}], ""lowest_level_value_id"": ""550e8400-e29b-41d4-a716-446655884047""}",11.6177,70.6324,151,16AB+06,94278 Randy Parkway Apt. 392,Sector 3,000272,KM
20000000-0000-4000-8000-000000000273,IND-0273,Nicole,,Mercado,Nicole Mercado,Nicole Mercado,FEMALE,1995-02-07,31,MARRIED,"[{""type"": ""mobile"", ""number"": ""+10000000273"", ""is_primary"": true}]",haroldfry@example.net,5759272717,XXXXXX2717,BASIC,en,images/IND-0273.jpg,550e8400-e29b-41d4-a716-446655884047,550e8400-e29b-41d4-a716-446655883012,550e8400-e29b-41d4-a716-446655442003,550e8400-e29b-41d4-a716-446655441001,550e8400-e29b-41d4-a716-446655440001,"{""hierarchy"": [{""level"": ""country"", ""level_value_id"": ""550e8400-e29b-41d4-a716-446655440001"", ""level_value_mnemonic"": ""kamuntu""}, {""level"": ""region"", ""level_value_id"": ""550e8400-e29b-41d4-a716-446655441001"", ""level_value_mnemonic"": ""kilima""}, {""level"": ""district"", ""level_value_id"": ""550e8400-e29b-41d4-a716-446655442003"", ""level_value_mnemonic"": ""nyani""}, {""level"": ""ward"", ""level_value_id"": ""550e8400-e29b-41d4-a716-446655883012"", ""level_value_mnemonic"": ""mbegu""}, {""level"": ""village"", ""level_value_id"": ""550e8400-e29b-41d4-a716-446655884047"", ""level_value_mnemonic"": ""bilixi""}], ""lowest_level_value_id"": ""550e8400-e29b-41d4-a716-446655884047""}",11.5564,70.6488,213,15AB+06,750 Kathleen Fort,Sector 4,000273,KM
20000000-0000-4000-8000-000000000274,IND-0274,Amy,,Mercado,Amy Mercado,Amy Mercado,FEMALE,1952-01-24,74,WIDOWED,"[{""type"": ""mobile"", ""number"": ""+10000000274"", ""is_primary"": true}]",barnettapril@example.com,9699264134,XXXXXX4134,INTERMEDIARY,en,images/IND-0274.jpg,550e8400-e29b-41d4-a716-446655884047,550e8400-e29b-41d4-a716-446655883012,550e8400-e29b-41d4-a716-446655442003,550e8400-e29b-41d4-a716-446655441001,550e8400-e29b-41d4-a716-446655440001,"{""hierarchy"": [{""level"": ""country"", ""level_value_id"": ""550e8400-e29b-41d4-a716-446655440001"", ""level_value_mnemonic"": ""kamuntu""}, {""level"": ""region"", ""level_value_id"": ""550e8400-e29b-41d4-a716-446655441001"", ""level_value_mnemonic"": ""kilima""}, {""level"": ""district"", ""level_value_id"": ""550e8400-e29b-41d4-a716-446655442003"", ""level_value_mnemonic"": ""nyani""}, {""level"": ""ward"", ""level_value_id"": ""550e8400-e29b-41d4-a716-446655883012"", ""level_value_mnemonic"": ""mbegu""}, {""level"": ""village"", ""level_value_id"": ""550e8400-e29b-41d4-a716-446655884047"", ""level_value_mnemonic"": ""bilixi""}], ""lowest_level_value_id"": ""550e8400-e29b-41d4-a716-446655884047""}",11.5997,70.5796,282,15AB+05,7005 Jane Pike Suite 498,Sector 5,000274,KM
20000000-0000-4000-8000-000000000275,IND-0275,Kelly,,Mercado,Kelly Mercado,Kelly Mercado,MALE,1956-12-12,69,MARRIED,"[{""type"": ""mobile"", ""number"": ""+10000000275"", ""is_primary"": true}]",pdiaz@example.org,3397657114,XXXXXX7114,HIGHER_EDUCATION,en,images/IND-0275.jpg,550e8400-e29b-41d4-a716-446655884047,550e8400-e29b-41d4-a716-446655883012,550e8400-e29b-41d4-a716-446655442003,550e8400-e29b-41d4-a716-446655441001,550e8400-e29b-41d4-a716-446655440001,"{""hierarchy"": [{""level"": ""country"", ""level_value_id"": ""550e8400-e29b-41d4-a716-446655440001"", ""level_value_mnemonic"": ""kamuntu""}, {""level"": ""region"", ""level_value_id"": ""550e8400-e29b-41d4-a716-446655441001"", ""level_value_mnemonic"": ""kilima""}, {""level"": ""district"", ""level_value_id"": ""550e8400-e29b-41d4-a716-446655442003"", ""level_value_mnemonic"": ""nyani""}, {""level"": ""ward"", ""level_value_id"": ""550e8400-e29b-41d4-a716-446655883012"", ""level_value_mnemonic"": ""mbegu""}, {""level"": ""village"", ""level_value_id"": ""550e8400-e29b-41d4-a716-446655884047"", ""level_value_mnemonic"": ""bilixi""}], ""lowest_level_value_id"": ""550e8400-e29b-41d4-a716-446655884047""}",11.5794,70.5971,239,15AB+05,3865 Tucker Orchard Apt. 827,Sector 6,000275,KM
20000000-0000-4000-8000-000000000276,IND-0276,Nathan,,Olson,Nathan Olson,Nathan Olson,MALE,1987-07-10,38,MARRIED,"[{""type"": ""mobile"", ""number"": ""+10000000276"", ""is_primary"": true}]",lmendoza@example.org,4820055862,XXXXXX5862,INTERMEDIARY,en,images/IND-0276.jpg,550e8400-e29b-41d4-a716-446655884094,550e8400-e29b-41d4-a716-446655883024,550e8400-e29b-41d4-a716-446655442006,550e8400-e29b-41d4-a716-446655441002,550e8400-e29b-41d4-a716-446655440001,"{""hierarchy"": [{""level"": ""country"", ""level_value_id"": ""550e8400-e29b-41d4-a716-446655440001"", ""level_value_mnemonic"": ""kamuntu""}, {""level"": ""region"", ""level_value_id"": ""550e8400-e29b-41d4-a716-446655441002"", ""level_value_mnemonic"": ""chakula""}, {""level"": ""district"", ""level_value_id"": ""550e8400-e29b-41d4-a716-446655442006"", ""level_value_mnemonic"": ""njia""}, {""level"": ""ward"", ""level_value_id"": ""550e8400-e29b-41d4-a716-446655883024"", ""level_value_mnemonic"": ""barafu""}, {""level"": ""village"", ""level_value_id"": ""550e8400-e29b-41d4-a716-446655884094"", ""level_value_mnemonic"": ""biluho""}], ""lowest_level_value_id"": ""550e8400-e29b-41d4-a716-446655884094""}",15.37,71.4067,147,53AB+14,30299 Dennis Passage Apt. 920,Sector 7,000276,KM
20000000-0000-4000-8000-000000000277,IND-0277,Christopher,,Olson,Christopher Olson,Christopher Olson,FEMALE,2016-12-08,9,MARRIED,"[{""type"": ""mobile"", ""number"": ""+10000000277"", ""is_primary"": true}]",,6766723248,XXXXXX3248,CAN_READ_AND_WRITE,en,images/IND-0277.jpg,550e8400-e29b-41d4-a716-446655884094,550e8400-e29b-41d4-a716-446655883024,550e8400-e29b-41d4-a716-446655442006,550e8400-e29b-41d4-a716-446655441002,550e8400-e29b-41d4-a716-446655440001,"{""hierarchy"": [{""level"": ""country"", ""level_value_id"": ""550e8400-e29b-41d4-a716-446655440001"", ""level_value_mnemonic"": ""kamuntu""}, {""level"": ""region"", ""level_value_id"": ""550e8400-e29b-41d4-a716-446655441002"", ""level_value_mnemonic"": ""chakula""}, {""level"": ""district"", ""level_value_id"": ""550e8400-e29b-41d4-a716-446655442006"", ""level_value_mnemonic"": ""njia""}, {""level"": ""ward"", ""level_value_id"": ""550e8400-e29b-41d4-a716-446655883024"", ""level_value_mnemonic"": ""barafu""}, {""level"": ""village"", ""level_value_id"": ""550e8400-e29b-41d4-a716-446655884094"", ""level_value_mnemonic"": ""biluho""}], ""lowest_level_value_id"": ""550e8400-e29b-41d4-a716-446655884094""}",15.4187,71.4093,167,54AB+14,904 Jay Rest Suite 723,Sector 8,000277,KM
20000000-0000-4000-8000-000000000278,IND-0278,Sandra,,Olson,Sandra Olson,Sandra Olson,FEMALE,2019-08-13,6,SINGLE,"[{""type"": ""mobile"", ""number"": ""+10000000278"", ""is_primary"": true}]",,7389111087,XXXXXX1087,ILLITERATE,en,images/IND-0278.jpg,550e8400-e29b-41d4-a716-446655884094,550e8400-e29b-41d4-a716-446655883024,550e8400-e29b-41d4-a716-446655442006,550e8400-e29b-41d4-a716-446655441002,550e8400-e29b-41d4-a716-446655440001,"{""hierarchy"": [{""level"": ""country"", ""level_value_id"": ""550e8400-e29b-41d4-a716-446655440001"", ""level_value_mnemonic"": ""kamuntu""}, {""level"": ""region"", ""level_value_id"": ""550e8400-e29b-41d4-a716-446655441002"", ""level_value_mnemonic"": ""chakula""}, {""level"": ""district"", ""level_value_id"": ""550e8400-e29b-41d4-a716-446655442006"", ""level_value_mnemonic"": ""njia""}, {""level"": ""ward"", ""level_value_id"": ""550e8400-e29b-41d4-a716-446655883024"", ""level_value_mnemonic"": ""barafu""}, {""level"": ""village"", ""level_value_id"": ""550e8400-e29b-41d4-a716-446655884094"", ""level_value_mnemonic"": ""biluho""}], ""lowest_level_value_id"": ""550e8400-e29b-41d4-a716-446655884094""}",15.3831,71.3377,212,53AB+13,842 Nielsen Ranch,Sector 9,000278,KM
20000000-0000-4000-8000-000000000279,IND-0279,Kevin,,Olson,Kevin Olson,Kevin Olson,MALE,2006-07-19,19,MARRIED,"[{""type"": ""mobile"", ""number"": ""+10000000279"", ""is_primary"": true}]",,5975440949,XXXXXX0949,INTERMEDIARY,en,images/IND-0279.jpg,550e8400-e29b-41d4-a716-446655884094,550e8400-e29b-41d4-a716-446655883024,550e8400-e29b-41d4-a716-446655442006,550e8400-e29b-41d4-a716-446655441002,550e8400-e29b-41d4-a716-446655440001,"{""hierarchy"": [{""level"": ""country"", ""level_value_id"": ""550e8400-e29b-41d4-a716-446655440001"", ""level_value_mnemonic"": ""kamuntu""}, {""level"": ""region"", ""level_value_id"": ""550e8400-e29b-41d4-a716-446655441002"", ""level_value_mnemonic"": ""chakula""}, {""level"": ""district"", ""level_value_id"": ""550e8400-e29b-41d4-a716-446655442006"", ""level_value_mnemonic"": ""njia""}, {""level"": ""ward"", ""level_value_id"": ""550e8400-e29b-41d4-a716-446655883024"", ""level_value_mnemonic"": ""barafu""}, {""level"": ""village"", ""level_value_id"": ""550e8400-e29b-41d4-a716-446655884094"", ""level_value_mnemonic"": ""biluho""}], ""lowest_level_value_id"": ""550e8400-e29b-41d4-a716-446655884094""}",15.3985,71.398,83,53AB+13,10388 Serrano Rest Apt. 279,Sector 1,000279,KM
20000000-0000-4000-8000-000000000280,IND-0280,Linda,,Olson,Linda Olson,Linda Olson,FEMALE,2001-05-03,25,SINGLE,"[{""type"": ""mobile"", ""number"": ""+10000000280"", ""is_primary"": true}]",davisdonna@example.net,1818520766,XXXXXX0766,BASIC,en,images/IND-0280.jpg,550e8400-e29b-41d4-a716-446655884094,550e8400-e29b-41d4-a716-446655883024,550e8400-e29b-41d4-a716-446655442006,550e8400-e29b-41d4-a716-446655441002,550e8400-e29b-41d4-a716-446655440001,"{""hierarchy"": [{""level"": ""country"", ""level_value_id"": ""550e8400-e29b-41d4-a716-446655440001"", ""level_value_mnemonic"": ""kamuntu""}, {""level"": ""region"", ""level_value_id"": ""550e8400-e29b-41d4-a716-446655441002"", ""level_value_mnemonic"": ""chakula""}, {""level"": ""district"", ""level_value_id"": ""550e8400-e29b-41d4-a716-446655442006"", ""level_value_mnemonic"": ""njia""}, {""level"": ""ward"", ""level_value_id"": ""550e8400-e29b-41d4-a716-446655883024"", ""level_value_mnemonic"": ""barafu""}, {""level"": ""village"", ""level_value_id"": ""550e8400-e29b-41d4-a716-446655884094"", ""level_value_mnemonic"": ""biluho""}], ""lowest_level_value_id"": ""550e8400-e29b-41d4-a716-446655884094""}",15.3877,71.3827,113,53AB+13,686 Golden Square,Sector 2,000280,KM
20000000-0000-4000-8000-000000000281,IND-0281,Joseph,,Perez,Joseph Perez,Joseph Perez,MALE,1997-09-11,28,MARRIED,"[{""type"": ""mobile"", ""number"": ""+10000000281"", ""is_primary"": true}]",yclarke@example.com,5491326131,XXXXXX6131,BASIC,en,images/IND-0281.jpg,550e8400-e29b-41d4-a716-446655884160,550e8400-e29b-41d4-a716-446655883040,550e8400-e29b-41d4-a716-446655442010,550e8400-e29b-41d4-a716-446655441003,550e8400-e29b-41d4-a716-446655440001,"{""hierarchy"": [{""level"": ""country"", ""level_value_id"": ""550e8400-e29b-41d4-a716-446655440001"", ""level_value_mnemonic"": ""kamuntu""}, {""level"": ""region"", ""level_value_id"": ""550e8400-e29b-41d4-a716-446655441003"", ""level_value_mnemonic"": ""jasiri""}, {""level"": ""district"", ""level_value_id"": ""550e8400-e29b-41d4-a716-446655442010"", ""level_value_mnemonic"": ""ndoto""}, {""level"": ""ward"", ""level_value_id"": ""550e8400-e29b-41d4-a716-446655883040"", ""level_value_mnemonic"": ""tupa""}, {""level"": ""village"", ""level_value_id"": ""550e8400-e29b-41d4-a716-446655884160"", ""level_value_mnemonic"": ""bimafa""}], ""lowest_level_value_id"": ""550e8400-e29b-41d4-a716-446655884160""}",11.0948,66.0456,183,10AB+60,2473 Justin Wells,Sector 3,000281,KM
20000000-0000-4000-8000-000000000282,IND-0282,Kimberly,,Perez,Kimberly Perez,Kimberly Perez,FEMALE,1950-02-03,76,MARRIED,"[{""type"": ""mobile"", ""number"": ""+10000000282"", ""is_primary"": true}]",fletcherkristine@example.net,4221721910,XXXXXX1910,CAN_READ_AND_WRITE,en,images/IND-0282.jpg,550e8400-e29b-41d4-a716-446655884160,550e8400-e29b-41d4-a716-446655883040,550e8400-e29b-41d4-a716-446655442010,550e8400-e29b-41d4-a716-446655441003,550e8400-e29b-41d4-a716-446655440001,"{""hierarchy"": [{""level"": ""country"", ""level_value_id"": ""550e8400-e29b-41d4-a716-446655440001"", ""level_value_mnemonic"": ""kamuntu""}, {""level"": ""region"", ""level_value_id"": ""550e8400-e29b-41d4-a716-446655441003"", ""level_value_mnemonic"": ""jasiri""}, {""level"": ""district"", ""level_value_id"": ""550e8400-e29b-41d4-a716-446655442010"", ""level_value_mnemonic"": ""ndoto""}, {""level"": ""ward"", ""level_value_id"": ""550e8400-e29b-41d4-a716-446655883040"", ""level_value_mnemonic"": ""tupa""}, {""level"": ""village"", ""level_value_id"": ""550e8400-e29b-41d4-a716-446655884160"", ""level_value_mnemonic"": ""bimafa""}], ""lowest_level_value_id"": ""550e8400-e29b-41d4-a716-446655884160""}",11.0165,66.0907,257,10AB+60,063 Ortiz Coves,Sector 4,000282,KM
20000000-0000-4000-8000-000000000283,IND-0283,Christopher,,Perez,Christopher Perez,Christopher Perez,MALE,2020-12-08,5,SINGLE,"[{""type"": ""mobile"", ""number"": ""+10000000283"", ""is_primary"": true}]",,1725783958,XXXXXX3958,,en,images/IND-0283.jpg,550e8400-e29b-41d4-a716-446655884160,550e8400-e29b-41d4-a716-446655883040,550e8400-e29b-41d4-a716-446655442010,550e8400-e29b-41d4-a716-446655441003,550e8400-e29b-41d4-a716-446655440001,"{""hierarchy"": [{""level"": ""country"", ""level_value_id"": ""550e8400-e29b-41d4-a716-446655440001"", ""level_value_mnemonic"": ""kamuntu""}, {""level"": ""region"", ""level_value_id"": ""550e8400-e29b-41d4-a716-446655441003"", ""level_value_mnemonic"": ""jasiri""}, {""level"": ""district"", ""level_value_id"": ""550e8400-e29b-41d4-a716-446655442010"", ""level_value_mnemonic"": ""ndoto""}, {""level"": ""ward"", ""level_value_id"": ""550e8400-e29b-41d4-a716-446655883040"", ""level_value_mnemonic"": ""tupa""}, {""level"": ""village"", ""level_value_id"": ""550e8400-e29b-41d4-a716-446655884160"", ""level_value_mnemonic"": ""bimafa""}], ""lowest_level_value_id"": ""550e8400-e29b-41d4-a716-446655884160""}",11.0367,66.0651,59,10AB+60,8695 Braun Locks Apt. 688,Sector 5,000283,KM
20000000-0000-4000-8000-000000000284,IND-0284,Karen,,Perez,Karen Perez,Karen Perez,FEMALE,2002-06-10,23,MARRIED,"[{""type"": ""mobile"", ""number"": ""+10000000284"", ""is_primary"": true}]",,9795922823,XXXXXX2823,INTERMEDIARY,en,images/IND-0284.jpg,550e8400-e29b-41d4-a716-446655884160,550e8400-e29b-41d4-a716-446655883040,550e8400-e29b-41d4-a716-446655442010,550e8400-e29b-41d4-a716-446655441003,550e8400-e29b-41d4-a716-446655440001,"{""hierarchy"": [{""level"": ""country"", ""level_value_id"": ""550e8400-e29b-41d4-a716-446655440001"", ""level_value_mnemonic"": ""kamuntu""}, {""level"": ""region"", ""level_value_id"": ""550e8400-e29b-41d4-a716-446655441003"", ""level_value_mnemonic"": ""jasiri""}, {""level"": ""district"", ""level_value_id"": ""550e8400-e29b-41d4-a716-446655442010"", ""level_value_mnemonic"": ""ndoto""}, {""level"": ""ward"", ""level_value_id"": ""550e8400-e29b-41d4-a716-446655883040"", ""level_value_mnemonic"": ""tupa""}, {""level"": ""village"", ""level_value_id"": ""550e8400-e29b-41d4-a716-446655884160"", ""level_value_mnemonic"": ""bimafa""}], ""lowest_level_value_id"": ""550e8400-e29b-41d4-a716-446655884160""}",11.0108,66.0836,62,10AB+60,4956 Melissa Shoals Apt. 372,Sector 6,000284,KM
20000000-0000-4000-8000-000000000285,IND-0285,Brett,,Romero,Brett Romero,Brett Romero,MALE,1998-01-03,28,MARRIED,"[{""type"": ""mobile"", ""number"": ""+10000000285"", ""is_primary"": true}]",lauren90@example.org,5334930042,XXXXXX0042,HIGHER_EDUCATION,en,images/IND-0285.jpg,550e8400-e29b-41d4-a716-446655884228,550e8400-e29b-41d4-a716-446655883057,550e8400-e29b-41d4-a716-446655442015,550e8400-e29b-41d4-a716-446655441004,550e8400-e29b-41d4-a716-446655440001,"{""hierarchy"": [{""level"": ""country"", ""level_value_id"": ""550e8400-e29b-41d4-a716-446655440001"", ""level_value_mnemonic"": ""kamuntu""}, {""level"": ""region"", ""level_value_id"": ""550e8400-e29b-41d4-a716-446655441004"", ""level_value_mnemonic"": ""faraja""}, {""level"": ""district"", ""level_value_id"": ""550e8400-e29b-41d4-a716-446655442015"", ""level_value_mnemonic"": ""zawadi""}, {""level"": ""ward"", ""level_value_id"": ""550e8400-e29b-41d4-a716-446655883057"", ""level_value_mnemonic"": ""kupiga""}, {""level"": ""village"", ""level_value_id"": ""550e8400-e29b-41d4-a716-446655884228"", ""level_value_mnemonic"": ""biliki""}], ""lowest_level_value_id"": ""550e8400-e29b-41d4-a716-446655884228""}",17.1721,70.1401,183,71AB+01,012 Frost Mews Apt. 143,Sector 7,000285,KM
20000000-0000-4000-8000-000000000286,IND-0286,Jacob,,Romero,Jacob Romero,Jacob Romero,FEMALE,1968-12-25,57,MARRIED,"[{""type"": ""mobile"", ""number"": ""+10000000286"", ""is_primary"": true}]",,5800633419,XXXXXX3419,BASIC,en,images/IND-0286.jpg,550e8400-e29b-41d4-a716-446655884228,550e8400-e29b-41d4-a716-446655883057,550e8400-e29b-41d4-a716-446655442015,550e8400-e29b-41d4-a716-446655441004,550e8400-e29b-41d4-a716-446655440001,"{""hierarchy"": [{""level"": ""country"", ""level_value_id"": ""550e8400-e29b-41d4-a716-446655440001"", ""level_value_mnemonic"": ""kamuntu""}, {""level"": ""region"", ""level_value_id"": ""550e8400-e29b-41d4-a716-446655441004"", ""level_value_mnemonic"": ""faraja""}, {""level"": ""district"", ""level_value_id"": ""550e8400-e29b-41d4-a716-446655442015"", ""level_value_mnemonic"": ""zawadi""}, {""level"": ""ward"", ""level_value_id"": ""550e8400-e29b-41d4-a716-446655883057"", ""level_value_mnemonic"": ""kupiga""}, {""level"": ""village"", ""level_value_id"": ""550e8400-e29b-41d4-a716-446655884228"", ""level_value_mnemonic"": ""biliki""}], ""lowest_level_value_id"": ""550e8400-e29b-41d4-a716-446655884228""}",17.1414,70.1406,100,71AB+01,9849 Sonya Viaduct Apt. 770,Sector 8,000286,KM
20000000-0000-4000-8000-000000000287,IND-0287,Dakota,,Romero,Dakota Romero,Dakota Romero,MALE,1997-11-05,28,SINGLE,"[{""type"": ""mobile"", ""number"": ""+10000000287"", ""is_primary"": true}]",james98@example.net,9302705838,XXXXXX5838,ILLITERATE,en,images/IND-0287.jpg,550e8400-e29b-41d4-a716-446655884228,550e8400-e29b-41d4-a716-446655883057,550e8400-e29b-41d4-a716-446655442015,550e8400-e29b-41d4-a716-446655441004,550e8400-e29b-41d4-a716-446655440001,"{""hierarchy"": [{""level"": ""country"", ""level_value_id"": ""550e8400-e29b-41d4-a716-446655440001"", ""level_value_mnemonic"": ""kamuntu""}, {""level"": ""region"", ""level_value_id"": ""550e8400-e29b-41d4-a716-446655441004"", ""level_value_mnemonic"": ""faraja""}, {""level"": ""district"", ""level_value_id"": ""550e8400-e29b-41d4-a716-446655442015"", ""level_value_mnemonic"": ""zawadi""}, {""level"": ""ward"", ""level_value_id"": ""550e8400-e29b-41d4-a716-446655883057"", ""level_value_mnemonic"": ""kupiga""}, {""level"": ""village"", ""level_value_id"": ""550e8400-e29b-41d4-a716-446655884228"", ""level_value_mnemonic"": ""biliki""}], ""lowest_level_value_id"": ""550e8400-e29b-41d4-a716-446655884228""}",17.1631,70.1303,221,71AB+01,205 Diana Estate,Sector 9,000287,KM
20000000-0000-4000-8000-000000000288,IND-0288,Angie,Reginald,Romero,Angie Reginald Romero,Angie Reginald Romero,FEMALE,2009-12-14,16,SINGLE,"[{""type"": ""mobile"", ""number"": ""+10000000288"", ""is_primary"": true}]",,9912264204,XXXXXX4204,CAN_READ_AND_WRITE,en,images/IND-0288.jpg,550e8400-e29b-41d4-a716-446655884228,550e8400-e29b-41d4-a716-446655883057,550e8400-e29b-41d4-a716-446655442015,550e8400-e29b-41d4-a716-446655441004,550e8400-e29b-41d4-a716-446655440001,"{""hierarchy"": [{""level"": ""country"", ""level_value_id"": ""550e8400-e29b-41d4-a716-446655440001"", ""level_value_mnemonic"": ""kamuntu""}, {""level"": ""region"", ""level_value_id"": ""550e8400-e29b-41d4-a716-446655441004"", ""level_value_mnemonic"": ""faraja""}, {""level"": ""district"", ""level_value_id"": ""550e8400-e29b-41d4-a716-446655442015"", ""level_value_mnemonic"": ""zawadi""}, {""level"": ""ward"", ""level_value_id"": ""550e8400-e29b-41d4-a716-446655883057"", ""level_value_mnemonic"": ""kupiga""}, {""level"": ""village"", ""level_value_id"": ""550e8400-e29b-41d4-a716-446655884228"", ""level_value_mnemonic"": ""biliki""}], ""lowest_level_value_id"": ""550e8400-e29b-41d4-a716-446655884228""}",17.2024,70.2205,214,72AB+02,9380 Samantha Plaza Suite 895,Sector 1,000288,KM
20000000-0000-4000-8000-000000000289,IND-0289,Hannah,,Romero,Hannah Romero,Hannah Romero,FEMALE,2003-03-26,23,SINGLE,"[{""type"": ""mobile"", ""number"": ""+10000000289"", ""is_primary"": true}]",,4492574713,XXXXXX4713,BASIC,en,images/IND-0289.jpg,550e8400-e29b-41d4-a716-446655884228,550e8400-e29b-41d4-a716-446655883057,550e8400-e29b-41d4-a716-446655442015,550e8400-e29b-41d4-a716-446655441004,550e8400-e29b-41d4-a716-446655440001,"{""hierarchy"": [{""level"": ""country"", ""level_value_id"": ""550e8400-e29b-41d4-a716-446655440001"", ""level_value_mnemonic"": ""kamuntu""}, {""level"": ""region"", ""level_value_id"": ""550e8400-e29b-41d4-a716-446655441004"", ""level_value_mnemonic"": ""faraja""}, {""level"": ""district"", ""level_value_id"": ""550e8400-e29b-41d4-a716-446655442015"", ""level_value_mnemonic"": ""zawadi""}, {""level"": ""ward"", ""level_value_id"": ""550e8400-e29b-41d4-a716-446655883057"", ""level_value_mnemonic"": ""kupiga""}, {""level"": ""village"", ""level_value_id"": ""550e8400-e29b-41d4-a716-446655884228"", ""level_value_mnemonic"": ""biliki""}], ""lowest_level_value_id"": ""550e8400-e29b-41d4-a716-446655884228""}",17.2174,70.2152,142,72AB+02,376 Jose Lodge,Sector 2,000289,KM
20000000-0000-4000-8000-000000000290,IND-0290,Katie,,Romero,Katie Romero,Katie Romero,FEMALE,2020-05-26,6,SINGLE,"[{""type"": ""mobile"", ""number"": ""+10000000290"", ""is_primary"": true}]",,3779696951,XXXXXX6951,HIGHER_EDUCATION,en,images/IND-0290.jpg,550e8400-e29b-41d4-a716-446655884228,550e8400-e29b-41d4-a716-446655883057,550e8400-e29b-41d4-a716-446655442015,550e8400-e29b-41d4-a716-446655441004,550e8400-e29b-41d4-a716-446655440001,"{""hierarchy"": [{""level"": ""country"", ""level_value_id"": ""550e8400-e29b-41d4-a716-446655440001"", ""level_value_mnemonic"": ""kamuntu""}, {""level"": ""region"", ""level_value_id"": ""550e8400-e29b-41d4-a716-446655441004"", ""level_value_mnemonic"": ""faraja""}, {""level"": ""district"", ""level_value_id"": ""550e8400-e29b-41d4-a716-446655442015"", ""level_value_mnemonic"": ""zawadi""}, {""level"": ""ward"", ""level_value_id"": ""550e8400-e29b-41d4-a716-446655883057"", ""level_value_mnemonic"": ""kupiga""}, {""level"": ""village"", ""level_value_id"": ""550e8400-e29b-41d4-a716-446655884228"", ""level_value_mnemonic"": ""biliki""}], ""lowest_level_value_id"": ""550e8400-e29b-41d4-a716-446655884228""}",17.1629,70.2195,294,71AB+02,1848 Benson Lane Suite 357,Sector 3,000290,KM
20000000-0000-4000-8000-000000000291,IND-0291,Robert,Michael,Gutierrez,Robert Michael Gutierrez,Robert Michael Gutierrez,MALE,2000-02-16,26,MARRIED,"[{""type"": ""mobile"", ""number"": ""+10000000291"", ""is_primary"": true}]",,4626454979,XXXXXX4979,INTERMEDIARY,en,images/IND-0291.jpg,550e8400-e29b-41d4-a716-446655884138,550e8400-e29b-41d4-a716-446655883035,550e8400-e29b-41d4-a716-446655442009,550e8400-e29b-41d4-a716-446655441003,550e8400-e29b-41d4-a716-446655440001,"{""hierarchy"": [{""level"": ""country"", ""level_value_id"": ""550e8400-e29b-41d4-a716-446655440001"", ""level_value_mnemonic"": ""kamuntu""}, {""level"": ""region"", ""level_value_id"": ""550e8400-e29b-41d4-a716-446655441003"", ""level_value_mnemonic"": ""jasiri""}, {""level"": ""district"", ""level_value_id"": ""550e8400-e29b-41d4-a716-446655442009"", ""level_value_mnemonic"": ""simba""}, {""level"": ""ward"", ""level_value_id"": ""550e8400-e29b-41d4-a716-446655883035"", ""level_value_mnemonic"": ""hatua""}, {""level"": ""village"", ""level_value_id"": ""550e8400-e29b-41d4-a716-446655884138"", ""level_value_mnemonic"": ""biluvo""}], ""lowest_level_value_id"": ""550e8400-e29b-41d4-a716-446655884138""}",10.3804,66.4611,173,03AB+64,434 Raymond Summit,Sector 4,000291,KM
20000000-0000-4000-8000-000000000292,IND-0292,Roberto,,Gutierrez,Roberto Gutierrez,Roberto Gutierrez,FEMALE,1966-09-29,59,MARRIED,"[{""type"": ""mobile"", ""number"": ""+10000000292"", ""is_primary"": true}]",thomasgomez@example.net,5856127658,XXXXXX7658,ILLITERATE,en,images/IND-0292.jpg,550e8400-e29b-41d4-a716-446655884138,550e8400-e29b-41d4-a716-446655883035,550e8400-e29b-41d4-a716-446655442009,550e8400-e29b-41d4-a716-446655441003,550e8400-e29b-41d4-a716-446655440001,"{""hierarchy"": [{""level"": ""country"", ""level_value_id"": ""550e8400-e29b-41d4-a716-446655440001"", ""level_value_mnemonic"": ""kamuntu""}, {""level"": ""region"", ""level_value_id"": ""550e8400-e29b-41d4-a716-446655441003"", ""level_value_mnemonic"": ""jasiri""}, {""level"": ""district"", ""level_value_id"": ""550e8400-e29b-41d4-a716-446655442009"", ""level_value_mnemonic"": ""simba""}, {""level"": ""ward"", ""level_value_id"": ""550e8400-e29b-41d4-a716-446655883035"", ""level_value_mnemonic"": ""hatua""}, {""level"": ""village"", ""level_value_id"": ""550e8400-e29b-41d4-a716-446655884138"", ""level_value_mnemonic"": ""biluvo""}], ""lowest_level_value_id"": ""550e8400-e29b-41d4-a716-446655884138""}",10.462,66.3813,155,04AB+63,37333 Clark Flats Apt. 952,Sector 5,000292,KM
20000000-0000-4000-8000-000000000293,IND-0293,Peggy,,Gutierrez,Peggy Gutierrez,Peggy Gutierrez,FEMALE,2022-08-16,3,SINGLE,"[{""type"": ""mobile"", ""number"": ""+10000000293"", ""is_primary"": true}]",,9045090355,XXXXXX0355,,en,images/IND-0293.jpg,550e8400-e29b-41d4-a716-446655884138,550e8400-e29b-41d4-a716-446655883035,550e8400-e29b-41d4-a716-446655442009,550e8400-e29b-41d4-a716-446655441003,550e8400-e29b-41d4-a716-446655440001,"{""hierarchy"": [{""level"": ""country"", ""level_value_id"": ""550e8400-e29b-41d4-a716-446655440001"", ""level_value_mnemonic"": ""kamuntu""}, {""level"": ""region"", ""level_value_id"": ""550e8400-e29b-41d4-a716-446655441003"", ""level_value_mnemonic"": ""jasiri""}, {""level"": ""district"", ""level_value_id"": ""550e8400-e29b-41d4-a716-446655442009"", ""level_value_mnemonic"": ""simba""}, {""level"": ""ward"", ""level_value_id"": ""550e8400-e29b-41d4-a716-446655883035"", ""level_value_mnemonic"": ""hatua""}, {""level"": ""village"", ""level_value_id"": ""550e8400-e29b-41d4-a716-446655884138"", ""level_value_mnemonic"": ""biluvo""}], ""lowest_level_value_id"": ""550e8400-e29b-41d4-a716-446655884138""}",10.4219,66.4388,208,04AB+64,790 Melanie Landing,Sector 6,000293,KM
20000000-0000-4000-8000-000000000294,IND-0294,Marc,,Vasquez,Marc Vasquez,Marc Vasquez,MALE,1987-01-21,39,MARRIED,"[{""type"": ""mobile"", ""number"": ""+10000000294"", ""is_primary"": true}]",travis84@example.com,1234359689,XXXXXX9689,INTERMEDIARY,en,images/IND-0294.jpg,550e8400-e29b-41d4-a716-446655884049,550e8400-e29b-41d4-a716-446655883013,550e8400-e29b-41d4-a716-446655442004,550e8400-e29b-41d4-a716-446655441001,550e8400-e29b-41d4-a716-446655440001,"{""hierarchy"": [{""level"": ""country"", ""level_value_id"": ""550e8400-e29b-41d4-a716-446655440001"", ""level_value_mnemonic"": ""kamuntu""}, {""level"": ""region"", ""level_value_id"": ""550e8400-e29b-41d4-a716-446655441001"", ""level_value_mnemonic"": ""kilima""}, {""level"": ""district"", ""level_value_id"": ""550e8400-e29b-41d4-a716-446655442004"", ""level_value_mnemonic"": ""karamu""}, {""level"": ""ward"", ""level_value_id"": ""550e8400-e29b-41d4-a716-446655883013"", ""level_value_mnemonic"": ""damu""}, {""level"": ""village"", ""level_value_id"": ""550e8400-e29b-41d4-a716-446655884049"", ""level_value_mnemonic"": ""biliza""}], ""lowest_level_value_id"": ""550e8400-e29b-41d4-a716-446655884049""}",18.7543,68.7057,267,87AB+87,208 Mendoza Plains,Sector 7,000294,KM
20000000-0000-4000-8000-000000000295,IND-0295,Andrew,Michelle,Vasquez,Andrew Michelle Vasquez,Andrew Michelle Vasquez,FEMALE,1996-01-15,30,MARRIED,"[{""type"": ""mobile"", ""number"": ""+10000000295"", ""is_primary"": true}]",stephenmartinez@example.net,2194675791,XXXXXX5791,CAN_READ_AND_WRITE,en,images/IND-0295.jpg,550e8400-e29b-41d4-a716-446655884049,550e8400-e29b-41d4-a716-446655883013,550e8400-e29b-41d4-a716-446655442004,550e8400-e29b-41d4-a716-446655441001,550e8400-e29b-41d4-a716-446655440001,"{""hierarchy"": [{""level"": ""country"", ""level_value_id"": ""550e8400-e29b-41d4-a716-446655440001"", ""level_value_mnemonic"": ""kamuntu""}, {""level"": ""region"", ""level_value_id"": ""550e8400-e29b-41d4-a716-446655441001"", ""level_value_mnemonic"": ""kilima""}, {""level"": ""district"", ""level_value_id"": ""550e8400-e29b-41d4-a716-446655442004"", ""level_value_mnemonic"": ""karamu""}, {""level"": ""ward"", ""level_value_id"": ""550e8400-e29b-41d4-a716-446655883013"", ""level_value_mnemonic"": ""damu""}, {""level"": ""village"", ""level_value_id"": ""550e8400-e29b-41d4-a716-446655884049"", ""level_value_mnemonic"": ""biliza""}], ""lowest_level_value_id"": ""550e8400-e29b-41d4-a716-446655884049""}",18.7407,68.745,146,87AB+87,0036 Mark Ridge Suite 284,Sector 8,000295,KM
20000000-0000-4000-8000-000000000296,IND-0296,David,,Vasquez,David Vasquez,David Vasquez,MALE,1970-05-29,56,SINGLE,"[{""type"": ""mobile"", ""number"": ""+10000000296"", ""is_primary"": true}]",,7435820151,XXXXXX0151,ILLITERATE,en,images/IND-0296.jpg,550e8400-e29b-41d4-a716-446655884049,550e8400-e29b-41d4-a716-446655883013,550e8400-e29b-41d4-a716-446655442004,550e8400-e29b-41d4-a716-446655441001,550e8400-e29b-41d4-a716-446655440001,"{""hierarchy"": [{""level"": ""country"", ""level_value_id"": ""550e8400-e29b-41d4-a716-446655440001"", ""level_value_mnemonic"": ""kamuntu""}, {""level"": ""region"", ""level_value_id"": ""550e8400-e29b-41d4-a716-446655441001"", ""level_value_mnemonic"": ""kilima""}, {""level"": ""district"", ""level_value_id"": ""550e8400-e29b-41d4-a716-446655442004"", ""level_value_mnemonic"": ""karamu""}, {""level"": ""ward"", ""level_value_id"": ""550e8400-e29b-41d4-a716-446655883013"", ""level_value_mnemonic"": ""damu""}, {""level"": ""village"", ""level_value_id"": ""550e8400-e29b-41d4-a716-446655884049"", ""level_value_mnemonic"": ""biliza""}], ""lowest_level_value_id"": ""550e8400-e29b-41d4-a716-446655884049""}",18.7216,68.7881,240,87AB+87,2763 Haynes Landing Suite 647,Sector 9,000296,KM
20000000-0000-4000-8000-000000000297,IND-0297,Catherine,,Vasquez,Catherine Vasquez,Catherine Vasquez,FEMALE,2001-06-09,24,WIDOWED,"[{""type"": ""mobile"", ""number"": ""+10000000297"", ""is_primary"": true}]",,8033172680,XXXXXX2680,BASIC,en,images/IND-0297.jpg,550e8400-e29b-41d4-a716-446655884049,550e8400-e29b-41d4-a716-446655883013,550e8400-e29b-41d4-a716-446655442004,550e8400-e29b-41d4-a716-446655441001,550e8400-e29b-41d4-a716-446655440001,"{""hierarchy"": [{""level"": ""country"", ""level_value_id"": ""550e8400-e29b-41d4-a716-446655440001"", ""level_value_mnemonic"": ""kamuntu""}, {""level"": ""region"", ""level_value_id"": ""550e8400-e29b-41d4-a716-446655441001"", ""level_value_mnemonic"": ""kilima""}, {""level"": ""district"", ""level_value_id"": ""550e8400-e29b-41d4-a716-446655442004"", ""level_value_mnemonic"": ""karamu""}, {""level"": ""ward"", ""level_value_id"": ""550e8400-e29b-41d4-a716-446655883013"", ""level_value_mnemonic"": ""damu""}, {""level"": ""village"", ""level_value_id"": ""550e8400-e29b-41d4-a716-446655884049"", ""level_value_mnemonic"": ""biliza""}], ""lowest_level_value_id"": ""550e8400-e29b-41d4-a716-446655884049""}",18.779,68.7462,217,87AB+87,43866 Dustin Streets,Sector 1,000297,KM
20000000-0000-4000-8000-000000000298,IND-0298,Brittany,,Vasquez,Brittany Vasquez,Brittany Vasquez,FEMALE,1970-04-07,56,MARRIED,"[{""type"": ""mobile"", ""number"": ""+10000000298"", ""is_primary"": true}]",roberttaylor@example.net,7871737874,XXXXXX7874,CAN_READ_AND_WRITE,en,images/IND-0298.jpg,550e8400-e29b-41d4-a716-446655884049,550e8400-e29b-41d4-a716-446655883013,550e8400-e29b-41d4-a716-446655442004,550e8400-e29b-41d4-a716-446655441001,550e8400-e29b-41d4-a716-446655440001,"{""hierarchy"": [{""level"": ""country"", ""level_value_id"": ""550e8400-e29b-41d4-a716-446655440001"", ""level_value_mnemonic"": ""kamuntu""}, {""level"": ""region"", ""level_value_id"": ""550e8400-e29b-41d4-a716-446655441001"", ""level_value_mnemonic"": ""kilima""}, {""level"": ""district"", ""level_value_id"": ""550e8400-e29b-41d4-a716-446655442004"", ""level_value_mnemonic"": ""karamu""}, {""level"": ""ward"", ""level_value_id"": ""550e8400-e29b-41d4-a716-446655883013"", ""level_value_mnemonic"": ""damu""}, {""level"": ""village"", ""level_value_id"": ""550e8400-e29b-41d4-a716-446655884049"", ""level_value_mnemonic"": ""biliza""}], ""lowest_level_value_id"": ""550e8400-e29b-41d4-a716-446655884049""}",18.7617,68.7263,165,87AB+87,4489 Raymond Spurs Apt. 034,Sector 2,000298,KM
20000000-0000-4000-8000-000000000299,IND-0299,John,,Vasquez,John Vasquez,John Vasquez,MALE,1973-11-28,52,MARRIED,"[{""type"": ""mobile"", ""number"": ""+10000000299"", ""is_primary"": true}]",,1456650521,XXXXXX0521,INTERMEDIARY,en,images/IND-0299.jpg,550e8400-e29b-41d4-a716-446655884049,550e8400-e29b-41d4-a716-446655883013,550e8400-e29b-41d4-a716-446655442004,550e8400-e29b-41d4-a716-446655441001,550e8400-e29b-41d4-a716-446655440001,"{""hierarchy"": [{""level"": ""country"", ""level_value_id"": ""550e8400-e29b-41d4-a716-446655440001"", ""level_value_mnemonic"": ""kamuntu""}, {""level"": ""region"", ""level_value_id"": ""550e8400-e29b-41d4-a716-446655441001"", ""level_value_mnemonic"": ""kilima""}, {""level"": ""district"", ""level_value_id"": ""550e8400-e29b-41d4-a716-446655442004"", ""level_value_mnemonic"": ""karamu""}, {""level"": ""ward"", ""level_value_id"": ""550e8400-e29b-41d4-a716-446655883013"", ""level_value_mnemonic"": ""damu""}, {""level"": ""village"", ""level_value_id"": ""550e8400-e29b-41d4-a716-446655884049"", ""level_value_mnemonic"": ""biliza""}], ""lowest_level_value_id"": ""550e8400-e29b-41d4-a716-446655884049""}",18.7797,68.7392,260,87AB+87,545 Castro Valleys Suite 506,Sector 3,000299,KM
20000000-0000-4000-8000-000000000300,IND-0300,Bryan,Sylvia,Dillon,Bryan Sylvia Dillon,Bryan Sylvia Dillon,MALE,1947-11-04,78,MARRIED,"[{""type"": ""mobile"", ""number"": ""+10000000300"", ""is_primary"": true}]",,2451413560,XXXXXX3560,HIGHER_EDUCATION,en,images/IND-0300.jpg,550e8400-e29b-41d4-a716-446655884055,550e8400-e29b-41d4-a716-446655883014,550e8400-e29b-41d4-a716-446655442004,550e8400-e29b-41d4-a716-446655441001,550e8400-e29b-41d4-a716-446655440001,"{""hierarchy"": [{""level"": ""country"", ""level_value_id"": ""550e8400-e29b-41d4-a716-446655440001"", ""level_value_mnemonic"": ""kamuntu""}, {""level"": ""region"", ""level_value_id"": ""550e8400-e29b-41d4-a716-446655441001"", ""level_value_mnemonic"": ""kilima""}, {""level"": ""district"", ""level_value_id"": ""550e8400-e29b-41d4-a716-446655442004"", ""level_value_mnemonic"": ""karamu""}, {""level"": ""ward"", ""level_value_id"": ""550e8400-e29b-41d4-a716-446655883014"", ""level_value_mnemonic"": ""kobe""}, {""level"": ""village"", ""level_value_id"": ""550e8400-e29b-41d4-a716-446655884055"", ""level_value_mnemonic"": ""billi""}], ""lowest_level_value_id"": ""550e8400-e29b-41d4-a716-446655884055""}",11.7157,71.6447,212,17AB+16,982 Kelly Spring,Sector 4,000300,KM
20000000-0000-4000-8000-000000000301,IND-0301,Jordan,,Dillon,Jordan Dillon,Jordan Dillon,FEMALE,1986-09-03,39,MARRIED,"[{""type"": ""mobile"", ""number"": ""+10000000301"", ""is_primary"": true}]",ypreston@example.net,3165512104,XXXXXX2104,INTERMEDIARY,en,images/IND-0301.jpg,550e8400-e29b-41d4-a716-446655884055,550e8400-e29b-41d4-a716-446655883014,550e8400-e29b-41d4-a716-446655442004,550e8400-e29b-41d4-a716-446655441001,550e8400-e29b-41d4-a716-446655440001,"{""hierarchy"": [{""level"": ""country"", ""level_value_id"": ""550e8400-e29b-41d4-a716-446655440001"", ""level_value_mnemonic"": ""kamuntu""}, {""level"": ""region"", ""level_value_id"": ""550e8400-e29b-41d4-a716-446655441001"", ""level_value_mnemonic"": ""kilima""}, {""level"": ""district"", ""level_value_id"": ""550e8400-e29b-41d4-a716-446655442004"", ""level_value_mnemonic"": ""karamu""}, {""level"": ""ward"", ""level_value_id"": ""550e8400-e29b-41d4-a716-446655883014"", ""level_value_mnemonic"": ""kobe""}, {""level"": ""village"", ""level_value_id"": ""550e8400-e29b-41d4-a716-446655884055"", ""level_value_mnemonic"": ""billi""}], ""lowest_level_value_id"": ""550e8400-e29b-41d4-a716-446655884055""}",11.7364,71.6404,238,17AB+16,2256 Sweeney Cliffs Apt. 253,Sector 5,000301,KM
20000000-0000-4000-8000-000000000302,IND-0302,Emily,,Dillon,Emily Dillon,Emily Dillon,FEMALE,1976-06-25,49,MARRIED,"[{""type"": ""mobile"", ""number"": ""+10000000302"", ""is_primary"": true}]",,4501446994,XXXXXX6994,HIGHER_EDUCATION,en,images/IND-0302.jpg,550e8400-e29b-41d4-a716-446655884055,550e8400-e29b-41d4-a716-446655883014,550e8400-e29b-41d4-a716-446655442004,550e8400-e29b-41d4-a716-446655441001,550e8400-e29b-41d4-a716-446655440001,"{""hierarchy"": [{""level"": ""country"", ""level_value_id"": ""550e8400-e29b-41d4-a716-446655440001"", ""level_value_mnemonic"": ""kamuntu""}, {""level"": ""region"", ""level_value_id"": ""550e8400-e29b-41d4-a716-446655441001"", ""level_value_mnemonic"": ""kilima""}, {""level"": ""district"", ""level_value_id"": ""550e8400-e29b-41d4-a716-446655442004"", ""level_value_mnemonic"": ""karamu""}, {""level"": ""ward"", ""level_value_id"": ""550e8400-e29b-41d4-a716-446655883014"", ""level_value_mnemonic"": ""kobe""}, {""level"": ""village"", ""level_value_id"": ""550e8400-e29b-41d4-a716-446655884055"", ""level_value_mnemonic"": ""billi""}], ""lowest_level_value_id"": ""550e8400-e29b-41d4-a716-446655884055""}",11.6504,71.7058,205,16AB+17,647 Adkins Pike Suite 622,Sector 6,000302,KM
20000000-0000-4000-8000-000000000303,IND-0303,Scott,Jimmy,Martinez,Scott Jimmy Martinez,Scott Jimmy Martinez,MALE,1952-04-09,74,MARRIED,"[{""type"": ""mobile"", ""number"": ""+10000000303"", ""is_primary"": true}]",shelby13@example.org,8991678061,XXXXXX8061,CAN_READ_AND_WRITE,en,images/IND-0303.jpg,550e8400-e29b-41d4-a716-446655884197,550e8400-e29b-41d4-a716-446655883050,550e8400-e29b-41d4-a716-446655442013,550e8400-e29b-41d4-a716-446655441004,550e8400-e29b-41d4-a716-446655440001,"{""hierarchy"": [{""level"": ""country"", ""level_value_id"": ""550e8400-e29b-41d4-a716-446655440001"", ""level_value_mnemonic"": ""kamuntu""}, {""level"": ""region"", ""level_value_id"": ""550e8400-e29b-41d4-a716-446655441004"", ""level_value_mnemonic"": ""faraja""}, {""level"": ""district"", ""level_value_id"": ""550e8400-e29b-41d4-a716-446655442013"", ""level_value_mnemonic"": ""asilani""}, {""level"": ""ward"", ""level_value_id"": ""550e8400-e29b-41d4-a716-446655883050"", ""level_value_mnemonic"": ""nguvu""}, {""level"": ""village"", ""level_value_id"": ""550e8400-e29b-41d4-a716-446655884197"", ""level_value_mnemonic"": ""bambi""}], ""lowest_level_value_id"": ""550e8400-e29b-41d4-a716-446655884197""}",18.6412,67.6636,211,86AB+76,11780 Kelli Pine Apt. 149,Sector 7,000303,KM
20000000-0000-4000-8000-000000000304,IND-0304,Brittney,,Martinez,Brittney Martinez,Brittney Martinez,FEMALE,1959-07-08,66,MARRIED,"[{""type"": ""mobile"", ""number"": ""+10000000304"", ""is_primary"": true}]",,5115980792,XXXXXX0792,BASIC,en,images/IND-0304.jpg,550e8400-e29b-41d4-a716-446655884197,550e8400-e29b-41d4-a716-446655883050,550e8400-e29b-41d4-a716-446655442013,550e8400-e29b-41d4-a716-446655441004,550e8400-e29b-41d4-a716-446655440001,"{""hierarchy"": [{""level"": ""country"", ""level_value_id"": ""550e8400-e29b-41d4-a716-446655440001"", ""level_value_mnemonic"": ""kamuntu""}, {""level"": ""region"", ""level_value_id"": ""550e8400-e29b-41d4-a716-446655441004"", ""level_value_mnemonic"": ""faraja""}, {""level"": ""district"", ""level_value_id"": ""550e8400-e29b-41d4-a716-446655442013"", ""level_value_mnemonic"": ""asilani""}, {""level"": ""ward"", ""level_value_id"": ""550e8400-e29b-41d4-a716-446655883050"", ""level_value_mnemonic"": ""nguvu""}, {""level"": ""village"", ""level_value_id"": ""550e8400-e29b-41d4-a716-446655884197"", ""level_value_mnemonic"": ""bambi""}], ""lowest_level_value_id"": ""550e8400-e29b-41d4-a716-446655884197""}",18.6204,67.6394,132,86AB+76,3347 David Villages Apt. 005,Sector 8,000304,KM
20000000-0000-4000-8000-000000000305,IND-0305,Shannon,,Martinez,Shannon Martinez,Shannon Martinez,FEMALE,1946-09-28,79,WIDOWED,"[{""type"": ""mobile"", ""number"": ""+10000000305"", ""is_primary"": true}]",imcdonald@example.com,7588062385,XXXXXX2385,ILLITERATE,en,images/IND-0305.jpg,550e8400-e29b-41d4-a716-446655884197,550e8400-e29b-41d4-a716-446655883050,550e8400-e29b-41d4-a716-446655442013,550e8400-e29b-41d4-a716-446655441004,550e8400-e29b-41d4-a716-446655440001,"{""hierarchy"": [{""level"": ""country"", ""level_value_id"": ""550e8400-e29b-41d4-a716-446655440001"", ""level_value_mnemonic"": ""kamuntu""}, {""level"": ""region"", ""level_value_id"": ""550e8400-e29b-41d4-a716-446655441004"", ""level_value_mnemonic"": ""faraja""}, {""level"": ""district"", ""level_value_id"": ""550e8400-e29b-41d4-a716-446655442013"", ""level_value_mnemonic"": ""asilani""}, {""level"": ""ward"", ""level_value_id"": ""550e8400-e29b-41d4-a716-446655883050"", ""level_value_mnemonic"": ""nguvu""}, {""level"": ""village"", ""level_value_id"": ""550e8400-e29b-41d4-a716-446655884197"", ""level_value_mnemonic"": ""bambi""}], ""lowest_level_value_id"": ""550e8400-e29b-41d4-a716-446655884197""}",18.6577,67.6122,53,86AB+76,82997 Mills Route Suite 578,Sector 9,000305,KM
20000000-0000-4000-8000-000000000306,IND-0306,Joseph,,Watts,Joseph Watts,Joseph Watts,MALE,2023-11-21,2,MARRIED,"[{""type"": ""mobile"", ""number"": ""+10000000306"", ""is_primary"": true}]",,4714465905,XXXXXX5905,,en,images/IND-0306.jpg,550e8400-e29b-41d4-a716-446655884196,550e8400-e29b-41d4-a716-446655883049,550e8400-e29b-41d4-a716-446655442013,550e8400-e29b-41d4-a716-446655441004,550e8400-e29b-41d4-a716-446655440001,"{""hierarchy"": [{""level"": ""country"", ""level_value_id"": ""550e8400-e29b-41d4-a716-446655440001"", ""level_value_mnemonic"": ""kamuntu""}, {""level"": ""region"", ""level_value_id"": ""550e8400-e29b-41d4-a716-446655441004"", ""level_value_mnemonic"": ""faraja""}, {""level"": ""district"", ""level_value_id"": ""550e8400-e29b-41d4-a716-446655442013"", ""level_value_mnemonic"": ""asilani""}, {""level"": ""ward"", ""level_value_id"": ""550e8400-e29b-41d4-a716-446655883049"", ""level_value_mnemonic"": ""usawa""}, {""level"": ""village"", ""level_value_id"": ""550e8400-e29b-41d4-a716-446655884196"", ""level_value_mnemonic"": ""balozi""}], ""lowest_level_value_id"": ""550e8400-e29b-41d4-a716-446655884196""}",16.0642,68.0461,110,60AB+80,4064 Laura Plaza Suite 368,Sector 1,000306,KM
20000000-0000-4000-8000-000000000307,IND-0307,Jessica,,Watts,Jessica Watts,Jessica Watts,FEMALE,2024-04-14,2,MARRIED,"[{""type"": ""mobile"", ""number"": ""+10000000307"", ""is_primary"": true}]",,6959501845,XXXXXX1845,,en,images/IND-0307.jpg,550e8400-e29b-41d4-a716-446655884196,550e8400-e29b-41d4-a716-446655883049,550e8400-e29b-41d4-a716-446655442013,550e8400-e29b-41d4-a716-446655441004,550e8400-e29b-41d4-a716-446655440001,"{""hierarchy"": [{""level"": ""country"", ""level_value_id"": ""550e8400-e29b-41d4-a716-446655440001"", ""level_value_mnemonic"": ""kamuntu""}, {""level"": ""region"", ""level_value_id"": ""550e8400-e29b-41d4-a716-446655441004"", ""level_value_mnemonic"": ""faraja""}, {""level"": ""district"", ""level_value_id"": ""550e8400-e29b-41d4-a716-446655442013"", ""level_value_mnemonic"": ""asilani""}, {""level"": ""ward"", ""level_value_id"": ""550e8400-e29b-41d4-a716-446655883049"", ""level_value_mnemonic"": ""usawa""}, {""level"": ""village"", ""level_value_id"": ""550e8400-e29b-41d4-a716-446655884196"", ""level_value_mnemonic"": ""balozi""}], ""lowest_level_value_id"": ""550e8400-e29b-41d4-a716-446655884196""}",16.0857,68.0876,130,60AB+80,3416 Zachary Union Suite 484,Sector 2,000307,KM
20000000-0000-4000-8000-000000000308,IND-0308,Jason,Ian,Watts,Jason Ian Watts,Jason Ian Watts,MALE,2003-06-21,22,WIDOWED,"[{""type"": ""mobile"", ""number"": ""+10000000308"", ""is_primary"": true}]",daniel79@example.com,8076527214,XXXXXX7214,CAN_READ_AND_WRITE,en,images/IND-0308.jpg,550e8400-e29b-41d4-a716-446655884196,550e8400-e29b-41d4-a716-446655883049,550e8400-e29b-41d4-a716-446655442013,550e8400-e29b-41d4-a716-446655441004,550e8400-e29b-41d4-a716-446655440001,"{""hierarchy"": [{""level"": ""country"", ""level_value_id"": ""550e8400-e29b-41d4-a716-446655440001"", ""level_value_mnemonic"": ""kamuntu""}, {""level"": ""region"", ""level_value_id"": ""550e8400-e29b-41d4-a716-446655441004"", ""level_value_mnemonic"": ""faraja""}, {""level"": ""district"", ""level_value_id"": ""550e8400-e29b-41d4-a716-446655442013"", ""level_value_mnemonic"": ""asilani""}, {""level"": ""ward"", ""level_value_id"": ""550e8400-e29b-41d4-a716-446655883049"", ""level_value_mnemonic"": ""usawa""}, {""level"": ""village"", ""level_value_id"": ""550e8400-e29b-41d4-a716-446655884196"", ""level_value_mnemonic"": ""balozi""}], ""lowest_level_value_id"": ""550e8400-e29b-41d4-a716-446655884196""}",16.0655,68.0447,204,60AB+80,973 Smith Causeway Apt. 214,Sector 3,000308,KM
20000000-0000-4000-8000-000000000309,IND-0309,Robert,,Bolton,Robert Bolton,Robert Bolton,MALE,2004-09-24,21,MARRIED,"[{""type"": ""mobile"", ""number"": ""+10000000309"", ""is_primary"": true}]",cterry@example.com,5026508020,XXXXXX8020,HIGHER_EDUCATION,en,images/IND-0309.jpg,550e8400-e29b-41d4-a716-446655884151,550e8400-e29b-41d4-a716-446655883038,550e8400-e29b-41d4-a716-446655442010,550e8400-e29b-41d4-a716-446655441003,550e8400-e29b-41d4-a716-446655440001,"{""hierarchy"": [{""level"": ""country"", ""level_value_id"": ""550e8400-e29b-41d4-a716-446655440001"", ""level_value_mnemonic"": ""kamuntu""}, {""level"": ""region"", ""level_value_id"": ""550e8400-e29b-41d4-a716-446655441003"", ""level_value_mnemonic"": ""jasiri""}, {""level"": ""district"", ""level_value_id"": ""550e8400-e29b-41d4-a716-446655442010"", ""level_value_mnemonic"": ""ndoto""}, {""level"": ""ward"", ""level_value_id"": ""550e8400-e29b-41d4-a716-446655883038"", ""level_value_mnemonic"": ""karibu""}, {""level"": ""village"", ""level_value_id"": ""550e8400-e29b-41d4-a716-446655884151"", ""level_value_mnemonic"": ""biluyu""}], ""lowest_level_value_id"": ""550e8400-e29b-41d4-a716-446655884151""}",13.884,65.9729,202,38AB+59,04618 White Ville,Sector 4,000309,KM
20000000-0000-4000-8000-000000000310,IND-0310,Danielle,,Bolton,Danielle Bolton,Danielle Bolton,FEMALE,1993-05-30,33,MARRIED,"[{""type"": ""mobile"", ""number"": ""+10000000310"", ""is_primary"": true}]",martinezkayla@example.org,8334436459,XXXXXX6459,HIGHER_EDUCATION,en,images/IND-0310.jpg,550e8400-e29b-41d4-a716-446655884151,550e8400-e29b-41d4-a716-446655883038,550e8400-e29b-41d4-a716-446655442010,550e8400-e29b-41d4-a716-446655441003,550e8400-e29b-41d4-a716-446655440001,"{""hierarchy"": [{""level"": ""country"", ""level_value_id"": ""550e8400-e29b-41d4-a716-446655440001"", ""level_value_mnemonic"": ""kamuntu""}, {""level"": ""region"", ""level_value_id"": ""550e8400-e29b-41d4-a716-446655441003"", ""level_value_mnemonic"": ""jasiri""}, {""level"": ""district"", ""level_value_id"": ""550e8400-e29b-41d4-a716-446655442010"", ""level_value_mnemonic"": ""ndoto""}, {""level"": ""ward"", ""level_value_id"": ""550e8400-e29b-41d4-a716-446655883038"", ""level_value_mnemonic"": ""karibu""}, {""level"": ""village"", ""level_value_id"": ""550e8400-e29b-41d4-a716-446655884151"", ""level_value_mnemonic"": ""biluyu""}], ""lowest_level_value_id"": ""550e8400-e29b-41d4-a716-446655884151""}",13.9325,65.9757,183,39AB+59,3037 Adriana Fords Suite 645,Sector 5,000310,KM
20000000-0000-4000-8000-000000000311,IND-0311,Christopher,,Bolton,Christopher Bolton,Christopher Bolton,MALE,1999-05-19,27,MARRIED,"[{""type"": ""mobile"", ""number"": ""+10000000311"", ""is_primary"": true}]",kingdanielle@example.org,4794160110,XXXXXX0110,HIGHER_EDUCATION,en,images/IND-0311.jpg,550e8400-e29b-41d4-a716-446655884151,550e8400-e29b-41d4-a716-446655883038,550e8400-e29b-41d4-a716-446655442010,550e8400-e29b-41d4-a716-446655441003,550e8400-e29b-41d4-a716-446655440001,"{""hierarchy"": [{""level"": ""country"", ""level_value_id"": ""550e8400-e29b-41d4-a716-446655440001"", ""level_value_mnemonic"": ""kamuntu""}, {""level"": ""region"", ""level_value_id"": ""550e8400-e29b-41d4-a716-446655441003"", ""level_value_mnemonic"": ""jasiri""}, {""level"": ""district"", ""level_value_id"": ""550e8400-e29b-41d4-a716-446655442010"", ""level_value_mnemonic"": ""ndoto""}, {""level"": ""ward"", ""level_value_id"": ""550e8400-e29b-41d4-a716-446655883038"", ""level_value_mnemonic"": ""karibu""}, {""level"": ""village"", ""level_value_id"": ""550e8400-e29b-41d4-a716-446655884151"", ""level_value_mnemonic"": ""biluyu""}], ""lowest_level_value_id"": ""550e8400-e29b-41d4-a716-446655884151""}",13.9463,65.9131,125,39AB+59,31365 Gary Harbor Apt. 630,Sector 6,000311,KM
20000000-0000-4000-8000-000000000312,IND-0312,Wayne,Hannah,Perkins,Wayne Hannah Perkins,Wayne Hannah Perkins,MALE,1996-01-20,30,MARRIED,"[{""type"": ""mobile"", ""number"": ""+10000000312"", ""is_primary"": true}]",nathandavis@example.org,3667740351,XXXXXX0351,ILLITERATE,en,images/IND-0312.jpg,550e8400-e29b-41d4-a716-446655884244,550e8400-e29b-41d4-a716-446655883061,550e8400-e29b-41d4-a716-446655442016,550e8400-e29b-41d4-a716-446655441004,550e8400-e29b-41d4-a716-446655440001,"{""hierarchy"": [{""level"": ""country"", ""level_value_id"": ""550e8400-e29b-41d4-a716-446655440001"", ""level_value_mnemonic"": ""kamuntu""}, {""level"": ""region"", ""level_value_id"": ""550e8400-e29b-41d4-a716-446655441004"", ""level_value_mnemonic"": ""faraja""}, {""level"": ""district"", ""level_value_id"": ""550e8400-e29b-41d4-a716-446655442016"", ""level_value_mnemonic"": ""tunza""}, {""level"": ""ward"", ""level_value_id"": ""550e8400-e29b-41d4-a716-446655883061"", ""level_value_mnemonic"": ""kuwasha""}, {""level"": ""village"", ""level_value_id"": ""550e8400-e29b-41d4-a716-446655884244"", ""level_value_mnemonic"": ""billah""}], ""lowest_level_value_id"": ""550e8400-e29b-41d4-a716-446655884244""}",16.9259,67.8983,132,69AB+78,95005 Jacqueline Turnpike Apt. 273,Sector 7,000312,KM
20000000-0000-4000-8000-000000000313,IND-0313,Emily,Deanna,Perkins,Emily Deanna Perkins,Emily Deanna Perkins,FEMALE,1979-11-26,46,MARRIED,"[{""type"": ""mobile"", ""number"": ""+10000000313"", ""is_primary"": true}]",linda73@example.org,7208619610,XXXXXX9610,ILLITERATE,en,images/IND-0313.jpg,550e8400-e29b-41d4-a716-446655884244,550e8400-e29b-41d4-a716-446655883061,550e8400-e29b-41d4-a716-446655442016,550e8400-e29b-41d4-a716-446655441004,550e8400-e29b-41d4-a716-446655440001,"{""hierarchy"": [{""level"": ""country"", ""level_value_id"": ""550e8400-e29b-41d4-a716-446655440001"", ""level_value_mnemonic"": ""kamuntu""}, {""level"": ""region"", ""level_value_id"": ""550e8400-e29b-41d4-a716-446655441004"", ""level_value_mnemonic"": ""faraja""}, {""level"": ""district"", ""level_value_id"": ""550e8400-e29b-41d4-a716-446655442016"", ""level_value_mnemonic"": ""tunza""}, {""level"": ""ward"", ""level_value_id"": ""550e8400-e29b-41d4-a716-446655883061"", ""level_value_mnemonic"": ""kuwasha""}, {""level"": ""village"", ""level_value_id"": ""550e8400-e29b-41d4-a716-446655884244"", ""level_value_mnemonic"": ""billah""}], ""lowest_level_value_id"": ""550e8400-e29b-41d4-a716-446655884244""}",16.8344,67.9198,99,68AB+79,2407 Hansen Plains Suite 392,Sector 8,000313,KM
20000000-0000-4000-8000-000000000314,IND-0314,Joshua,Taylor,Perkins,Joshua Taylor Perkins,Joshua Taylor Perkins,MALE,1941-07-19,84,WIDOWED,"[{""type"": ""mobile"", ""number"": ""+10000000314"", ""is_primary"": true}]",,1281199333,XXXXXX9333,ILLITERATE,en,images/IND-0314.jpg,550e8400-e29b-41d4-a716-446655884244,550e8400-e29b-41d4-a716-446655883061,550e8400-e29b-41d4-a716-446655442016,550e8400-e29b-41d4-a716-446655441004,550e8400-e29b-41d4-a716-446655440001,"{""hierarchy"": [{""level"": ""country"", ""level_value_id"": ""550e8400-e29b-41d4-a716-446655440001"", ""level_value_mnemonic"": ""kamuntu""}, {""level"": ""region"", ""level_value_id"": ""550e8400-e29b-41d4-a716-446655441004"", ""level_value_mnemonic"": ""faraja""}, {""level"": ""district"", ""level_value_id"": ""550e8400-e29b-41d4-a716-446655442016"", ""level_value_mnemonic"": ""tunza""}, {""level"": ""ward"", ""level_value_id"": ""550e8400-e29b-41d4-a716-446655883061"", ""level_value_mnemonic"": ""kuwasha""}, {""level"": ""village"", ""level_value_id"": ""550e8400-e29b-41d4-a716-446655884244"", ""level_value_mnemonic"": ""billah""}], ""lowest_level_value_id"": ""550e8400-e29b-41d4-a716-446655884244""}",16.897,67.9074,271,68AB+79,82744 Gibson Trail,Sector 9,000314,KM
20000000-0000-4000-8000-000000000315,IND-0315,Margaret,,Gray,Margaret Gray,Margaret Gray,FEMALE,1958-07-27,67,MARRIED,"[{""type"": ""mobile"", ""number"": ""+10000000315"", ""is_primary"": true}]",,8373893128,XXXXXX3128,HIGHER_EDUCATION,en,images/IND-0315.jpg,550e8400-e29b-41d4-a716-446655884106,550e8400-e29b-41d4-a716-446655883027,550e8400-e29b-41d4-a716-446655442007,550e8400-e29b-41d4-a716-446655441002,550e8400-e29b-41d4-a716-446655440001,"{""hierarchy"": [{""level"": ""country"", ""level_value_id"": ""550e8400-e29b-41d4-a716-446655440001"", ""level_value_mnemonic"": ""kamuntu""}, {""level"": ""region"", ""level_value_id"": ""550e8400-e29b-41d4-a716-446655441002"", ""level_value_mnemonic"": ""chakula""}, {""level"": ""district"", ""level_value_id"": ""550e8400-e29b-41d4-a716-446655442007"", ""level_value_mnemonic"": ""rafiki""}, {""level"": ""ward"", ""level_value_id"": ""550e8400-e29b-41d4-a716-446655883027"", ""level_value_mnemonic"": ""eneza""}, {""level"": ""village"", ""level_value_id"": ""550e8400-e29b-41d4-a716-446655884106"", ""level_value_mnemonic"": ""bilulo""}], ""lowest_level_value_id"": ""550e8400-e29b-41d4-a716-446655884106""}",10.6738,67.6773,95,06AB+76,95935 Dominique Plain,Sector 1,000315,KM
20000000-0000-4000-8000-000000000316,IND-0316,Robert,,Gray,Robert Gray,Robert Gray,MALE,2005-07-15,20,MARRIED,"[{""type"": ""mobile"", ""number"": ""+10000000316"", ""is_primary"": true}]",jcannon@example.net,7032058320,XXXXXX8320,HIGHER_EDUCATION,en,images/IND-0316.jpg,550e8400-e29b-41d4-a716-446655884106,550e8400-e29b-41d4-a716-446655883027,550e8400-e29b-41d4-a716-446655442007,550e8400-e29b-41d4-a716-446655441002,550e8400-e29b-41d4-a716-446655440001,"{""hierarchy"": [{""level"": ""country"", ""level_value_id"": ""550e8400-e29b-41d4-a716-446655440001"", ""level_value_mnemonic"": ""kamuntu""}, {""level"": ""region"", ""level_value_id"": ""550e8400-e29b-41d4-a716-446655441002"", ""level_value_mnemonic"": ""chakula""}, {""level"": ""district"", ""level_value_id"": ""550e8400-e29b-41d4-a716-446655442007"", ""level_value_mnemonic"": ""rafiki""}, {""level"": ""ward"", ""level_value_id"": ""550e8400-e29b-41d4-a716-446655883027"", ""level_value_mnemonic"": ""eneza""}, {""level"": ""village"", ""level_value_id"": ""550e8400-e29b-41d4-a716-446655884106"", ""level_value_mnemonic"": ""bilulo""}], ""lowest_level_value_id"": ""550e8400-e29b-41d4-a716-446655884106""}",10.7016,67.709,80,07AB+77,6511 Bradley Curve Apt. 031,Sector 2,000316,KM
20000000-0000-4000-8000-000000000317,IND-0317,John,,Gray,John Gray,John Gray,MALE,1985-09-21,40,WIDOWED,"[{""type"": ""mobile"", ""number"": ""+10000000317"", ""is_primary"": true}]",hbarrett@example.net,3159668272,XXXXXX8272,INTERMEDIARY,en,images/IND-0317.jpg,550e8400-e29b-41d4-a716-446655884106,550e8400-e29b-41d4-a716-446655883027,550e8400-e29b-41d4-a716-446655442007,550e8400-e29b-41d4-a716-446655441002,550e8400-e29b-41d4-a716-446655440001,"{""hierarchy"": [{""level"": ""country"", ""level_value_id"": ""550e8400-e29b-41d4-a716-446655440001"", ""level_value_mnemonic"": ""kamuntu""}, {""level"": ""region"", ""level_value_id"": ""550e8400-e29b-41d4-a716-446655441002"", ""level_value_mnemonic"": ""chakula""}, {""level"": ""district"", ""level_value_id"": ""550e8400-e29b-41d4-a716-446655442007"", ""level_value_mnemonic"": ""rafiki""}, {""level"": ""ward"", ""level_value_id"": ""550e8400-e29b-41d4-a716-446655883027"", ""level_value_mnemonic"": ""eneza""}, {""level"": ""village"", ""level_value_id"": ""550e8400-e29b-41d4-a716-446655884106"", ""level_value_mnemonic"": ""bilulo""}], ""lowest_level_value_id"": ""550e8400-e29b-41d4-a716-446655884106""}",10.699,67.7386,205,06AB+77,53910 Diana Village Apt. 705,Sector 3,000317,KM
20000000-0000-4000-8000-000000000318,IND-0318,Justin,,Hurley,Justin Hurley,Justin Hurley,MALE,1998-05-20,28,MARRIED,"[{""type"": ""mobile"", ""number"": ""+10000000318"", ""is_primary"": true}]",,3723205427,XXXXXX5427,BASIC,en,images/IND-0318.jpg,550e8400-e29b-41d4-a716-446655884196,550e8400-e29b-41d4-a716-446655883049,550e8400-e29b-41d4-a716-446655442013,550e8400-e29b-41d4-a716-446655441004,550e8400-e29b-41d4-a716-446655440001,"{""hierarchy"": [{""level"": ""country"", ""level_value_id"": ""550e8400-e29b-41d4-a716-446655440001"", ""level_value_mnemonic"": ""kamuntu""}, {""level"": ""region"", ""level_value_id"": ""550e8400-e29b-41d4-a716-446655441004"", ""level_value_mnemonic"": ""faraja""}, {""level"": ""district"", ""level_value_id"": ""550e8400-e29b-41d4-a716-446655442013"", ""level_value_mnemonic"": ""asilani""}, {""level"": ""ward"", ""level_value_id"": ""550e8400-e29b-41d4-a716-446655883049"", ""level_value_mnemonic"": ""usawa""}, {""level"": ""village"", ""level_value_id"": ""550e8400-e29b-41d4-a716-446655884196"", ""level_value_mnemonic"": ""balozi""}], ""lowest_level_value_id"": ""550e8400-e29b-41d4-a716-446655884196""}",16.0198,68.0787,297,60AB+80,0948 Jessica Village Suite 138,Sector 4,000318,KM
20000000-0000-4000-8000-000000000319,IND-0319,Brent,,Hurley,Brent Hurley,Brent Hurley,FEMALE,1998-09-05,27,MARRIED,"[{""type"": ""mobile"", ""number"": ""+10000000319"", ""is_primary"": true}]",hlopez@example.net,5660584367,XXXXXX4367,INTERMEDIARY,en,images/IND-0319.jpg,550e8400-e29b-41d4-a716-446655884196,550e8400-e29b-41d4-a716-446655883049,550e8400-e29b-41d4-a716-446655442013,550e8400-e29b-41d4-a716-446655441004,550e8400-e29b-41d4-a716-446655440001,"{""hierarchy"": [{""level"": ""country"", ""level_value_id"": ""550e8400-e29b-41d4-a716-446655440001"", ""level_value_mnemonic"": ""kamuntu""}, {""level"": ""region"", ""level_value_id"": ""550e8400-e29b-41d4-a716-446655441004"", ""level_value_mnemonic"": ""faraja""}, {""level"": ""district"", ""level_value_id"": ""550e8400-e29b-41d4-a716-446655442013"", ""level_value_mnemonic"": ""asilani""}, {""level"": ""ward"", ""level_value_id"": ""550e8400-e29b-41d4-a716-446655883049"", ""level_value_mnemonic"": ""usawa""}, {""level"": ""village"", ""level_value_id"": ""550e8400-e29b-41d4-a716-446655884196"", ""level_value_mnemonic"": ""balozi""}], ""lowest_level_value_id"": ""550e8400-e29b-41d4-a716-446655884196""}",16.011,68.0641,235,60AB+80,288 Reese Trafficway,Sector 5,000319,KM
20000000-0000-4000-8000-000000000320,IND-0320,Mark,Stephen,Hurley,Mark Stephen Hurley,Mark Stephen Hurley,MALE,2005-08-08,20,SINGLE,"[{""type"": ""mobile"", ""number"": ""+10000000320"", ""is_primary"": true}]",kandrade@example.org,4660390742,XXXXXX0742,HIGHER_EDUCATION,en,images/IND-0320.jpg,550e8400-e29b-41d4-a716-446655884196,550e8400-e29b-41d4-a716-446655883049,550e8400-e29b-41d4-a716-446655442013,550e8400-e29b-41d4-a716-446655441004,550e8400-e29b-41d4-a716-446655440001,"{""hierarchy"": [{""level"": ""country"", ""level_value_id"": ""550e8400-e29b-41d4-a716-446655440001"", ""level_value_mnemonic"": ""kamuntu""}, {""level"": ""region"", ""level_value_id"": ""550e8400-e29b-41d4-a716-446655441004"", ""level_value_mnemonic"": ""faraja""}, {""level"": ""district"", ""level_value_id"": ""550e8400-e29b-41d4-a716-446655442013"", ""level_value_mnemonic"": ""asilani""}, {""level"": ""ward"", ""level_value_id"": ""550e8400-e29b-41d4-a716-446655883049"", ""level_value_mnemonic"": ""usawa""}, {""level"": ""village"", ""level_value_id"": ""550e8400-e29b-41d4-a716-446655884196"", ""level_value_mnemonic"": ""balozi""}], ""lowest_level_value_id"": ""550e8400-e29b-41d4-a716-446655884196""}",16.0751,68.0832,190,60AB+80,528 Mahoney Island Suite 566,Sector 6,000320,KM
20000000-0000-4000-8000-000000000321,IND-0321,Molly,,Bird,Molly Bird,Molly Bird,FEMALE,1951-03-19,75,MARRIED,"[{""type"": ""mobile"", ""number"": ""+10000000321"", ""is_primary"": true}]",holmesvictoria@example.com,8127164297,XXXXXX4297,BASIC,en,images/IND-0321.jpg,550e8400-e29b-41d4-a716-446655884038,550e8400-e29b-41d4-a716-446655883010,550e8400-e29b-41d4-a716-446655442003,550e8400-e29b-41d4-a716-446655441001,550e8400-e29b-41d4-a716-446655440001,"{""hierarchy"": [{""level"": ""country"", ""level_value_id"": ""550e8400-e29b-41d4-a716-446655440001"", ""level_value_mnemonic"": ""kamuntu""}, {""level"": ""region"", ""level_value_id"": ""550e8400-e29b-41d4-a716-446655441001"", ""level_value_mnemonic"": ""kilima""}, {""level"": ""district"", ""level_value_id"": ""550e8400-e29b-41d4-a716-446655442003"", ""level_value_mnemonic"": ""nyani""}, {""level"": ""ward"", ""level_value_id"": ""550e8400-e29b-41d4-a716-446655883010"", ""level_value_mnemonic"": ""pika""}, {""level"": ""village"", ""level_value_id"": ""550e8400-e29b-41d4-a716-446655884038"", ""level_value_mnemonic"": ""biliki""}], ""lowest_level_value_id"": ""550e8400-e29b-41d4-a716-446655884038""}",14.4893,68.4352,195,44AB+84,3350 Ellison Pass,Sector 7,000321,KM
20000000-0000-4000-8000-000000000322,IND-0322,Kristie,Eric,Bird,Kristie Eric Bird,Kristie Eric Bird,MALE,1983-10-27,42,MARRIED,"[{""type"": ""mobile"", ""number"": ""+10000000322"", ""is_primary"": true}]",stevenseric@example.com,7168105904,XXXXXX5904,INTERMEDIARY,en,images/IND-0322.jpg,550e8400-e29b-41d4-a716-446655884038,550e8400-e29b-41d4-a716-446655883010,550e8400-e29b-41d4-a716-446655442003,550e8400-e29b-41d4-a716-446655441001,550e8400-e29b-41d4-a716-446655440001,"{""hierarchy"": [{""level"": ""country"", ""level_value_id"": ""550e8400-e29b-41d4-a716-446655440001"", ""level_value_mnemonic"": ""kamuntu""}, {""level"": ""region"", ""level_value_id"": ""550e8400-e29b-41d4-a716-446655441001"", ""level_value_mnemonic"": ""kilima""}, {""level"": ""district"", ""level_value_id"": ""550e8400-e29b-41d4-a716-446655442003"", ""level_value_mnemonic"": ""nyani""}, {""level"": ""ward"", ""level_value_id"": ""550e8400-e29b-41d4-a716-446655883010"", ""level_value_mnemonic"": ""pika""}, {""level"": ""village"", ""level_value_id"": ""550e8400-e29b-41d4-a716-446655884038"", ""level_value_mnemonic"": ""biliki""}], ""lowest_level_value_id"": ""550e8400-e29b-41d4-a716-446655884038""}",14.504,68.4334,237,45AB+84,334 Davis Locks Apt. 157,Sector 8,000322,KM
20000000-0000-4000-8000-000000000323,IND-0323,Carrie,,Bird,Carrie Bird,Carrie Bird,FEMALE,1969-07-14,56,MARRIED,"[{""type"": ""mobile"", ""number"": ""+10000000323"", ""is_primary"": true}]",,3605446007,XXXXXX6007,CAN_READ_AND_WRITE,en,images/IND-0323.jpg,550e8400-e29b-41d4-a716-446655884038,550e8400-e29b-41d4-a716-446655883010,550e8400-e29b-41d4-a716-446655442003,550e8400-e29b-41d4-a716-446655441001,550e8400-e29b-41d4-a716-446655440001,"{""hierarchy"": [{""level"": ""country"", ""level_value_id"": ""550e8400-e29b-41d4-a716-446655440001"", ""level_value_mnemonic"": ""kamuntu""}, {""level"": ""region"", ""level_value_id"": ""550e8400-e29b-41d4-a716-446655441001"", ""level_value_mnemonic"": ""kilima""}, {""level"": ""district"", ""level_value_id"": ""550e8400-e29b-41d4-a716-446655442003"", ""level_value_mnemonic"": ""nyani""}, {""level"": ""ward"", ""level_value_id"": ""550e8400-e29b-41d4-a716-446655883010"", ""level_value_mnemonic"": ""pika""}, {""level"": ""village"", ""level_value_id"": ""550e8400-e29b-41d4-a716-446655884038"", ""level_value_mnemonic"": ""biliki""}], ""lowest_level_value_id"": ""550e8400-e29b-41d4-a716-446655884038""}",14.5042,68.5059,85,45AB+85,409 Miller Centers,Sector 9,000323,KM
20000000-0000-4000-8000-000000000324,IND-0324,Thomas,,Cook,Thomas Cook,Thomas Cook,MALE,1979-10-04,46,MARRIED,"[{""type"": ""mobile"", ""number"": ""+10000000324"", ""is_primary"": true}]",hbutler@example.org,7781327255,XXXXXX7255,HIGHER_EDUCATION,en,images/IND-0324.jpg,550e8400-e29b-41d4-a716-446655884135,550e8400-e29b-41d4-a716-446655883034,550e8400-e29b-41d4-a716-446655442009,550e8400-e29b-41d4-a716-446655441003,550e8400-e29b-41d4-a716-446655440001,"{""hierarchy"": [{""level"": ""country"", ""level_value_id"": ""550e8400-e29b-41d4-a716-446655440001"", ""level_value_mnemonic"": ""kamuntu""}, {""level"": ""region"", ""level_value_id"": ""550e8400-e29b-41d4-a716-446655441003"", ""level_value_mnemonic"": ""jasiri""}, {""level"": ""district"", ""level_value_id"": ""550e8400-e29b-41d4-a716-446655442009"", ""level_value_mnemonic"": ""simba""}, {""level"": ""ward"", ""level_value_id"": ""550e8400-e29b-41d4-a716-446655883034"", ""level_value_mnemonic"": ""walizo""}, {""level"": ""village"", ""level_value_id"": ""550e8400-e29b-41d4-a716-446655884135"", ""level_value_mnemonic"": ""bilutu""}], ""lowest_level_value_id"": ""550e8400-e29b-41d4-a716-446655884135""}",10.7269,66.6713,59,07AB+66,604 Luis Port,Sector 1,000324,KM
20000000-0000-4000-8000-000000000325,IND-0325,Brittany,,Cook,Brittany Cook,Brittany Cook,FEMALE,2012-08-16,13,MARRIED,"[{""type"": ""mobile"", ""number"": ""+10000000325"", ""is_primary"": true}]",,2249831874,XXXXXX1874,BASIC,en,images/IND-0325.jpg,550e8400-e29b-41d4-a716-446655884135,550e8400-e29b-41d4-a716-446655883034,550e8400-e29b-41d4-a716-446655442009,550e8400-e29b-41d4-a716-446655441003,550e8400-e29b-41d4-a716-446655440001,"{""hierarchy"": [{""level"": ""country"", ""level_value_id"": ""550e8400-e29b-41d4-a716-446655440001"", ""level_value_mnemonic"": ""kamuntu""}, {""level"": ""region"", ""level_value_id"": ""550e8400-e29b-41d4-a716-446655441003"", ""level_value_mnemonic"": ""jasiri""}, {""level"": ""district"", ""level_value_id"": ""550e8400-e29b-41d4-a716-446655442009"", ""level_value_mnemonic"": ""simba""}, {""level"": ""ward"", ""level_value_id"": ""550e8400-e29b-41d4-a716-446655883034"", ""level_value_mnemonic"": ""walizo""}, {""level"": ""village"", ""level_value_id"": ""550e8400-e29b-41d4-a716-446655884135"", ""level_value_mnemonic"": ""bilutu""}], ""lowest_level_value_id"": ""550e8400-e29b-41d4-a716-446655884135""}",10.6965,66.701,151,06AB+67,06799 Jeffrey Highway,Sector 2,000325,KM
20000000-0000-4000-8000-000000000326,IND-0326,Richard,,Cook,Richard Cook,Richard Cook,MALE,1966-09-07,59,MARRIED,"[{""type"": ""mobile"", ""number"": ""+10000000326"", ""is_primary"": true}]",,5897854817,XXXXXX4817,CAN_READ_AND_WRITE,en,images/IND-0326.jpg,550e8400-e29b-41d4-a716-446655884135,550e8400-e29b-41d4-a716-446655883034,550e8400-e29b-41d4-a716-446655442009,550e8400-e29b-41d4-a716-446655441003,550e8400-e29b-41d4-a716-446655440001,"{""hierarchy"": [{""level"": ""country"", ""level_value_id"": ""550e8400-e29b-41d4-a716-446655440001"", ""level_value_mnemonic"": ""kamuntu""}, {""level"": ""region"", ""level_value_id"": ""550e8400-e29b-41d4-a716-446655441003"", ""level_value_mnemonic"": ""jasiri""}, {""level"": ""district"", ""level_value_id"": ""550e8400-e29b-41d4-a716-446655442009"", ""level_value_mnemonic"": ""simba""}, {""level"": ""ward"", ""level_value_id"": ""550e8400-e29b-41d4-a716-446655883034"", ""level_value_mnemonic"": ""walizo""}, {""level"": ""village"", ""level_value_id"": ""550e8400-e29b-41d4-a716-446655884135"", ""level_value_mnemonic"": ""bilutu""}], ""lowest_level_value_id"": ""550e8400-e29b-41d4-a716-446655884135""}",10.6659,66.7066,194,06AB+67,79086 Miller Parkway Suite 227,Sector 3,000326,KM
20000000-0000-4000-8000-000000000327,IND-0327,Justin,Denise,Freeman,Justin Denise Freeman,Justin Denise Freeman,MALE,2000-01-13,26,MARRIED,"[{""type"": ""mobile"", ""number"": ""+10000000327"", ""is_primary"": true}]",annshea@example.net,2005102559,XXXXXX2559,INTERMEDIARY,en,images/IND-0327.jpg,550e8400-e29b-41d4-a716-446655884248,550e8400-e29b-41d4-a716-446655883062,550e8400-e29b-41d4-a716-446655442016,550e8400-e29b-41d4-a716-446655441004,550e8400-e29b-41d4-a716-446655440001,"{""hierarchy"": [{""level"": ""country"", ""level_value_id"": ""550e8400-e29b-41d4-a716-446655440001"", ""level_value_mnemonic"": ""kamuntu""}, {""level"": ""region"", ""level_value_id"": ""550e8400-e29b-41d4-a716-446655441004"", ""level_value_mnemonic"": ""faraja""}, {""level"": ""district"", ""level_value_id"": ""550e8400-e29b-41d4-a716-446655442016"", ""level_value_mnemonic"": ""tunza""}, {""level"": ""ward"", ""level_value_id"": ""550e8400-e29b-41d4-a716-446655883062"", ""level_value_mnemonic"": ""kufanya""}, {""level"": ""village"", ""level_value_id"": ""550e8400-e29b-41d4-a716-446655884248"", ""level_value_mnemonic"": ""billyu""}], ""lowest_level_value_id"": ""550e8400-e29b-41d4-a716-446655884248""}",11.3669,71.3518,252,13AB+13,14659 Daniel Loop,Sector 4,000327,KM
20000000-0000-4000-8000-000000000328,IND-0328,Jessica,,Freeman,Jessica Freeman,Jessica Freeman,FEMALE,2022-10-15,3,MARRIED,"[{""type"": ""mobile"", ""number"": ""+10000000328"", ""is_primary"": true}]",,2391874847,XXXXXX4847,,en,images/IND-0328.jpg,550e8400-e29b-41d4-a716-446655884248,550e8400-e29b-41d4-a716-446655883062,550e8400-e29b-41d4-a716-446655442016,550e8400-e29b-41d4-a716-446655441004,550e8400-e29b-41d4-a716-446655440001,"{""hierarchy"": [{""level"": ""country"", ""level_value_id"": ""550e8400-e29b-41d4-a716-446655440001"", ""level_value_mnemonic"": ""kamuntu""}, {""level"": ""region"", ""level_value_id"": ""550e8400-e29b-41d4-a716-446655441004"", ""level_value_mnemonic"": ""faraja""}, {""level"": ""district"", ""level_value_id"": ""550e8400-e29b-41d4-a716-446655442016"", ""level_value_mnemonic"": ""tunza""}, {""level"": ""ward"", ""level_value_id"": ""550e8400-e29b-41d4-a716-446655883062"", ""level_value_mnemonic"": ""kufanya""}, {""level"": ""village"", ""level_value_id"": ""550e8400-e29b-41d4-a716-446655884248"", ""level_value_mnemonic"": ""billyu""}], ""lowest_level_value_id"": ""550e8400-e29b-41d4-a716-446655884248""}",11.3704,71.3521,262,13AB+13,9042 Jensen Unions Suite 927,Sector 5,000328,KM
20000000-0000-4000-8000-000000000329,IND-0329,Amanda,,Freeman,Amanda Freeman,Amanda Freeman,FEMALE,2006-06-27,19,MARRIED,"[{""type"": ""mobile"", ""number"": ""+10000000329"", ""is_primary"": true}]",ginamoore@example.net,6920691967,XXXXXX1967,INTERMEDIARY,en,images/IND-0329.jpg,550e8400-e29b-41d4-a716-446655884248,550e8400-e29b-41d4-a716-446655883062,550e8400-e29b-41d4-a716-446655442016,550e8400-e29b-41d4-a716-446655441004,550e8400-e29b-41d4-a716-446655440001,"{""hierarchy"": [{""level"": ""country"", ""level_value_id"": ""550e8400-e29b-41d4-a716-446655440001"", ""level_value_mnemonic"": ""kamuntu""}, {""level"": ""region"", ""level_value_id"": ""550e8400-e29b-41d4-a716-446655441004"", ""level_value_mnemonic"": ""faraja""}, {""level"": ""district"", ""level_value_id"": ""550e8400-e29b-41d4-a716-446655442016"", ""level_value_mnemonic"": ""tunza""}, {""level"": ""ward"", ""level_value_id"": ""550e8400-e29b-41d4-a716-446655883062"", ""level_value_mnemonic"": ""kufanya""}, {""level"": ""village"", ""level_value_id"": ""550e8400-e29b-41d4-a716-446655884248"", ""level_value_mnemonic"": ""billyu""}], ""lowest_level_value_id"": ""550e8400-e29b-41d4-a716-446655884248""}",11.3588,71.3898,69,13AB+13,03924 Matthew Unions,Sector 6,000329,KM
20000000-0000-4000-8000-000000000330,IND-0330,Ashley,,Cole,Ashley Cole,Ashley Cole,FEMALE,1969-07-15,56,MARRIED,"[{""type"": ""mobile"", ""number"": ""+10000000330"", ""is_primary"": true}]",riverajody@example.org,9618271425,XXXXXX1425,BASIC,en,images/IND-0330.jpg,550e8400-e29b-41d4-a716-446655884115,550e8400-e29b-41d4-a716-446655883029,550e8400-e29b-41d4-a716-446655442008,550e8400-e29b-41d4-a716-446655441002,550e8400-e29b-41d4-a716-446655440001,"{""hierarchy"": [{""level"": ""country"", ""level_value_id"": ""550e8400-e29b-41d4-a716-446655440001"", ""level_value_mnemonic"": ""kamuntu""}, {""level"": ""region"", ""level_value_id"": ""550e8400-e29b-41d4-a716-446655441002"", ""level_value_mnemonic"": ""chakula""}, {""level"": ""district"", ""level_value_id"": ""550e8400-e29b-41d4-a716-446655442008"", ""level_value_mnemonic"": ""makali""}, {""level"": ""ward"", ""level_value_id"": ""550e8400-e29b-41d4-a716-446655883029"", ""level_value_mnemonic"": ""mwali""}, {""level"": ""village"", ""level_value_id"": ""550e8400-e29b-41d4-a716-446655884115"", ""level_value_mnemonic"": ""bilunu""}], ""lowest_level_value_id"": ""550e8400-e29b-41d4-a716-446655884115""}",11.8582,67.814,108,18AB+78,848 Dean Divide,Sector 7,000330,KM
20000000-0000-4000-8000-000000000331,IND-0331,Michael,Nicholas,Cole,Michael Nicholas Cole,Michael Nicholas Cole,MALE,2018-10-10,7,MARRIED,"[{""type"": ""mobile"", ""number"": ""+10000000331"", ""is_primary"": true}]",,3839444315,XXXXXX4315,INTERMEDIARY,en,images/IND-0331.jpg,550e8400-e29b-41d4-a716-446655884115,550e8400-e29b-41d4-a716-446655883029,550e8400-e29b-41d4-a716-446655442008,550e8400-e29b-41d4-a716-446655441002,550e8400-e29b-41d4-a716-446655440001,"{""hierarchy"": [{""level"": ""country"", ""level_value_id"": ""550e8400-e29b-41d4-a716-446655440001"", ""level_value_mnemonic"": ""kamuntu""}, {""level"": ""region"", ""level_value_id"": ""550e8400-e29b-41d4-a716-446655441002"", ""level_value_mnemonic"": ""chakula""}, {""level"": ""district"", ""level_value_id"": ""550e8400-e29b-41d4-a716-446655442008"", ""level_value_mnemonic"": ""makali""}, {""level"": ""ward"", ""level_value_id"": ""550e8400-e29b-41d4-a716-446655883029"", ""level_value_mnemonic"": ""mwali""}, {""level"": ""village"", ""level_value_id"": ""550e8400-e29b-41d4-a716-446655884115"", ""level_value_mnemonic"": ""bilunu""}], ""lowest_level_value_id"": ""550e8400-e29b-41d4-a716-446655884115""}",11.8115,67.803,79,18AB+78,2043 Brown Shoal,Sector 8,000331,KM
20000000-0000-4000-8000-000000000332,IND-0332,Theresa,,Cole,Theresa Cole,Theresa Cole,FEMALE,1986-12-04,39,WIDOWED,"[{""type"": ""mobile"", ""number"": ""+10000000332"", ""is_primary"": true}]",elizabeth51@example.org,1096405016,XXXXXX5016,HIGHER_EDUCATION,en,images/IND-0332.jpg,550e8400-e29b-41d4-a716-446655884115,550e8400-e29b-41d4-a716-446655883029,550e8400-e29b-41d4-a716-446655442008,550e8400-e29b-41d4-a716-446655441002,550e8400-e29b-41d4-a716-446655440001,"{""hierarchy"": [{""level"": ""country"", ""level_value_id"": ""550e8400-e29b-41d4-a716-446655440001"", ""level_value_mnemonic"": ""kamuntu""}, {""level"": ""region"", ""level_value_id"": ""550e8400-e29b-41d4-a716-446655441002"", ""level_value_mnemonic"": ""chakula""}, {""level"": ""district"", ""level_value_id"": ""550e8400-e29b-41d4-a716-446655442008"", ""level_value_mnemonic"": ""makali""}, {""level"": ""ward"", ""level_value_id"": ""550e8400-e29b-41d4-a716-446655883029"", ""level_value_mnemonic"": ""mwali""}, {""level"": ""village"", ""level_value_id"": ""550e8400-e29b-41d4-a716-446655884115"", ""level_value_mnemonic"": ""bilunu""}], ""lowest_level_value_id"": ""550e8400-e29b-41d4-a716-446655884115""}",11.7743,67.8273,91,17AB+78,636 Rebecca Oval Apt. 238,Sector 9,000332,KM
20000000-0000-4000-8000-000000000333,IND-0333,Steve,,Briggs,Steve Briggs,Steve Briggs,MALE,1943-11-11,82,MARRIED,"[{""type"": ""mobile"", ""number"": ""+10000000333"", ""is_primary"": true}]",,8861351706,XXXXXX1706,HIGHER_EDUCATION,en,images/IND-0333.jpg,550e8400-e29b-41d4-a716-446655884021,550e8400-e29b-41d4-a716-446655883006,550e8400-e29b-41d4-a716-446655442002,550e8400-e29b-41d4-a716-446655441001,550e8400-e29b-41d4-a716-446655440001,"{""hierarchy"": [{""level"": ""country"", ""level_value_id"": ""550e8400-e29b-41d4-a716-446655440001"", ""level_value_mnemonic"": ""kamuntu""}, {""level"": ""region"", ""level_value_id"": ""550e8400-e29b-41d4-a716-446655441001"", ""level_value_mnemonic"": ""kilima""}, {""level"": ""district"", ""level_value_id"": ""550e8400-e29b-41d4-a716-446655442002"", ""level_value_mnemonic"": ""pembe""}, {""level"": ""ward"", ""level_value_id"": ""550e8400-e29b-41d4-a716-446655883006"", ""level_value_mnemonic"": ""jumba""}, {""level"": ""village"", ""level_value_id"": ""550e8400-e29b-41d4-a716-446655884021"", ""level_value_mnemonic"": ""bevu""}], ""lowest_level_value_id"": ""550e8400-e29b-41d4-a716-446655884021""}",12.5001,71.5195,260,25AB+15,432 Prince Shoals,Sector 1,000333,KM
20000000-0000-4000-8000-000000000334,IND-0334,Breanna,Abigail,Briggs,Breanna Abigail Briggs,Breanna Abigail Briggs,FEMALE,1991-04-10,35,MARRIED,"[{""type"": ""mobile"", ""number"": ""+10000000334"", ""is_primary"": true}]",robertberry@example.com,1295678014,XXXXXX8014,HIGHER_EDUCATION,en,images/IND-0334.jpg,550e8400-e29b-41d4-a716-446655884021,550e8400-e29b-41d4-a716-446655883006,550e8400-e29b-41d4-a716-446655442002,550e8400-e29b-41d4-a716-446655441001,550e8400-e29b-41d4-a716-446655440001,"{""hierarchy"": [{""level"": ""country"", ""level_value_id"": ""550e8400-e29b-41d4-a716-446655440001"", ""level_value_mnemonic"": ""kamuntu""}, {""level"": ""region"", ""level_value_id"": ""550e8400-e29b-41d4-a716-446655441001"", ""level_value_mnemonic"": ""kilima""}, {""level"": ""district"", ""level_value_id"": ""550e8400-e29b-41d4-a716-446655442002"", ""level_value_mnemonic"": ""pembe""}, {""level"": ""ward"", ""level_value_id"": ""550e8400-e29b-41d4-a716-446655883006"", ""level_value_mnemonic"": ""jumba""}, {""level"": ""village"", ""level_value_id"": ""550e8400-e29b-41d4-a716-446655884021"", ""level_value_mnemonic"": ""bevu""}], ""lowest_level_value_id"": ""550e8400-e29b-41d4-a716-446655884021""}",12.4778,71.4532,54,24AB+14,578 Jamie Dam Apt. 248,Sector 2,000334,KM
20000000-0000-4000-8000-000000000335,IND-0335,Susan,,Briggs,Susan Briggs,Susan Briggs,FEMALE,1997-06-18,28,MARRIED,"[{""type"": ""mobile"", ""number"": ""+10000000335"", ""is_primary"": true}]",dianacunningham@example.org,1504729135,XXXXXX9135,ILLITERATE,en,images/IND-0335.jpg,550e8400-e29b-41d4-a716-446655884021,550e8400-e29b-41d4-a716-446655883006,550e8400-e29b-41d4-a716-446655442002,550e8400-e29b-41d4-a716-446655441001,550e8400-e29b-41d4-a716-446655440001,"{""hierarchy"": [{""level"": ""country"", ""level_value_id"": ""550e8400-e29b-41d4-a716-446655440001"", ""level_value_mnemonic"": ""kamuntu""}, {""level"": ""region"", ""level_value_id"": ""550e8400-e29b-41d4-a716-446655441001"", ""level_value_mnemonic"": ""kilima""}, {""level"": ""district"", ""level_value_id"": ""550e8400-e29b-41d4-a716-446655442002"", ""level_value_mnemonic"": ""pembe""}, {""level"": ""ward"", ""level_value_id"": ""550e8400-e29b-41d4-a716-446655883006"", ""level_value_mnemonic"": ""jumba""}, {""level"": ""village"", ""level_value_id"": ""550e8400-e29b-41d4-a716-446655884021"", ""level_value_mnemonic"": ""bevu""}], ""lowest_level_value_id"": ""550e8400-e29b-41d4-a716-446655884021""}",12.4882,71.453,204,24AB+14,88125 Jessica Track Suite 664,Sector 3,000335,KM
20000000-0000-4000-8000-000000000336,IND-0336,Melissa,,Howard,Melissa Howard,Melissa Howard,FEMALE,1967-07-15,58,MARRIED,"[{""type"": ""mobile"", ""number"": ""+10000000336"", ""is_primary"": true}]",manderson@example.com,5869990861,XXXXXX0861,HIGHER_EDUCATION,en,images/IND-0336.jpg,550e8400-e29b-41d4-a716-446655884221,550e8400-e29b-41d4-a716-446655883056,550e8400-e29b-41d4-a716-446655442014,550e8400-e29b-41d4-a716-446655441004,550e8400-e29b-41d4-a716-446655440001,"{""hierarchy"": [{""level"": ""country"", ""level_value_id"": ""550e8400-e29b-41d4-a716-446655440001"", ""level_value_mnemonic"": ""kamuntu""}, {""level"": ""region"", ""level_value_id"": ""550e8400-e29b-41d4-a716-446655441004"", ""level_value_mnemonic"": ""faraja""}, {""level"": ""district"", ""level_value_id"": ""550e8400-e29b-41d4-a716-446655442014"", ""level_value_mnemonic"": ""sihaya""}, {""level"": ""ward"", ""level_value_id"": ""550e8400-e29b-41d4-a716-446655883056"", ""level_value_mnemonic"": ""kutaka""}, {""level"": ""village"", ""level_value_id"": ""550e8400-e29b-41d4-a716-446655884221"", ""level_value_mnemonic"": ""bigny""}], ""lowest_level_value_id"": ""550e8400-e29b-41d4-a716-446655884221""}",14.6477,71.6233,269,46AB+16,67722 Jeremy Lodge Apt. 463,Sector 4,000336,KM
20000000-0000-4000-8000-000000000337,IND-0337,Natalie,Katherine,Howard,Natalie Katherine Howard,Natalie Katherine Howard,MALE,2026-05-21,0,MARRIED,"[{""type"": ""mobile"", ""number"": ""+10000000337"", ""is_primary"": true}]",,5325865521,XXXXXX5521,,en,images/IND-0337.jpg,550e8400-e29b-41d4-a716-446655884221,550e8400-e29b-41d4-a716-446655883056,550e8400-e29b-41d4-a716-446655442014,550e8400-e29b-41d4-a716-446655441004,550e8400-e29b-41d4-a716-446655440001,"{""hierarchy"": [{""level"": ""country"", ""level_value_id"": ""550e8400-e29b-41d4-a716-446655440001"", ""level_value_mnemonic"": ""kamuntu""}, {""level"": ""region"", ""level_value_id"": ""550e8400-e29b-41d4-a716-446655441004"", ""level_value_mnemonic"": ""faraja""}, {""level"": ""district"", ""level_value_id"": ""550e8400-e29b-41d4-a716-446655442014"", ""level_value_mnemonic"": ""sihaya""}, {""level"": ""ward"", ""level_value_id"": ""550e8400-e29b-41d4-a716-446655883056"", ""level_value_mnemonic"": ""kutaka""}, {""level"": ""village"", ""level_value_id"": ""550e8400-e29b-41d4-a716-446655884221"", ""level_value_mnemonic"": ""bigny""}], ""lowest_level_value_id"": ""550e8400-e29b-41d4-a716-446655884221""}",14.6655,71.6688,130,46AB+16,79757 Ronald Trail,Sector 5,000337,KM
20000000-0000-4000-8000-000000000338,IND-0338,Amanda,,Howard,Amanda Howard,Amanda Howard,FEMALE,2015-09-28,10,SINGLE,"[{""type"": ""mobile"", ""number"": ""+10000000338"", ""is_primary"": true}]",,7597520265,XXXXXX0265,INTERMEDIARY,en,images/IND-0338.jpg,550e8400-e29b-41d4-a716-446655884221,550e8400-e29b-41d4-a716-446655883056,550e8400-e29b-41d4-a716-446655442014,550e8400-e29b-41d4-a716-446655441004,550e8400-e29b-41d4-a716-446655440001,"{""hierarchy"": [{""level"": ""country"", ""level_value_id"": ""550e8400-e29b-41d4-a716-446655440001"", ""level_value_mnemonic"": ""kamuntu""}, {""level"": ""region"", ""level_value_id"": ""550e8400-e29b-41d4-a716-446655441004"", ""level_value_mnemonic"": ""faraja""}, {""level"": ""district"", ""level_value_id"": ""550e8400-e29b-41d4-a716-446655442014"", ""level_value_mnemonic"": ""sihaya""}, {""level"": ""ward"", ""level_value_id"": ""550e8400-e29b-41d4-a716-446655883056"", ""level_value_mnemonic"": ""kutaka""}, {""level"": ""village"", ""level_value_id"": ""550e8400-e29b-41d4-a716-446655884221"", ""level_value_mnemonic"": ""bigny""}], ""lowest_level_value_id"": ""550e8400-e29b-41d4-a716-446655884221""}",14.6565,71.6612,224,46AB+16,569 Abigail Mission Suite 038,Sector 6,000338,KM
20000000-0000-4000-8000-000000000339,IND-0339,Kimberly,Benjamin,Terrell,Kimberly Benjamin Terrell,Kimberly Benjamin Terrell,FEMALE,1990-08-05,35,MARRIED,"[{""type"": ""mobile"", ""number"": ""+10000000339"", ""is_primary"": true}]",oblack@example.org,8325043570,XXXXXX3570,CAN_READ_AND_WRITE,en,images/IND-0339.jpg,550e8400-e29b-41d4-a716-446655884105,550e8400-e29b-41d4-a716-446655883027,550e8400-e29b-41d4-a716-446655442007,550e8400-e29b-41d4-a716-446655441002,550e8400-e29b-41d4-a716-446655440001,"{""hierarchy"": [{""level"": ""country"", ""level_value_id"": ""550e8400-e29b-41d4-a716-446655440001"", ""level_value_mnemonic"": ""kamuntu""}, {""level"": ""region"", ""level_value_id"": ""550e8400-e29b-41d4-a716-446655441002"", ""level_value_mnemonic"": ""chakula""}, {""level"": ""district"", ""level_value_id"": ""550e8400-e29b-41d4-a716-446655442007"", ""level_value_mnemonic"": ""rafiki""}, {""level"": ""ward"", ""level_value_id"": ""550e8400-e29b-41d4-a716-446655883027"", ""level_value_mnemonic"": ""eneza""}, {""level"": ""village"", ""level_value_id"": ""550e8400-e29b-41d4-a716-446655884105"", ""level_value_mnemonic"": ""biluli""}], ""lowest_level_value_id"": ""550e8400-e29b-41d4-a716-446655884105""}",16.5536,70.5655,218,65AB+05,7644 Jackson Hill,Sector 7,000339,KM
20000000-0000-4000-8000-000000000340,IND-0340,Lisa,,Terrell,Lisa Terrell,Lisa Terrell,MALE,1960-12-20,65,MARRIED,"[{""type"": ""mobile"", ""number"": ""+10000000340"", ""is_primary"": true}]",,4035639663,XXXXXX9663,CAN_READ_AND_WRITE,en,images/IND-0340.jpg,550e8400-e29b-41d4-a716-446655884105,550e8400-e29b-41d4-a716-446655883027,550e8400-e29b-41d4-a716-446655442007,550e8400-e29b-41d4-a716-446655441002,550e8400-e29b-41d4-a716-446655440001,"{""hierarchy"": [{""level"": ""country"", ""level_value_id"": ""550e8400-e29b-41d4-a716-446655440001"", ""level_value_mnemonic"": ""kamuntu""}, {""level"": ""region"", ""level_value_id"": ""550e8400-e29b-41d4-a716-446655441002"", ""level_value_mnemonic"": ""chakula""}, {""level"": ""district"", ""level_value_id"": ""550e8400-e29b-41d4-a716-446655442007"", ""level_value_mnemonic"": ""rafiki""}, {""level"": ""ward"", ""level_value_id"": ""550e8400-e29b-41d4-a716-446655883027"", ""level_value_mnemonic"": ""eneza""}, {""level"": ""village"", ""level_value_id"": ""550e8400-e29b-41d4-a716-446655884105"", ""level_value_mnemonic"": ""biluli""}], ""lowest_level_value_id"": ""550e8400-e29b-41d4-a716-446655884105""}",16.4961,70.5765,51,64AB+05,7181 Kimberly Square,Sector 8,000340,KM
20000000-0000-4000-8000-000000000341,IND-0341,Kimberly,,Terrell,Kimberly Terrell,Kimberly Terrell,FEMALE,2000-01-03,26,MARRIED,"[{""type"": ""mobile"", ""number"": ""+10000000341"", ""is_primary"": true}]",,2592724766,XXXXXX4766,HIGHER_EDUCATION,en,images/IND-0341.jpg,550e8400-e29b-41d4-a716-446655884105,550e8400-e29b-41d4-a716-446655883027,550e8400-e29b-41d4-a716-446655442007,550e8400-e29b-41d4-a716-446655441002,550e8400-e29b-41d4-a716-446655440001,"{""hierarchy"": [{""level"": ""country"", ""level_value_id"": ""550e8400-e29b-41d4-a716-446655440001"", ""level_value_mnemonic"": ""kamuntu""}, {""level"": ""region"", ""level_value_id"": ""550e8400-e29b-41d4-a716-446655441002"", ""level_value_mnemonic"": ""chakula""}, {""level"": ""district"", ""level_value_id"": ""550e8400-e29b-41d4-a716-446655442007"", ""level_value_mnemonic"": ""rafiki""}, {""level"": ""ward"", ""level_value_id"": ""550e8400-e29b-41d4-a716-446655883027"", ""level_value_mnemonic"": ""eneza""}, {""level"": ""village"", ""level_value_id"": ""550e8400-e29b-41d4-a716-446655884105"", ""level_value_mnemonic"": ""biluli""}], ""lowest_level_value_id"": ""550e8400-e29b-41d4-a716-446655884105""}",16.5409,70.5524,288,65AB+05,0279 Nicole Course Suite 521,Sector 9,000341,KM
20000000-0000-4000-8000-000000000342,IND-0342,Brandon,,Mccarthy,Brandon Mccarthy,Brandon Mccarthy,MALE,1969-05-15,57,MARRIED,"[{""type"": ""mobile"", ""number"": ""+10000000342"", ""is_primary"": true}]",,2228388623,XXXXXX8623,HIGHER_EDUCATION,en,images/IND-0342.jpg,550e8400-e29b-41d4-a716-446655884147,550e8400-e29b-41d4-a716-446655883037,550e8400-e29b-41d4-a716-446655442010,550e8400-e29b-41d4-a716-446655441003,550e8400-e29b-41d4-a716-446655440001,"{""hierarchy"": [{""level"": ""country"", ""level_value_id"": ""550e8400-e29b-41d4-a716-446655440001"", ""level_value_mnemonic"": ""kamuntu""}, {""level"": ""region"", ""level_value_id"": ""550e8400-e29b-41d4-a716-446655441003"", ""level_value_mnemonic"": ""jasiri""}, {""level"": ""district"", ""level_value_id"": ""550e8400-e29b-41d4-a716-446655442010"", ""level_value_mnemonic"": ""ndoto""}, {""level"": ""ward"", ""level_value_id"": ""550e8400-e29b-41d4-a716-446655883037"", ""level_value_mnemonic"": ""pamoja""}, {""level"": ""village"", ""level_value_id"": ""550e8400-e29b-41d4-a716-446655884147"", ""level_value_mnemonic"": ""biluxu""}], ""lowest_level_value_id"": ""550e8400-e29b-41d4-a716-446655884147""}",17.3434,66.4,182,73AB+64,86892 Pierce Cape Apt. 592,Sector 1,000342,KM
20000000-0000-4000-8000-000000000343,IND-0343,Christopher,,Mccarthy,Christopher Mccarthy,Christopher Mccarthy,FEMALE,1986-10-02,39,MARRIED,"[{""type"": ""mobile"", ""number"": ""+10000000343"", ""is_primary"": true}]",,1676220116,XXXXXX0116,INTERMEDIARY,en,images/IND-0343.jpg,550e8400-e29b-41d4-a716-446655884147,550e8400-e29b-41d4-a716-446655883037,550e8400-e29b-41d4-a716-446655442010,550e8400-e29b-41d4-a716-446655441003,550e8400-e29b-41d4-a716-446655440001,"{""hierarchy"": [{""level"": ""country"", ""level_value_id"": ""550e8400-e29b-41d4-a716-446655440001"", ""level_value_mnemonic"": ""kamuntu""}, {""level"": ""region"", ""level_value_id"": ""550e8400-e29b-41d4-a716-446655441003"", ""level_value_mnemonic"": ""jasiri""}, {""level"": ""district"", ""level_value_id"": ""550e8400-e29b-41d4-a716-446655442010"", ""level_value_mnemonic"": ""ndoto""}, {""level"": ""ward"", ""level_value_id"": ""550e8400-e29b-41d4-a716-446655883037"", ""level_value_mnemonic"": ""pamoja""}, {""level"": ""village"", ""level_value_id"": ""550e8400-e29b-41d4-a716-446655884147"", ""level_value_mnemonic"": ""biluxu""}], ""lowest_level_value_id"": ""550e8400-e29b-41d4-a716-446655884147""}",17.4397,66.418,140,74AB+64,4474 David Curve,Sector 2,000343,KM
20000000-0000-4000-8000-000000000344,IND-0344,Tyler,,Mccarthy,Tyler Mccarthy,Tyler Mccarthy,MALE,1978-12-01,47,DIVORCED,"[{""type"": ""mobile"", ""number"": ""+10000000344"", ""is_primary"": true}]",alexander77@example.net,7655449762,XXXXXX9762,BASIC,en,images/IND-0344.jpg,550e8400-e29b-41d4-a716-446655884147,550e8400-e29b-41d4-a716-446655883037,550e8400-e29b-41d4-a716-446655442010,550e8400-e29b-41d4-a716-446655441003,550e8400-e29b-41d4-a716-446655440001,"{""hierarchy"": [{""level"": ""country"", ""level_value_id"": ""550e8400-e29b-41d4-a716-446655440001"", ""level_value_mnemonic"": ""kamuntu""}, {""level"": ""region"", ""level_value_id"": ""550e8400-e29b-41d4-a716-446655441003"", ""level_value_mnemonic"": ""jasiri""}, {""level"": ""district"", ""level_value_id"": ""550e8400-e29b-41d4-a716-446655442010"", ""level_value_mnemonic"": ""ndoto""}, {""level"": ""ward"", ""level_value_id"": ""550e8400-e29b-41d4-a716-446655883037"", ""level_value_mnemonic"": ""pamoja""}, {""level"": ""village"", ""level_value_id"": ""550e8400-e29b-41d4-a716-446655884147"", ""level_value_mnemonic"": ""biluxu""}], ""lowest_level_value_id"": ""550e8400-e29b-41d4-a716-446655884147""}",17.4126,66.3959,199,74AB+63,733 Chavez Mills,Sector 3,000344,KM
20000000-0000-4000-8000-000000000345,IND-0345,Bobby,,Greene,Bobby Greene,Bobby Greene,MALE,2001-05-03,25,MARRIED,"[{""type"": ""mobile"", ""number"": ""+10000000345"", ""is_primary"": true}]",nicoleramirez@example.net,9900829971,XXXXXX9971,BASIC,en,images/IND-0345.jpg,550e8400-e29b-41d4-a716-446655884116,550e8400-e29b-41d4-a716-446655883029,550e8400-e29b-41d4-a716-446655442008,550e8400-e29b-41d4-a716-446655441002,550e8400-e29b-41d4-a716-446655440001,"{""hierarchy"": [{""level"": ""country"", ""level_value_id"": ""550e8400-e29b-41d4-a716-446655440001"", ""level_value_mnemonic"": ""kamuntu""}, {""level"": ""region"", ""level_value_id"": ""550e8400-e29b-41d4-a716-446655441002"", ""level_value_mnemonic"": ""chakula""}, {""level"": ""district"", ""level_value_id"": ""550e8400-e29b-41d4-a716-446655442008"", ""level_value_mnemonic"": ""makali""}, {""level"": ""ward"", ""level_value_id"": ""550e8400-e29b-41d4-a716-446655883029"", ""level_value_mnemonic"": ""mwali""}, {""level"": ""village"", ""level_value_id"": ""550e8400-e29b-41d4-a716-446655884116"", ""level_value_mnemonic"": ""bilupa""}], ""lowest_level_value_id"": ""550e8400-e29b-41d4-a716-446655884116""}",17.4494,71.5147,255,74AB+15,22050 Melissa Shores,Sector 4,000345,KM
20000000-0000-4000-8000-000000000346,IND-0346,Laura,,Greene,Laura Greene,Laura Greene,FEMALE,1943-10-10,82,MARRIED,"[{""type"": ""mobile"", ""number"": ""+10000000346"", ""is_primary"": true}]",,5412437658,XXXXXX7658,CAN_READ_AND_WRITE,en,images/IND-0346.jpg,550e8400-e29b-41d4-a716-446655884116,550e8400-e29b-41d4-a716-446655883029,550e8400-e29b-41d4-a716-446655442008,550e8400-e29b-41d4-a716-446655441002,550e8400-e29b-41d4-a716-446655440001,"{""hierarchy"": [{""level"": ""country"", ""level_value_id"": ""550e8400-e29b-41d4-a716-446655440001"", ""level_value_mnemonic"": ""kamuntu""}, {""level"": ""region"", ""level_value_id"": ""550e8400-e29b-41d4-a716-446655441002"", ""level_value_mnemonic"": ""chakula""}, {""level"": ""district"", ""level_value_id"": ""550e8400-e29b-41d4-a716-446655442008"", ""level_value_mnemonic"": ""makali""}, {""level"": ""ward"", ""level_value_id"": ""550e8400-e29b-41d4-a716-446655883029"", ""level_value_mnemonic"": ""mwali""}, {""level"": ""village"", ""level_value_id"": ""550e8400-e29b-41d4-a716-446655884116"", ""level_value_mnemonic"": ""bilupa""}], ""lowest_level_value_id"": ""550e8400-e29b-41d4-a716-446655884116""}",17.4316,71.4268,212,74AB+14,01622 Carr Square Apt. 795,Sector 5,000346,KM
20000000-0000-4000-8000-000000000347,IND-0347,Timothy,,Greene,Timothy Greene,Timothy Greene,MALE,1993-07-10,32,MARRIED,"[{""type"": ""mobile"", ""number"": ""+10000000347"", ""is_primary"": true}]",marcus61@example.com,9631695368,XXXXXX5368,BASIC,en,images/IND-0347.jpg,550e8400-e29b-41d4-a716-446655884116,550e8400-e29b-41d4-a716-446655883029,550e8400-e29b-41d4-a716-446655442008,550e8400-e29b-41d4-a716-446655441002,550e8400-e29b-41d4-a716-446655440001,"{""hierarchy"": [{""level"": ""country"", ""level_value_id"": ""550e8400-e29b-41d4-a716-446655440001"", ""level_value_mnemonic"": ""kamuntu""}, {""level"": ""region"", ""level_value_id"": ""550e8400-e29b-41d4-a716-446655441002"", ""level_value_mnemonic"": ""chakula""}, {""level"": ""district"", ""level_value_id"": ""550e8400-e29b-41d4-a716-446655442008"", ""level_value_mnemonic"": ""makali""}, {""level"": ""ward"", ""level_value_id"": ""550e8400-e29b-41d4-a716-446655883029"", ""level_value_mnemonic"": ""mwali""}, {""level"": ""village"", ""level_value_id"": ""550e8400-e29b-41d4-a716-446655884116"", ""level_value_mnemonic"": ""bilupa""}], ""lowest_level_value_id"": ""550e8400-e29b-41d4-a716-446655884116""}",17.5032,71.4448,73,75AB+14,7214 Rose Pine,Sector 6,000347,KM
20000000-0000-4000-8000-000000000348,IND-0348,Daniel,,Clark,Daniel Clark,Daniel Clark,MALE,1988-07-29,37,MARRIED,"[{""type"": ""mobile"", ""number"": ""+10000000348"", ""is_primary"": true}]",rodriguezjessica@example.net,4908108692,XXXXXX8692,BASIC,en,images/IND-0348.jpg,550e8400-e29b-41d4-a716-446655884039,550e8400-e29b-41d4-a716-446655883010,550e8400-e29b-41d4-a716-446655442003,550e8400-e29b-41d4-a716-446655441001,550e8400-e29b-41d4-a716-446655440001,"{""hierarchy"": [{""level"": ""country"", ""level_value_id"": ""550e8400-e29b-41d4-a716-446655440001"", ""level_value_mnemonic"": ""kamuntu""}, {""level"": ""region"", ""level_value_id"": ""550e8400-e29b-41d4-a716-446655441001"", ""level_value_mnemonic"": ""kilima""}, {""level"": ""district"", ""level_value_id"": ""550e8400-e29b-41d4-a716-446655442003"", ""level_value_mnemonic"": ""nyani""}, {""level"": ""ward"", ""level_value_id"": ""550e8400-e29b-41d4-a716-446655883010"", ""level_value_mnemonic"": ""pika""}, {""level"": ""village"", ""level_value_id"": ""550e8400-e29b-41d4-a716-446655884039"", ""level_value_mnemonic"": ""bilili""}], ""lowest_level_value_id"": ""550e8400-e29b-41d4-a716-446655884039""}",14.8999,65.87,238,48AB+58,9469 Green Ports,Sector 7,000348,KM
20000000-0000-4000-8000-000000000349,IND-0349,Zachary,David,Clark,Zachary David Clark,Zachary David Clark,FEMALE,1966-08-01,59,MARRIED,"[{""type"": ""mobile"", ""number"": ""+10000000349"", ""is_primary"": true}]",,4345515321,XXXXXX5321,HIGHER_EDUCATION,en,images/IND-0349.jpg,550e8400-e29b-41d4-a716-446655884039,550e8400-e29b-41d4-a716-446655883010,550e8400-e29b-41d4-a716-446655442003,550e8400-e29b-41d4-a716-446655441001,550e8400-e29b-41d4-a716-446655440001,"{""hierarchy"": [{""level"": ""country"", ""level_value_id"": ""550e8400-e29b-41d4-a716-446655440001"", ""level_value_mnemonic"": ""kamuntu""}, {""level"": ""region"", ""level_value_id"": ""550e8400-e29b-41d4-a716-446655441001"", ""level_value_mnemonic"": ""kilima""}, {""level"": ""district"", ""level_value_id"": ""550e8400-e29b-41d4-a716-446655442003"", ""level_value_mnemonic"": ""nyani""}, {""level"": ""ward"", ""level_value_id"": ""550e8400-e29b-41d4-a716-446655883010"", ""level_value_mnemonic"": ""pika""}, {""level"": ""village"", ""level_value_id"": ""550e8400-e29b-41d4-a716-446655884039"", ""level_value_mnemonic"": ""bilili""}], ""lowest_level_value_id"": ""550e8400-e29b-41d4-a716-446655884039""}",14.862,65.8578,294,48AB+58,772 Jeanette Fields Apt. 107,Sector 8,000349,KM
20000000-0000-4000-8000-000000000350,IND-0350,Mario,,Clark,Mario Clark,Mario Clark,MALE,2000-06-29,25,WIDOWED,"[{""type"": ""mobile"", ""number"": ""+10000000350"", ""is_primary"": true}]",,6649672597,XXXXXX2597,INTERMEDIARY,en,images/IND-0350.jpg,550e8400-e29b-41d4-a716-446655884039,550e8400-e29b-41d4-a716-446655883010,550e8400-e29b-41d4-a716-446655442003,550e8400-e29b-41d4-a716-446655441001,550e8400-e29b-41d4-a716-446655440001,"{""hierarchy"": [{""level"": ""country"", ""level_value_id"": ""550e8400-e29b-41d4-a716-446655440001"", ""level_value_mnemonic"": ""kamuntu""}, {""level"": ""region"", ""level_value_id"": ""550e8400-e29b-41d4-a716-446655441001"", ""level_value_mnemonic"": ""kilima""}, {""level"": ""district"", ""level_value_id"": ""550e8400-e29b-41d4-a716-446655442003"", ""level_value_mnemonic"": ""nyani""}, {""level"": ""ward"", ""level_value_id"": ""550e8400-e29b-41d4-a716-446655883010"", ""level_value_mnemonic"": ""pika""}, {""level"": ""village"", ""level_value_id"": ""550e8400-e29b-41d4-a716-446655884039"", ""level_value_mnemonic"": ""bilili""}], ""lowest_level_value_id"": ""550e8400-e29b-41d4-a716-446655884039""}",14.9398,65.9381,197,49AB+59,660 Bailey Valley,Sector 9,000350,KM
20000000-0000-4000-8000-000000000351,IND-0351,Marcia,,Smith,Marcia Smith,Marcia Smith,FEMALE,1977-07-31,48,MARRIED,"[{""type"": ""mobile"", ""number"": ""+10000000351"", ""is_primary"": true}]",hannahking@example.org,8727805468,XXXXXX5468,CAN_READ_AND_WRITE,en,images/IND-0351.jpg,550e8400-e29b-41d4-a716-446655884094,550e8400-e29b-41d4-a716-446655883024,550e8400-e29b-41d4-a716-446655442006,550e8400-e29b-41d4-a716-446655441002,550e8400-e29b-41d4-a716-446655440001,"{""hierarchy"": [{""level"": ""country"", ""level_value_id"": ""550e8400-e29b-41d4-a716-446655440001"", ""level_value_mnemonic"": ""kamuntu""}, {""level"": ""region"", ""level_value_id"": ""550e8400-e29b-41d4-a716-446655441002"", ""level_value_mnemonic"": ""chakula""}, {""level"": ""district"", ""level_value_id"": ""550e8400-e29b-41d4-a716-446655442006"", ""level_value_mnemonic"": ""njia""}, {""level"": ""ward"", ""level_value_id"": ""550e8400-e29b-41d4-a716-446655883024"", ""level_value_mnemonic"": ""barafu""}, {""level"": ""village"", ""level_value_id"": ""550e8400-e29b-41d4-a716-446655884094"", ""level_value_mnemonic"": ""biluho""}], ""lowest_level_value_id"": ""550e8400-e29b-41d4-a716-446655884094""}",15.3678,71.3741,178,53AB+13,8850 Gina Junctions Suite 990,Sector 1,000351,KM
20000000-0000-4000-8000-000000000352,IND-0352,Sandra,,Smith,Sandra Smith,Sandra Smith,MALE,1991-02-15,35,MARRIED,"[{""type"": ""mobile"", ""number"": ""+10000000352"", ""is_primary"": true}]",sandra77@example.org,1036157653,XXXXXX7653,HIGHER_EDUCATION,en,images/IND-0352.jpg,550e8400-e29b-41d4-a716-446655884094,550e8400-e29b-41d4-a716-446655883024,550e8400-e29b-41d4-a716-446655442006,550e8400-e29b-41d4-a716-446655441002,550e8400-e29b-41d4-a716-446655440001,"{""hierarchy"": [{""level"": ""country"", ""level_value_id"": ""550e8400-e29b-41d4-a716-446655440001"", ""level_value_mnemonic"": ""kamuntu""}, {""level"": ""region"", ""level_value_id"": ""550e8400-e29b-41d4-a716-446655441002"", ""level_value_mnemonic"": ""chakula""}, {""level"": ""district"", ""level_value_id"": ""550e8400-e29b-41d4-a716-446655442006"", ""level_value_mnemonic"": ""njia""}, {""level"": ""ward"", ""level_value_id"": ""550e8400-e29b-41d4-a716-446655883024"", ""level_value_mnemonic"": ""barafu""}, {""level"": ""village"", ""level_value_id"": ""550e8400-e29b-41d4-a716-446655884094"", ""level_value_mnemonic"": ""biluho""}], ""lowest_level_value_id"": ""550e8400-e29b-41d4-a716-446655884094""}",15.3874,71.3579,75,53AB+13,2785 Bowers Loop,Sector 2,000352,KM
20000000-0000-4000-8000-000000000353,IND-0353,Tanya,Adriana,Smith,Tanya Adriana Smith,Tanya Adriana Smith,FEMALE,2005-06-01,21,MARRIED,"[{""type"": ""mobile"", ""number"": ""+10000000353"", ""is_primary"": true}]",angela03@example.net,7928143230,XXXXXX3230,BASIC,en,images/IND-0353.jpg,550e8400-e29b-41d4-a716-446655884094,550e8400-e29b-41d4-a716-446655883024,550e8400-e29b-41d4-a716-446655442006,550e8400-e29b-41d4-a716-446655441002,550e8400-e29b-41d4-a716-446655440001,"{""hierarchy"": [{""level"": ""country"", ""level_value_id"": ""550e8400-e29b-41d4-a716-446655440001"", ""level_value_mnemonic"": ""kamuntu""}, {""level"": ""region"", ""level_value_id"": ""550e8400-e29b-41d4-a716-446655441002"", ""level_value_mnemonic"": ""chakula""}, {""level"": ""district"", ""level_value_id"": ""550e8400-e29b-41d4-a716-446655442006"", ""level_value_mnemonic"": ""njia""}, {""level"": ""ward"", ""level_value_id"": ""550e8400-e29b-41d4-a716-446655883024"", ""level_value_mnemonic"": ""barafu""}, {""level"": ""village"", ""level_value_id"": ""550e8400-e29b-41d4-a716-446655884094"", ""level_value_mnemonic"": ""biluho""}], ""lowest_level_value_id"": ""550e8400-e29b-41d4-a716-446655884094""}",15.3566,71.3699,103,53AB+13,1240 Terrell Road Apt. 996,Sector 3,000353,KM
20000000-0000-4000-8000-000000000354,IND-0354,Chelsea,,Wilson,Chelsea Wilson,Chelsea Wilson,FEMALE,1988-07-11,37,MARRIED,"[{""type"": ""mobile"", ""number"": ""+10000000354"", ""is_primary"": true}]",janet50@example.com,4496922300,XXXXXX2300,INTERMEDIARY,en,images/IND-0354.jpg,550e8400-e29b-41d4-a716-446655884187,550e8400-e29b-41d4-a716-446655883047,550e8400-e29b-41d4-a716-446655442012,550e8400-e29b-41d4-a716-446655441003,550e8400-e29b-41d4-a716-446655440001,"{""hierarchy"": [{""level"": ""country"", ""level_value_id"": ""550e8400-e29b-41d4-a716-446655440001"", ""level_value_mnemonic"": ""kamuntu""}, {""level"": ""region"", ""level_value_id"": ""550e8400-e29b-41d4-a716-446655441003"", ""level_value_mnemonic"": ""jasiri""}, {""level"": ""district"", ""level_value_id"": ""550e8400-e29b-41d4-a716-446655442012"", ""level_value_mnemonic"": ""mapema""}, {""level"": ""ward"", ""level_value_id"": ""550e8400-e29b-41d4-a716-446655883047"", ""level_value_mnemonic"": ""ujinga""}, {""level"": ""village"", ""level_value_id"": ""550e8400-e29b-41d4-a716-446655884187"", ""level_value_mnemonic"": ""bimbeo""}], ""lowest_level_value_id"": ""550e8400-e29b-41d4-a716-446655884187""}",18.2621,66.2704,192,82AB+62,73574 Alicia Extensions Apt. 503,Sector 4,000354,KM
20000000-0000-4000-8000-000000000355,IND-0355,Thomas,Angel,Wilson,Thomas Angel Wilson,Thomas Angel Wilson,MALE,1958-10-04,67,MARRIED,"[{""type"": ""mobile"", ""number"": ""+10000000355"", ""is_primary"": true}]",jstein@example.org,7105384790,XXXXXX4790,BASIC,en,images/IND-0355.jpg,550e8400-e29b-41d4-a716-446655884187,550e8400-e29b-41d4-a716-446655883047,550e8400-e29b-41d4-a716-446655442012,550e8400-e29b-41d4-a716-446655441003,550e8400-e29b-41d4-a716-446655440001,"{""hierarchy"": [{""level"": ""country"", ""level_value_id"": ""550e8400-e29b-41d4-a716-446655440001"", ""level_value_mnemonic"": ""kamuntu""}, {""level"": ""region"", ""level_value_id"": ""550e8400-e29b-41d4-a716-446655441003"", ""level_value_mnemonic"": ""jasiri""}, {""level"": ""district"", ""level_value_id"": ""550e8400-e29b-41d4-a716-446655442012"", ""level_value_mnemonic"": ""mapema""}, {""level"": ""ward"", ""level_value_id"": ""550e8400-e29b-41d4-a716-446655883047"", ""level_value_mnemonic"": ""ujinga""}, {""level"": ""village"", ""level_value_id"": ""550e8400-e29b-41d4-a716-446655884187"", ""level_value_mnemonic"": ""bimbeo""}], ""lowest_level_value_id"": ""550e8400-e29b-41d4-a716-446655884187""}",18.2034,66.2793,211,82AB+62,8452 Lynn Path Apt. 307,Sector 5,000355,KM
20000000-0000-4000-8000-000000000356,IND-0356,Jasmine,,Wilson,Jasmine Wilson,Jasmine Wilson,FEMALE,1988-09-15,37,SINGLE,"[{""type"": ""mobile"", ""number"": ""+10000000356"", ""is_primary"": true}]",,1701548051,XXXXXX8051,INTERMEDIARY,en,images/IND-0356.jpg,550e8400-e29b-41d4-a716-446655884187,550e8400-e29b-41d4-a716-446655883047,550e8400-e29b-41d4-a716-446655442012,550e8400-e29b-41d4-a716-446655441003,550e8400-e29b-41d4-a716-446655440001,"{""hierarchy"": [{""level"": ""country"", ""level_value_id"": ""550e8400-e29b-41d4-a716-446655440001"", ""level_value_mnemonic"": ""kamuntu""}, {""level"": ""region"", ""level_value_id"": ""550e8400-e29b-41d4-a716-446655441003"", ""level_value_mnemonic"": ""jasiri""}, {""level"": ""district"", ""level_value_id"": ""550e8400-e29b-41d4-a716-446655442012"", ""level_value_mnemonic"": ""mapema""}, {""level"": ""ward"", ""level_value_id"": ""550e8400-e29b-41d4-a716-446655883047"", ""level_value_mnemonic"": ""ujinga""}, {""level"": ""village"", ""level_value_id"": ""550e8400-e29b-41d4-a716-446655884187"", ""level_value_mnemonic"": ""bimbeo""}], ""lowest_level_value_id"": ""550e8400-e29b-41d4-a716-446655884187""}",18.2115,66.2154,264,82AB+62,40915 Small Cove,Sector 6,000356,KM
20000000-0000-4000-8000-000000000357,IND-0357,Kelly,,Hopkins,Kelly Hopkins,Kelly Hopkins,FEMALE,1983-04-11,43,MARRIED,"[{""type"": ""mobile"", ""number"": ""+10000000357"", ""is_primary"": true}]",,5380159400,XXXXXX9400,HIGHER_EDUCATION,en,images/IND-0357.jpg,550e8400-e29b-41d4-a716-446655884172,550e8400-e29b-41d4-a716-446655883043,550e8400-e29b-41d4-a716-446655442011,550e8400-e29b-41d4-a716-446655441003,550e8400-e29b-41d4-a716-446655440001,"{""hierarchy"": [{""level"": ""country"", ""level_value_id"": ""550e8400-e29b-41d4-a716-446655440001"", ""level_value_mnemonic"": ""kamuntu""}, {""level"": ""region"", ""level_value_id"": ""550e8400-e29b-41d4-a716-446655441003"", ""level_value_mnemonic"": ""jasiri""}, {""level"": ""district"", ""level_value_id"": ""550e8400-e29b-41d4-a716-446655442011"", ""level_value_mnemonic"": ""baraka""}, {""level"": ""ward"", ""level_value_id"": ""550e8400-e29b-41d4-a716-446655883043"", ""level_value_mnemonic"": ""safari""}, {""level"": ""village"", ""level_value_id"": ""550e8400-e29b-41d4-a716-446655884172"", ""level_value_mnemonic"": ""bimasa""}], ""lowest_level_value_id"": ""550e8400-e29b-41d4-a716-446655884172""}",19.7421,67.8167,296,97AB+78,94353 Justin Place Suite 714,Sector 7,000357,KM
20000000-0000-4000-8000-000000000358,IND-0358,Chase,,Hopkins,Chase Hopkins,Chase Hopkins,MALE,2004-10-16,21,MARRIED,"[{""type"": ""mobile"", ""number"": ""+10000000358"", ""is_primary"": true}]",mullenanita@example.org,8458323087,XXXXXX3087,CAN_READ_AND_WRITE,en,images/IND-0358.jpg,550e8400-e29b-41d4-a716-446655884172,550e8400-e29b-41d4-a716-446655883043,550e8400-e29b-41d4-a716-446655442011,550e8400-e29b-41d4-a716-446655441003,550e8400-e29b-41d4-a716-446655440001,"{""hierarchy"": [{""level"": ""country"", ""level_value_id"": ""550e8400-e29b-41d4-a716-446655440001"", ""level_value_mnemonic"": ""kamuntu""}, {""level"": ""region"", ""level_value_id"": ""550e8400-e29b-41d4-a716-446655441003"", ""level_value_mnemonic"": ""jasiri""}, {""level"": ""district"", ""level_value_id"": ""550e8400-e29b-41d4-a716-446655442011"", ""level_value_mnemonic"": ""baraka""}, {""level"": ""ward"", ""level_value_id"": ""550e8400-e29b-41d4-a716-446655883043"", ""level_value_mnemonic"": ""safari""}, {""level"": ""village"", ""level_value_id"": ""550e8400-e29b-41d4-a716-446655884172"", ""level_value_mnemonic"": ""bimasa""}], ""lowest_level_value_id"": ""550e8400-e29b-41d4-a716-446655884172""}",19.819,67.7681,123,98AB+77,585 Thomas Squares,Sector 8,000358,KM
20000000-0000-4000-8000-000000000359,IND-0359,Robert,,Hopkins,Robert Hopkins,Robert Hopkins,MALE,1946-07-18,79,MARRIED,"[{""type"": ""mobile"", ""number"": ""+10000000359"", ""is_primary"": true}]",,1306420495,XXXXXX0495,BASIC,en,images/IND-0359.jpg,550e8400-e29b-41d4-a716-446655884172,550e8400-e29b-41d4-a716-446655883043,550e8400-e29b-41d4-a716-446655442011,550e8400-e29b-41d4-a716-446655441003,550e8400-e29b-41d4-a716-446655440001,"{""hierarchy"": [{""level"": ""country"", ""level_value_id"": ""550e8400-e29b-41d4-a716-446655440001"", ""level_value_mnemonic"": ""kamuntu""}, {""level"": ""region"", ""level_value_id"": ""550e8400-e29b-41d4-a716-446655441003"", ""level_value_mnemonic"": ""jasiri""}, {""level"": ""district"", ""level_value_id"": ""550e8400-e29b-41d4-a716-446655442011"", ""level_value_mnemonic"": ""baraka""}, {""level"": ""ward"", ""level_value_id"": ""550e8400-e29b-41d4-a716-446655883043"", ""level_value_mnemonic"": ""safari""}, {""level"": ""village"", ""level_value_id"": ""550e8400-e29b-41d4-a716-446655884172"", ""level_value_mnemonic"": ""bimasa""}], ""lowest_level_value_id"": ""550e8400-e29b-41d4-a716-446655884172""}",19.7462,67.7528,131,97AB+77,49587 David Mountains,Sector 9,000359,KM
20000000-0000-4000-8000-000000000360,IND-0360,Stephanie,,Williams,Stephanie Williams,Stephanie Williams,FEMALE,1942-02-05,84,MARRIED,"[{""type"": ""mobile"", ""number"": ""+10000000360"", ""is_primary"": true}]",,1099218439,XXXXXX8439,ILLITERATE,en,images/IND-0360.jpg,550e8400-e29b-41d4-a716-446655884203,550e8400-e29b-41d4-a716-446655883051,550e8400-e29b-41d4-a716-446655442013,550e8400-e29b-41d4-a716-446655441004,550e8400-e29b-41d4-a716-446655440001,"{""hierarchy"": [{""level"": ""country"", ""level_value_id"": ""550e8400-e29b-41d4-a716-446655440001"", ""level_value_mnemonic"": ""kamuntu""}, {""level"": ""region"", ""level_value_id"": ""550e8400-e29b-41d4-a716-446655441004"", ""level_value_mnemonic"": ""faraja""}, {""level"": ""district"", ""level_value_id"": ""550e8400-e29b-41d4-a716-446655442013"", ""level_value_mnemonic"": ""asilani""}, {""level"": ""ward"", ""level_value_id"": ""550e8400-e29b-41d4-a716-446655883051"", ""level_value_mnemonic"": ""mapicho""}, {""level"": ""village"", ""level_value_id"": ""550e8400-e29b-41d4-a716-446655884203"", ""level_value_mnemonic"": ""bauli""}], ""lowest_level_value_id"": ""550e8400-e29b-41d4-a716-446655884203""}",19.3428,71.3362,290,93AB+13,16629 Jensen Inlet Suite 381,Sector 1,000360,KM
20000000-0000-4000-8000-000000000361,IND-0361,William,Steven,Williams,William Steven Williams,William Steven Williams,MALE,2019-12-31,6,MARRIED,"[{""type"": ""mobile"", ""number"": ""+10000000361"", ""is_primary"": true}]",,1231178500,XXXXXX8500,ILLITERATE,en,images/IND-0361.jpg,550e8400-e29b-41d4-a716-446655884203,550e8400-e29b-41d4-a716-446655883051,550e8400-e29b-41d4-a716-446655442013,550e8400-e29b-41d4-a716-446655441004,550e8400-e29b-41d4-a716-446655440001,"{""hierarchy"": [{""level"": ""country"", ""level_value_id"": ""550e8400-e29b-41d4-a716-446655440001"", ""level_value_mnemonic"": ""kamuntu""}, {""level"": ""region"", ""level_value_id"": ""550e8400-e29b-41d4-a716-446655441004"", ""level_value_mnemonic"": ""faraja""}, {""level"": ""district"", ""level_value_id"": ""550e8400-e29b-41d4-a716-446655442013"", ""level_value_mnemonic"": ""asilani""}, {""level"": ""ward"", ""level_value_id"": ""550e8400-e29b-41d4-a716-446655883051"", ""level_value_mnemonic"": ""mapicho""}, {""level"": ""village"", ""level_value_id"": ""550e8400-e29b-41d4-a716-446655884203"", ""level_value_mnemonic"": ""bauli""}], ""lowest_level_value_id"": ""550e8400-e29b-41d4-a716-446655884203""}",19.3471,71.3224,71,93AB+13,71747 Hall Fork,Sector 2,000361,KM
20000000-0000-4000-8000-000000000362,IND-0362,Briana,,Williams,Briana Williams,Briana Williams,FEMALE,2012-09-07,13,SINGLE,"[{""type"": ""mobile"", ""number"": ""+10000000362"", ""is_primary"": true}]",,2328736852,XXXXXX6852,CAN_READ_AND_WRITE,en,images/IND-0362.jpg,550e8400-e29b-41d4-a716-446655884203,550e8400-e29b-41d4-a716-446655883051,550e8400-e29b-41d4-a716-446655442013,550e8400-e29b-41d4-a716-446655441004,550e8400-e29b-41d4-a716-446655440001,"{""hierarchy"": [{""level"": ""country"", ""level_value_id"": ""550e8400-e29b-41d4-a716-446655440001"", ""level_value_mnemonic"": ""kamuntu""}, {""level"": ""region"", ""level_value_id"": ""550e8400-e29b-41d4-a716-446655441004"", ""level_value_mnemonic"": ""faraja""}, {""level"": ""district"", ""level_value_id"": ""550e8400-e29b-41d4-a716-446655442013"", ""level_value_mnemonic"": ""asilani""}, {""level"": ""ward"", ""level_value_id"": ""550e8400-e29b-41d4-a716-446655883051"", ""level_value_mnemonic"": ""mapicho""}, {""level"": ""village"", ""level_value_id"": ""550e8400-e29b-41d4-a716-446655884203"", ""level_value_mnemonic"": ""bauli""}], ""lowest_level_value_id"": ""550e8400-e29b-41d4-a716-446655884203""}",19.2947,71.2984,210,92AB+12,6255 Freeman Circles Suite 157,Sector 3,000362,KM
20000000-0000-4000-8000-000000000363,IND-0363,Joel,Katrina,Jackson,Joel Katrina Jackson,Joel Katrina Jackson,MALE,1982-02-22,44,MARRIED,"[{""type"": ""mobile"", ""number"": ""+10000000363"", ""is_primary"": true}]",williamsullivan@example.net,9006854740,XXXXXX4740,INTERMEDIARY,en,images/IND-0363.jpg,550e8400-e29b-41d4-a716-446655884068,550e8400-e29b-41d4-a716-446655883017,550e8400-e29b-41d4-a716-446655442005,550e8400-e29b-41d4-a716-446655441002,550e8400-e29b-41d4-a716-446655440001,"{""hierarchy"": [{""level"": ""country"", ""level_value_id"": ""550e8400-e29b-41d4-a716-446655440001"", ""level_value_mnemonic"": ""kamuntu""}, {""level"": ""region"", ""level_value_id"": ""550e8400-e29b-41d4-a716-446655441002"", ""level_value_mnemonic"": ""chakula""}, {""level"": ""district"", ""level_value_id"": ""550e8400-e29b-41d4-a716-446655442005"", ""level_value_mnemonic"": ""mfumo""}, {""level"": ""ward"", ""level_value_id"": ""550e8400-e29b-41d4-a716-446655883017"", ""level_value_mnemonic"": ""haraka""}, {""level"": ""village"", ""level_value_id"": ""550e8400-e29b-41d4-a716-446655884068"", ""level_value_mnemonic"": ""bilowi""}], ""lowest_level_value_id"": ""550e8400-e29b-41d4-a716-446655884068""}",16.9867,69.0271,289,69AB+90,8148 Morales Loop,Sector 4,000363,KM
20000000-0000-4000-8000-000000000364,IND-0364,David,,Jackson,David Jackson,David Jackson,FEMALE,1997-06-21,28,MARRIED,"[{""type"": ""mobile"", ""number"": ""+10000000364"", ""is_primary"": true}]",,7587552692,XXXXXX2692,INTERMEDIARY,en,images/IND-0364.jpg,550e8400-e29b-41d4-a716-446655884068,550e8400-e29b-41d4-a716-446655883017,550e8400-e29b-41d4-a716-446655442005,550e8400-e29b-41d4-a716-446655441002,550e8400-e29b-41d4-a716-446655440001,"{""hierarchy"": [{""level"": ""country"", ""level_value_id"": ""550e8400-e29b-41d4-a716-446655440001"", ""level_value_mnemonic"": ""kamuntu""}, {""level"": ""region"", ""level_value_id"": ""550e8400-e29b-41d4-a716-446655441002"", ""level_value_mnemonic"": ""chakula""}, {""level"": ""district"", ""level_value_id"": ""550e8400-e29b-41d4-a716-446655442005"", ""level_value_mnemonic"": ""mfumo""}, {""level"": ""ward"", ""level_value_id"": ""550e8400-e29b-41d4-a716-446655883017"", ""level_value_mnemonic"": ""haraka""}, {""level"": ""village"", ""level_value_id"": ""550e8400-e29b-41d4-a716-446655884068"", ""level_value_mnemonic"": ""bilowi""}], ""lowest_level_value_id"": ""550e8400-e29b-41d4-a716-446655884068""}",17.0309,68.9882,108,70AB+89,6153 Mueller Mews,Sector 5,000364,KM
20000000-0000-4000-8000-000000000365,IND-0365,Latoya,,Jackson,Latoya Jackson,Latoya Jackson,FEMALE,2005-01-12,21,SINGLE,"[{""type"": ""mobile"", ""number"": ""+10000000365"", ""is_primary"": true}]",,5880373288,XXXXXX3288,INTERMEDIARY,en,images/IND-0365.jpg,550e8400-e29b-41d4-a716-446655884068,550e8400-e29b-41d4-a716-446655883017,550e8400-e29b-41d4-a716-446655442005,550e8400-e29b-41d4-a716-446655441002,550e8400-e29b-41d4-a716-446655440001,"{""hierarchy"": [{""level"": ""country"", ""level_value_id"": ""550e8400-e29b-41d4-a716-446655440001"", ""level_value_mnemonic"": ""kamuntu""}, {""level"": ""region"", ""level_value_id"": ""550e8400-e29b-41d4-a716-446655441002"", ""level_value_mnemonic"": ""chakula""}, {""level"": ""district"", ""level_value_id"": ""550e8400-e29b-41d4-a716-446655442005"", ""level_value_mnemonic"": ""mfumo""}, {""level"": ""ward"", ""level_value_id"": ""550e8400-e29b-41d4-a716-446655883017"", ""level_value_mnemonic"": ""haraka""}, {""level"": ""village"", ""level_value_id"": ""550e8400-e29b-41d4-a716-446655884068"", ""level_value_mnemonic"": ""bilowi""}], ""lowest_level_value_id"": ""550e8400-e29b-41d4-a716-446655884068""}",16.9687,68.9935,226,69AB+89,19719 Nguyen Court,Sector 6,000365,KM
20000000-0000-4000-8000-000000000366,IND-0366,Samantha,,Thompson,Samantha Thompson,Samantha Thompson,FEMALE,1983-07-28,42,MARRIED,"[{""type"": ""mobile"", ""number"": ""+10000000366"", ""is_primary"": true}]",gjones@example.net,2604788242,XXXXXX8242,INTERMEDIARY,en,images/IND-0366.jpg,550e8400-e29b-41d4-a716-446655884154,550e8400-e29b-41d4-a716-446655883039,550e8400-e29b-41d4-a716-446655442010,550e8400-e29b-41d4-a716-446655441003,550e8400-e29b-41d4-a716-446655440001,"{""hierarchy"": [{""level"": ""country"", ""level_value_id"": ""550e8400-e29b-41d4-a716-446655440001"", ""level_value_mnemonic"": ""kamuntu""}, {""level"": ""region"", ""level_value_id"": ""550e8400-e29b-41d4-a716-446655441003"", ""level_value_mnemonic"": ""jasiri""}, {""level"": ""district"", ""level_value_id"": ""550e8400-e29b-41d4-a716-446655442010"", ""level_value_mnemonic"": ""ndoto""}, {""level"": ""ward"", ""level_value_id"": ""550e8400-e29b-41d4-a716-446655883039"", ""level_value_mnemonic"": ""habari""}, {""level"": ""village"", ""level_value_id"": ""550e8400-e29b-41d4-a716-446655884154"", ""level_value_mnemonic"": ""biluzo""}], ""lowest_level_value_id"": ""550e8400-e29b-41d4-a716-446655884154""}",18.3312,71.3461,151,83AB+13,7013 Paige Throughway Apt. 227,Sector 7,000366,KM
20000000-0000-4000-8000-000000000367,IND-0367,Kim,Becky,Thompson,Kim Becky Thompson,Kim Becky Thompson,MALE,2016-01-21,10,MARRIED,"[{""type"": ""mobile"", ""number"": ""+10000000367"", ""is_primary"": true}]",,6462619080,XXXXXX9080,INTERMEDIARY,en,images/IND-0367.jpg,550e8400-e29b-41d4-a716-446655884154,550e8400-e29b-41d4-a716-446655883039,550e8400-e29b-41d4-a716-446655442010,550e8400-e29b-41d4-a716-446655441003,550e8400-e29b-41d4-a716-446655440001,"{""hierarchy"": [{""level"": ""country"", ""level_value_id"": ""550e8400-e29b-41d4-a716-446655440001"", ""level_value_mnemonic"": ""kamuntu""}, {""level"": ""region"", ""level_value_id"": ""550e8400-e29b-41d4-a716-446655441003"", ""level_value_mnemonic"": ""jasiri""}, {""level"": ""district"", ""level_value_id"": ""550e8400-e29b-41d4-a716-446655442010"", ""level_value_mnemonic"": ""ndoto""}, {""level"": ""ward"", ""level_value_id"": ""550e8400-e29b-41d4-a716-446655883039"", ""level_value_mnemonic"": ""habari""}, {""level"": ""village"", ""level_value_id"": ""550e8400-e29b-41d4-a716-446655884154"", ""level_value_mnemonic"": ""biluzo""}], ""lowest_level_value_id"": ""550e8400-e29b-41d4-a716-446655884154""}",18.3548,71.3432,118,83AB+13,54946 Mooney Prairie,Sector 8,000367,KM
20000000-0000-4000-8000-000000000368,IND-0368,Adam,,Thompson,Adam Thompson,Adam Thompson,MALE,2014-12-07,11,SINGLE,"[{""type"": ""mobile"", ""number"": ""+10000000368"", ""is_primary"": true}]",,7239587766,XXXXXX7766,ILLITERATE,en,images/IND-0368.jpg,550e8400-e29b-41d4-a716-446655884154,550e8400-e29b-41d4-a716-446655883039,550e8400-e29b-41d4-a716-446655442010,550e8400-e29b-41d4-a716-446655441003,550e8400-e29b-41d4-a716-446655440001,"{""hierarchy"": [{""level"": ""country"", ""level_value_id"": ""550e8400-e29b-41d4-a716-446655440001"", ""level_value_mnemonic"": ""kamuntu""}, {""level"": ""region"", ""level_value_id"": ""550e8400-e29b-41d4-a716-446655441003"", ""level_value_mnemonic"": ""jasiri""}, {""level"": ""district"", ""level_value_id"": ""550e8400-e29b-41d4-a716-446655442010"", ""level_value_mnemonic"": ""ndoto""}, {""level"": ""ward"", ""level_value_id"": ""550e8400-e29b-41d4-a716-446655883039"", ""level_value_mnemonic"": ""habari""}, {""level"": ""village"", ""level_value_id"": ""550e8400-e29b-41d4-a716-446655884154"", ""level_value_mnemonic"": ""biluzo""}], ""lowest_level_value_id"": ""550e8400-e29b-41d4-a716-446655884154""}",18.36,71.3392,132,83AB+13,40580 Jacqueline View Suite 140,Sector 9,000368,KM
20000000-0000-4000-8000-000000000369,IND-0369,Kristi,,Bridges,Kristi Bridges,Kristi Bridges,FEMALE,1972-02-16,54,MARRIED,"[{""type"": ""mobile"", ""number"": ""+10000000369"", ""is_primary"": true}]",mary24@example.net,4399143287,XXXXXX3287,BASIC,en,images/IND-0369.jpg,550e8400-e29b-41d4-a716-446655884078,550e8400-e29b-41d4-a716-446655883020,550e8400-e29b-41d4-a716-446655442005,550e8400-e29b-41d4-a716-446655441002,550e8400-e29b-41d4-a716-446655440001,"{""hierarchy"": [{""level"": ""country"", ""level_value_id"": ""550e8400-e29b-41d4-a716-446655440001"", ""level_value_mnemonic"": ""kamuntu""}, {""level"": ""region"", ""level_value_id"": ""550e8400-e29b-41d4-a716-446655441002"", ""level_value_mnemonic"": ""chakula""}, {""level"": ""district"", ""level_value_id"": ""550e8400-e29b-41d4-a716-446655442005"", ""level_value_mnemonic"": ""mfumo""}, {""level"": ""ward"", ""level_value_id"": ""550e8400-e29b-41d4-a716-446655883020"", ""level_value_mnemonic"": ""nguvu""}, {""level"": ""village"", ""level_value_id"": ""550e8400-e29b-41d4-a716-446655884078"", ""level_value_mnemonic"": ""biluca""}], ""lowest_level_value_id"": ""550e8400-e29b-41d4-a716-446655884078""}",19.293,68.3444,293,92AB+83,01027 Proctor Dale,Sector 1,000369,KM
20000000-0000-4000-8000-000000000370,IND-0370,Angela,Robert,Bridges,Angela Robert Bridges,Angela Robert Bridges,MALE,1997-02-17,29,MARRIED,"[{""type"": ""mobile"", ""number"": ""+10000000370"", ""is_primary"": true}]",,1054183126,XXXXXX3126,INTERMEDIARY,en,images/IND-0370.jpg,550e8400-e29b-41d4-a716-446655884078,550e8400-e29b-41d4-a716-446655883020,550e8400-e29b-41d4-a716-446655442005,550e8400-e29b-41d4-a716-446655441002,550e8400-e29b-41d4-a716-446655440001,"{""hierarchy"": [{""level"": ""country"", ""level_value_id"": ""550e8400-e29b-41d4-a716-446655440001"", ""level_value_mnemonic"": ""kamuntu""}, {""level"": ""region"", ""level_value_id"": ""550e8400-e29b-41d4-a716-446655441002"", ""level_value_mnemonic"": ""chakula""}, {""level"": ""district"", ""level_value_id"": ""550e8400-e29b-41d4-a716-446655442005"", ""level_value_mnemonic"": ""mfumo""}, {""level"": ""ward"", ""level_value_id"": ""550e8400-e29b-41d4-a716-446655883020"", ""level_value_mnemonic"": ""nguvu""}, {""level"": ""village"", ""level_value_id"": ""550e8400-e29b-41d4-a716-446655884078"", ""level_value_mnemonic"": ""biluca""}], ""lowest_level_value_id"": ""550e8400-e29b-41d4-a716-446655884078""}",19.3575,68.3315,148,93AB+83,969 Shawn Manors Suite 653,Sector 2,000370,KM
20000000-0000-4000-8000-000000000371,IND-0371,Cody,,Bridges,Cody Bridges,Cody Bridges,MALE,2023-11-04,2,SINGLE,"[{""type"": ""mobile"", ""number"": ""+10000000371"", ""is_primary"": true}]",,9993491029,XXXXXX1029,,en,images/IND-0371.jpg,550e8400-e29b-41d4-a716-446655884078,550e8400-e29b-41d4-a716-446655883020,550e8400-e29b-41d4-a716-446655442005,550e8400-e29b-41d4-a716-446655441002,550e8400-e29b-41d4-a716-446655440001,"{""hierarchy"": [{""level"": ""country"", ""level_value_id"": ""550e8400-e29b-41d4-a716-446655440001"", ""level_value_mnemonic"": ""kamuntu""}, {""level"": ""region"", ""level_value_id"": ""550e8400-e29b-41d4-a716-446655441002"", ""level_value_mnemonic"": ""chakula""}, {""level"": ""district"", ""level_value_id"": ""550e8400-e29b-41d4-a716-446655442005"", ""level_value_mnemonic"": ""mfumo""}, {""level"": ""ward"", ""level_value_id"": ""550e8400-e29b-41d4-a716-446655883020"", ""level_value_mnemonic"": ""nguvu""}, {""level"": ""village"", ""level_value_id"": ""550e8400-e29b-41d4-a716-446655884078"", ""level_value_mnemonic"": ""biluca""}], ""lowest_level_value_id"": ""550e8400-e29b-41d4-a716-446655884078""}",19.3266,68.2808,149,93AB+82,384 House Ports Suite 009,Sector 3,000371,KM
20000000-0000-4000-8000-000000000372,IND-0372,Melinda,,Ryan,Melinda Ryan,Melinda Ryan,FEMALE,1975-07-28,50,MARRIED,"[{""type"": ""mobile"", ""number"": ""+10000000372"", ""is_primary"": true}]",chloe58@example.org,7159677390,XXXXXX7390,CAN_READ_AND_WRITE,en,images/IND-0372.jpg,550e8400-e29b-41d4-a716-446655884160,550e8400-e29b-41d4-a716-446655883040,550e8400-e29b-41d4-a716-446655442010,550e8400-e29b-41d4-a716-446655441003,550e8400-e29b-41d4-a716-446655440001,"{""hierarchy"": [{""level"": ""country"", ""level_value_id"": ""550e8400-e29b-41d4-a716-446655440001"", ""level_value_mnemonic"": ""kamuntu""}, {""level"": ""region"", ""level_value_id"": ""550e8400-e29b-41d4-a716-446655441003"", ""level_value_mnemonic"": ""jasiri""}, {""level"": ""district"", ""level_value_id"": ""550e8400-e29b-41d4-a716-446655442010"", ""level_value_mnemonic"": ""ndoto""}, {""level"": ""ward"", ""level_value_id"": ""550e8400-e29b-41d4-a716-446655883040"", ""level_value_mnemonic"": ""tupa""}, {""level"": ""village"", ""level_value_id"": ""550e8400-e29b-41d4-a716-446655884160"", ""level_value_mnemonic"": ""bimafa""}], ""lowest_level_value_id"": ""550e8400-e29b-41d4-a716-446655884160""}",11.0015,66.0794,199,10AB+60,8795 Gomez Union Suite 420,Sector 4,000372,KM
20000000-0000-4000-8000-000000000373,IND-0373,Michael,,Ryan,Michael Ryan,Michael Ryan,MALE,1985-12-13,40,MARRIED,"[{""type"": ""mobile"", ""number"": ""+10000000373"", ""is_primary"": true}]",jessica94@example.org,3560712271,XXXXXX2271,HIGHER_EDUCATION,en,images/IND-0373.jpg,550e8400-e29b-41d4-a716-446655884160,550e8400-e29b-41d4-a716-446655883040,550e8400-e29b-41d4-a716-446655442010,550e8400-e29b-41d4-a716-446655441003,550e8400-e29b-41d4-a716-446655440001,"{""hierarchy"": [{""level"": ""country"", ""level_value_id"": ""550e8400-e29b-41d4-a716-446655440001"", ""level_value_mnemonic"": ""kamuntu""}, {""level"": ""region"", ""level_value_id"": ""550e8400-e29b-41d4-a716-446655441003"", ""level_value_mnemonic"": ""jasiri""}, {""level"": ""district"", ""level_value_id"": ""550e8400-e29b-41d4-a716-446655442010"", ""level_value_mnemonic"": ""ndoto""}, {""level"": ""ward"", ""level_value_id"": ""550e8400-e29b-41d4-a716-446655883040"", ""level_value_mnemonic"": ""tupa""}, {""level"": ""village"", ""level_value_id"": ""550e8400-e29b-41d4-a716-446655884160"", ""level_value_mnemonic"": ""bimafa""}], ""lowest_level_value_id"": ""550e8400-e29b-41d4-a716-446655884160""}",11.0371,66.0089,90,10AB+60,290 Lamb Road Apt. 471,Sector 5,000373,KM
20000000-0000-4000-8000-000000000374,IND-0374,Beth,,Ryan,Beth Ryan,Beth Ryan,FEMALE,1962-10-10,63,WIDOWED,"[{""type"": ""mobile"", ""number"": ""+10000000374"", ""is_primary"": true}]",johnathan94@example.com,3768428107,XXXXXX8107,BASIC,en,images/IND-0374.jpg,550e8400-e29b-41d4-a716-446655884160,550e8400-e29b-41d4-a716-446655883040,550e8400-e29b-41d4-a716-446655442010,550e8400-e29b-41d4-a716-446655441003,550e8400-e29b-41d4-a716-446655440001,"{""hierarchy"": [{""level"": ""country"", ""level_value_id"": ""550e8400-e29b-41d4-a716-446655440001"", ""level_value_mnemonic"": ""kamuntu""}, {""level"": ""region"", ""level_value_id"": ""550e8400-e29b-41d4-a716-446655441003"", ""level_value_mnemonic"": ""jasiri""}, {""level"": ""district"", ""level_value_id"": ""550e8400-e29b-41d4-a716-446655442010"", ""level_value_mnemonic"": ""ndoto""}, {""level"": ""ward"", ""level_value_id"": ""550e8400-e29b-41d4-a716-446655883040"", ""level_value_mnemonic"": ""tupa""}, {""level"": ""village"", ""level_value_id"": ""550e8400-e29b-41d4-a716-446655884160"", ""level_value_mnemonic"": ""bimafa""}], ""lowest_level_value_id"": ""550e8400-e29b-41d4-a716-446655884160""}",11.0701,66.0791,82,10AB+60,19292 Wood Extensions Suite 372,Sector 6,000374,KM
20000000-0000-4000-8000-000000000375,IND-0375,Robert,Matthew,Atkins,Robert Matthew Atkins,Robert Matthew Atkins,MALE,1985-03-12,41,MARRIED,"[{""type"": ""mobile"", ""number"": ""+10000000375"", ""is_primary"": true}]",coffeycaitlin@example.org,4859728403,XXXXXX8403,INTERMEDIARY,en,images/IND-0375.jpg,550e8400-e29b-41d4-a716-446655884178,550e8400-e29b-41d4-a716-446655883045,550e8400-e29b-41d4-a716-446655442012,550e8400-e29b-41d4-a716-446655441003,550e8400-e29b-41d4-a716-446655440001,"{""hierarchy"": [{""level"": ""country"", ""level_value_id"": ""550e8400-e29b-41d4-a716-446655440001"", ""level_value_mnemonic"": ""kamuntu""}, {""level"": ""region"", ""level_value_id"": ""550e8400-e29b-41d4-a716-446655441003"", ""level_value_mnemonic"": ""jasiri""}, {""level"": ""district"", ""level_value_id"": ""550e8400-e29b-41d4-a716-446655442012"", ""level_value_mnemonic"": ""mapema""}, {""level"": ""ward"", ""level_value_id"": ""550e8400-e29b-41d4-a716-446655883045"", ""level_value_mnemonic"": ""ushindi""}, {""level"": ""village"", ""level_value_id"": ""550e8400-e29b-41d4-a716-446655884178"", ""level_value_mnemonic"": ""bimaya""}], ""lowest_level_value_id"": ""550e8400-e29b-41d4-a716-446655884178""}",18.0285,68.0238,125,80AB+80,6372 Becky Ville Suite 041,Sector 7,000375,KM
20000000-0000-4000-8000-000000000376,IND-0376,Anthony,,Atkins,Anthony Atkins,Anthony Atkins,FEMALE,1994-03-08,32,MARRIED,"[{""type"": ""mobile"", ""number"": ""+10000000376"", ""is_primary"": true}]",,3381646593,XXXXXX6593,HIGHER_EDUCATION,en,images/IND-0376.jpg,550e8400-e29b-41d4-a716-446655884178,550e8400-e29b-41d4-a716-446655883045,550e8400-e29b-41d4-a716-446655442012,550e8400-e29b-41d4-a716-446655441003,550e8400-e29b-41d4-a716-446655440001,"{""hierarchy"": [{""level"": ""country"", ""level_value_id"": ""550e8400-e29b-41d4-a716-446655440001"", ""level_value_mnemonic"": ""kamuntu""}, {""level"": ""region"", ""level_value_id"": ""550e8400-e29b-41d4-a716-446655441003"", ""level_value_mnemonic"": ""jasiri""}, {""level"": ""district"", ""level_value_id"": ""550e8400-e29b-41d4-a716-446655442012"", ""level_value_mnemonic"": ""mapema""}, {""level"": ""ward"", ""level_value_id"": ""550e8400-e29b-41d4-a716-446655883045"", ""level_value_mnemonic"": ""ushindi""}, {""level"": ""village"", ""level_value_id"": ""550e8400-e29b-41d4-a716-446655884178"", ""level_value_mnemonic"": ""bimaya""}], ""lowest_level_value_id"": ""550e8400-e29b-41d4-a716-446655884178""}",17.9869,67.9955,125,79AB+79,7836 Wells Drive Suite 047,Sector 8,000376,KM
20000000-0000-4000-8000-000000000377,IND-0377,Janet,,Atkins,Janet Atkins,Janet Atkins,FEMALE,1969-02-09,57,MARRIED,"[{""type"": ""mobile"", ""number"": ""+10000000377"", ""is_primary"": true}]",davisamanda@example.com,9670335754,XXXXXX5754,ILLITERATE,en,images/IND-0377.jpg,550e8400-e29b-41d4-a716-446655884178,550e8400-e29b-41d4-a716-446655883045,550e8400-e29b-41d4-a716-446655442012,550e8400-e29b-41d4-a716-446655441003,550e8400-e29b-41d4-a716-446655440001,"{""hierarchy"": [{""level"": ""country"", ""level_value_id"": ""550e8400-e29b-41d4-a716-446655440001"", ""level_value_mnemonic"": ""kamuntu""}, {""level"": ""region"", ""level_value_id"": ""550e8400-e29b-41d4-a716-446655441003"", ""level_value_mnemonic"": ""jasiri""}, {""level"": ""district"", ""level_value_id"": ""550e8400-e29b-41d4-a716-446655442012"", ""level_value_mnemonic"": ""mapema""}, {""level"": ""ward"", ""level_value_id"": ""550e8400-e29b-41d4-a716-446655883045"", ""level_value_mnemonic"": ""ushindi""}, {""level"": ""village"", ""level_value_id"": ""550e8400-e29b-41d4-a716-446655884178"", ""level_value_mnemonic"": ""bimaya""}], ""lowest_level_value_id"": ""550e8400-e29b-41d4-a716-446655884178""}",18.0657,68.0576,111,80AB+80,454 Lang Glens Suite 739,Sector 9,000377,KM
20000000-0000-4000-8000-000000000378,IND-0378,Brian,,Griffin,Brian Griffin,Brian Griffin,MALE,2020-09-22,5,MARRIED,"[{""type"": ""mobile"", ""number"": ""+10000000378"", ""is_primary"": true}]",,1867922818,XXXXXX2818,,en,images/IND-0378.jpg,550e8400-e29b-41d4-a716-446655884199,550e8400-e29b-41d4-a716-446655883050,550e8400-e29b-41d4-a716-446655442013,550e8400-e29b-41d4-a716-446655441004,550e8400-e29b-41d4-a716-446655440001,"{""hierarchy"": [{""level"": ""country"", ""level_value_id"": ""550e8400-e29b-41d4-a716-446655440001"", ""level_value_mnemonic"": ""kamuntu""}, {""level"": ""region"", ""level_value_id"": ""550e8400-e29b-41d4-a716-446655441004"", ""level_value_mnemonic"": ""faraja""}, {""level"": ""district"", ""level_value_id"": ""550e8400-e29b-41d4-a716-446655442013"", ""level_value_mnemonic"": ""asilani""}, {""level"": ""ward"", ""level_value_id"": ""550e8400-e29b-41d4-a716-446655883050"", ""level_value_mnemonic"": ""nguvu""}, {""level"": ""village"", ""level_value_id"": ""550e8400-e29b-41d4-a716-446655884199"", ""level_value_mnemonic"": ""bano""}], ""lowest_level_value_id"": ""550e8400-e29b-41d4-a716-446655884199""}",19.8285,66.7899,196,98AB+67,443 Andrew Course,Sector 1,000378,KM
20000000-0000-4000-8000-000000000379,IND-0379,Amy,,Griffin,Amy Griffin,Amy Griffin,FEMALE,1985-09-17,40,MARRIED,"[{""type"": ""mobile"", ""number"": ""+10000000379"", ""is_primary"": true}]",,5505788456,XXXXXX8456,CAN_READ_AND_WRITE,en,images/IND-0379.jpg,550e8400-e29b-41d4-a716-446655884199,550e8400-e29b-41d4-a716-446655883050,550e8400-e29b-41d4-a716-446655442013,550e8400-e29b-41d4-a716-446655441004,550e8400-e29b-41d4-a716-446655440001,"{""hierarchy"": [{""level"": ""country"", ""level_value_id"": ""550e8400-e29b-41d4-a716-446655440001"", ""level_value_mnemonic"": ""kamuntu""}, {""level"": ""region"", ""level_value_id"": ""550e8400-e29b-41d4-a716-446655441004"", ""level_value_mnemonic"": ""faraja""}, {""level"": ""district"", ""level_value_id"": ""550e8400-e29b-41d4-a716-446655442013"", ""level_value_mnemonic"": ""asilani""}, {""level"": ""ward"", ""level_value_id"": ""550e8400-e29b-41d4-a716-446655883050"", ""level_value_mnemonic"": ""nguvu""}, {""level"": ""village"", ""level_value_id"": ""550e8400-e29b-41d4-a716-446655884199"", ""level_value_mnemonic"": ""bano""}], ""lowest_level_value_id"": ""550e8400-e29b-41d4-a716-446655884199""}",19.8021,66.8518,53,98AB+68,111 Nicholas Track,Sector 2,000379,KM
20000000-0000-4000-8000-000000000380,IND-0380,Stephanie,,Griffin,Stephanie Griffin,Stephanie Griffin,FEMALE,1969-12-16,56,WIDOWED,"[{""type"": ""mobile"", ""number"": ""+10000000380"", ""is_primary"": true}]",,5555672620,XXXXXX2620,ILLITERATE,en,images/IND-0380.jpg,550e8400-e29b-41d4-a716-446655884199,550e8400-e29b-41d4-a716-446655883050,550e8400-e29b-41d4-a716-446655442013,550e8400-e29b-41d4-a716-446655441004,550e8400-e29b-41d4-a716-446655440001,"{""hierarchy"": [{""level"": ""country"", ""level_value_id"": ""550e8400-e29b-41d4-a716-446655440001"", ""level_value_mnemonic"": ""kamuntu""}, {""level"": ""region"", ""level_value_id"": ""550e8400-e29b-41d4-a716-446655441004"", ""level_value_mnemonic"": ""faraja""}, {""level"": ""district"", ""level_value_id"": ""550e8400-e29b-41d4-a716-446655442013"", ""level_value_mnemonic"": ""asilani""}, {""level"": ""ward"", ""level_value_id"": ""550e8400-e29b-41d4-a716-446655883050"", ""level_value_mnemonic"": ""nguvu""}, {""level"": ""village"", ""level_value_id"": ""550e8400-e29b-41d4-a716-446655884199"", ""level_value_mnemonic"": ""bano""}], ""lowest_level_value_id"": ""550e8400-e29b-41d4-a716-446655884199""}",19.8358,66.8738,156,98AB+68,24471 Livingston Harbor,Sector 3,000380,KM
20000000-0000-4000-8000-000000000381,IND-0381,Randy,,Schwartz,Randy Schwartz,Randy Schwartz,MALE,1978-09-16,47,MARRIED,"[{""type"": ""mobile"", ""number"": ""+10000000381"", ""is_primary"": true}]",jonathan14@example.org,1417124022,XXXXXX4022,CAN_READ_AND_WRITE,en,images/IND-0381.jpg,550e8400-e29b-41d4-a716-446655884137,550e8400-e29b-41d4-a716-446655883035,550e8400-e29b-41d4-a716-446655442009,550e8400-e29b-41d4-a716-446655441003,550e8400-e29b-41d4-a716-446655440001,"{""hierarchy"": [{""level"": ""country"", ""level_value_id"": ""550e8400-e29b-41d4-a716-446655440001"", ""level_value_mnemonic"": ""kamuntu""}, {""level"": ""region"", ""level_value_id"": ""550e8400-e29b-41d4-a716-446655441003"", ""level_value_mnemonic"": ""jasiri""}, {""level"": ""district"", ""level_value_id"": ""550e8400-e29b-41d4-a716-446655442009"", ""level_value_mnemonic"": ""simba""}, {""level"": ""ward"", ""level_value_id"": ""550e8400-e29b-41d4-a716-446655883035"", ""level_value_mnemonic"": ""hatua""}, {""level"": ""village"", ""level_value_id"": ""550e8400-e29b-41d4-a716-446655884137"", ""level_value_mnemonic"": ""biluvi""}], ""lowest_level_value_id"": ""550e8400-e29b-41d4-a716-446655884137""}",18.6725,70.6532,98,86AB+06,5044 Scott Overpass Apt. 962,Sector 4,000381,KM
20000000-0000-4000-8000-000000000382,IND-0382,Matthew,,Schwartz,Matthew Schwartz,Matthew Schwartz,FEMALE,1984-09-15,41,MARRIED,"[{""type"": ""mobile"", ""number"": ""+10000000382"", ""is_primary"": true}]",probinson@example.org,8152161448,XXXXXX1448,HIGHER_EDUCATION,en,images/IND-0382.jpg,550e8400-e29b-41d4-a716-446655884137,550e8400-e29b-41d4-a716-446655883035,550e8400-e29b-41d4-a716-446655442009,550e8400-e29b-41d4-a716-446655441003,550e8400-e29b-41d4-a716-446655440001,"{""hierarchy"": [{""level"": ""country"", ""level_value_id"": ""550e8400-e29b-41d4-a716-446655440001"", ""level_value_mnemonic"": ""kamuntu""}, {""level"": ""region"", ""level_value_id"": ""550e8400-e29b-41d4-a716-446655441003"", ""level_value_mnemonic"": ""jasiri""}, {""level"": ""district"", ""level_value_id"": ""550e8400-e29b-41d4-a716-446655442009"", ""level_value_mnemonic"": ""simba""}, {""level"": ""ward"", ""level_value_id"": ""550e8400-e29b-41d4-a716-446655883035"", ""level_value_mnemonic"": ""hatua""}, {""level"": ""village"", ""level_value_id"": ""550e8400-e29b-41d4-a716-446655884137"", ""level_value_mnemonic"": ""biluvi""}], ""lowest_level_value_id"": ""550e8400-e29b-41d4-a716-446655884137""}",18.6883,70.6167,96,86AB+06,410 Chad Stream Suite 707,Sector 5,000382,KM
20000000-0000-4000-8000-000000000383,IND-0383,Brittany,,Schwartz,Brittany Schwartz,Brittany Schwartz,FEMALE,1987-12-27,38,MARRIED,"[{""type"": ""mobile"", ""number"": ""+10000000383"", ""is_primary"": true}]",ortegajoseph@example.net,6891490448,XXXXXX0448,CAN_READ_AND_WRITE,en,images/IND-0383.jpg,550e8400-e29b-41d4-a716-446655884137,550e8400-e29b-41d4-a716-446655883035,550e8400-e29b-41d4-a716-446655442009,550e8400-e29b-41d4-a716-446655441003,550e8400-e29b-41d4-a716-446655440001,"{""hierarchy"": [{""level"": ""country"", ""level_value_id"": ""550e8400-e29b-41d4-a716-446655440001"", ""level_value_mnemonic"": ""kamuntu""}, {""level"": ""region"", ""level_value_id"": ""550e8400-e29b-41d4-a716-446655441003"", ""level_value_mnemonic"": ""jasiri""}, {""level"": ""district"", ""level_value_id"": ""550e8400-e29b-41d4-a716-446655442009"", ""level_value_mnemonic"": ""simba""}, {""level"": ""ward"", ""level_value_id"": ""550e8400-e29b-41d4-a716-446655883035"", ""level_value_mnemonic"": ""hatua""}, {""level"": ""village"", ""level_value_id"": ""550e8400-e29b-41d4-a716-446655884137"", ""level_value_mnemonic"": ""biluvi""}], ""lowest_level_value_id"": ""550e8400-e29b-41d4-a716-446655884137""}",18.6764,70.6431,235,86AB+06,9087 Graham Vista Apt. 830,Sector 6,000383,KM
20000000-0000-4000-8000-000000000384,IND-0384,Janice,,Norris,Janice Norris,Janice Norris,FEMALE,1992-07-15,33,MARRIED,"[{""type"": ""mobile"", ""number"": ""+10000000384"", ""is_primary"": true}]",imartinez@example.com,9659953069,XXXXXX3069,CAN_READ_AND_WRITE,en,images/IND-0384.jpg,550e8400-e29b-41d4-a716-446655884110,550e8400-e29b-41d4-a716-446655883028,550e8400-e29b-41d4-a716-446655442007,550e8400-e29b-41d4-a716-446655441002,550e8400-e29b-41d4-a716-446655440001,"{""hierarchy"": [{""level"": ""country"", ""level_value_id"": ""550e8400-e29b-41d4-a716-446655440001"", ""level_value_mnemonic"": ""kamuntu""}, {""level"": ""region"", ""level_value_id"": ""550e8400-e29b-41d4-a716-446655441002"", ""level_value_mnemonic"": ""chakula""}, {""level"": ""district"", ""level_value_id"": ""550e8400-e29b-41d4-a716-446655442007"", ""level_value_mnemonic"": ""rafiki""}, {""level"": ""ward"", ""level_value_id"": ""550e8400-e29b-41d4-a716-446655883028"", ""level_value_mnemonic"": ""nguvu""}, {""level"": ""village"", ""level_value_id"": ""550e8400-e29b-41d4-a716-446655884110"", ""level_value_mnemonic"": ""bilumo""}], ""lowest_level_value_id"": ""550e8400-e29b-41d4-a716-446655884110""}",19.8935,71.969,51,98AB+19,460 Michael Walk Suite 174,Sector 7,000384,KM
20000000-0000-4000-8000-000000000385,IND-0385,Matthew,,Norris,Matthew Norris,Matthew Norris,MALE,2022-07-23,3,MARRIED,"[{""type"": ""mobile"", ""number"": ""+10000000385"", ""is_primary"": true}]",,8826879784,XXXXXX9784,,en,images/IND-0385.jpg,550e8400-e29b-41d4-a716-446655884110,550e8400-e29b-41d4-a716-446655883028,550e8400-e29b-41d4-a716-446655442007,550e8400-e29b-41d4-a716-446655441002,550e8400-e29b-41d4-a716-446655440001,"{""hierarchy"": [{""level"": ""country"", ""level_value_id"": ""550e8400-e29b-41d4-a716-446655440001"", ""level_value_mnemonic"": ""kamuntu""}, {""level"": ""region"", ""level_value_id"": ""550e8400-e29b-41d4-a716-446655441002"", ""level_value_mnemonic"": ""chakula""}, {""level"": ""district"", ""level_value_id"": ""550e8400-e29b-41d4-a716-446655442007"", ""level_value_mnemonic"": ""rafiki""}, {""level"": ""ward"", ""level_value_id"": ""550e8400-e29b-41d4-a716-446655883028"", ""level_value_mnemonic"": ""nguvu""}, {""level"": ""village"", ""level_value_id"": ""550e8400-e29b-41d4-a716-446655884110"", ""level_value_mnemonic"": ""bilumo""}], ""lowest_level_value_id"": ""550e8400-e29b-41d4-a716-446655884110""}",19.9719,71.9311,196,99AB+19,3461 Tucker Roads,Sector 8,000385,KM
20000000-0000-4000-8000-000000000386,IND-0386,Jeffrey,Austin,Norris,Jeffrey Austin Norris,Jeffrey Austin Norris,MALE,1997-12-10,28,SINGLE,"[{""type"": ""mobile"", ""number"": ""+10000000386"", ""is_primary"": true}]",cortezbrittany@example.com,3500339713,XXXXXX9713,HIGHER_EDUCATION,en,images/IND-0386.jpg,550e8400-e29b-41d4-a716-446655884110,550e8400-e29b-41d4-a716-446655883028,550e8400-e29b-41d4-a716-446655442007,550e8400-e29b-41d4-a716-446655441002,550e8400-e29b-41d4-a716-446655440001,"{""hierarchy"": [{""level"": ""country"", ""level_value_id"": ""550e8400-e29b-41d4-a716-446655440001"", ""level_value_mnemonic"": ""kamuntu""}, {""level"": ""region"", ""level_value_id"": ""550e8400-e29b-41d4-a716-446655441002"", ""level_value_mnemonic"": ""chakula""}, {""level"": ""district"", ""level_value_id"": ""550e8400-e29b-41d4-a716-446655442007"", ""level_value_mnemonic"": ""rafiki""}, {""level"": ""ward"", ""level_value_id"": ""550e8400-e29b-41d4-a716-446655883028"", ""level_value_mnemonic"": ""nguvu""}, {""level"": ""village"", ""level_value_id"": ""550e8400-e29b-41d4-a716-446655884110"", ""level_value_mnemonic"": ""bilumo""}], ""lowest_level_value_id"": ""550e8400-e29b-41d4-a716-446655884110""}",19.9033,71.9611,73,99AB+19,84787 Benjamin Centers Suite 061,Sector 9,000386,KM
20000000-0000-4000-8000-000000000387,IND-0387,Susan,,Montgomery,Susan Montgomery,Susan Montgomery,FEMALE,1971-02-11,55,MARRIED,"[{""type"": ""mobile"", ""number"": ""+10000000387"", ""is_primary"": true}]",jacquelineanderson@example.org,4308800114,XXXXXX0114,INTERMEDIARY,en,images/IND-0387.jpg,550e8400-e29b-41d4-a716-446655884112,550e8400-e29b-41d4-a716-446655883028,550e8400-e29b-41d4-a716-446655442007,550e8400-e29b-41d4-a716-446655441002,550e8400-e29b-41d4-a716-446655440001,"{""hierarchy"": [{""level"": ""country"", ""level_value_id"": ""550e8400-e29b-41d4-a716-446655440001"", ""level_value_mnemonic"": ""kamuntu""}, {""level"": ""region"", ""level_value_id"": ""550e8400-e29b-41d4-a716-446655441002"", ""level_value_mnemonic"": ""chakula""}, {""level"": ""district"", ""level_value_id"": ""550e8400-e29b-41d4-a716-446655442007"", ""level_value_mnemonic"": ""rafiki""}, {""level"": ""ward"", ""level_value_id"": ""550e8400-e29b-41d4-a716-446655883028"", ""level_value_mnemonic"": ""nguvu""}, {""level"": ""village"", ""level_value_id"": ""550e8400-e29b-41d4-a716-446655884112"", ""level_value_mnemonic"": ""biluna""}], ""lowest_level_value_id"": ""550e8400-e29b-41d4-a716-446655884112""}",13.0748,68.0849,287,30AB+80,1792 Lisa Coves,Sector 1,000387,KM
20000000-0000-4000-8000-000000000388,IND-0388,Brian,,Montgomery,Brian Montgomery,Brian Montgomery,MALE,2023-05-26,3,MARRIED,"[{""type"": ""mobile"", ""number"": ""+10000000388"", ""is_primary"": true}]",,3426282426,XXXXXX2426,,en,images/IND-0388.jpg,550e8400-e29b-41d4-a716-446655884112,550e8400-e29b-41d4-a716-446655883028,550e8400-e29b-41d4-a716-446655442007,550e8400-e29b-41d4-a716-446655441002,550e8400-e29b-41d4-a716-446655440001,"{""hierarchy"": [{""level"": ""country"", ""level_value_id"": ""550e8400-e29b-41d4-a716-446655440001"", ""level_value_mnemonic"": ""kamuntu""}, {""level"": ""region"", ""level_value_id"": ""550e8400-e29b-41d4-a716-446655441002"", ""level_value_mnemonic"": ""chakula""}, {""level"": ""district"", ""level_value_id"": ""550e8400-e29b-41d4-a716-446655442007"", ""level_value_mnemonic"": ""rafiki""}, {""level"": ""ward"", ""level_value_id"": ""550e8400-e29b-41d4-a716-446655883028"", ""level_value_mnemonic"": ""nguvu""}, {""level"": ""village"", ""level_value_id"": ""550e8400-e29b-41d4-a716-446655884112"", ""level_value_mnemonic"": ""biluna""}], ""lowest_level_value_id"": ""550e8400-e29b-41d4-a716-446655884112""}",13.0327,68.0698,89,30AB+80,36565 Theresa Ports,Sector 2,000388,KM
20000000-0000-4000-8000-000000000389,IND-0389,Joshua,,Montgomery,Joshua Montgomery,Joshua Montgomery,MALE,1945-06-24,80,MARRIED,"[{""type"": ""mobile"", ""number"": ""+10000000389"", ""is_primary"": true}]",kathrynwatkins@example.com,1386903346,XXXXXX3346,ILLITERATE,en,images/IND-0389.jpg,550e8400-e29b-41d4-a716-446655884112,550e8400-e29b-41d4-a716-446655883028,550e8400-e29b-41d4-a716-446655442007,550e8400-e29b-41d4-a716-446655441002,550e8400-e29b-41d4-a716-446655440001,"{""hierarchy"": [{""level"": ""country"", ""level_value_id"": ""550e8400-e29b-41d4-a716-446655440001"", ""level_value_mnemonic"": ""kamuntu""}, {""level"": ""region"", ""level_value_id"": ""550e8400-e29b-41d4-a716-446655441002"", ""level_value_mnemonic"": ""chakula""}, {""level"": ""district"", ""level_value_id"": ""550e8400-e29b-41d4-a716-446655442007"", ""level_value_mnemonic"": ""rafiki""}, {""level"": ""ward"", ""level_value_id"": ""550e8400-e29b-41d4-a716-446655883028"", ""level_value_mnemonic"": ""nguvu""}, {""level"": ""village"", ""level_value_id"": ""550e8400-e29b-41d4-a716-446655884112"", ""level_value_mnemonic"": ""biluna""}], ""lowest_level_value_id"": ""550e8400-e29b-41d4-a716-446655884112""}",13.0432,68.0786,87,30AB+80,42625 Samuel Prairie,Sector 3,000389,KM
20000000-0000-4000-8000-000000000390,IND-0390,Raymond,Jamie,Schwartz,Raymond Jamie Schwartz,Raymond Jamie Schwartz,MALE,2003-08-13,22,MARRIED,"[{""type"": ""mobile"", ""number"": ""+10000000390"", ""is_primary"": true}]",alexandra63@example.org,1384806111,XXXXXX6111,BASIC,en,images/IND-0390.jpg,550e8400-e29b-41d4-a716-446655884244,550e8400-e29b-41d4-a716-446655883061,550e8400-e29b-41d4-a716-446655442016,550e8400-e29b-41d4-a716-446655441004,550e8400-e29b-41d4-a716-446655440001,"{""hierarchy"": [{""level"": ""country"", ""level_value_id"": ""550e8400-e29b-41d4-a716-446655440001"", ""level_value_mnemonic"": ""kamuntu""}, {""level"": ""region"", ""level_value_id"": ""550e8400-e29b-41d4-a716-446655441004"", ""level_value_mnemonic"": ""faraja""}, {""level"": ""district"", ""level_value_id"": ""550e8400-e29b-41d4-a716-446655442016"", ""level_value_mnemonic"": ""tunza""}, {""level"": ""ward"", ""level_value_id"": ""550e8400-e29b-41d4-a716-446655883061"", ""level_value_mnemonic"": ""kuwasha""}, {""level"": ""village"", ""level_value_id"": ""550e8400-e29b-41d4-a716-446655884244"", ""level_value_mnemonic"": ""billah""}], ""lowest_level_value_id"": ""550e8400-e29b-41d4-a716-446655884244""}",16.8972,67.8724,139,68AB+78,279 Courtney Tunnel,Sector 4,000390,KM
20000000-0000-4000-8000-000000000391,IND-0391,Eric,,Schwartz,Eric Schwartz,Eric Schwartz,FEMALE,2013-08-02,12,MARRIED,"[{""type"": ""mobile"", ""number"": ""+10000000391"", ""is_primary"": true}]",,5921252890,XXXXXX2890,BASIC,en,images/IND-0391.jpg,550e8400-e29b-41d4-a716-446655884244,550e8400-e29b-41d4-a716-446655883061,550e8400-e29b-41d4-a716-446655442016,550e8400-e29b-41d4-a716-446655441004,550e8400-e29b-41d4-a716-446655440001,"{""hierarchy"": [{""level"": ""country"", ""level_value_id"": ""550e8400-e29b-41d4-a716-446655440001"", ""level_value_mnemonic"": ""kamuntu""}, {""level"": ""region"", ""level_value_id"": ""550e8400-e29b-41d4-a716-446655441004"", ""level_value_mnemonic"": ""faraja""}, {""level"": ""district"", ""level_value_id"": ""550e8400-e29b-41d4-a716-446655442016"", ""level_value_mnemonic"": ""tunza""}, {""level"": ""ward"", ""level_value_id"": ""550e8400-e29b-41d4-a716-446655883061"", ""level_value_mnemonic"": ""kuwasha""}, {""level"": ""village"", ""level_value_id"": ""550e8400-e29b-41d4-a716-446655884244"", ""level_value_mnemonic"": ""billah""}], ""lowest_level_value_id"": ""550e8400-e29b-41d4-a716-446655884244""}",16.8345,67.9118,101,68AB+79,18195 Steven Road,Sector 5,000391,KM
20000000-0000-4000-8000-000000000392,IND-0392,Matthew,,Schwartz,Matthew Schwartz,Matthew Schwartz,MALE,1977-12-08,48,MARRIED,"[{""type"": ""mobile"", ""number"": ""+10000000392"", ""is_primary"": true}]",danielhernandez@example.com,2235598059,XXXXXX8059,ILLITERATE,en,images/IND-0392.jpg,550e8400-e29b-41d4-a716-446655884244,550e8400-e29b-41d4-a716-446655883061,550e8400-e29b-41d4-a716-446655442016,550e8400-e29b-41d4-a716-446655441004,550e8400-e29b-41d4-a716-446655440001,"{""hierarchy"": [{""level"": ""country"", ""level_value_id"": ""550e8400-e29b-41d4-a716-446655440001"", ""level_value_mnemonic"": ""kamuntu""}, {""level"": ""region"", ""level_value_id"": ""550e8400-e29b-41d4-a716-446655441004"", ""level_value_mnemonic"": ""faraja""}, {""level"": ""district"", ""level_value_id"": ""550e8400-e29b-41d4-a716-446655442016"", ""level_value_mnemonic"": ""tunza""}, {""level"": ""ward"", ""level_value_id"": ""550e8400-e29b-41d4-a716-446655883061"", ""level_value_mnemonic"": ""kuwasha""}, {""level"": ""village"", ""level_value_id"": ""550e8400-e29b-41d4-a716-446655884244"", ""level_value_mnemonic"": ""billah""}], ""lowest_level_value_id"": ""550e8400-e29b-41d4-a716-446655884244""}",16.8643,67.9104,128,68AB+79,20054 Ryan Isle Suite 010,Sector 6,000392,KM
20000000-0000-4000-8000-000000000393,IND-0393,Tim,Kristen,Thompson,Tim Kristen Thompson,Tim Kristen Thompson,MALE,1995-08-23,30,MARRIED,"[{""type"": ""mobile"", ""number"": ""+10000000393"", ""is_primary"": true}]",erobertson@example.org,5261905194,XXXXXX5194,HIGHER_EDUCATION,en,images/IND-0393.jpg,550e8400-e29b-41d4-a716-446655884170,550e8400-e29b-41d4-a716-446655883043,550e8400-e29b-41d4-a716-446655442011,550e8400-e29b-41d4-a716-446655441003,550e8400-e29b-41d4-a716-446655440001,"{""hierarchy"": [{""level"": ""country"", ""level_value_id"": ""550e8400-e29b-41d4-a716-446655440001"", ""level_value_mnemonic"": ""kamuntu""}, {""level"": ""region"", ""level_value_id"": ""550e8400-e29b-41d4-a716-446655441003"", ""level_value_mnemonic"": ""jasiri""}, {""level"": ""district"", ""level_value_id"": ""550e8400-e29b-41d4-a716-446655442011"", ""level_value_mnemonic"": ""baraka""}, {""level"": ""ward"", ""level_value_id"": ""550e8400-e29b-41d4-a716-446655883043"", ""level_value_mnemonic"": ""safari""}, {""level"": ""village"", ""level_value_id"": ""550e8400-e29b-41d4-a716-446655884170"", ""level_value_mnemonic"": ""bimaqa""}], ""lowest_level_value_id"": ""550e8400-e29b-41d4-a716-446655884170""}",10.8795,70.8768,146,08AB+08,956 Julie Islands Apt. 153,Sector 7,000393,KM
20000000-0000-4000-8000-000000000394,IND-0394,Brent,Molly,Thompson,Brent Molly Thompson,Brent Molly Thompson,FEMALE,2016-12-04,9,MARRIED,"[{""type"": ""mobile"", ""number"": ""+10000000394"", ""is_primary"": true}]",,7949105797,XXXXXX5797,ILLITERATE,en,images/IND-0394.jpg,550e8400-e29b-41d4-a716-446655884170,550e8400-e29b-41d4-a716-446655883043,550e8400-e29b-41d4-a716-446655442011,550e8400-e29b-41d4-a716-446655441003,550e8400-e29b-41d4-a716-446655440001,"{""hierarchy"": [{""level"": ""country"", ""level_value_id"": ""550e8400-e29b-41d4-a716-446655440001"", ""level_value_mnemonic"": ""kamuntu""}, {""level"": ""region"", ""level_value_id"": ""550e8400-e29b-41d4-a716-446655441003"", ""level_value_mnemonic"": ""jasiri""}, {""level"": ""district"", ""level_value_id"": ""550e8400-e29b-41d4-a716-446655442011"", ""level_value_mnemonic"": ""baraka""}, {""level"": ""ward"", ""level_value_id"": ""550e8400-e29b-41d4-a716-446655883043"", ""level_value_mnemonic"": ""safari""}, {""level"": ""village"", ""level_value_id"": ""550e8400-e29b-41d4-a716-446655884170"", ""level_value_mnemonic"": ""bimaqa""}], ""lowest_level_value_id"": ""550e8400-e29b-41d4-a716-446655884170""}",10.8153,70.8755,52,08AB+08,17970 Thomas Ridge Suite 265,Sector 8,000394,KM
20000000-0000-4000-8000-000000000395,IND-0395,Brandy,,Thompson,Brandy Thompson,Brandy Thompson,FEMALE,1986-08-21,39,MARRIED,"[{""type"": ""mobile"", ""number"": ""+10000000395"", ""is_primary"": true}]",theresa35@example.org,1463390201,XXXXXX0201,INTERMEDIARY,en,images/IND-0395.jpg,550e8400-e29b-41d4-a716-446655884170,550e8400-e29b-41d4-a716-446655883043,550e8400-e29b-41d4-a716-446655442011,550e8400-e29b-41d4-a716-446655441003,550e8400-e29b-41d4-a716-446655440001,"{""hierarchy"": [{""level"": ""country"", ""level_value_id"": ""550e8400-e29b-41d4-a716-446655440001"", ""level_value_mnemonic"": ""kamuntu""}, {""level"": ""region"", ""level_value_id"": ""550e8400-e29b-41d4-a716-446655441003"", ""level_value_mnemonic"": ""jasiri""}, {""level"": ""district"", ""level_value_id"": ""550e8400-e29b-41d4-a716-446655442011"", ""level_value_mnemonic"": ""baraka""}, {""level"": ""ward"", ""level_value_id"": ""550e8400-e29b-41d4-a716-446655883043"", ""level_value_mnemonic"": ""safari""}, {""level"": ""village"", ""level_value_id"": ""550e8400-e29b-41d4-a716-446655884170"", ""level_value_mnemonic"": ""bimaqa""}], ""lowest_level_value_id"": ""550e8400-e29b-41d4-a716-446655884170""}",10.8392,70.8983,148,08AB+08,904 Daniel Mountain,Sector 9,000395,KM
20000000-0000-4000-8000-000000000396,IND-0396,Judy,,Jackson,Judy Jackson,Judy Jackson,FEMALE,1997-04-05,29,MARRIED,"[{""type"": ""mobile"", ""number"": ""+10000000396"", ""is_primary"": true}]",jeffrey49@example.org,9447304615,XXXXXX4615,HIGHER_EDUCATION,en,images/IND-0396.jpg,550e8400-e29b-41d4-a716-446655884051,550e8400-e29b-41d4-a716-446655883013,550e8400-e29b-41d4-a716-446655442004,550e8400-e29b-41d4-a716-446655441001,550e8400-e29b-41d4-a716-446655440001,"{""hierarchy"": [{""level"": ""country"", ""level_value_id"": ""550e8400-e29b-41d4-a716-446655440001"", ""level_value_mnemonic"": ""kamuntu""}, {""level"": ""region"", ""level_value_id"": ""550e8400-e29b-41d4-a716-446655441001"", ""level_value_mnemonic"": ""kilima""}, {""level"": ""district"", ""level_value_id"": ""550e8400-e29b-41d4-a716-446655442004"", ""level_value_mnemonic"": ""karamu""}, {""level"": ""ward"", ""level_value_id"": ""550e8400-e29b-41d4-a716-446655883013"", ""level_value_mnemonic"": ""damu""}, {""level"": ""village"", ""level_value_id"": ""550e8400-e29b-41d4-a716-446655884051"", ""level_value_mnemonic"": ""bilizo""}], ""lowest_level_value_id"": ""550e8400-e29b-41d4-a716-446655884051""}",16.9861,66.0012,60,69AB+60,831 Vincent Overpass,Sector 1,000396,KM
20000000-0000-4000-8000-000000000397,IND-0397,Shannon,,Jackson,Shannon Jackson,Shannon Jackson,MALE,1997-12-02,28,MARRIED,"[{""type"": ""mobile"", ""number"": ""+10000000397"", ""is_primary"": true}]",,8234062195,XXXXXX2195,BASIC,en,images/IND-0397.jpg,550e8400-e29b-41d4-a716-446655884051,550e8400-e29b-41d4-a716-446655883013,550e8400-e29b-41d4-a716-446655442004,550e8400-e29b-41d4-a716-446655441001,550e8400-e29b-41d4-a716-446655440001,"{""hierarchy"": [{""level"": ""country"", ""level_value_id"": ""550e8400-e29b-41d4-a716-446655440001"", ""level_value_mnemonic"": ""kamuntu""}, {""level"": ""region"", ""level_value_id"": ""550e8400-e29b-41d4-a716-446655441001"", ""level_value_mnemonic"": ""kilima""}, {""level"": ""district"", ""level_value_id"": ""550e8400-e29b-41d4-a716-446655442004"", ""level_value_mnemonic"": ""karamu""}, {""level"": ""ward"", ""level_value_id"": ""550e8400-e29b-41d4-a716-446655883013"", ""level_value_mnemonic"": ""damu""}, {""level"": ""village"", ""level_value_id"": ""550e8400-e29b-41d4-a716-446655884051"", ""level_value_mnemonic"": ""bilizo""}], ""lowest_level_value_id"": ""550e8400-e29b-41d4-a716-446655884051""}",16.9655,65.9602,300,69AB+59,4063 Mark Prairie Apt. 929,Sector 2,000397,KM
20000000-0000-4000-8000-000000000398,IND-0398,Steven,,Jackson,Steven Jackson,Steven Jackson,MALE,1979-10-18,46,DIVORCED,"[{""type"": ""mobile"", ""number"": ""+10000000398"", ""is_primary"": true}]",,9371391276,XXXXXX1276,ILLITERATE,en,images/IND-0398.jpg,550e8400-e29b-41d4-a716-446655884051,550e8400-e29b-41d4-a716-446655883013,550e8400-e29b-41d4-a716-446655442004,550e8400-e29b-41d4-a716-446655441001,550e8400-e29b-41d4-a716-446655440001,"{""hierarchy"": [{""level"": ""country"", ""level_value_id"": ""550e8400-e29b-41d4-a716-446655440001"", ""level_value_mnemonic"": ""kamuntu""}, {""level"": ""region"", ""level_value_id"": ""550e8400-e29b-41d4-a716-446655441001"", ""level_value_mnemonic"": ""kilima""}, {""level"": ""district"", ""level_value_id"": ""550e8400-e29b-41d4-a716-446655442004"", ""level_value_mnemonic"": ""karamu""}, {""level"": ""ward"", ""level_value_id"": ""550e8400-e29b-41d4-a716-446655883013"", ""level_value_mnemonic"": ""damu""}, {""level"": ""village"", ""level_value_id"": ""550e8400-e29b-41d4-a716-446655884051"", ""level_value_mnemonic"": ""bilizo""}], ""lowest_level_value_id"": ""550e8400-e29b-41d4-a716-446655884051""}",16.9526,65.9642,150,69AB+59,78068 Mendoza Union,Sector 3,000398,KM
20000000-0000-4000-8000-000000000399,IND-0399,Michael,,Garcia,Michael Garcia,Michael Garcia,MALE,1991-11-17,34,MARRIED,"[{""type"": ""mobile"", ""number"": ""+10000000399"", ""is_primary"": true}]",jallen@example.org,6709234482,XXXXXX4482,CAN_READ_AND_WRITE,en,images/IND-0399.jpg,550e8400-e29b-41d4-a716-446655884196,550e8400-e29b-41d4-a716-446655883049,550e8400-e29b-41d4-a716-446655442013,550e8400-e29b-41d4-a716-446655441004,550e8400-e29b-41d4-a716-446655440001,"{""hierarchy"": [{""level"": ""country"", ""level_value_id"": ""550e8400-e29b-41d4-a716-446655440001"", ""level_value_mnemonic"": ""kamuntu""}, {""level"": ""region"", ""level_value_id"": ""550e8400-e29b-41d4-a716-446655441004"", ""level_value_mnemonic"": ""faraja""}, {""level"": ""district"", ""level_value_id"": ""550e8400-e29b-41d4-a716-446655442013"", ""level_value_mnemonic"": ""asilani""}, {""level"": ""ward"", ""level_value_id"": ""550e8400-e29b-41d4-a716-446655883049"", ""level_value_mnemonic"": ""usawa""}, {""level"": ""village"", ""level_value_id"": ""550e8400-e29b-41d4-a716-446655884196"", ""level_value_mnemonic"": ""balozi""}], ""lowest_level_value_id"": ""550e8400-e29b-41d4-a716-446655884196""}",16.0442,68.0107,85,60AB+80,25431 Timothy Inlet Apt. 799,Sector 4,000399,KM
20000000-0000-4000-8000-000000000400,IND-0400,Alexander,,Garcia,Alexander Garcia,Alexander Garcia,FEMALE,1968-09-15,57,MARRIED,"[{""type"": ""mobile"", ""number"": ""+10000000400"", ""is_primary"": true}]",morgansullivan@example.com,4307339566,XXXXXX9566,HIGHER_EDUCATION,en,images/IND-0400.jpg,550e8400-e29b-41d4-a716-446655884196,550e8400-e29b-41d4-a716-446655883049,550e8400-e29b-41d4-a716-446655442013,550e8400-e29b-41d4-a716-446655441004,550e8400-e29b-41d4-a716-446655440001,"{""hierarchy"": [{""level"": ""country"", ""level_value_id"": ""550e8400-e29b-41d4-a716-446655440001"", ""level_value_mnemonic"": ""kamuntu""}, {""level"": ""region"", ""level_value_id"": ""550e8400-e29b-41d4-a716-446655441004"", ""level_value_mnemonic"": ""faraja""}, {""level"": ""district"", ""level_value_id"": ""550e8400-e29b-41d4-a716-446655442013"", ""level_value_mnemonic"": ""asilani""}, {""level"": ""ward"", ""level_value_id"": ""550e8400-e29b-41d4-a716-446655883049"", ""level_value_mnemonic"": ""usawa""}, {""level"": ""village"", ""level_value_id"": ""550e8400-e29b-41d4-a716-446655884196"", ""level_value_mnemonic"": ""balozi""}], ""lowest_level_value_id"": ""550e8400-e29b-41d4-a716-446655884196""}",16.0556,68.0465,90,60AB+80,016 Schmidt Hill Suite 498,Sector 5,000400,KM
20000000-0000-4000-8000-000000000401,IND-0401,Kenneth,Gail,Garcia,Kenneth Gail Garcia,Kenneth Gail Garcia,MALE,1977-03-11,49,MARRIED,"[{""type"": ""mobile"", ""number"": ""+10000000401"", ""is_primary"": true}]",jill08@example.net,8582485644,XXXXXX5644,BASIC,en,images/IND-0401.jpg,550e8400-e29b-41d4-a716-446655884196,550e8400-e29b-41d4-a716-446655883049,550e8400-e29b-41d4-a716-446655442013,550e8400-e29b-41d4-a716-446655441004,550e8400-e29b-41d4-a716-446655440001,"{""hierarchy"": [{""level"": ""country"", ""level_value_id"": ""550e8400-e29b-41d4-a716-446655440001"", ""level_value_mnemonic"": ""kamuntu""}, {""level"": ""region"", ""level_value_id"": ""550e8400-e29b-41d4-a716-446655441004"", ""level_value_mnemonic"": ""faraja""}, {""level"": ""district"", ""level_value_id"": ""550e8400-e29b-41d4-a716-446655442013"", ""level_value_mnemonic"": ""asilani""}, {""level"": ""ward"", ""level_value_id"": ""550e8400-e29b-41d4-a716-446655883049"", ""level_value_mnemonic"": ""usawa""}, {""level"": ""village"", ""level_value_id"": ""550e8400-e29b-41d4-a716-446655884196"", ""level_value_mnemonic"": ""balozi""}], ""lowest_level_value_id"": ""550e8400-e29b-41d4-a716-446655884196""}",16.078,68.0314,155,60AB+80,16579 Michael Extensions Apt. 832,Sector 6,000401,KM
20000000-0000-4000-8000-000000000402,IND-0402,Jake,Walter,Chavez,Jake Walter Chavez,Jake Walter Chavez,MALE,2025-12-24,0,MARRIED,"[{""type"": ""mobile"", ""number"": ""+10000000402"", ""is_primary"": true}]",,3046990957,XXXXXX0957,,en,images/IND-0402.jpg,550e8400-e29b-41d4-a716-446655884078,550e8400-e29b-41d4-a716-446655883020,550e8400-e29b-41d4-a716-446655442005,550e8400-e29b-41d4-a716-446655441002,550e8400-e29b-41d4-a716-446655440001,"{""hierarchy"": [{""level"": ""country"", ""level_value_id"": ""550e8400-e29b-41d4-a716-446655440001"", ""level_value_mnemonic"": ""kamuntu""}, {""level"": ""region"", ""level_value_id"": ""550e8400-e29b-41d4-a716-446655441002"", ""level_value_mnemonic"": ""chakula""}, {""level"": ""district"", ""level_value_id"": ""550e8400-e29b-41d4-a716-446655442005"", ""level_value_mnemonic"": ""mfumo""}, {""level"": ""ward"", ""level_value_id"": ""550e8400-e29b-41d4-a716-446655883020"", ""level_value_mnemonic"": ""nguvu""}, {""level"": ""village"", ""level_value_id"": ""550e8400-e29b-41d4-a716-446655884078"", ""level_value_mnemonic"": ""biluca""}], ""lowest_level_value_id"": ""550e8400-e29b-41d4-a716-446655884078""}",19.3102,68.3205,232,93AB+83,8847 Marsh Square,Sector 7,000402,KM
20000000-0000-4000-8000-000000000403,IND-0403,Rhonda,Cameron,Chavez,Rhonda Cameron Chavez,Rhonda Cameron Chavez,FEMALE,1990-10-25,35,MARRIED,"[{""type"": ""mobile"", ""number"": ""+10000000403"", ""is_primary"": true}]",,1830044665,XXXXXX4665,INTERMEDIARY,en,images/IND-0403.jpg,550e8400-e29b-41d4-a716-446655884078,550e8400-e29b-41d4-a716-446655883020,550e8400-e29b-41d4-a716-446655442005,550e8400-e29b-41d4-a716-446655441002,550e8400-e29b-41d4-a716-446655440001,"{""hierarchy"": [{""level"": ""country"", ""level_value_id"": ""550e8400-e29b-41d4-a716-446655440001"", ""level_value_mnemonic"": ""kamuntu""}, {""level"": ""region"", ""level_value_id"": ""550e8400-e29b-41d4-a716-446655441002"", ""level_value_mnemonic"": ""chakula""}, {""level"": ""district"", ""level_value_id"": ""550e8400-e29b-41d4-a716-446655442005"", ""level_value_mnemonic"": ""mfumo""}, {""level"": ""ward"", ""level_value_id"": ""550e8400-e29b-41d4-a716-446655883020"", ""level_value_mnemonic"": ""nguvu""}, {""level"": ""village"", ""level_value_id"": ""550e8400-e29b-41d4-a716-446655884078"", ""level_value_mnemonic"": ""biluca""}], ""lowest_level_value_id"": ""550e8400-e29b-41d4-a716-446655884078""}",19.2632,68.3365,53,92AB+83,16241 Fred Creek Apt. 723,Sector 8,000403,KM
20000000-0000-4000-8000-000000000404,IND-0404,Joseph,,Chavez,Joseph Chavez,Joseph Chavez,MALE,1956-04-16,70,WIDOWED,"[{""type"": ""mobile"", ""number"": ""+10000000404"", ""is_primary"": true}]",,9528205772,XXXXXX5772,CAN_READ_AND_WRITE,en,images/IND-0404.jpg,550e8400-e29b-41d4-a716-446655884078,550e8400-e29b-41d4-a716-446655883020,550e8400-e29b-41d4-a716-446655442005,550e8400-e29b-41d4-a716-446655441002,550e8400-e29b-41d4-a716-446655440001,"{""hierarchy"": [{""level"": ""country"", ""level_value_id"": ""550e8400-e29b-41d4-a716-446655440001"", ""level_value_mnemonic"": ""kamuntu""}, {""level"": ""region"", ""level_value_id"": ""550e8400-e29b-41d4-a716-446655441002"", ""level_value_mnemonic"": ""chakula""}, {""level"": ""district"", ""level_value_id"": ""550e8400-e29b-41d4-a716-446655442005"", ""level_value_mnemonic"": ""mfumo""}, {""level"": ""ward"", ""level_value_id"": ""550e8400-e29b-41d4-a716-446655883020"", ""level_value_mnemonic"": ""nguvu""}, {""level"": ""village"", ""level_value_id"": ""550e8400-e29b-41d4-a716-446655884078"", ""level_value_mnemonic"": ""biluca""}], ""lowest_level_value_id"": ""550e8400-e29b-41d4-a716-446655884078""}",19.3467,68.309,133,93AB+83,8275 Wallace Rue Apt. 431,Sector 9,000404,KM
20000000-0000-4000-8000-000000000405,IND-0405,Alex,,Pham,Alex Pham,Alex Pham,MALE,1973-06-09,52,MARRIED,"[{""type"": ""mobile"", ""number"": ""+10000000405"", ""is_primary"": true}]",robert55@example.com,9755342261,XXXXXX2261,CAN_READ_AND_WRITE,en,images/IND-0405.jpg,550e8400-e29b-41d4-a716-446655884219,550e8400-e29b-41d4-a716-446655883055,550e8400-e29b-41d4-a716-446655442014,550e8400-e29b-41d4-a716-446655441004,550e8400-e29b-41d4-a716-446655440001,"{""hierarchy"": [{""level"": ""country"", ""level_value_id"": ""550e8400-e29b-41d4-a716-446655440001"", ""level_value_mnemonic"": ""kamuntu""}, {""level"": ""region"", ""level_value_id"": ""550e8400-e29b-41d4-a716-446655441004"", ""level_value_mnemonic"": ""faraja""}, {""level"": ""district"", ""level_value_id"": ""550e8400-e29b-41d4-a716-446655442014"", ""level_value_mnemonic"": ""sihaya""}, {""level"": ""ward"", ""level_value_id"": ""550e8400-e29b-41d4-a716-446655883055"", ""level_value_mnemonic"": ""kuzaa""}, {""level"": ""village"", ""level_value_id"": ""550e8400-e29b-41d4-a716-446655884219"", ""level_value_mnemonic"": ""bigeu""}], ""lowest_level_value_id"": ""550e8400-e29b-41d4-a716-446655884219""}",12.3009,68.3357,274,23AB+83,4924 Kristina Forks Suite 540,Sector 1,000405,KM
20000000-0000-4000-8000-000000000406,IND-0406,Brittany,,Pham,Brittany Pham,Brittany Pham,FEMALE,2024-04-02,2,MARRIED,"[{""type"": ""mobile"", ""number"": ""+10000000406"", ""is_primary"": true}]",,1211722336,XXXXXX2336,,en,images/IND-0406.jpg,550e8400-e29b-41d4-a716-446655884219,550e8400-e29b-41d4-a716-446655883055,550e8400-e29b-41d4-a716-446655442014,550e8400-e29b-41d4-a716-446655441004,550e8400-e29b-41d4-a716-446655440001,"{""hierarchy"": [{""level"": ""country"", ""level_value_id"": ""550e8400-e29b-41d4-a716-446655440001"", ""level_value_mnemonic"": ""kamuntu""}, {""level"": ""region"", ""level_value_id"": ""550e8400-e29b-41d4-a716-446655441004"", ""level_value_mnemonic"": ""faraja""}, {""level"": ""district"", ""level_value_id"": ""550e8400-e29b-41d4-a716-446655442014"", ""level_value_mnemonic"": ""sihaya""}, {""level"": ""ward"", ""level_value_id"": ""550e8400-e29b-41d4-a716-446655883055"", ""level_value_mnemonic"": ""kuzaa""}, {""level"": ""village"", ""level_value_id"": ""550e8400-e29b-41d4-a716-446655884219"", ""level_value_mnemonic"": ""bigeu""}], ""lowest_level_value_id"": ""550e8400-e29b-41d4-a716-446655884219""}",12.3191,68.3298,127,23AB+83,284 Teresa Villages,Sector 2,000406,KM
20000000-0000-4000-8000-000000000407,IND-0407,Michelle,,Pham,Michelle Pham,Michelle Pham,FEMALE,1987-09-10,38,DIVORCED,"[{""type"": ""mobile"", ""number"": ""+10000000407"", ""is_primary"": true}]",,4881257367,XXXXXX7367,ILLITERATE,en,images/IND-0407.jpg,550e8400-e29b-41d4-a716-446655884219,550e8400-e29b-41d4-a716-446655883055,550e8400-e29b-41d4-a716-446655442014,550e8400-e29b-41d4-a716-446655441004,550e8400-e29b-41d4-a716-446655440001,"{""hierarchy"": [{""level"": ""country"", ""level_value_id"": ""550e8400-e29b-41d4-a716-446655440001"", ""level_value_mnemonic"": ""kamuntu""}, {""level"": ""region"", ""level_value_id"": ""550e8400-e29b-41d4-a716-446655441004"", ""level_value_mnemonic"": ""faraja""}, {""level"": ""district"", ""level_value_id"": ""550e8400-e29b-41d4-a716-446655442014"", ""level_value_mnemonic"": ""sihaya""}, {""level"": ""ward"", ""level_value_id"": ""550e8400-e29b-41d4-a716-446655883055"", ""level_value_mnemonic"": ""kuzaa""}, {""level"": ""village"", ""level_value_id"": ""550e8400-e29b-41d4-a716-446655884219"", ""level_value_mnemonic"": ""bigeu""}], ""lowest_level_value_id"": ""550e8400-e29b-41d4-a716-446655884219""}",12.3364,68.3546,73,23AB+83,31059 Scott Land,Sector 3,000407,KM
20000000-0000-4000-8000-000000000408,IND-0408,Cody,,Hart,Cody Hart,Cody Hart,MALE,2000-11-18,25,MARRIED,"[{""type"": ""mobile"", ""number"": ""+10000000408"", ""is_primary"": true}]",,2952849519,XXXXXX9519,CAN_READ_AND_WRITE,en,images/IND-0408.jpg,550e8400-e29b-41d4-a716-446655884093,550e8400-e29b-41d4-a716-446655883024,550e8400-e29b-41d4-a716-446655442006,550e8400-e29b-41d4-a716-446655441002,550e8400-e29b-41d4-a716-446655440001,"{""hierarchy"": [{""level"": ""country"", ""level_value_id"": ""550e8400-e29b-41d4-a716-446655440001"", ""level_value_mnemonic"": ""kamuntu""}, {""level"": ""region"", ""level_value_id"": ""550e8400-e29b-41d4-a716-446655441002"", ""level_value_mnemonic"": ""chakula""}, {""level"": ""district"", ""level_value_id"": ""550e8400-e29b-41d4-a716-446655442006"", ""level_value_mnemonic"": ""njia""}, {""level"": ""ward"", ""level_value_id"": ""550e8400-e29b-41d4-a716-446655883024"", ""level_value_mnemonic"": ""barafu""}, {""level"": ""village"", ""level_value_id"": ""550e8400-e29b-41d4-a716-446655884093"", ""level_value_mnemonic"": ""biluhi""}], ""lowest_level_value_id"": ""550e8400-e29b-41d4-a716-446655884093""}",10.785,69.8292,282,07AB+98,552 West Estates,Sector 4,000408,KM
20000000-0000-4000-8000-000000000409,IND-0409,Joseph,Angel,Hart,Joseph Angel Hart,Joseph Angel Hart,FEMALE,1972-04-25,54,MARRIED,"[{""type"": ""mobile"", ""number"": ""+10000000409"", ""is_primary"": true}]",,8332707996,XXXXXX7996,INTERMEDIARY,en,images/IND-0409.jpg,550e8400-e29b-41d4-a716-446655884093,550e8400-e29b-41d4-a716-446655883024,550e8400-e29b-41d4-a716-446655442006,550e8400-e29b-41d4-a716-446655441002,550e8400-e29b-41d4-a716-446655440001,"{""hierarchy"": [{""level"": ""country"", ""level_value_id"": ""550e8400-e29b-41d4-a716-446655440001"", ""level_value_mnemonic"": ""kamuntu""}, {""level"": ""region"", ""level_value_id"": ""550e8400-e29b-41d4-a716-446655441002"", ""level_value_mnemonic"": ""chakula""}, {""level"": ""district"", ""level_value_id"": ""550e8400-e29b-41d4-a716-446655442006"", ""level_value_mnemonic"": ""njia""}, {""level"": ""ward"", ""level_value_id"": ""550e8400-e29b-41d4-a716-446655883024"", ""level_value_mnemonic"": ""barafu""}, {""level"": ""village"", ""level_value_id"": ""550e8400-e29b-41d4-a716-446655884093"", ""level_value_mnemonic"": ""biluhi""}], ""lowest_level_value_id"": ""550e8400-e29b-41d4-a716-446655884093""}",10.8327,69.8575,206,08AB+98,75208 Holland Hill Suite 492,Sector 5,000409,KM
20000000-0000-4000-8000-000000000410,IND-0410,Rebecca,Sandra,Hart,Rebecca Sandra Hart,Rebecca Sandra Hart,FEMALE,2013-11-29,12,SINGLE,"[{""type"": ""mobile"", ""number"": ""+10000000410"", ""is_primary"": true}]",,1644630523,XXXXXX0523,ILLITERATE,en,images/IND-0410.jpg,550e8400-e29b-41d4-a716-446655884093,550e8400-e29b-41d4-a716-446655883024,550e8400-e29b-41d4-a716-446655442006,550e8400-e29b-41d4-a716-446655441002,550e8400-e29b-41d4-a716-446655440001,"{""hierarchy"": [{""level"": ""country"", ""level_value_id"": ""550e8400-e29b-41d4-a716-446655440001"", ""level_value_mnemonic"": ""kamuntu""}, {""level"": ""region"", ""level_value_id"": ""550e8400-e29b-41d4-a716-446655441002"", ""level_value_mnemonic"": ""chakula""}, {""level"": ""district"", ""level_value_id"": ""550e8400-e29b-41d4-a716-446655442006"", ""level_value_mnemonic"": ""njia""}, {""level"": ""ward"", ""level_value_id"": ""550e8400-e29b-41d4-a716-446655883024"", ""level_value_mnemonic"": ""barafu""}, {""level"": ""village"", ""level_value_id"": ""550e8400-e29b-41d4-a716-446655884093"", ""level_value_mnemonic"": ""biluhi""}], ""lowest_level_value_id"": ""550e8400-e29b-41d4-a716-446655884093""}",10.8469,69.7779,232,08AB+97,170 Erica Crescent Suite 069,Sector 6,000410,KM
20000000-0000-4000-8000-000000000411,IND-0411,Sarah,,Griffin,Sarah Griffin,Sarah Griffin,FEMALE,1952-07-06,73,MARRIED,"[{""type"": ""mobile"", ""number"": ""+10000000411"", ""is_primary"": true}]",nguyencathy@example.org,1871241447,XXXXXX1447,INTERMEDIARY,en,images/IND-0411.jpg,550e8400-e29b-41d4-a716-446655884215,550e8400-e29b-41d4-a716-446655883054,550e8400-e29b-41d4-a716-446655442014,550e8400-e29b-41d4-a716-446655441004,550e8400-e29b-41d4-a716-446655440001,"{""hierarchy"": [{""level"": ""country"", ""level_value_id"": ""550e8400-e29b-41d4-a716-446655440001"", ""level_value_mnemonic"": ""kamuntu""}, {""level"": ""region"", ""level_value_id"": ""550e8400-e29b-41d4-a716-446655441004"", ""level_value_mnemonic"": ""faraja""}, {""level"": ""district"", ""level_value_id"": ""550e8400-e29b-41d4-a716-446655442014"", ""level_value_mnemonic"": ""sihaya""}, {""level"": ""ward"", ""level_value_id"": ""550e8400-e29b-41d4-a716-446655883054"", ""level_value_mnemonic"": ""kusoma""}, {""level"": ""village"", ""level_value_id"": ""550e8400-e29b-41d4-a716-446655884215"", ""level_value_mnemonic"": ""bidi""}], ""lowest_level_value_id"": ""550e8400-e29b-41d4-a716-446655884215""}",14.1423,70.1053,167,41AB+01,3018 Rhodes Corners,Sector 7,000411,KM
20000000-0000-4000-8000-000000000412,IND-0412,William,,Griffin,William Griffin,William Griffin,MALE,1996-07-30,29,MARRIED,"[{""type"": ""mobile"", ""number"": ""+10000000412"", ""is_primary"": true}]",mstewart@example.net,7338134731,XXXXXX4731,HIGHER_EDUCATION,en,images/IND-0412.jpg,550e8400-e29b-41d4-a716-446655884215,550e8400-e29b-41d4-a716-446655883054,550e8400-e29b-41d4-a716-446655442014,550e8400-e29b-41d4-a716-446655441004,550e8400-e29b-41d4-a716-446655440001,"{""hierarchy"": [{""level"": ""country"", ""level_value_id"": ""550e8400-e29b-41d4-a716-446655440001"", ""level_value_mnemonic"": ""kamuntu""}, {""level"": ""region"", ""level_value_id"": ""550e8400-e29b-41d4-a716-446655441004"", ""level_value_mnemonic"": ""faraja""}, {""level"": ""district"", ""level_value_id"": ""550e8400-e29b-41d4-a716-446655442014"", ""level_value_mnemonic"": ""sihaya""}, {""level"": ""ward"", ""level_value_id"": ""550e8400-e29b-41d4-a716-446655883054"", ""level_value_mnemonic"": ""kusoma""}, {""level"": ""village"", ""level_value_id"": ""550e8400-e29b-41d4-a716-446655884215"", ""level_value_mnemonic"": ""bidi""}], ""lowest_level_value_id"": ""550e8400-e29b-41d4-a716-446655884215""}",14.121,70.0879,203,41AB+00,562 Wood Landing,Sector 8,000412,KM
20000000-0000-4000-8000-000000000413,IND-0413,Alexandria,,Griffin,Alexandria Griffin,Alexandria Griffin,FEMALE,1982-12-07,43,MARRIED,"[{""type"": ""mobile"", ""number"": ""+10000000413"", ""is_primary"": true}]",,1793881710,XXXXXX1710,HIGHER_EDUCATION,en,images/IND-0413.jpg,550e8400-e29b-41d4-a716-446655884215,550e8400-e29b-41d4-a716-446655883054,550e8400-e29b-41d4-a716-446655442014,550e8400-e29b-41d4-a716-446655441004,550e8400-e29b-41d4-a716-446655440001,"{""hierarchy"": [{""level"": ""country"", ""level_value_id"": ""550e8400-e29b-41d4-a716-446655440001"", ""level_value_mnemonic"": ""kamuntu""}, {""level"": ""region"", ""level_value_id"": ""550e8400-e29b-41d4-a716-446655441004"", ""level_value_mnemonic"": ""faraja""}, {""level"": ""district"", ""level_value_id"": ""550e8400-e29b-41d4-a716-446655442014"", ""level_value_mnemonic"": ""sihaya""}, {""level"": ""ward"", ""level_value_id"": ""550e8400-e29b-41d4-a716-446655883054"", ""level_value_mnemonic"": ""kusoma""}, {""level"": ""village"", ""level_value_id"": ""550e8400-e29b-41d4-a716-446655884215"", ""level_value_mnemonic"": ""bidi""}], ""lowest_level_value_id"": ""550e8400-e29b-41d4-a716-446655884215""}",14.0855,70.1149,87,40AB+01,8137 Lara Heights Apt. 662,Sector 9,000413,KM
20000000-0000-4000-8000-000000000414,IND-0414,Russell,Douglas,Harper,Russell Douglas Harper,Russell Douglas Harper,MALE,1997-06-11,28,MARRIED,"[{""type"": ""mobile"", ""number"": ""+10000000414"", ""is_primary"": true}]",,3414532686,XXXXXX2686,ILLITERATE,en,images/IND-0414.jpg,550e8400-e29b-41d4-a716-446655884153,550e8400-e29b-41d4-a716-446655883039,550e8400-e29b-41d4-a716-446655442010,550e8400-e29b-41d4-a716-446655441003,550e8400-e29b-41d4-a716-446655440001,"{""hierarchy"": [{""level"": ""country"", ""level_value_id"": ""550e8400-e29b-41d4-a716-446655440001"", ""level_value_mnemonic"": ""kamuntu""}, {""level"": ""region"", ""level_value_id"": ""550e8400-e29b-41d4-a716-446655441003"", ""level_value_mnemonic"": ""jasiri""}, {""level"": ""district"", ""level_value_id"": ""550e8400-e29b-41d4-a716-446655442010"", ""level_value_mnemonic"": ""ndoto""}, {""level"": ""ward"", ""level_value_id"": ""550e8400-e29b-41d4-a716-446655883039"", ""level_value_mnemonic"": ""habari""}, {""level"": ""village"", ""level_value_id"": ""550e8400-e29b-41d4-a716-446655884153"", ""level_value_mnemonic"": ""biluzi""}], ""lowest_level_value_id"": ""550e8400-e29b-41d4-a716-446655884153""}",16.5066,68.4849,142,65AB+84,8519 Davis Lodge Suite 628,Sector 1,000414,KM
20000000-0000-4000-8000-000000000415,IND-0415,Julia,,Harper,Julia Harper,Julia Harper,FEMALE,1978-12-09,47,MARRIED,"[{""type"": ""mobile"", ""number"": ""+10000000415"", ""is_primary"": true}]",jamescollier@example.com,5573821760,XXXXXX1760,HIGHER_EDUCATION,en,images/IND-0415.jpg,550e8400-e29b-41d4-a716-446655884153,550e8400-e29b-41d4-a716-446655883039,550e8400-e29b-41d4-a716-446655442010,550e8400-e29b-41d4-a716-446655441003,550e8400-e29b-41d4-a716-446655440001,"{""hierarchy"": [{""level"": ""country"", ""level_value_id"": ""550e8400-e29b-41d4-a716-446655440001"", ""level_value_mnemonic"": ""kamuntu""}, {""level"": ""region"", ""level_value_id"": ""550e8400-e29b-41d4-a716-446655441003"", ""level_value_mnemonic"": ""jasiri""}, {""level"": ""district"", ""level_value_id"": ""550e8400-e29b-41d4-a716-446655442010"", ""level_value_mnemonic"": ""ndoto""}, {""level"": ""ward"", ""level_value_id"": ""550e8400-e29b-41d4-a716-446655883039"", ""level_value_mnemonic"": ""habari""}, {""level"": ""village"", ""level_value_id"": ""550e8400-e29b-41d4-a716-446655884153"", ""level_value_mnemonic"": ""biluzi""}], ""lowest_level_value_id"": ""550e8400-e29b-41d4-a716-446655884153""}",16.4571,68.4222,270,64AB+84,49478 Walker Turnpike Apt. 244,Sector 2,000415,KM
20000000-0000-4000-8000-000000000416,IND-0416,Tina,,Harper,Tina Harper,Tina Harper,FEMALE,1987-09-19,38,SINGLE,"[{""type"": ""mobile"", ""number"": ""+10000000416"", ""is_primary"": true}]",,5671505977,XXXXXX5977,BASIC,en,images/IND-0416.jpg,550e8400-e29b-41d4-a716-446655884153,550e8400-e29b-41d4-a716-446655883039,550e8400-e29b-41d4-a716-446655442010,550e8400-e29b-41d4-a716-446655441003,550e8400-e29b-41d4-a716-446655440001,"{""hierarchy"": [{""level"": ""country"", ""level_value_id"": ""550e8400-e29b-41d4-a716-446655440001"", ""level_value_mnemonic"": ""kamuntu""}, {""level"": ""region"", ""level_value_id"": ""550e8400-e29b-41d4-a716-446655441003"", ""level_value_mnemonic"": ""jasiri""}, {""level"": ""district"", ""level_value_id"": ""550e8400-e29b-41d4-a716-446655442010"", ""level_value_mnemonic"": ""ndoto""}, {""level"": ""ward"", ""level_value_id"": ""550e8400-e29b-41d4-a716-446655883039"", ""level_value_mnemonic"": ""habari""}, {""level"": ""village"", ""level_value_id"": ""550e8400-e29b-41d4-a716-446655884153"", ""level_value_mnemonic"": ""biluzi""}], ""lowest_level_value_id"": ""550e8400-e29b-41d4-a716-446655884153""}",16.4824,68.4705,251,64AB+84,46273 David Harbor Suite 195,Sector 3,000416,KM
20000000-0000-4000-8000-000000000417,IND-0417,Lauren,Miranda,Cunningham,Lauren Miranda Cunningham,Lauren Miranda Cunningham,FEMALE,1987-06-19,38,MARRIED,"[{""type"": ""mobile"", ""number"": ""+10000000417"", ""is_primary"": true}]",,7711463369,XXXXXX3369,HIGHER_EDUCATION,en,images/IND-0417.jpg,550e8400-e29b-41d4-a716-446655884219,550e8400-e29b-41d4-a716-446655883055,550e8400-e29b-41d4-a716-446655442014,550e8400-e29b-41d4-a716-446655441004,550e8400-e29b-41d4-a716-446655440001,"{""hierarchy"": [{""level"": ""country"", ""level_value_id"": ""550e8400-e29b-41d4-a716-446655440001"", ""level_value_mnemonic"": ""kamuntu""}, {""level"": ""region"", ""level_value_id"": ""550e8400-e29b-41d4-a716-446655441004"", ""level_value_mnemonic"": ""faraja""}, {""level"": ""district"", ""level_value_id"": ""550e8400-e29b-41d4-a716-446655442014"", ""level_value_mnemonic"": ""sihaya""}, {""level"": ""ward"", ""level_value_id"": ""550e8400-e29b-41d4-a716-446655883055"", ""level_value_mnemonic"": ""kuzaa""}, {""level"": ""village"", ""level_value_id"": ""550e8400-e29b-41d4-a716-446655884219"", ""level_value_mnemonic"": ""bigeu""}], ""lowest_level_value_id"": ""550e8400-e29b-41d4-a716-446655884219""}",12.342,68.3532,176,23AB+83,158 Megan Estates Apt. 257,Sector 4,000417,KM
20000000-0000-4000-8000-000000000418,IND-0418,Shawn,,Cunningham,Shawn Cunningham,Shawn Cunningham,MALE,1965-05-25,61,MARRIED,"[{""type"": ""mobile"", ""number"": ""+10000000418"", ""is_primary"": true}]",,4421940259,XXXXXX0259,INTERMEDIARY,en,images/IND-0418.jpg,550e8400-e29b-41d4-a716-446655884219,550e8400-e29b-41d4-a716-446655883055,550e8400-e29b-41d4-a716-446655442014,550e8400-e29b-41d4-a716-446655441004,550e8400-e29b-41d4-a716-446655440001,"{""hierarchy"": [{""level"": ""country"", ""level_value_id"": ""550e8400-e29b-41d4-a716-446655440001"", ""level_value_mnemonic"": ""kamuntu""}, {""level"": ""region"", ""level_value_id"": ""550e8400-e29b-41d4-a716-446655441004"", ""level_value_mnemonic"": ""faraja""}, {""level"": ""district"", ""level_value_id"": ""550e8400-e29b-41d4-a716-446655442014"", ""level_value_mnemonic"": ""sihaya""}, {""level"": ""ward"", ""level_value_id"": ""550e8400-e29b-41d4-a716-446655883055"", ""level_value_mnemonic"": ""kuzaa""}, {""level"": ""village"", ""level_value_id"": ""550e8400-e29b-41d4-a716-446655884219"", ""level_value_mnemonic"": ""bigeu""}], ""lowest_level_value_id"": ""550e8400-e29b-41d4-a716-446655884219""}",12.3637,68.3107,207,23AB+83,45650 Carter Route,Sector 5,000418,KM
20000000-0000-4000-8000-000000000419,IND-0419,Timothy,,Cunningham,Timothy Cunningham,Timothy Cunningham,MALE,1987-02-22,39,MARRIED,"[{""type"": ""mobile"", ""number"": ""+10000000419"", ""is_primary"": true}]",kathygeorge@example.org,3751434706,XXXXXX4706,HIGHER_EDUCATION,en,images/IND-0419.jpg,550e8400-e29b-41d4-a716-446655884219,550e8400-e29b-41d4-a716-446655883055,550e8400-e29b-41d4-a716-446655442014,550e8400-e29b-41d4-a716-446655441004,550e8400-e29b-41d4-a716-446655440001,"{""hierarchy"": [{""level"": ""country"", ""level_value_id"": ""550e8400-e29b-41d4-a716-446655440001"", ""level_value_mnemonic"": ""kamuntu""}, {""level"": ""region"", ""level_value_id"": ""550e8400-e29b-41d4-a716-446655441004"", ""level_value_mnemonic"": ""faraja""}, {""level"": ""district"", ""level_value_id"": ""550e8400-e29b-41d4-a716-446655442014"", ""level_value_mnemonic"": ""sihaya""}, {""level"": ""ward"", ""level_value_id"": ""550e8400-e29b-41d4-a716-446655883055"", ""level_value_mnemonic"": ""kuzaa""}, {""level"": ""village"", ""level_value_id"": ""550e8400-e29b-41d4-a716-446655884219"", ""level_value_mnemonic"": ""bigeu""}], ""lowest_level_value_id"": ""550e8400-e29b-41d4-a716-446655884219""}",12.359,68.3154,67,23AB+83,4451 Morrow Bridge Apt. 845,Sector 6,000419,KM
20000000-0000-4000-8000-000000000420,IND-0420,Richard,,Jenkins,Richard Jenkins,Richard Jenkins,MALE,1985-03-12,41,MARRIED,"[{""type"": ""mobile"", ""number"": ""+10000000420"", ""is_primary"": true}]",curtismoore@example.org,5123653209,XXXXXX3209,INTERMEDIARY,en,images/IND-0420.jpg,550e8400-e29b-41d4-a716-446655884166,550e8400-e29b-41d4-a716-446655883042,550e8400-e29b-41d4-a716-446655442011,550e8400-e29b-41d4-a716-446655441003,550e8400-e29b-41d4-a716-446655440001,"{""hierarchy"": [{""level"": ""country"", ""level_value_id"": ""550e8400-e29b-41d4-a716-446655440001"", ""level_value_mnemonic"": ""kamuntu""}, {""level"": ""region"", ""level_value_id"": ""550e8400-e29b-41d4-a716-446655441003"", ""level_value_mnemonic"": ""jasiri""}, {""level"": ""district"", ""level_value_id"": ""550e8400-e29b-41d4-a716-446655442011"", ""level_value_mnemonic"": ""baraka""}, {""level"": ""ward"", ""level_value_id"": ""550e8400-e29b-41d4-a716-446655883042"", ""level_value_mnemonic"": ""umani""}, {""level"": ""village"", ""level_value_id"": ""550e8400-e29b-41d4-a716-446655884166"", ""level_value_mnemonic"": ""bimala""}], ""lowest_level_value_id"": ""550e8400-e29b-41d4-a716-446655884166""}",15.8032,71.7394,263,58AB+17,988 Robert Club,Sector 7,000420,KM
20000000-0000-4000-8000-000000000421,IND-0421,Audrey,,Jenkins,Audrey Jenkins,Audrey Jenkins,FEMALE,1990-08-23,35,MARRIED,"[{""type"": ""mobile"", ""number"": ""+10000000421"", ""is_primary"": true}]",,9142951341,XXXXXX1341,HIGHER_EDUCATION,en,images/IND-0421.jpg,550e8400-e29b-41d4-a716-446655884166,550e8400-e29b-41d4-a716-446655883042,550e8400-e29b-41d4-a716-446655442011,550e8400-e29b-41d4-a716-446655441003,550e8400-e29b-41d4-a716-446655440001,"{""hierarchy"": [{""level"": ""country"", ""level_value_id"": ""550e8400-e29b-41d4-a716-446655440001"", ""level_value_mnemonic"": ""kamuntu""}, {""level"": ""region"", ""level_value_id"": ""550e8400-e29b-41d4-a716-446655441003"", ""level_value_mnemonic"": ""jasiri""}, {""level"": ""district"", ""level_value_id"": ""550e8400-e29b-41d4-a716-446655442011"", ""level_value_mnemonic"": ""baraka""}, {""level"": ""ward"", ""level_value_id"": ""550e8400-e29b-41d4-a716-446655883042"", ""level_value_mnemonic"": ""umani""}, {""level"": ""village"", ""level_value_id"": ""550e8400-e29b-41d4-a716-446655884166"", ""level_value_mnemonic"": ""bimala""}], ""lowest_level_value_id"": ""550e8400-e29b-41d4-a716-446655884166""}",15.7662,71.8014,287,57AB+18,5452 Preston Ranch,Sector 8,000421,KM
20000000-0000-4000-8000-000000000422,IND-0422,Kelly,,Jenkins,Kelly Jenkins,Kelly Jenkins,FEMALE,1988-12-27,37,MARRIED,"[{""type"": ""mobile"", ""number"": ""+10000000422"", ""is_primary"": true}]",jenniferjohnson@example.org,8239138603,XXXXXX8603,CAN_READ_AND_WRITE,en,images/IND-0422.jpg,550e8400-e29b-41d4-a716-446655884166,550e8400-e29b-41d4-a716-446655883042,550e8400-e29b-41d4-a716-446655442011,550e8400-e29b-41d4-a716-446655441003,550e8400-e29b-41d4-a716-446655440001,"{""hierarchy"": [{""level"": ""country"", ""level_value_id"": ""550e8400-e29b-41d4-a716-446655440001"", ""level_value_mnemonic"": ""kamuntu""}, {""level"": ""region"", ""level_value_id"": ""550e8400-e29b-41d4-a716-446655441003"", ""level_value_mnemonic"": ""jasiri""}, {""level"": ""district"", ""level_value_id"": ""550e8400-e29b-41d4-a716-446655442011"", ""level_value_mnemonic"": ""baraka""}, {""level"": ""ward"", ""level_value_id"": ""550e8400-e29b-41d4-a716-446655883042"", ""level_value_mnemonic"": ""umani""}, {""level"": ""village"", ""level_value_id"": ""550e8400-e29b-41d4-a716-446655884166"", ""level_value_mnemonic"": ""bimala""}], ""lowest_level_value_id"": ""550e8400-e29b-41d4-a716-446655884166""}",15.8,71.8088,140,58AB+18,23423 Tina Manors,Sector 9,000422,KM
20000000-0000-4000-8000-000000000423,IND-0423,Melissa,,Bowers,Melissa Bowers,Melissa Bowers,FEMALE,1982-07-20,43,MARRIED,"[{""type"": ""mobile"", ""number"": ""+10000000423"", ""is_primary"": true}]",,7896382125,XXXXXX2125,BASIC,en,images/IND-0423.jpg,550e8400-e29b-41d4-a716-446655884144,550e8400-e29b-41d4-a716-446655883036,550e8400-e29b-41d4-a716-446655442009,550e8400-e29b-41d4-a716-446655441003,550e8400-e29b-41d4-a716-446655440001,"{""hierarchy"": [{""level"": ""country"", ""level_value_id"": ""550e8400-e29b-41d4-a716-446655440001"", ""level_value_mnemonic"": ""kamuntu""}, {""level"": ""region"", ""level_value_id"": ""550e8400-e29b-41d4-a716-446655441003"", ""level_value_mnemonic"": ""jasiri""}, {""level"": ""district"", ""level_value_id"": ""550e8400-e29b-41d4-a716-446655442009"", ""level_value_mnemonic"": ""simba""}, {""level"": ""ward"", ""level_value_id"": ""550e8400-e29b-41d4-a716-446655883036"", ""level_value_mnemonic"": ""nyumbani""}, {""level"": ""village"", ""level_value_id"": ""550e8400-e29b-41d4-a716-446655884144"", ""level_value_mnemonic"": ""biluxa""}], ""lowest_level_value_id"": ""550e8400-e29b-41d4-a716-446655884144""}",10.3587,70.3517,250,03AB+03,76031 Laura Passage,Sector 1,000423,KM
20000000-0000-4000-8000-000000000424,IND-0424,Kevin,Rebekah,Bowers,Kevin Rebekah Bowers,Kevin Rebekah Bowers,MALE,2016-02-06,10,MARRIED,"[{""type"": ""mobile"", ""number"": ""+10000000424"", ""is_primary"": true}]",,6890906602,XXXXXX6602,BASIC,en,images/IND-0424.jpg,550e8400-e29b-41d4-a716-446655884144,550e8400-e29b-41d4-a716-446655883036,550e8400-e29b-41d4-a716-446655442009,550e8400-e29b-41d4-a716-446655441003,550e8400-e29b-41d4-a716-446655440001,"{""hierarchy"": [{""level"": ""country"", ""level_value_id"": ""550e8400-e29b-41d4-a716-446655440001"", ""level_value_mnemonic"": ""kamuntu""}, {""level"": ""region"", ""level_value_id"": ""550e8400-e29b-41d4-a716-446655441003"", ""level_value_mnemonic"": ""jasiri""}, {""level"": ""district"", ""level_value_id"": ""550e8400-e29b-41d4-a716-446655442009"", ""level_value_mnemonic"": ""simba""}, {""level"": ""ward"", ""level_value_id"": ""550e8400-e29b-41d4-a716-446655883036"", ""level_value_mnemonic"": ""nyumbani""}, {""level"": ""village"", ""level_value_id"": ""550e8400-e29b-41d4-a716-446655884144"", ""level_value_mnemonic"": ""biluxa""}], ""lowest_level_value_id"": ""550e8400-e29b-41d4-a716-446655884144""}",10.4229,70.3703,184,04AB+03,40119 Briana Flats,Sector 2,000424,KM
20000000-0000-4000-8000-000000000425,IND-0425,Cody,Christopher,Bowers,Cody Christopher Bowers,Cody Christopher Bowers,MALE,1975-12-04,50,DIVORCED,"[{""type"": ""mobile"", ""number"": ""+10000000425"", ""is_primary"": true}]",,3147716902,XXXXXX6902,BASIC,en,images/IND-0425.jpg,550e8400-e29b-41d4-a716-446655884144,550e8400-e29b-41d4-a716-446655883036,550e8400-e29b-41d4-a716-446655442009,550e8400-e29b-41d4-a716-446655441003,550e8400-e29b-41d4-a716-446655440001,"{""hierarchy"": [{""level"": ""country"", ""level_value_id"": ""550e8400-e29b-41d4-a716-446655440001"", ""level_value_mnemonic"": ""kamuntu""}, {""level"": ""region"", ""level_value_id"": ""550e8400-e29b-41d4-a716-446655441003"", ""level_value_mnemonic"": ""jasiri""}, {""level"": ""district"", ""level_value_id"": ""550e8400-e29b-41d4-a716-446655442009"", ""level_value_mnemonic"": ""simba""}, {""level"": ""ward"", ""level_value_id"": ""550e8400-e29b-41d4-a716-446655883036"", ""level_value_mnemonic"": ""nyumbani""}, {""level"": ""village"", ""level_value_id"": ""550e8400-e29b-41d4-a716-446655884144"", ""level_value_mnemonic"": ""biluxa""}], ""lowest_level_value_id"": ""550e8400-e29b-41d4-a716-446655884144""}",10.359,70.4324,237,03AB+04,552 William Cliff Apt. 908,Sector 3,000425,KM
20000000-0000-4000-8000-000000000426,IND-0426,Daniel,,Lee,Daniel Lee,Daniel Lee,MALE,2009-11-07,16,SINGLE,"[{""type"": ""mobile"", ""number"": ""+10000000426"", ""is_primary"": true}]",,1570015858,XXXXXX5858,HIGHER_EDUCATION,en,images/IND-0426.jpg,550e8400-e29b-41d4-a716-446655884168,550e8400-e29b-41d4-a716-446655883042,550e8400-e29b-41d4-a716-446655442011,550e8400-e29b-41d4-a716-446655441003,550e8400-e29b-41d4-a716-446655440001,"{""hierarchy"": [{""level"": ""country"", ""level_value_id"": ""550e8400-e29b-41d4-a716-446655440001"", ""level_value_mnemonic"": ""kamuntu""}, {""level"": ""region"", ""level_value_id"": ""550e8400-e29b-41d4-a716-446655441003"", ""level_value_mnemonic"": ""jasiri""}, {""level"": ""district"", ""level_value_id"": ""550e8400-e29b-41d4-a716-446655442011"", ""level_value_mnemonic"": ""baraka""}, {""level"": ""ward"", ""level_value_id"": ""550e8400-e29b-41d4-a716-446655883042"", ""level_value_mnemonic"": ""umani""}, {""level"": ""village"", ""level_value_id"": ""550e8400-e29b-41d4-a716-446655884168"", ""level_value_mnemonic"": ""bimana""}], ""lowest_level_value_id"": ""550e8400-e29b-41d4-a716-446655884168""}",14.2025,66.1759,232,42AB+61,80138 Richardson Radial Apt. 712,Sector 4,000426,KM
20000000-0000-4000-8000-000000000427,IND-0427,Ruben,,Zavala,Ruben Zavala,Ruben Zavala,MALE,2023-02-03,3,SINGLE,"[{""type"": ""mobile"", ""number"": ""+10000000427"", ""is_primary"": true}]",,4744675014,XXXXXX5014,,en,images/IND-0427.jpg,550e8400-e29b-41d4-a716-446655884060,550e8400-e29b-41d4-a716-446655883015,550e8400-e29b-41d4-a716-446655442004,550e8400-e29b-41d4-a716-446655441001,550e8400-e29b-41d4-a716-446655440001,"{""hierarchy"": [{""level"": ""country"", ""level_value_id"": ""550e8400-e29b-41d4-a716-446655440001"", ""level_value_mnemonic"": ""kamuntu""}, {""level"": ""region"", ""level_value_id"": ""550e8400-e29b-41d4-a716-446655441001"", ""level_value_mnemonic"": ""kilima""}, {""level"": ""district"", ""level_value_id"": ""550e8400-e29b-41d4-a716-446655442004"", ""level_value_mnemonic"": ""karamu""}, {""level"": ""ward"", ""level_value_id"": ""550e8400-e29b-41d4-a716-446655883015"", ""level_value_mnemonic"": ""uzima""}, {""level"": ""village"", ""level_value_id"": ""550e8400-e29b-41d4-a716-446655884060"", ""level_value_mnemonic"": ""bilosi""}], ""lowest_level_value_id"": ""550e8400-e29b-41d4-a716-446655884060""}",14.4033,66.4589,76,44AB+64,83615 Steven Pike Apt. 754,Sector 5,000427,KM
20000000-0000-4000-8000-000000000428,IND-0428,Justin,,Williams,Justin Williams,Justin Williams,MALE,1996-09-25,29,MARRIED,"[{""type"": ""mobile"", ""number"": ""+10000000428"", ""is_primary"": true}]",,6121944541,XXXXXX4541,BASIC,en,images/IND-0428.jpg,550e8400-e29b-41d4-a716-446655884160,550e8400-e29b-41d4-a716-446655883040,550e8400-e29b-41d4-a716-446655442010,550e8400-e29b-41d4-a716-446655441003,550e8400-e29b-41d4-a716-446655440001,"{""hierarchy"": [{""level"": ""country"", ""level_value_id"": ""550e8400-e29b-41d4-a716-446655440001"", ""level_value_mnemonic"": ""kamuntu""}, {""level"": ""region"", ""level_value_id"": ""550e8400-e29b-41d4-a716-446655441003"", ""level_value_mnemonic"": ""jasiri""}, {""level"": ""district"", ""level_value_id"": ""550e8400-e29b-41d4-a716-446655442010"", ""level_value_mnemonic"": ""ndoto""}, {""level"": ""ward"", ""level_value_id"": ""550e8400-e29b-41d4-a716-446655883040"", ""level_value_mnemonic"": ""tupa""}, {""level"": ""village"", ""level_value_id"": ""550e8400-e29b-41d4-a716-446655884160"", ""level_value_mnemonic"": ""bimafa""}], ""lowest_level_value_id"": ""550e8400-e29b-41d4-a716-446655884160""}",11.0277,66.0319,162,10AB+60,1647 Mcdaniel Ville Suite 386,Sector 6,000428,KM
20000000-0000-4000-8000-000000000429,IND-0429,Dylan,Jacob,Wyatt,Dylan Jacob Wyatt,Dylan Jacob Wyatt,MALE,2022-12-07,3,SINGLE,"[{""type"": ""mobile"", ""number"": ""+10000000429"", ""is_primary"": true}]",,1439698549,XXXXXX8549,,en,images/IND-0429.jpg,550e8400-e29b-41d4-a716-446655884077,550e8400-e29b-41d4-a716-446655883020,550e8400-e29b-41d4-a716-446655442005,550e8400-e29b-41d4-a716-446655441002,550e8400-e29b-41d4-a716-446655440001,"{""hierarchy"": [{""level"": ""country"", ""level_value_id"": ""550e8400-e29b-41d4-a716-446655440001"", ""level_value_mnemonic"": ""kamuntu""}, {""level"": ""region"", ""level_value_id"": ""550e8400-e29b-41d4-a716-446655441002"", ""level_value_mnemonic"": ""chakula""}, {""level"": ""district"", ""level_value_id"": ""550e8400-e29b-41d4-a716-446655442005"", ""level_value_mnemonic"": ""mfumo""}, {""level"": ""ward"", ""level_value_id"": ""550e8400-e29b-41d4-a716-446655883020"", ""level_value_mnemonic"": ""nguvu""}, {""level"": ""village"", ""level_value_id"": ""550e8400-e29b-41d4-a716-446655884077"", ""level_value_mnemonic"": ""bilubu""}], ""lowest_level_value_id"": ""550e8400-e29b-41d4-a716-446655884077""}",10.8743,69.8749,119,08AB+98,5207 Randy Pike,Sector 7,000429,KM
20000000-0000-4000-8000-000000000430,IND-0430,Mary,,Miller,Mary Miller,Mary Miller,FEMALE,2014-06-12,11,SINGLE,"[{""type"": ""mobile"", ""number"": ""+10000000430"", ""is_primary"": true}]",,2905452099,XXXXXX2099,ILLITERATE,en,images/IND-0430.jpg,550e8400-e29b-41d4-a716-446655884073,550e8400-e29b-41d4-a716-446655883019,550e8400-e29b-41d4-a716-446655442005,550e8400-e29b-41d4-a716-446655441002,550e8400-e29b-41d4-a716-446655440001,"{""hierarchy"": [{""level"": ""country"", ""level_value_id"": ""550e8400-e29b-41d4-a716-446655440001"", ""level_value_mnemonic"": ""kamuntu""}, {""level"": ""region"", ""level_value_id"": ""550e8400-e29b-41d4-a716-446655441002"", ""level_value_mnemonic"": ""chakula""}, {""level"": ""district"", ""level_value_id"": ""550e8400-e29b-41d4-a716-446655442005"", ""level_value_mnemonic"": ""mfumo""}, {""level"": ""ward"", ""level_value_id"": ""550e8400-e29b-41d4-a716-446655883019"", ""level_value_mnemonic"": ""wimbo""}, {""level"": ""village"", ""level_value_id"": ""550e8400-e29b-41d4-a716-446655884073"", ""level_value_mnemonic"": ""biloza""}], ""lowest_level_value_id"": ""550e8400-e29b-41d4-a716-446655884073""}",16.633,68.6671,222,66AB+86,6912 Michael Flat,Sector 8,000430,KM
20000000-0000-4000-8000-000000000431,IND-0431,Gina,Vicki,Larson,Gina Vicki Larson,Gina Vicki Larson,FEMALE,1997-06-05,28,MARRIED,"[{""type"": ""mobile"", ""number"": ""+10000000431"", ""is_primary"": true}]",,6822362090,XXXXXX2090,HIGHER_EDUCATION,en,images/IND-0431.jpg,550e8400-e29b-41d4-a716-446655884055,550e8400-e29b-41d4-a716-446655883014,550e8400-e29b-41d4-a716-446655442004,550e8400-e29b-41d4-a716-446655441001,550e8400-e29b-41d4-a716-446655440001,"{""hierarchy"": [{""level"": ""country"", ""level_value_id"": ""550e8400-e29b-41d4-a716-446655440001"", ""level_value_mnemonic"": ""kamuntu""}, {""level"": ""region"", ""level_value_id"": ""550e8400-e29b-41d4-a716-446655441001"", ""level_value_mnemonic"": ""kilima""}, {""level"": ""district"", ""level_value_id"": ""550e8400-e29b-41d4-a716-446655442004"", ""level_value_mnemonic"": ""karamu""}, {""level"": ""ward"", ""level_value_id"": ""550e8400-e29b-41d4-a716-446655883014"", ""level_value_mnemonic"": ""kobe""}, {""level"": ""village"", ""level_value_id"": ""550e8400-e29b-41d4-a716-446655884055"", ""level_value_mnemonic"": ""billi""}], ""lowest_level_value_id"": ""550e8400-e29b-41d4-a716-446655884055""}",11.6732,71.6598,244,16AB+16,67499 Avila Unions,Sector 9,000431,KM
20000000-0000-4000-8000-000000000432,IND-0432,Maria,,Ross,Maria Ross,Maria Ross,FEMALE,2010-12-04,15,SINGLE,"[{""type"": ""mobile"", ""number"": ""+10000000432"", ""is_primary"": true}]",,5712708693,XXXXXX8693,INTERMEDIARY,en,images/IND-0432.jpg,550e8400-e29b-41d4-a716-446655884041,550e8400-e29b-41d4-a716-446655883011,550e8400-e29b-41d4-a716-446655442003,550e8400-e29b-41d4-a716-446655441001,550e8400-e29b-41d4-a716-446655440001,"{""hierarchy"": [{""level"": ""country"", ""level_value_id"": ""550e8400-e29b-41d4-a716-446655440001"", ""level_value_mnemonic"": ""kamuntu""}, {""level"": ""region"", ""level_value_id"": ""550e8400-e29b-41d4-a716-446655441001"", ""level_value_mnemonic"": ""kilima""}, {""level"": ""district"", ""level_value_id"": ""550e8400-e29b-41d4-a716-446655442003"", ""level_value_mnemonic"": ""nyani""}, {""level"": ""ward"", ""level_value_id"": ""550e8400-e29b-41d4-a716-446655883011"", ""level_value_mnemonic"": ""shimo""}, {""level"": ""village"", ""level_value_id"": ""550e8400-e29b-41d4-a716-446655884041"", ""level_value_mnemonic"": ""bilina""}], ""lowest_level_value_id"": ""550e8400-e29b-41d4-a716-446655884041""}",15.931,68.9644,246,59AB+89,967 Hernandez Motorway Apt. 147,Sector 1,000432,KM
20000000-0000-4000-8000-000000000433,IND-0433,Jonathan,,Fuller,Jonathan Fuller,Jonathan Fuller,MALE,2015-08-23,10,SINGLE,"[{""type"": ""mobile"", ""number"": ""+10000000433"", ""is_primary"": true}]",,9215678070,XXXXXX8070,BASIC,en,images/IND-0433.jpg,550e8400-e29b-41d4-a716-446655884241,550e8400-e29b-41d4-a716-446655883061,550e8400-e29b-41d4-a716-446655442016,550e8400-e29b-41d4-a716-446655441004,550e8400-e29b-41d4-a716-446655440001,"{""hierarchy"": [{""level"": ""country"", ""level_value_id"": ""550e8400-e29b-41d4-a716-446655440001"", ""level_value_mnemonic"": ""kamuntu""}, {""level"": ""region"", ""level_value_id"": ""550e8400-e29b-41d4-a716-446655441004"", ""level_value_mnemonic"": ""faraja""}, {""level"": ""district"", ""level_value_id"": ""550e8400-e29b-41d4-a716-446655442016"", ""level_value_mnemonic"": ""tunza""}, {""level"": ""ward"", ""level_value_id"": ""550e8400-e29b-41d4-a716-446655883061"", ""level_value_mnemonic"": ""kuwasha""}, {""level"": ""village"", ""level_value_id"": ""550e8400-e29b-41d4-a716-446655884241"", ""level_value_mnemonic"": ""bilizo""}], ""lowest_level_value_id"": ""550e8400-e29b-41d4-a716-446655884241""}",17.7692,70.8,220,77AB+08,10170 Patrick Springs,Sector 2,000433,KM
20000000-0000-4000-8000-000000000434,IND-0434,Erin,,Turner,Erin Turner,Erin Turner,FEMALE,2018-11-24,7,SINGLE,"[{""type"": ""mobile"", ""number"": ""+10000000434"", ""is_primary"": true}]",,6804394126,XXXXXX4126,BASIC,en,images/IND-0434.jpg,550e8400-e29b-41d4-a716-446655884167,550e8400-e29b-41d4-a716-446655883042,550e8400-e29b-41d4-a716-446655442011,550e8400-e29b-41d4-a716-446655441003,550e8400-e29b-41d4-a716-446655440001,"{""hierarchy"": [{""level"": ""country"", ""level_value_id"": ""550e8400-e29b-41d4-a716-446655440001"", ""level_value_mnemonic"": ""kamuntu""}, {""level"": ""region"", ""level_value_id"": ""550e8400-e29b-41d4-a716-446655441003"", ""level_value_mnemonic"": ""jasiri""}, {""level"": ""district"", ""level_value_id"": ""550e8400-e29b-41d4-a716-446655442011"", ""level_value_mnemonic"": ""baraka""}, {""level"": ""ward"", ""level_value_id"": ""550e8400-e29b-41d4-a716-446655883042"", ""level_value_mnemonic"": ""umani""}, {""level"": ""village"", ""level_value_id"": ""550e8400-e29b-41d4-a716-446655884167"", ""level_value_mnemonic"": ""bimama""}], ""lowest_level_value_id"": ""550e8400-e29b-41d4-a716-446655884167""}",12.4361,71.4071,246,24AB+14,87734 Henry Green,Sector 3,000434,KM
20000000-0000-4000-8000-000000000435,IND-0435,Joshua,,Pacheco,Joshua Pacheco,Joshua Pacheco,MALE,1978-01-21,48,MARRIED,"[{""type"": ""mobile"", ""number"": ""+10000000435"", ""is_primary"": true}]",cisnerosanthony@example.com,3789372578,XXXXXX2578,CAN_READ_AND_WRITE,en,images/IND-0435.jpg,550e8400-e29b-41d4-a716-446655884066,550e8400-e29b-41d4-a716-446655883017,550e8400-e29b-41d4-a716-446655442005,550e8400-e29b-41d4-a716-446655441002,550e8400-e29b-41d4-a716-446655440001,"{""hierarchy"": [{""level"": ""country"", ""level_value_id"": ""550e8400-e29b-41d4-a716-446655440001"", ""level_value_mnemonic"": ""kamuntu""}, {""level"": ""region"", ""level_value_id"": ""550e8400-e29b-41d4-a716-446655441002"", ""level_value_mnemonic"": ""chakula""}, {""level"": ""district"", ""level_value_id"": ""550e8400-e29b-41d4-a716-446655442005"", ""level_value_mnemonic"": ""mfumo""}, {""level"": ""ward"", ""level_value_id"": ""550e8400-e29b-41d4-a716-446655883017"", ""level_value_mnemonic"": ""haraka""}, {""level"": ""village"", ""level_value_id"": ""550e8400-e29b-41d4-a716-446655884066"", ""level_value_mnemonic"": ""bilovu""}], ""lowest_level_value_id"": ""550e8400-e29b-41d4-a716-446655884066""}",17.8692,66.8433,152,78AB+68,7567 Johnson Fall,Sector 4,000435,KM
20000000-0000-4000-8000-000000000436,IND-0436,Justin,,Dalton,Justin Dalton,Justin Dalton,MALE,1993-10-19,32,MARRIED,"[{""type"": ""mobile"", ""number"": ""+10000000436"", ""is_primary"": true}]",nicole27@example.com,9504916685,XXXXXX6685,ILLITERATE,en,images/IND-0436.jpg,550e8400-e29b-41d4-a716-446655884125,550e8400-e29b-41d4-a716-446655883032,550e8400-e29b-41d4-a716-446655442008,550e8400-e29b-41d4-a716-446655441002,550e8400-e29b-41d4-a716-446655440001,"{""hierarchy"": [{""level"": ""country"", ""level_value_id"": ""550e8400-e29b-41d4-a716-446655440001"", ""level_value_mnemonic"": ""kamuntu""}, {""level"": ""region"", ""level_value_id"": ""550e8400-e29b-41d4-a716-446655441002"", ""level_value_mnemonic"": ""chakula""}, {""level"": ""district"", ""level_value_id"": ""550e8400-e29b-41d4-a716-446655442008"", ""level_value_mnemonic"": ""makali""}, {""level"": ""ward"", ""level_value_id"": ""550e8400-e29b-41d4-a716-446655883032"", ""level_value_mnemonic"": ""tano""}, {""level"": ""village"", ""level_value_id"": ""550e8400-e29b-41d4-a716-446655884125"", ""level_value_mnemonic"": ""biluri""}], ""lowest_level_value_id"": ""550e8400-e29b-41d4-a716-446655884125""}",19.4467,70.4242,227,94AB+04,6719 Keller Spur,Sector 5,000436,KM
20000000-0000-4000-8000-000000000437,IND-0437,Joshua,,Harrison,Joshua Harrison,Joshua Harrison,MALE,1988-12-28,37,SINGLE,"[{""type"": ""mobile"", ""number"": ""+10000000437"", ""is_primary"": true}]",williammyers@example.com,2912189154,XXXXXX9154,HIGHER_EDUCATION,en,images/IND-0437.jpg,550e8400-e29b-41d4-a716-446655884250,550e8400-e29b-41d4-a716-446655883063,550e8400-e29b-41d4-a716-446655442016,550e8400-e29b-41d4-a716-446655441004,550e8400-e29b-41d4-a716-446655440001,"{""hierarchy"": [{""level"": ""country"", ""level_value_id"": ""550e8400-e29b-41d4-a716-446655440001"", ""level_value_mnemonic"": ""kamuntu""}, {""level"": ""region"", ""level_value_id"": ""550e8400-e29b-41d4-a716-446655441004"", ""level_value_mnemonic"": ""faraja""}, {""level"": ""district"", ""level_value_id"": ""550e8400-e29b-41d4-a716-446655442016"", ""level_value_mnemonic"": ""tunza""}, {""level"": ""ward"", ""level_value_id"": ""550e8400-e29b-41d4-a716-446655883063"", ""level_value_mnemonic"": ""kufa""}, {""level"": ""village"", ""level_value_id"": ""550e8400-e29b-41d4-a716-446655884250"", ""level_value_mnemonic"": ""bilosi""}], ""lowest_level_value_id"": ""550e8400-e29b-41d4-a716-446655884250""}",12.2308,69.2406,203,22AB+92,545 Anthony Cape Apt. 559,Sector 6,000437,KM
20000000-0000-4000-8000-000000000438,IND-0438,Alyssa,,Vance,Alyssa Vance,Alyssa Vance,FEMALE,1999-05-31,27,MARRIED,"[{""type"": ""mobile"", ""number"": ""+10000000438"", ""is_primary"": true}]",oscar65@example.com,4478233603,XXXXXX3603,INTERMEDIARY,en,images/IND-0438.jpg,550e8400-e29b-41d4-a716-446655884195,550e8400-e29b-41d4-a716-446655883049,550e8400-e29b-41d4-a716-446655442013,550e8400-e29b-41d4-a716-446655441004,550e8400-e29b-41d4-a716-446655440001,"{""hierarchy"": [{""level"": ""country"", ""level_value_id"": ""550e8400-e29b-41d4-a716-446655440001"", ""level_value_mnemonic"": ""kamuntu""}, {""level"": ""region"", ""level_value_id"": ""550e8400-e29b-41d4-a716-446655441004"", ""level_value_mnemonic"": ""faraja""}, {""level"": ""district"", ""level_value_id"": ""550e8400-e29b-41d4-a716-446655442013"", ""level_value_mnemonic"": ""asilani""}, {""level"": ""ward"", ""level_value_id"": ""550e8400-e29b-41d4-a716-446655883049"", ""level_value_mnemonic"": ""usawa""}, {""level"": ""village"", ""level_value_id"": ""550e8400-e29b-41d4-a716-446655884195"", ""level_value_mnemonic"": ""baadhi""}], ""lowest_level_value_id"": ""550e8400-e29b-41d4-a716-446655884195""}",14.5757,68.5661,165,45AB+85,0333 Watkins Spurs Apt. 415,Sector 7,000438,KM
20000000-0000-4000-8000-000000000439,IND-0439,Christopher,Benjamin,Ryan,Christopher Benjamin Ryan,Christopher Benjamin Ryan,MALE,1973-09-25,52,MARRIED,"[{""type"": ""mobile"", ""number"": ""+10000000439"", ""is_primary"": true}]",,9973421080,XXXXXX1080,BASIC,en,images/IND-0439.jpg,550e8400-e29b-41d4-a716-446655884229,550e8400-e29b-41d4-a716-446655883058,550e8400-e29b-41d4-a716-446655442015,550e8400-e29b-41d4-a716-446655441004,550e8400-e29b-41d4-a716-446655440001,"{""hierarchy"": [{""level"": ""country"", ""level_value_id"": ""550e8400-e29b-41d4-a716-446655440001"", ""level_value_mnemonic"": ""kamuntu""}, {""level"": ""region"", ""level_value_id"": ""550e8400-e29b-41d4-a716-446655441004"", ""level_value_mnemonic"": ""faraja""}, {""level"": ""district"", ""level_value_id"": ""550e8400-e29b-41d4-a716-446655442015"", ""level_value_mnemonic"": ""zawadi""}, {""level"": ""ward"", ""level_value_id"": ""550e8400-e29b-41d4-a716-446655883058"", ""level_value_mnemonic"": ""kujua""}, {""level"": ""village"", ""level_value_id"": ""550e8400-e29b-41d4-a716-446655884229"", ""level_value_mnemonic"": ""bilili""}], ""lowest_level_value_id"": ""550e8400-e29b-41d4-a716-446655884229""}",16.9108,69.0086,153,69AB+90,864 Heather Radial Apt. 569,Sector 8,000439,KM
20000000-0000-4000-8000-000000000440,IND-0440,Jeanette,,Armstrong,Jeanette Armstrong,Jeanette Armstrong,FEMALE,1965-06-06,60,WIDOWED,"[{""type"": ""mobile"", ""number"": ""+10000000440"", ""is_primary"": true}]",rgarcia@example.org,2542943951,XXXXXX3951,HIGHER_EDUCATION,en,images/IND-0440.jpg,550e8400-e29b-41d4-a716-446655884032,550e8400-e29b-41d4-a716-446655883008,550e8400-e29b-41d4-a716-446655442002,550e8400-e29b-41d4-a716-446655441001,550e8400-e29b-41d4-a716-446655440001,"{""hierarchy"": [{""level"": ""country"", ""level_value_id"": ""550e8400-e29b-41d4-a716-446655440001"", ""level_value_mnemonic"": ""kamuntu""}, {""level"": ""region"", ""level_value_id"": ""550e8400-e29b-41d4-a716-446655441001"", ""level_value_mnemonic"": ""kilima""}, {""level"": ""district"", ""level_value_id"": ""550e8400-e29b-41d4-a716-446655442002"", ""level_value_mnemonic"": ""pembe""}, {""level"": ""ward"", ""level_value_id"": ""550e8400-e29b-41d4-a716-446655883008"", ""level_value_mnemonic"": ""upande""}, {""level"": ""village"", ""level_value_id"": ""550e8400-e29b-41d4-a716-446655884032"", ""level_value_mnemonic"": ""bileh""}], ""lowest_level_value_id"": ""550e8400-e29b-41d4-a716-446655884032""}",17.9561,67.9566,110,79AB+79,8529 Cox Mews Apt. 718,Sector 9,000440,KM
20000000-0000-4000-8000-000000000441,IND-0441,Cindy,,Baker,Cindy Baker,Cindy Baker,FEMALE,1991-09-06,34,MARRIED,"[{""type"": ""mobile"", ""number"": ""+10000000441"", ""is_primary"": true}]",,3845362401,XXXXXX2401,BASIC,en,images/IND-0441.jpg,550e8400-e29b-41d4-a716-446655884202,550e8400-e29b-41d4-a716-446655883051,550e8400-e29b-41d4-a716-446655442013,550e8400-e29b-41d4-a716-446655441004,550e8400-e29b-41d4-a716-446655440001,"{""hierarchy"": [{""level"": ""country"", ""level_value_id"": ""550e8400-e29b-41d4-a716-446655440001"", ""level_value_mnemonic"": ""kamuntu""}, {""level"": ""region"", ""level_value_id"": ""550e8400-e29b-41d4-a716-446655441004"", ""level_value_mnemonic"": ""faraja""}, {""level"": ""district"", ""level_value_id"": ""550e8400-e29b-41d4-a716-446655442013"", ""level_value_mnemonic"": ""asilani""}, {""level"": ""ward"", ""level_value_id"": ""550e8400-e29b-41d4-a716-446655883051"", ""level_value_mnemonic"": ""mapicho""}, {""level"": ""village"", ""level_value_id"": ""550e8400-e29b-41d4-a716-446655884202"", ""level_value_mnemonic"": ""basi""}], ""lowest_level_value_id"": ""550e8400-e29b-41d4-a716-446655884202""}",12.5175,71.4888,148,25AB+14,639 Jennifer Prairie Apt. 954,Sector 1,000441,KM
20000000-0000-4000-8000-000000000442,IND-0442,Austin,Thomas,Solis,Austin Thomas Solis,Austin Thomas Solis,MALE,1977-08-22,48,SINGLE,"[{""type"": ""mobile"", ""number"": ""+10000000442"", ""is_primary"": true}]",,9898081286,XXXXXX1286,CAN_READ_AND_WRITE,en,images/IND-0442.jpg,550e8400-e29b-41d4-a716-446655884214,550e8400-e29b-41d4-a716-446655883054,550e8400-e29b-41d4-a716-446655442014,550e8400-e29b-41d4-a716-446655441004,550e8400-e29b-41d4-a716-446655440001,"{""hierarchy"": [{""level"": ""country"", ""level_value_id"": ""550e8400-e29b-41d4-a716-446655440001"", ""level_value_mnemonic"": ""kamuntu""}, {""level"": ""region"", ""level_value_id"": ""550e8400-e29b-41d4-a716-446655441004"", ""level_value_mnemonic"": ""faraja""}, {""level"": ""district"", ""level_value_id"": ""550e8400-e29b-41d4-a716-446655442014"", ""level_value_mnemonic"": ""sihaya""}, {""level"": ""ward"", ""level_value_id"": ""550e8400-e29b-41d4-a716-446655883054"", ""level_value_mnemonic"": ""kusoma""}, {""level"": ""village"", ""level_value_id"": ""550e8400-e29b-41d4-a716-446655884214"", ""level_value_mnemonic"": ""bichi""}], ""lowest_level_value_id"": ""550e8400-e29b-41d4-a716-446655884214""}",18.6116,70.6821,174,86AB+06,1484 Alvarado Island,Sector 2,000442,KM
20000000-0000-4000-8000-000000000443,IND-0443,Curtis,,Morales,Curtis Morales,Curtis Morales,MALE,1991-03-20,35,WIDOWED,"[{""type"": ""mobile"", ""number"": ""+10000000443"", ""is_primary"": true}]",jpowers@example.org,9290622669,XXXXXX2669,INTERMEDIARY,en,images/IND-0443.jpg,550e8400-e29b-41d4-a716-446655884044,550e8400-e29b-41d4-a716-446655883011,550e8400-e29b-41d4-a716-446655442003,550e8400-e29b-41d4-a716-446655441001,550e8400-e29b-41d4-a716-446655440001,"{""hierarchy"": [{""level"": ""country"", ""level_value_id"": ""550e8400-e29b-41d4-a716-446655440001"", ""level_value_mnemonic"": ""kamuntu""}, {""level"": ""region"", ""level_value_id"": ""550e8400-e29b-41d4-a716-446655441001"", ""level_value_mnemonic"": ""kilima""}, {""level"": ""district"", ""level_value_id"": ""550e8400-e29b-41d4-a716-446655442003"", ""level_value_mnemonic"": ""nyani""}, {""level"": ""ward"", ""level_value_id"": ""550e8400-e29b-41d4-a716-446655883011"", ""level_value_mnemonic"": ""shimo""}, {""level"": ""village"", ""level_value_id"": ""550e8400-e29b-41d4-a716-446655884044"", ""level_value_mnemonic"": ""bilita""}], ""lowest_level_value_id"": ""550e8400-e29b-41d4-a716-446655884044""}",13.4723,67.4554,158,34AB+74,829 Lewis View,Sector 3,000443,KM
20000000-0000-4000-8000-000000000444,IND-0444,Natalie,Sharon,Mcdonald,Natalie Sharon Mcdonald,Natalie Sharon Mcdonald,FEMALE,2001-04-11,25,MARRIED,"[{""type"": ""mobile"", ""number"": ""+10000000444"", ""is_primary"": true}]",umichael@example.net,7449876106,XXXXXX6106,ILLITERATE,en,images/IND-0444.jpg,550e8400-e29b-41d4-a716-446655884197,550e8400-e29b-41d4-a716-446655883050,550e8400-e29b-41d4-a716-446655442013,550e8400-e29b-41d4-a716-446655441004,550e8400-e29b-41d4-a716-446655440001,"{""hierarchy"": [{""level"": ""country"", ""level_value_id"": ""550e8400-e29b-41d4-a716-446655440001"", ""level_value_mnemonic"": ""kamuntu""}, {""level"": ""region"", ""level_value_id"": ""550e8400-e29b-41d4-a716-446655441004"", ""level_value_mnemonic"": ""faraja""}, {""level"": ""district"", ""level_value_id"": ""550e8400-e29b-41d4-a716-446655442013"", ""level_value_mnemonic"": ""asilani""}, {""level"": ""ward"", ""level_value_id"": ""550e8400-e29b-41d4-a716-446655883050"", ""level_value_mnemonic"": ""nguvu""}, {""level"": ""village"", ""level_value_id"": ""550e8400-e29b-41d4-a716-446655884197"", ""level_value_mnemonic"": ""bambi""}], ""lowest_level_value_id"": ""550e8400-e29b-41d4-a716-446655884197""}",18.6111,67.6246,143,86AB+76,357 John Summit,Sector 4,000444,KM
20000000-0000-4000-8000-000000000445,IND-0445,Melissa,Ryan,Evans,Melissa Ryan Evans,Melissa Ryan Evans,FEMALE,1985-12-15,40,SINGLE,"[{""type"": ""mobile"", ""number"": ""+10000000445"", ""is_primary"": true}]",michelle13@example.com,6495068652,XXXXXX8652,INTERMEDIARY,en,images/IND-0445.jpg,550e8400-e29b-41d4-a716-446655884248,550e8400-e29b-41d4-a716-446655883062,550e8400-e29b-41d4-a716-446655442016,550e8400-e29b-41d4-a716-446655441004,550e8400-e29b-41d4-a716-446655440001,"{""hierarchy"": [{""level"": ""country"", ""level_value_id"": ""550e8400-e29b-41d4-a716-446655440001"", ""level_value_mnemonic"": ""kamuntu""}, {""level"": ""region"", ""level_value_id"": ""550e8400-e29b-41d4-a716-446655441004"", ""level_value_mnemonic"": ""faraja""}, {""level"": ""district"", ""level_value_id"": ""550e8400-e29b-41d4-a716-446655442016"", ""level_value_mnemonic"": ""tunza""}, {""level"": ""ward"", ""level_value_id"": ""550e8400-e29b-41d4-a716-446655883062"", ""level_value_mnemonic"": ""kufanya""}, {""level"": ""village"", ""level_value_id"": ""550e8400-e29b-41d4-a716-446655884248"", ""level_value_mnemonic"": ""billyu""}], ""lowest_level_value_id"": ""550e8400-e29b-41d4-a716-446655884248""}",11.3517,71.3523,206,13AB+13,2493 Allen Drive Apt. 034,Sector 5,000445,KM
20000000-0000-4000-8000-000000000446,IND-0446,Julie,,Castro,Julie Castro,Julie Castro,FEMALE,1964-12-25,61,MARRIED,"[{""type"": ""mobile"", ""number"": ""+10000000446"", ""is_primary"": true}]",chenderson@example.org,8446676790,XXXXXX6790,CAN_READ_AND_WRITE,en,images/IND-0446.jpg,550e8400-e29b-41d4-a716-446655884040,550e8400-e29b-41d4-a716-446655883010,550e8400-e29b-41d4-a716-446655442003,550e8400-e29b-41d4-a716-446655441001,550e8400-e29b-41d4-a716-446655440001,"{""hierarchy"": [{""level"": ""country"", ""level_value_id"": ""550e8400-e29b-41d4-a716-446655440001"", ""level_value_mnemonic"": ""kamuntu""}, {""level"": ""region"", ""level_value_id"": ""550e8400-e29b-41d4-a716-446655441001"", ""level_value_mnemonic"": ""kilima""}, {""level"": ""district"", ""level_value_id"": ""550e8400-e29b-41d4-a716-446655442003"", ""level_value_mnemonic"": ""nyani""}, {""level"": ""ward"", ""level_value_id"": ""550e8400-e29b-41d4-a716-446655883010"", ""level_value_mnemonic"": ""pika""}, {""level"": ""village"", ""level_value_id"": ""550e8400-e29b-41d4-a716-446655884040"", ""level_value_mnemonic"": ""bililo""}], ""lowest_level_value_id"": ""550e8400-e29b-41d4-a716-446655884040""}",19.5121,66.5661,254,95AB+65,2044 Dawn Canyon,Sector 6,000446,KM
20000000-0000-4000-8000-000000000447,IND-0447,Tracey,,Tucker,Tracey Tucker,Tracey Tucker,FEMALE,2000-01-24,26,MARRIED,"[{""type"": ""mobile"", ""number"": ""+10000000447"", ""is_primary"": true}]",,3483097086,XXXXXX7086,HIGHER_EDUCATION,en,images/IND-0447.jpg,550e8400-e29b-41d4-a716-446655884019,550e8400-e29b-41d4-a716-446655883005,550e8400-e29b-41d4-a716-446655442002,550e8400-e29b-41d4-a716-446655441001,550e8400-e29b-41d4-a716-446655440001,"{""hierarchy"": [{""level"": ""country"", ""level_value_id"": ""550e8400-e29b-41d4-a716-446655440001"", ""level_value_mnemonic"": ""kamuntu""}, {""level"": ""region"", ""level_value_id"": ""550e8400-e29b-41d4-a716-446655441001"", ""level_value_mnemonic"": ""kilima""}, {""level"": ""district"", ""level_value_id"": ""550e8400-e29b-41d4-a716-446655442002"", ""level_value_mnemonic"": ""pembe""}, {""level"": ""ward"", ""level_value_id"": ""550e8400-e29b-41d4-a716-446655883005"", ""level_value_mnemonic"": ""soko""}, {""level"": ""village"", ""level_value_id"": ""550e8400-e29b-41d4-a716-446655884019"", ""level_value_mnemonic"": ""bertu""}], ""lowest_level_value_id"": ""550e8400-e29b-41d4-a716-446655884019""}",13.1273,65.1356,124,31AB+51,15941 Mosley Skyway,Sector 7,000447,KM
20000000-0000-4000-8000-000000000448,IND-0448,Mary,,Davis,Mary Davis,Mary Davis,FEMALE,2019-09-15,6,SINGLE,"[{""type"": ""mobile"", ""number"": ""+10000000448"", ""is_primary"": true}]",,6488318795,XXXXXX8795,BASIC,en,images/IND-0448.jpg,550e8400-e29b-41d4-a716-446655884014,550e8400-e29b-41d4-a716-446655883004,550e8400-e29b-41d4-a716-446655442001,550e8400-e29b-41d4-a716-446655441001,550e8400-e29b-41d4-a716-446655440001,"{""hierarchy"": [{""level"": ""country"", ""level_value_id"": ""550e8400-e29b-41d4-a716-446655440001"", ""level_value_mnemonic"": ""kamuntu""}, {""level"": ""region"", ""level_value_id"": ""550e8400-e29b-41d4-a716-446655441001"", ""level_value_mnemonic"": ""kilima""}, {""level"": ""district"", ""level_value_id"": ""550e8400-e29b-41d4-a716-446655442001"", ""level_value_mnemonic"": ""mkutani""}, {""level"": ""ward"", ""level_value_id"": ""550e8400-e29b-41d4-a716-446655883004"", ""level_value_mnemonic"": ""mwana""}, {""level"": ""village"", ""level_value_id"": ""550e8400-e29b-41d4-a716-446655884014"", ""level_value_mnemonic"": ""bedui""}], ""lowest_level_value_id"": ""550e8400-e29b-41d4-a716-446655884014""}",16.8133,65.8281,269,68AB+58,19818 Crawford Course,Sector 8,000448,KM
20000000-0000-4000-8000-000000000449,IND-0449,David,,Martinez,David Martinez,David Martinez,MALE,1958-09-08,67,MARRIED,"[{""type"": ""mobile"", ""number"": ""+10000000449"", ""is_primary"": true}]",,6048301832,XXXXXX1832,ILLITERATE,en,images/IND-0449.jpg,550e8400-e29b-41d4-a716-446655884008,550e8400-e29b-41d4-a716-446655883002,550e8400-e29b-41d4-a716-446655442001,550e8400-e29b-41d4-a716-446655441001,550e8400-e29b-41d4-a716-446655440001,"{""hierarchy"": [{""level"": ""country"", ""level_value_id"": ""550e8400-e29b-41d4-a716-446655440001"", ""level_value_mnemonic"": ""kamuntu""}, {""level"": ""region"", ""level_value_id"": ""550e8400-e29b-41d4-a716-446655441001"", ""level_value_mnemonic"": ""kilima""}, {""level"": ""district"", ""level_value_id"": ""550e8400-e29b-41d4-a716-446655442001"", ""level_value_mnemonic"": ""mkutani""}, {""level"": ""ward"", ""level_value_id"": ""550e8400-e29b-41d4-a716-446655883002"", ""level_value_mnemonic"": ""msitu""}, {""level"": ""village"", ""level_value_id"": ""550e8400-e29b-41d4-a716-446655884008"", ""level_value_mnemonic"": ""bandari""}], ""lowest_level_value_id"": ""550e8400-e29b-41d4-a716-446655884008""}",10.6383,66.5836,96,06AB+65,9636 Drew Extensions Apt. 476,Sector 9,000449,KM
20000000-0000-4000-8000-000000000450,IND-0450,David,,Lawrence,David Lawrence,David Lawrence,MALE,1983-01-05,43,SINGLE,"[{""type"": ""mobile"", ""number"": ""+10000000450"", ""is_primary"": true}]",,9562384841,XXXXXX4841,CAN_READ_AND_WRITE,en,images/IND-0450.jpg,550e8400-e29b-41d4-a716-446655884176,550e8400-e29b-41d4-a716-446655883044,550e8400-e29b-41d4-a716-446655442011,550e8400-e29b-41d4-a716-446655441003,550e8400-e29b-41d4-a716-446655440001,"{""hierarchy"": [{""level"": ""country"", ""level_value_id"": ""550e8400-e29b-41d4-a716-446655440001"", ""level_value_mnemonic"": ""kamuntu""}, {""level"": ""region"", ""level_value_id"": ""550e8400-e29b-41d4-a716-446655441003"", ""level_value_mnemonic"": ""jasiri""}, {""level"": ""district"", ""level_value_id"": ""550e8400-e29b-41d4-a716-446655442011"", ""level_value_mnemonic"": ""baraka""}, {""level"": ""ward"", ""level_value_id"": ""550e8400-e29b-41d4-a716-446655883044"", ""level_value_mnemonic"": ""walili""}, {""level"": ""village"", ""level_value_id"": ""550e8400-e29b-41d4-a716-446655884176"", ""level_value_mnemonic"": ""bimawa""}], ""lowest_level_value_id"": ""550e8400-e29b-41d4-a716-446655884176""}",15.617,67.5638,162,56AB+75,515 Wells Gateway Suite 257,Sector 1,000450,KM
20000000-0000-4000-8000-000000000451,IND-0451,Michelle,Andrew,Underwood,Michelle Andrew Underwood,Michelle Andrew Underwood,FEMALE,2007-02-19,19,SINGLE,"[{""type"": ""mobile"", ""number"": ""+10000000451"", ""is_primary"": true}]",,7287896242,XXXXXX6242,HIGHER_EDUCATION,en,images/IND-0451.jpg,550e8400-e29b-41d4-a716-446655884108,550e8400-e29b-41d4-a716-446655883027,550e8400-e29b-41d4-a716-446655442007,550e8400-e29b-41d4-a716-446655441002,550e8400-e29b-41d4-a716-446655440001,"{""hierarchy"": [{""level"": ""country"", ""level_value_id"": ""550e8400-e29b-41d4-a716-446655440001"", ""level_value_mnemonic"": ""kamuntu""}, {""level"": ""region"", ""level_value_id"": ""550e8400-e29b-41d4-a716-446655441002"", ""level_value_mnemonic"": ""chakula""}, {""level"": ""district"", ""level_value_id"": ""550e8400-e29b-41d4-a716-446655442007"", ""level_value_mnemonic"": ""rafiki""}, {""level"": ""ward"", ""level_value_id"": ""550e8400-e29b-41d4-a716-446655883027"", ""level_value_mnemonic"": ""eneza""}, {""level"": ""village"", ""level_value_id"": ""550e8400-e29b-41d4-a716-446655884108"", ""level_value_mnemonic"": ""biluma""}], ""lowest_level_value_id"": ""550e8400-e29b-41d4-a716-446655884108""}",13.8876,66.8876,292,38AB+68,034 Parker Squares,Sector 2,000451,KM
20000000-0000-4000-8000-000000000452,IND-0452,Heidi,,Burnett,Heidi Burnett,Heidi Burnett,FEMALE,1995-07-21,30,SINGLE,"[{""type"": ""mobile"", ""number"": ""+10000000452"", ""is_primary"": true}]",nicholsjoel@example.com,9032781720,XXXXXX1720,BASIC,en,images/IND-0452.jpg,550e8400-e29b-41d4-a716-446655884120,550e8400-e29b-41d4-a716-446655883030,550e8400-e29b-41d4-a716-446655442008,550e8400-e29b-41d4-a716-446655441002,550e8400-e29b-41d4-a716-446655440001,"{""hierarchy"": [{""level"": ""country"", ""level_value_id"": ""550e8400-e29b-41d4-a716-446655440001"", ""level_value_mnemonic"": ""kamuntu""}, {""level"": ""region"", ""level_value_id"": ""550e8400-e29b-41d4-a716-446655441002"", ""level_value_mnemonic"": ""chakula""}, {""level"": ""district"", ""level_value_id"": ""550e8400-e29b-41d4-a716-446655442008"", ""level_value_mnemonic"": ""makali""}, {""level"": ""ward"", ""level_value_id"": ""550e8400-e29b-41d4-a716-446655883030"", ""level_value_mnemonic"": ""cheka""}, {""level"": ""village"", ""level_value_id"": ""550e8400-e29b-41d4-a716-446655884120"", ""level_value_mnemonic"": ""biluqa""}], ""lowest_level_value_id"": ""550e8400-e29b-41d4-a716-446655884120""}",17.3912,69.4827,164,73AB+94,64413 Clark Estates Suite 560,Sector 3,000452,KM
20000000-0000-4000-8000-000000000453,IND-0453,Donald,,Miller,Donald Miller,Donald Miller,MALE,1982-07-04,43,MARRIED,"[{""type"": ""mobile"", ""number"": ""+10000000453"", ""is_primary"": true}]",aruiz@example.com,8981576848,XXXXXX6848,HIGHER_EDUCATION,en,images/IND-0453.jpg,550e8400-e29b-41d4-a716-446655884022,550e8400-e29b-41d4-a716-446655883006,550e8400-e29b-41d4-a716-446655442002,550e8400-e29b-41d4-a716-446655441001,550e8400-e29b-41d4-a716-446655440001,"{""hierarchy"": [{""level"": ""country"", ""level_value_id"": ""550e8400-e29b-41d4-a716-446655440001"", ""level_value_mnemonic"": ""kamuntu""}, {""level"": ""region"", ""level_value_id"": ""550e8400-e29b-41d4-a716-446655441001"", ""level_value_mnemonic"": ""kilima""}, {""level"": ""district"", ""level_value_id"": ""550e8400-e29b-41d4-a716-446655442002"", ""level_value_mnemonic"": ""pembe""}, {""level"": ""ward"", ""level_value_id"": ""550e8400-e29b-41d4-a716-446655883006"", ""level_value_mnemonic"": ""jumba""}, {""level"": ""village"", ""level_value_id"": ""550e8400-e29b-41d4-a716-446655884022"", ""level_value_mnemonic"": ""bibi""}], ""lowest_level_value_id"": ""550e8400-e29b-41d4-a716-446655884022""}",12.7535,71.7467,75,27AB+17,24815 Guzman Via Suite 700,Sector 4,000453,KM
20000000-0000-4000-8000-000000000454,IND-0454,Margaret,,White,Margaret White,Margaret White,FEMALE,1967-04-03,59,MARRIED,"[{""type"": ""mobile"", ""number"": ""+10000000454"", ""is_primary"": true}]",igibbs@example.org,7528145504,XXXXXX5504,ILLITERATE,en,images/IND-0454.jpg,550e8400-e29b-41d4-a716-446655884201,550e8400-e29b-41d4-a716-446655883051,550e8400-e29b-41d4-a716-446655442013,550e8400-e29b-41d4-a716-446655441004,550e8400-e29b-41d4-a716-446655440001,"{""hierarchy"": [{""level"": ""country"", ""level_value_id"": ""550e8400-e29b-41d4-a716-446655440001"", ""level_value_mnemonic"": ""kamuntu""}, {""level"": ""region"", ""level_value_id"": ""550e8400-e29b-41d4-a716-446655441004"", ""level_value_mnemonic"": ""faraja""}, {""level"": ""district"", ""level_value_id"": ""550e8400-e29b-41d4-a716-446655442013"", ""level_value_mnemonic"": ""asilani""}, {""level"": ""ward"", ""level_value_id"": ""550e8400-e29b-41d4-a716-446655883051"", ""level_value_mnemonic"": ""mapicho""}, {""level"": ""village"", ""level_value_id"": ""550e8400-e29b-41d4-a716-446655884201"", ""level_value_mnemonic"": ""baridi""}], ""lowest_level_value_id"": ""550e8400-e29b-41d4-a716-446655884201""}",11.8478,67.8793,130,18AB+78,45911 John Station Apt. 965,Sector 5,000454,KM
20000000-0000-4000-8000-000000000455,IND-0455,Jesse,,Russo,Jesse Russo,Jesse Russo,MALE,1986-01-25,40,MARRIED,"[{""type"": ""mobile"", ""number"": ""+10000000455"", ""is_primary"": true}]",jorgemcdaniel@example.com,6511718732,XXXXXX8732,HIGHER_EDUCATION,en,images/IND-0455.jpg,550e8400-e29b-41d4-a716-446655884035,550e8400-e29b-41d4-a716-446655883009,550e8400-e29b-41d4-a716-446655442003,550e8400-e29b-41d4-a716-446655441001,550e8400-e29b-41d4-a716-446655440001,"{""hierarchy"": [{""level"": ""country"", ""level_value_id"": ""550e8400-e29b-41d4-a716-446655440001"", ""level_value_mnemonic"": ""kamuntu""}, {""level"": ""region"", ""level_value_id"": ""550e8400-e29b-41d4-a716-446655441001"", ""level_value_mnemonic"": ""kilima""}, {""level"": ""district"", ""level_value_id"": ""550e8400-e29b-41d4-a716-446655442003"", ""level_value_mnemonic"": ""nyani""}, {""level"": ""ward"", ""level_value_id"": ""550e8400-e29b-41d4-a716-446655883009"", ""level_value_mnemonic"": ""mkunge""}, {""level"": ""village"", ""level_value_id"": ""550e8400-e29b-41d4-a716-446655884035"", ""level_value_mnemonic"": ""bileza""}], ""lowest_level_value_id"": ""550e8400-e29b-41d4-a716-446655884035""}",11.0393,65.0224,73,10AB+50,16526 Duffy Ports Apt. 008,Sector 6,000455,KM
20000000-0000-4000-8000-000000000456,IND-0456,Matthew,,Sims,Matthew Sims,Matthew Sims,MALE,2018-07-07,7,SINGLE,"[{""type"": ""mobile"", ""number"": ""+10000000456"", ""is_primary"": true}]",,6086370835,XXXXXX0835,INTERMEDIARY,en,images/IND-0456.jpg,550e8400-e29b-41d4-a716-446655884112,550e8400-e29b-41d4-a716-446655883028,550e8400-e29b-41d4-a716-446655442007,550e8400-e29b-41d4-a716-446655441002,550e8400-e29b-41d4-a716-446655440001,"{""hierarchy"": [{""level"": ""country"", ""level_value_id"": ""550e8400-e29b-41d4-a716-446655440001"", ""level_value_mnemonic"": ""kamuntu""}, {""level"": ""region"", ""level_value_id"": ""550e8400-e29b-41d4-a716-446655441002"", ""level_value_mnemonic"": ""chakula""}, {""level"": ""district"", ""level_value_id"": ""550e8400-e29b-41d4-a716-446655442007"", ""level_value_mnemonic"": ""rafiki""}, {""level"": ""ward"", ""level_value_id"": ""550e8400-e29b-41d4-a716-446655883028"", ""level_value_mnemonic"": ""nguvu""}, {""level"": ""village"", ""level_value_id"": ""550e8400-e29b-41d4-a716-446655884112"", ""level_value_mnemonic"": ""biluna""}], ""lowest_level_value_id"": ""550e8400-e29b-41d4-a716-446655884112""}",13.0295,68.066,69,30AB+80,3420 Williamson Rapid,Sector 7,000456,KM
20000000-0000-4000-8000-000000000457,IND-0457,Debbie,,Davis,Debbie Davis,Debbie Davis,FEMALE,1984-03-03,42,MARRIED,"[{""type"": ""mobile"", ""number"": ""+10000000457"", ""is_primary"": true}]",,5612782269,XXXXXX2269,BASIC,en,images/IND-0457.jpg,550e8400-e29b-41d4-a716-446655884142,550e8400-e29b-41d4-a716-446655883036,550e8400-e29b-41d4-a716-446655442009,550e8400-e29b-41d4-a716-446655441003,550e8400-e29b-41d4-a716-446655440001,"{""hierarchy"": [{""level"": ""country"", ""level_value_id"": ""550e8400-e29b-41d4-a716-446655440001"", ""level_value_mnemonic"": ""kamuntu""}, {""level"": ""region"", ""level_value_id"": ""550e8400-e29b-41d4-a716-446655441003"", ""level_value_mnemonic"": ""jasiri""}, {""level"": ""district"", ""level_value_id"": ""550e8400-e29b-41d4-a716-446655442009"", ""level_value_mnemonic"": ""simba""}, {""level"": ""ward"", ""level_value_id"": ""550e8400-e29b-41d4-a716-446655883036"", ""level_value_mnemonic"": ""nyumbani""}, {""level"": ""village"", ""level_value_id"": ""550e8400-e29b-41d4-a716-446655884142"", ""level_value_mnemonic"": ""biluwo""}], ""lowest_level_value_id"": ""550e8400-e29b-41d4-a716-446655884142""}",16.7077,68.6683,135,67AB+86,91086 Wilcox Park Apt. 333,Sector 8,000457,KM
20000000-0000-4000-8000-000000000458,IND-0458,Tracy,,Li,Tracy Li,Tracy Li,MALE,1996-12-10,29,MARRIED,"[{""type"": ""mobile"", ""number"": ""+10000000458"", ""is_primary"": true}]",,3113370001,XXXXXX0001,ILLITERATE,en,images/IND-0458.jpg,550e8400-e29b-41d4-a716-446655884136,550e8400-e29b-41d4-a716-446655883034,550e8400-e29b-41d4-a716-446655442009,550e8400-e29b-41d4-a716-446655441003,550e8400-e29b-41d4-a716-446655440001,"{""hierarchy"": [{""level"": ""country"", ""level_value_id"": ""550e8400-e29b-41d4-a716-446655440001"", ""level_value_mnemonic"": ""kamuntu""}, {""level"": ""region"", ""level_value_id"": ""550e8400-e29b-41d4-a716-446655441003"", ""level_value_mnemonic"": ""jasiri""}, {""level"": ""district"", ""level_value_id"": ""550e8400-e29b-41d4-a716-446655442009"", ""level_value_mnemonic"": ""simba""}, {""level"": ""ward"", ""level_value_id"": ""550e8400-e29b-41d4-a716-446655883034"", ""level_value_mnemonic"": ""walizo""}, {""level"": ""village"", ""level_value_id"": ""550e8400-e29b-41d4-a716-446655884136"", ""level_value_mnemonic"": ""biluva""}], ""lowest_level_value_id"": ""550e8400-e29b-41d4-a716-446655884136""}",16.8444,69.9069,105,68AB+99,7626 Carol View Suite 362,Sector 9,000458,KM
20000000-0000-4000-8000-000000000459,IND-0459,Jennifer,Kelly,Thomas,Jennifer Kelly Thomas,Jennifer Kelly Thomas,FEMALE,2015-10-23,10,SINGLE,"[{""type"": ""mobile"", ""number"": ""+10000000459"", ""is_primary"": true}]",,8633175503,XXXXXX5503,ILLITERATE,en,images/IND-0459.jpg,550e8400-e29b-41d4-a716-446655884227,550e8400-e29b-41d4-a716-446655883057,550e8400-e29b-41d4-a716-446655442015,550e8400-e29b-41d4-a716-446655441004,550e8400-e29b-41d4-a716-446655440001,"{""hierarchy"": [{""level"": ""country"", ""level_value_id"": ""550e8400-e29b-41d4-a716-446655440001"", ""level_value_mnemonic"": ""kamuntu""}, {""level"": ""region"", ""level_value_id"": ""550e8400-e29b-41d4-a716-446655441004"", ""level_value_mnemonic"": ""faraja""}, {""level"": ""district"", ""level_value_id"": ""550e8400-e29b-41d4-a716-446655442015"", ""level_value_mnemonic"": ""zawadi""}, {""level"": ""ward"", ""level_value_id"": ""550e8400-e29b-41d4-a716-446655883057"", ""level_value_mnemonic"": ""kupiga""}, {""level"": ""village"", ""level_value_id"": ""550e8400-e29b-41d4-a716-446655884227"", ""level_value_mnemonic"": ""biliha""}], ""lowest_level_value_id"": ""550e8400-e29b-41d4-a716-446655884227""}",14.8619,69.9098,217,48AB+99,97359 Miller Mountains Apt. 563,Sector 1,000459,KM
20000000-0000-4000-8000-000000000460,IND-0460,Michelle,Jill,Erickson,Michelle Jill Erickson,Michelle Jill Erickson,FEMALE,1971-09-06,54,MARRIED,"[{""type"": ""mobile"", ""number"": ""+10000000460"", ""is_primary"": true}]",,7402419515,XXXXXX9515,ILLITERATE,en,images/IND-0460.jpg,550e8400-e29b-41d4-a716-446655884020,550e8400-e29b-41d4-a716-446655883005,550e8400-e29b-41d4-a716-446655442002,550e8400-e29b-41d4-a716-446655441001,550e8400-e29b-41d4-a716-446655440001,"{""hierarchy"": [{""level"": ""country"", ""level_value_id"": ""550e8400-e29b-41d4-a716-446655440001"", ""level_value_mnemonic"": ""kamuntu""}, {""level"": ""region"", ""level_value_id"": ""550e8400-e29b-41d4-a716-446655441001"", ""level_value_mnemonic"": ""kilima""}, {""level"": ""district"", ""level_value_id"": ""550e8400-e29b-41d4-a716-446655442002"", ""level_value_mnemonic"": ""pembe""}, {""level"": ""ward"", ""level_value_id"": ""550e8400-e29b-41d4-a716-446655883005"", ""level_value_mnemonic"": ""soko""}, {""level"": ""village"", ""level_value_id"": ""550e8400-e29b-41d4-a716-446655884020"", ""level_value_mnemonic"": ""beso""}], ""lowest_level_value_id"": ""550e8400-e29b-41d4-a716-446655884020""}",17.1836,68.2244,249,71AB+82,18005 Thomas Knoll Apt. 048,Sector 2,000460,KM
20000000-0000-4000-8000-000000000461,IND-0461,Manuel,,Turner,Manuel Turner,Manuel Turner,MALE,1983-12-14,42,MARRIED,"[{""type"": ""mobile"", ""number"": ""+10000000461"", ""is_primary"": true}]",,6836509775,XXXXXX9775,ILLITERATE,en,images/IND-0461.jpg,550e8400-e29b-41d4-a716-446655884116,550e8400-e29b-41d4-a716-446655883029,550e8400-e29b-41d4-a716-446655442008,550e8400-e29b-41d4-a716-446655441002,550e8400-e29b-41d4-a716-446655440001,"{""hierarchy"": [{""level"": ""country"", ""level_value_id"": ""550e8400-e29b-41d4-a716-446655440001"", ""level_value_mnemonic"": ""kamuntu""}, {""level"": ""region"", ""level_value_id"": ""550e8400-e29b-41d4-a716-446655441002"", ""level_value_mnemonic"": ""chakula""}, {""level"": ""district"", ""level_value_id"": ""550e8400-e29b-41d4-a716-446655442008"", ""level_value_mnemonic"": ""makali""}, {""level"": ""ward"", ""level_value_id"": ""550e8400-e29b-41d4-a716-446655883029"", ""level_value_mnemonic"": ""mwali""}, {""level"": ""village"", ""level_value_id"": ""550e8400-e29b-41d4-a716-446655884116"", ""level_value_mnemonic"": ""bilupa""}], ""lowest_level_value_id"": ""550e8400-e29b-41d4-a716-446655884116""}",17.4882,71.4601,211,74AB+14,528 Beverly Green Apt. 875,Sector 3,000461,KM
20000000-0000-4000-8000-000000000462,IND-0462,Sherry,Logan,Anderson,Sherry Logan Anderson,Sherry Logan Anderson,FEMALE,1984-04-01,42,MARRIED,"[{""type"": ""mobile"", ""number"": ""+10000000462"", ""is_primary"": true}]",hthomas@example.com,1872395778,XXXXXX5778,INTERMEDIARY,en,images/IND-0462.jpg,550e8400-e29b-41d4-a716-446655884188,550e8400-e29b-41d4-a716-446655883047,550e8400-e29b-41d4-a716-446655442012,550e8400-e29b-41d4-a716-446655441003,550e8400-e29b-41d4-a716-446655440001,"{""hierarchy"": [{""level"": ""country"", ""level_value_id"": ""550e8400-e29b-41d4-a716-446655440001"", ""level_value_mnemonic"": ""kamuntu""}, {""level"": ""region"", ""level_value_id"": ""550e8400-e29b-41d4-a716-446655441003"", ""level_value_mnemonic"": ""jasiri""}, {""level"": ""district"", ""level_value_id"": ""550e8400-e29b-41d4-a716-446655442012"", ""level_value_mnemonic"": ""mapema""}, {""level"": ""ward"", ""level_value_id"": ""550e8400-e29b-41d4-a716-446655883047"", ""level_value_mnemonic"": ""ujinga""}, {""level"": ""village"", ""level_value_id"": ""550e8400-e29b-41d4-a716-446655884188"", ""level_value_mnemonic"": ""bimbeu""}], ""lowest_level_value_id"": ""550e8400-e29b-41d4-a716-446655884188""}",17.1954,65.2368,219,71AB+52,74564 Austin Trace,Sector 4,000462,KM
20000000-0000-4000-8000-000000000463,IND-0463,Tammy,,Black,Tammy Black,Tammy Black,FEMALE,1970-08-20,55,MARRIED,"[{""type"": ""mobile"", ""number"": ""+10000000463"", ""is_primary"": true}]",ustafford@example.net,1601050402,XXXXXX0402,INTERMEDIARY,en,images/IND-0463.jpg,550e8400-e29b-41d4-a716-446655884055,550e8400-e29b-41d4-a716-446655883014,550e8400-e29b-41d4-a716-446655442004,550e8400-e29b-41d4-a716-446655441001,550e8400-e29b-41d4-a716-446655440001,"{""hierarchy"": [{""level"": ""country"", ""level_value_id"": ""550e8400-e29b-41d4-a716-446655440001"", ""level_value_mnemonic"": ""kamuntu""}, {""level"": ""region"", ""level_value_id"": ""550e8400-e29b-41d4-a716-446655441001"", ""level_value_mnemonic"": ""kilima""}, {""level"": ""district"", ""level_value_id"": ""550e8400-e29b-41d4-a716-446655442004"", ""level_value_mnemonic"": ""karamu""}, {""level"": ""ward"", ""level_value_id"": ""550e8400-e29b-41d4-a716-446655883014"", ""level_value_mnemonic"": ""kobe""}, {""level"": ""village"", ""level_value_id"": ""550e8400-e29b-41d4-a716-446655884055"", ""level_value_mnemonic"": ""billi""}], ""lowest_level_value_id"": ""550e8400-e29b-41d4-a716-446655884055""}",11.6593,71.712,201,16AB+17,87032 Jerry Camp Suite 427,Sector 5,000463,KM
20000000-0000-4000-8000-000000000464,IND-0464,Jessica,,Carney,Jessica Carney,Jessica Carney,FEMALE,1945-04-24,81,SINGLE,"[{""type"": ""mobile"", ""number"": ""+10000000464"", ""is_primary"": true}]",wwilliams@example.net,2457218442,XXXXXX8442,HIGHER_EDUCATION,en,images/IND-0464.jpg,550e8400-e29b-41d4-a716-446655884033,550e8400-e29b-41d4-a716-446655883009,550e8400-e29b-41d4-a716-446655442003,550e8400-e29b-41d4-a716-446655441001,550e8400-e29b-41d4-a716-446655440001,"{""hierarchy"": [{""level"": ""country"", ""level_value_id"": ""550e8400-e29b-41d4-a716-446655440001"", ""level_value_mnemonic"": ""kamuntu""}, {""level"": ""region"", ""level_value_id"": ""550e8400-e29b-41d4-a716-446655441001"", ""level_value_mnemonic"": ""kilima""}, {""level"": ""district"", ""level_value_id"": ""550e8400-e29b-41d4-a716-446655442003"", ""level_value_mnemonic"": ""nyani""}, {""level"": ""ward"", ""level_value_id"": ""550e8400-e29b-41d4-a716-446655883009"", ""level_value_mnemonic"": ""mkunge""}, {""level"": ""village"", ""level_value_id"": ""550e8400-e29b-41d4-a716-446655884033"", ""level_value_mnemonic"": ""bilema""}], ""lowest_level_value_id"": ""550e8400-e29b-41d4-a716-446655884033""}",10.4438,68.4821,153,04AB+84,7121 Davis Ways Suite 228,Sector 6,000464,KM
20000000-0000-4000-8000-000000000465,IND-0465,Rodney,,Elliott,Rodney Elliott,Rodney Elliott,MALE,2007-08-18,18,SINGLE,"[{""type"": ""mobile"", ""number"": ""+10000000465"", ""is_primary"": true}]",,5903093758,XXXXXX3758,CAN_READ_AND_WRITE,en,images/IND-0465.jpg,550e8400-e29b-41d4-a716-446655884235,550e8400-e29b-41d4-a716-446655883059,550e8400-e29b-41d4-a716-446655442015,550e8400-e29b-41d4-a716-446655441004,550e8400-e29b-41d4-a716-446655440001,"{""hierarchy"": [{""level"": ""country"", ""level_value_id"": ""550e8400-e29b-41d4-a716-446655440001"", ""level_value_mnemonic"": ""kamuntu""}, {""level"": ""region"", ""level_value_id"": ""550e8400-e29b-41d4-a716-446655441004"", ""level_value_mnemonic"": ""faraja""}, {""level"": ""district"", ""level_value_id"": ""550e8400-e29b-41d4-a716-446655442015"", ""level_value_mnemonic"": ""zawadi""}, {""level"": ""ward"", ""level_value_id"": ""550e8400-e29b-41d4-a716-446655883059"", ""level_value_mnemonic"": ""kusikia""}, {""level"": ""village"", ""level_value_id"": ""550e8400-e29b-41d4-a716-446655884235"", ""level_value_mnemonic"": ""bilivu""}], ""lowest_level_value_id"": ""550e8400-e29b-41d4-a716-446655884235""}",18.1054,67.0871,285,81AB+70,089 Robert Club,Sector 7,000465,KM
20000000-0000-4000-8000-000000000466,IND-0466,David,Clinton,Jimenez,David Clinton Jimenez,David Clinton Jimenez,MALE,2024-09-13,1,SINGLE,"[{""type"": ""mobile"", ""number"": ""+10000000466"", ""is_primary"": true}]",,5712834281,XXXXXX4281,,en,images/IND-0466.jpg,550e8400-e29b-41d4-a716-446655884067,550e8400-e29b-41d4-a716-446655883017,550e8400-e29b-41d4-a716-446655442005,550e8400-e29b-41d4-a716-446655441002,550e8400-e29b-41d4-a716-446655440001,"{""hierarchy"": [{""level"": ""country"", ""level_value_id"": ""550e8400-e29b-41d4-a716-446655440001"", ""level_value_mnemonic"": ""kamuntu""}, {""level"": ""region"", ""level_value_id"": ""550e8400-e29b-41d4-a716-446655441002"", ""level_value_mnemonic"": ""chakula""}, {""level"": ""district"", ""level_value_id"": ""550e8400-e29b-41d4-a716-446655442005"", ""level_value_mnemonic"": ""mfumo""}, {""level"": ""ward"", ""level_value_id"": ""550e8400-e29b-41d4-a716-446655883017"", ""level_value_mnemonic"": ""haraka""}, {""level"": ""village"", ""level_value_id"": ""550e8400-e29b-41d4-a716-446655884067"", ""level_value_mnemonic"": ""bilowa""}], ""lowest_level_value_id"": ""550e8400-e29b-41d4-a716-446655884067""}",12.9811,68.0035,66,29AB+80,41659 Mary Drives Apt. 177,Sector 8,000466,KM
20000000-0000-4000-8000-000000000467,IND-0467,Jesse,,Moses,Jesse Moses,Jesse Moses,MALE,1975-07-06,50,SINGLE,"[{""type"": ""mobile"", ""number"": ""+10000000467"", ""is_primary"": true}]",,6165304376,XXXXXX4376,BASIC,en,images/IND-0467.jpg,550e8400-e29b-41d4-a716-446655884055,550e8400-e29b-41d4-a716-446655883014,550e8400-e29b-41d4-a716-446655442004,550e8400-e29b-41d4-a716-446655441001,550e8400-e29b-41d4-a716-446655440001,"{""hierarchy"": [{""level"": ""country"", ""level_value_id"": ""550e8400-e29b-41d4-a716-446655440001"", ""level_value_mnemonic"": ""kamuntu""}, {""level"": ""region"", ""level_value_id"": ""550e8400-e29b-41d4-a716-446655441001"", ""level_value_mnemonic"": ""kilima""}, {""level"": ""district"", ""level_value_id"": ""550e8400-e29b-41d4-a716-446655442004"", ""level_value_mnemonic"": ""karamu""}, {""level"": ""ward"", ""level_value_id"": ""550e8400-e29b-41d4-a716-446655883014"", ""level_value_mnemonic"": ""kobe""}, {""level"": ""village"", ""level_value_id"": ""550e8400-e29b-41d4-a716-446655884055"", ""level_value_mnemonic"": ""billi""}], ""lowest_level_value_id"": ""550e8400-e29b-41d4-a716-446655884055""}",11.6737,71.7236,238,16AB+17,0975 Jason Causeway,Sector 9,000467,KM
20000000-0000-4000-8000-000000000468,IND-0468,Robert,,Campbell,Robert Campbell,Robert Campbell,MALE,1955-11-26,70,MARRIED,"[{""type"": ""mobile"", ""number"": ""+10000000468"", ""is_primary"": true}]",manningamy@example.net,2440977557,XXXXXX7557,BASIC,en,images/IND-0468.jpg,550e8400-e29b-41d4-a716-446655884062,550e8400-e29b-41d4-a716-446655883016,550e8400-e29b-41d4-a716-446655442004,550e8400-e29b-41d4-a716-446655441001,550e8400-e29b-41d4-a716-446655440001,"{""hierarchy"": [{""level"": ""country"", ""level_value_id"": ""550e8400-e29b-41d4-a716-446655440001"", ""level_value_mnemonic"": ""kamuntu""}, {""level"": ""region"", ""level_value_id"": ""550e8400-e29b-41d4-a716-446655441001"", ""level_value_mnemonic"": ""kilima""}, {""level"": ""district"", ""level_value_id"": ""550e8400-e29b-41d4-a716-446655442004"", ""level_value_mnemonic"": ""karamu""}, {""level"": ""ward"", ""level_value_id"": ""550e8400-e29b-41d4-a716-446655883016"", ""level_value_mnemonic"": ""hasara""}, {""level"": ""village"", ""level_value_id"": ""550e8400-e29b-41d4-a716-446655884062"", ""level_value_mnemonic"": ""biloti""}], ""lowest_level_value_id"": ""550e8400-e29b-41d4-a716-446655884062""}",15.7621,65.7641,156,57AB+57,64236 Andrew Fords Apt. 664,Sector 1,000468,KM
20000000-0000-4000-8000-000000000469,IND-0469,Maria,Eric,Best,Maria Eric Best,Maria Eric Best,FEMALE,1998-06-14,27,SINGLE,"[{""type"": ""mobile"", ""number"": ""+10000000469"", ""is_primary"": true}]",travis64@example.net,7925383538,XXXXXX3538,ILLITERATE,en,images/IND-0469.jpg,550e8400-e29b-41d4-a716-446655884085,550e8400-e29b-41d4-a716-446655883022,550e8400-e29b-41d4-a716-446655442006,550e8400-e29b-41d4-a716-446655441002,550e8400-e29b-41d4-a716-446655440001,"{""hierarchy"": [{""level"": ""country"", ""level_value_id"": ""550e8400-e29b-41d4-a716-446655440001"", ""level_value_mnemonic"": ""kamuntu""}, {""level"": ""region"", ""level_value_id"": ""550e8400-e29b-41d4-a716-446655441002"", ""level_value_mnemonic"": ""chakula""}, {""level"": ""district"", ""level_value_id"": ""550e8400-e29b-41d4-a716-446655442006"", ""level_value_mnemonic"": ""njia""}, {""level"": ""ward"", ""level_value_id"": ""550e8400-e29b-41d4-a716-446655883022"", ""level_value_mnemonic"": ""wingu""}, {""level"": ""village"", ""level_value_id"": ""550e8400-e29b-41d4-a716-446655884085"", ""level_value_mnemonic"": ""bilufo""}], ""lowest_level_value_id"": ""550e8400-e29b-41d4-a716-446655884085""}",13.2678,70.1916,174,32AB+01,1583 Griffin Loaf,Sector 2,000469,KM
20000000-0000-4000-8000-000000000470,IND-0470,John,,Hart,John Hart,John Hart,MALE,1995-01-29,31,MARRIED,"[{""type"": ""mobile"", ""number"": ""+10000000470"", ""is_primary"": true}]",bdavis@example.com,8613098877,XXXXXX8877,INTERMEDIARY,en,images/IND-0470.jpg,550e8400-e29b-41d4-a716-446655884092,550e8400-e29b-41d4-a716-446655883023,550e8400-e29b-41d4-a716-446655442006,550e8400-e29b-41d4-a716-446655441002,550e8400-e29b-41d4-a716-446655440001,"{""hierarchy"": [{""level"": ""country"", ""level_value_id"": ""550e8400-e29b-41d4-a716-446655440001"", ""level_value_mnemonic"": ""kamuntu""}, {""level"": ""region"", ""level_value_id"": ""550e8400-e29b-41d4-a716-446655441002"", ""level_value_mnemonic"": ""chakula""}, {""level"": ""district"", ""level_value_id"": ""550e8400-e29b-41d4-a716-446655442006"", ""level_value_mnemonic"": ""njia""}, {""level"": ""ward"", ""level_value_id"": ""550e8400-e29b-41d4-a716-446655883023"", ""level_value_mnemonic"": ""joto""}, {""level"": ""village"", ""level_value_id"": ""550e8400-e29b-41d4-a716-446655884092"", ""level_value_mnemonic"": ""biluha""}], ""lowest_level_value_id"": ""550e8400-e29b-41d4-a716-446655884092""}",16.9892,71.9406,213,69AB+19,6108 Mcpherson Springs,Sector 3,000470,KM
20000000-0000-4000-8000-000000000471,IND-0471,Danny,,Parks,Danny Parks,Danny Parks,MALE,2000-08-06,25,MARRIED,"[{""type"": ""mobile"", ""number"": ""+10000000471"", ""is_primary"": true}]",,8375312491,XXXXXX2491,BASIC,en,images/IND-0471.jpg,550e8400-e29b-41d4-a716-446655884211,550e8400-e29b-41d4-a716-446655883053,550e8400-e29b-41d4-a716-446655442014,550e8400-e29b-41d4-a716-446655441004,550e8400-e29b-41d4-a716-446655440001,"{""hierarchy"": [{""level"": ""country"", ""level_value_id"": ""550e8400-e29b-41d4-a716-446655440001"", ""level_value_mnemonic"": ""kamuntu""}, {""level"": ""region"", ""level_value_id"": ""550e8400-e29b-41d4-a716-446655441004"", ""level_value_mnemonic"": ""faraja""}, {""level"": ""district"", ""level_value_id"": ""550e8400-e29b-41d4-a716-446655442014"", ""level_value_mnemonic"": ""sihaya""}, {""level"": ""ward"", ""level_value_id"": ""550e8400-e29b-41d4-a716-446655883053"", ""level_value_mnemonic"": ""kupika""}, {""level"": ""village"", ""level_value_id"": ""550e8400-e29b-41d4-a716-446655884211"", ""level_value_mnemonic"": ""bevu""}], ""lowest_level_value_id"": ""550e8400-e29b-41d4-a716-446655884211""}",17.4012,67.3488,261,74AB+73,8814 Kim Unions,Sector 4,000471,KM
20000000-0000-4000-8000-000000000472,IND-0472,John,,Hernandez,John Hernandez,John Hernandez,MALE,2009-07-15,16,SINGLE,"[{""type"": ""mobile"", ""number"": ""+10000000472"", ""is_primary"": true}]",,5195287460,XXXXXX7460,HIGHER_EDUCATION,en,images/IND-0472.jpg,550e8400-e29b-41d4-a716-446655884215,550e8400-e29b-41d4-a716-446655883054,550e8400-e29b-41d4-a716-446655442014,550e8400-e29b-41d4-a716-446655441004,550e8400-e29b-41d4-a716-446655440001,"{""hierarchy"": [{""level"": ""country"", ""level_value_id"": ""550e8400-e29b-41d4-a716-446655440001"", ""level_value_mnemonic"": ""kamuntu""}, {""level"": ""region"", ""level_value_id"": ""550e8400-e29b-41d4-a716-446655441004"", ""level_value_mnemonic"": ""faraja""}, {""level"": ""district"", ""level_value_id"": ""550e8400-e29b-41d4-a716-446655442014"", ""level_value_mnemonic"": ""sihaya""}, {""level"": ""ward"", ""level_value_id"": ""550e8400-e29b-41d4-a716-446655883054"", ""level_value_mnemonic"": ""kusoma""}, {""level"": ""village"", ""level_value_id"": ""550e8400-e29b-41d4-a716-446655884215"", ""level_value_mnemonic"": ""bidi""}], ""lowest_level_value_id"": ""550e8400-e29b-41d4-a716-446655884215""}",14.1419,70.1663,188,41AB+01,438 Phillips Causeway,Sector 5,000472,KM
20000000-0000-4000-8000-000000000473,IND-0473,Kristen,,Lowery,Kristen Lowery,Kristen Lowery,FEMALE,1995-03-30,31,SINGLE,"[{""type"": ""mobile"", ""number"": ""+10000000473"", ""is_primary"": true}]",dixonrobert@example.com,9209762858,XXXXXX2858,BASIC,en,images/IND-0473.jpg,550e8400-e29b-41d4-a716-446655884113,550e8400-e29b-41d4-a716-446655883029,550e8400-e29b-41d4-a716-446655442008,550e8400-e29b-41d4-a716-446655441002,550e8400-e29b-41d4-a716-446655440001,"{""hierarchy"": [{""level"": ""country"", ""level_value_id"": ""550e8400-e29b-41d4-a716-446655440001"", ""level_value_mnemonic"": ""kamuntu""}, {""level"": ""region"", ""level_value_id"": ""550e8400-e29b-41d4-a716-446655441002"", ""level_value_mnemonic"": ""chakula""}, {""level"": ""district"", ""level_value_id"": ""550e8400-e29b-41d4-a716-446655442008"", ""level_value_mnemonic"": ""makali""}, {""level"": ""ward"", ""level_value_id"": ""550e8400-e29b-41d4-a716-446655883029"", ""level_value_mnemonic"": ""mwali""}, {""level"": ""village"", ""level_value_id"": ""550e8400-e29b-41d4-a716-446655884113"", ""level_value_mnemonic"": ""biluni""}], ""lowest_level_value_id"": ""550e8400-e29b-41d4-a716-446655884113""}",16.1398,71.106,286,61AB+11,4918 Daniel Shore Suite 226,Sector 6,000473,KM
20000000-0000-4000-8000-000000000474,IND-0474,Andrew,,Butler,Andrew Butler,Andrew Butler,MALE,1983-05-21,43,WIDOWED,"[{""type"": ""mobile"", ""number"": ""+10000000474"", ""is_primary"": true}]",lee77@example.net,2946254259,XXXXXX4259,ILLITERATE,en,images/IND-0474.jpg,550e8400-e29b-41d4-a716-446655884146,550e8400-e29b-41d4-a716-446655883037,550e8400-e29b-41d4-a716-446655442010,550e8400-e29b-41d4-a716-446655441003,550e8400-e29b-41d4-a716-446655440001,"{""hierarchy"": [{""level"": ""country"", ""level_value_id"": ""550e8400-e29b-41d4-a716-446655440001"", ""level_value_mnemonic"": ""kamuntu""}, {""level"": ""region"", ""level_value_id"": ""550e8400-e29b-41d4-a716-446655441003"", ""level_value_mnemonic"": ""jasiri""}, {""level"": ""district"", ""level_value_id"": ""550e8400-e29b-41d4-a716-446655442010"", ""level_value_mnemonic"": ""ndoto""}, {""level"": ""ward"", ""level_value_id"": ""550e8400-e29b-41d4-a716-446655883037"", ""level_value_mnemonic"": ""pamoja""}, {""level"": ""village"", ""level_value_id"": ""550e8400-e29b-41d4-a716-446655884146"", ""level_value_mnemonic"": ""biluxo""}], ""lowest_level_value_id"": ""550e8400-e29b-41d4-a716-446655884146""}",10.4904,66.4852,187,04AB+64,2321 Savage Coves Suite 800,Sector 7,000474,KM
20000000-0000-4000-8000-000000000475,IND-0475,James,Diana,Smith,James Diana Smith,James Diana Smith,MALE,2003-06-14,22,MARRIED,"[{""type"": ""mobile"", ""number"": ""+10000000475"", ""is_primary"": true}]",qholt@example.net,6695007725,XXXXXX7725,ILLITERATE,en,images/IND-0475.jpg,550e8400-e29b-41d4-a716-446655884249,550e8400-e29b-41d4-a716-446655883063,550e8400-e29b-41d4-a716-446655442016,550e8400-e29b-41d4-a716-446655441004,550e8400-e29b-41d4-a716-446655440001,"{""hierarchy"": [{""level"": ""country"", ""level_value_id"": ""550e8400-e29b-41d4-a716-446655440001"", ""level_value_mnemonic"": ""kamuntu""}, {""level"": ""region"", ""level_value_id"": ""550e8400-e29b-41d4-a716-446655441004"", ""level_value_mnemonic"": ""faraja""}, {""level"": ""district"", ""level_value_id"": ""550e8400-e29b-41d4-a716-446655442016"", ""level_value_mnemonic"": ""tunza""}, {""level"": ""ward"", ""level_value_id"": ""550e8400-e29b-41d4-a716-446655883063"", ""level_value_mnemonic"": ""kufa""}, {""level"": ""village"", ""level_value_id"": ""550e8400-e29b-41d4-a716-446655884249"", ""level_value_mnemonic"": ""bilosa""}], ""lowest_level_value_id"": ""550e8400-e29b-41d4-a716-446655884249""}",17.8699,65.9177,133,78AB+59,9956 Miller Dale Apt. 310,Sector 8,000475,KM
20000000-0000-4000-8000-000000000476,IND-0476,Michael,Anthony,Lopez,Michael Anthony Lopez,Michael Anthony Lopez,MALE,1975-12-21,50,MARRIED,"[{""type"": ""mobile"", ""number"": ""+10000000476"", ""is_primary"": true}]",pwong@example.org,1947739357,XXXXXX9357,CAN_READ_AND_WRITE,en,images/IND-0476.jpg,550e8400-e29b-41d4-a716-446655884167,550e8400-e29b-41d4-a716-446655883042,550e8400-e29b-41d4-a716-446655442011,550e8400-e29b-41d4-a716-446655441003,550e8400-e29b-41d4-a716-446655440001,"{""hierarchy"": [{""level"": ""country"", ""level_value_id"": ""550e8400-e29b-41d4-a716-446655440001"", ""level_value_mnemonic"": ""kamuntu""}, {""level"": ""region"", ""level_value_id"": ""550e8400-e29b-41d4-a716-446655441003"", ""level_value_mnemonic"": ""jasiri""}, {""level"": ""district"", ""level_value_id"": ""550e8400-e29b-41d4-a716-446655442011"", ""level_value_mnemonic"": ""baraka""}, {""level"": ""ward"", ""level_value_id"": ""550e8400-e29b-41d4-a716-446655883042"", ""level_value_mnemonic"": ""umani""}, {""level"": ""village"", ""level_value_id"": ""550e8400-e29b-41d4-a716-446655884167"", ""level_value_mnemonic"": ""bimama""}], ""lowest_level_value_id"": ""550e8400-e29b-41d4-a716-446655884167""}",12.4371,71.4384,277,24AB+14,831 Carrillo Drive Suite 601,Sector 9,000476,KM
20000000-0000-4000-8000-000000000477,IND-0477,Christopher,,Hernandez,Christopher Hernandez,Christopher Hernandez,MALE,2017-01-27,9,SINGLE,"[{""type"": ""mobile"", ""number"": ""+10000000477"", ""is_primary"": true}]",,8009477336,XXXXXX7336,ILLITERATE,en,images/IND-0477.jpg,550e8400-e29b-41d4-a716-446655884233,550e8400-e29b-41d4-a716-446655883059,550e8400-e29b-41d4-a716-446655442015,550e8400-e29b-41d4-a716-446655441004,550e8400-e29b-41d4-a716-446655440001,"{""hierarchy"": [{""level"": ""country"", ""level_value_id"": ""550e8400-e29b-41d4-a716-446655440001"", ""level_value_mnemonic"": ""kamuntu""}, {""level"": ""region"", ""level_value_id"": ""550e8400-e29b-41d4-a716-446655441004"", ""level_value_mnemonic"": ""faraja""}, {""level"": ""district"", ""level_value_id"": ""550e8400-e29b-41d4-a716-446655442015"", ""level_value_mnemonic"": ""zawadi""}, {""level"": ""ward"", ""level_value_id"": ""550e8400-e29b-41d4-a716-446655883059"", ""level_value_mnemonic"": ""kusikia""}, {""level"": ""village"", ""level_value_id"": ""550e8400-e29b-41d4-a716-446655884233"", ""level_value_mnemonic"": ""bilino""}], ""lowest_level_value_id"": ""550e8400-e29b-41d4-a716-446655884233""}",19.4076,68.3302,82,94AB+83,7079 James Port Suite 050,Sector 1,000477,KM
20000000-0000-4000-8000-000000000478,IND-0478,Ashley,Ryan,Abbott,Ashley Ryan Abbott,Ashley Ryan Abbott,FEMALE,1970-03-04,56,MARRIED,"[{""type"": ""mobile"", ""number"": ""+10000000478"", ""is_primary"": true}]",,8560600955,XXXXXX0955,HIGHER_EDUCATION,en,images/IND-0478.jpg,550e8400-e29b-41d4-a716-446655884031,550e8400-e29b-41d4-a716-446655883008,550e8400-e29b-41d4-a716-446655442002,550e8400-e29b-41d4-a716-446655441001,550e8400-e29b-41d4-a716-446655440001,"{""hierarchy"": [{""level"": ""country"", ""level_value_id"": ""550e8400-e29b-41d4-a716-446655440001"", ""level_value_mnemonic"": ""kamuntu""}, {""level"": ""region"", ""level_value_id"": ""550e8400-e29b-41d4-a716-446655441001"", ""level_value_mnemonic"": ""kilima""}, {""level"": ""district"", ""level_value_id"": ""550e8400-e29b-41d4-a716-446655442002"", ""level_value_mnemonic"": ""pembe""}, {""level"": ""ward"", ""level_value_id"": ""550e8400-e29b-41d4-a716-446655883008"", ""level_value_mnemonic"": ""upande""}, {""level"": ""village"", ""level_value_id"": ""550e8400-e29b-41d4-a716-446655884031"", ""level_value_mnemonic"": ""bigny""}], ""lowest_level_value_id"": ""550e8400-e29b-41d4-a716-446655884031""}",16.852,69.8595,90,68AB+98,9984 Tony Oval Suite 308,Sector 2,000478,KM
20000000-0000-4000-8000-000000000479,IND-0479,Albert,Angela,Ray,Albert Angela Ray,Albert Angela Ray,MALE,1969-06-26,56,WIDOWED,"[{""type"": ""mobile"", ""number"": ""+10000000479"", ""is_primary"": true}]",patricia67@example.org,7282518886,XXXXXX8886,BASIC,en,images/IND-0479.jpg,550e8400-e29b-41d4-a716-446655884088,550e8400-e29b-41d4-a716-446655883022,550e8400-e29b-41d4-a716-446655442006,550e8400-e29b-41d4-a716-446655441002,550e8400-e29b-41d4-a716-446655440001,"{""hierarchy"": [{""level"": ""country"", ""level_value_id"": ""550e8400-e29b-41d4-a716-446655440001"", ""level_value_mnemonic"": ""kamuntu""}, {""level"": ""region"", ""level_value_id"": ""550e8400-e29b-41d4-a716-446655441002"", ""level_value_mnemonic"": ""chakula""}, {""level"": ""district"", ""level_value_id"": ""550e8400-e29b-41d4-a716-446655442006"", ""level_value_mnemonic"": ""njia""}, {""level"": ""ward"", ""level_value_id"": ""550e8400-e29b-41d4-a716-446655883022"", ""level_value_mnemonic"": ""wingu""}, {""level"": ""village"", ""level_value_id"": ""550e8400-e29b-41d4-a716-446655884088"", ""level_value_mnemonic"": ""bilugi""}], ""lowest_level_value_id"": ""550e8400-e29b-41d4-a716-446655884088""}",14.7815,67.8228,273,47AB+78,576 Evan Stream Apt. 757,Sector 3,000479,KM
20000000-0000-4000-8000-000000000480,IND-0480,David,,Robinson,David Robinson,David Robinson,MALE,1998-02-06,28,DIVORCED,"[{""type"": ""mobile"", ""number"": ""+10000000480"", ""is_primary"": true}]",,4857962086,XXXXXX2086,HIGHER_EDUCATION,en,images/IND-0480.jpg,550e8400-e29b-41d4-a716-446655884223,550e8400-e29b-41d4-a716-446655883056,550e8400-e29b-41d4-a716-446655442014,550e8400-e29b-41d4-a716-446655441004,550e8400-e29b-41d4-a716-446655440001,"{""hierarchy"": [{""level"": ""country"", ""level_value_id"": ""550e8400-e29b-41d4-a716-446655440001"", ""level_value_mnemonic"": ""kamuntu""}, {""level"": ""region"", ""level_value_id"": ""550e8400-e29b-41d4-a716-446655441004"", ""level_value_mnemonic"": ""faraja""}, {""level"": ""district"", ""level_value_id"": ""550e8400-e29b-41d4-a716-446655442014"", ""level_value_mnemonic"": ""sihaya""}, {""level"": ""ward"", ""level_value_id"": ""550e8400-e29b-41d4-a716-446655883056"", ""level_value_mnemonic"": ""kutaka""}, {""level"": ""village"", ""level_value_id"": ""550e8400-e29b-41d4-a716-446655884223"", ""level_value_mnemonic"": ""bilema""}], ""lowest_level_value_id"": ""550e8400-e29b-41d4-a716-446655884223""}",11.7318,67.6944,170,17AB+76,724 Moyer Village Suite 729,Sector 4,000480,KM
20000000-0000-4000-8000-000000000481,IND-0481,Christine,,Vazquez,Christine Vazquez,Christine Vazquez,FEMALE,1983-07-18,42,MARRIED,"[{""type"": ""mobile"", ""number"": ""+10000000481"", ""is_primary"": true}]",estradadavid@example.org,5715870675,XXXXXX0675,INTERMEDIARY,en,images/IND-0481.jpg,550e8400-e29b-41d4-a716-446655884018,550e8400-e29b-41d4-a716-446655883005,550e8400-e29b-41d4-a716-446655442002,550e8400-e29b-41d4-a716-446655441001,550e8400-e29b-41d4-a716-446655440001,"{""hierarchy"": [{""level"": ""country"", ""level_value_id"": ""550e8400-e29b-41d4-a716-446655440001"", ""level_value_mnemonic"": ""kamuntu""}, {""level"": ""region"", ""level_value_id"": ""550e8400-e29b-41d4-a716-446655441001"", ""level_value_mnemonic"": ""kilima""}, {""level"": ""district"", ""level_value_id"": ""550e8400-e29b-41d4-a716-446655442002"", ""level_value_mnemonic"": ""pembe""}, {""level"": ""ward"", ""level_value_id"": ""550e8400-e29b-41d4-a716-446655883005"", ""level_value_mnemonic"": ""soko""}, {""level"": ""village"", ""level_value_id"": ""550e8400-e29b-41d4-a716-446655884018"", ""level_value_mnemonic"": ""berio""}], ""lowest_level_value_id"": ""550e8400-e29b-41d4-a716-446655884018""}",15.2095,67.1683,242,52AB+71,716 Torres Fords,Sector 5,000481,KM
20000000-0000-4000-8000-000000000482,IND-0482,Justin,,Kidd,Justin Kidd,Justin Kidd,MALE,2007-06-03,19,SINGLE,"[{""type"": ""mobile"", ""number"": ""+10000000482"", ""is_primary"": true}]",,8168453360,XXXXXX3360,ILLITERATE,en,images/IND-0482.jpg,550e8400-e29b-41d4-a716-446655884112,550e8400-e29b-41d4-a716-446655883028,550e8400-e29b-41d4-a716-446655442007,550e8400-e29b-41d4-a716-446655441002,550e8400-e29b-41d4-a716-446655440001,"{""hierarchy"": [{""level"": ""country"", ""level_value_id"": ""550e8400-e29b-41d4-a716-446655440001"", ""level_value_mnemonic"": ""kamuntu""}, {""level"": ""region"", ""level_value_id"": ""550e8400-e29b-41d4-a716-446655441002"", ""level_value_mnemonic"": ""chakula""}, {""level"": ""district"", ""level_value_id"": ""550e8400-e29b-41d4-a716-446655442007"", ""level_value_mnemonic"": ""rafiki""}, {""level"": ""ward"", ""level_value_id"": ""550e8400-e29b-41d4-a716-446655883028"", ""level_value_mnemonic"": ""nguvu""}, {""level"": ""village"", ""level_value_id"": ""550e8400-e29b-41d4-a716-446655884112"", ""level_value_mnemonic"": ""biluna""}], ""lowest_level_value_id"": ""550e8400-e29b-41d4-a716-446655884112""}",13.0162,68.0459,196,30AB+80,5228 Lindsay Junction Suite 193,Sector 6,000482,KM
20000000-0000-4000-8000-000000000483,IND-0483,Barbara,,Walker,Barbara Walker,Barbara Walker,FEMALE,1971-05-14,55,SINGLE,"[{""type"": ""mobile"", ""number"": ""+10000000483"", ""is_primary"": true}]",,9038253771,XXXXXX3771,ILLITERATE,en,images/IND-0483.jpg,550e8400-e29b-41d4-a716-446655884233,550e8400-e29b-41d4-a716-446655883059,550e8400-e29b-41d4-a716-446655442015,550e8400-e29b-41d4-a716-446655441004,550e8400-e29b-41d4-a716-446655440001,"{""hierarchy"": [{""level"": ""country"", ""level_value_id"": ""550e8400-e29b-41d4-a716-446655440001"", ""level_value_mnemonic"": ""kamuntu""}, {""level"": ""region"", ""level_value_id"": ""550e8400-e29b-41d4-a716-446655441004"", ""level_value_mnemonic"": ""faraja""}, {""level"": ""district"", ""level_value_id"": ""550e8400-e29b-41d4-a716-446655442015"", ""level_value_mnemonic"": ""zawadi""}, {""level"": ""ward"", ""level_value_id"": ""550e8400-e29b-41d4-a716-446655883059"", ""level_value_mnemonic"": ""kusikia""}, {""level"": ""village"", ""level_value_id"": ""550e8400-e29b-41d4-a716-446655884233"", ""level_value_mnemonic"": ""bilino""}], ""lowest_level_value_id"": ""550e8400-e29b-41d4-a716-446655884233""}",19.3727,68.3804,50,93AB+83,5084 Melissa Well Apt. 077,Sector 7,000483,KM
20000000-0000-4000-8000-000000000484,IND-0484,Tonya,,Campos,Tonya Campos,Tonya Campos,FEMALE,2005-05-30,21,MARRIED,"[{""type"": ""mobile"", ""number"": ""+10000000484"", ""is_primary"": true}]",harringtonchelsea@example.org,3940614579,XXXXXX4579,BASIC,en,images/IND-0484.jpg,550e8400-e29b-41d4-a716-446655884198,550e8400-e29b-41d4-a716-446655883050,550e8400-e29b-41d4-a716-446655442013,550e8400-e29b-41d4-a716-446655441004,550e8400-e29b-41d4-a716-446655440001,"{""hierarchy"": [{""level"": ""country"", ""level_value_id"": ""550e8400-e29b-41d4-a716-446655440001"", ""level_value_mnemonic"": ""kamuntu""}, {""level"": ""region"", ""level_value_id"": ""550e8400-e29b-41d4-a716-446655441004"", ""level_value_mnemonic"": ""faraja""}, {""level"": ""district"", ""level_value_id"": ""550e8400-e29b-41d4-a716-446655442013"", ""level_value_mnemonic"": ""asilani""}, {""level"": ""ward"", ""level_value_id"": ""550e8400-e29b-41d4-a716-446655883050"", ""level_value_mnemonic"": ""nguvu""}, {""level"": ""village"", ""level_value_id"": ""550e8400-e29b-41d4-a716-446655884198"", ""level_value_mnemonic"": ""bandari""}], ""lowest_level_value_id"": ""550e8400-e29b-41d4-a716-446655884198""}",14.742,67.7136,288,47AB+77,121 Rhonda Estate,Sector 8,000484,KM
20000000-0000-4000-8000-000000000485,IND-0485,Nicholas,,Erickson,Nicholas Erickson,Nicholas Erickson,MALE,2000-07-11,25,MARRIED,"[{""type"": ""mobile"", ""number"": ""+10000000485"", ""is_primary"": true}]",goconnor@example.org,9877722802,XXXXXX2802,ILLITERATE,en,images/IND-0485.jpg,550e8400-e29b-41d4-a716-446655884027,550e8400-e29b-41d4-a716-446655883007,550e8400-e29b-41d4-a716-446655442002,550e8400-e29b-41d4-a716-446655441001,550e8400-e29b-41d4-a716-446655440001,"{""hierarchy"": [{""level"": ""country"", ""level_value_id"": ""550e8400-e29b-41d4-a716-446655440001"", ""level_value_mnemonic"": ""kamuntu""}, {""level"": ""region"", ""level_value_id"": ""550e8400-e29b-41d4-a716-446655441001"", ""level_value_mnemonic"": ""kilima""}, {""level"": ""district"", ""level_value_id"": ""550e8400-e29b-41d4-a716-446655442002"", ""level_value_mnemonic"": ""pembe""}, {""level"": ""ward"", ""level_value_id"": ""550e8400-e29b-41d4-a716-446655883007"", ""level_value_mnemonic"": ""wingi""}, {""level"": ""village"", ""level_value_id"": ""550e8400-e29b-41d4-a716-446655884027"", ""level_value_mnemonic"": ""bielu""}], ""lowest_level_value_id"": ""550e8400-e29b-41d4-a716-446655884027""}",15.2109,70.1605,135,52AB+01,2137 Hammond Avenue Apt. 754,Sector 9,000485,KM
20000000-0000-4000-8000-000000000486,IND-0486,Jonathan,,Miller,Jonathan Miller,Jonathan Miller,MALE,1973-04-08,53,MARRIED,"[{""type"": ""mobile"", ""number"": ""+10000000486"", ""is_primary"": true}]",jennifer65@example.net,8216518899,XXXXXX8899,HIGHER_EDUCATION,en,images/IND-0486.jpg,550e8400-e29b-41d4-a716-446655884245,550e8400-e29b-41d4-a716-446655883062,550e8400-e29b-41d4-a716-446655442016,550e8400-e29b-41d4-a716-446655441004,550e8400-e29b-41d4-a716-446655440001,"{""hierarchy"": [{""level"": ""country"", ""level_value_id"": ""550e8400-e29b-41d4-a716-446655440001"", ""level_value_mnemonic"": ""kamuntu""}, {""level"": ""region"", ""level_value_id"": ""550e8400-e29b-41d4-a716-446655441004"", ""level_value_mnemonic"": ""faraja""}, {""level"": ""district"", ""level_value_id"": ""550e8400-e29b-41d4-a716-446655442016"", ""level_value_mnemonic"": ""tunza""}, {""level"": ""ward"", ""level_value_id"": ""550e8400-e29b-41d4-a716-446655883062"", ""level_value_mnemonic"": ""kufanya""}, {""level"": ""village"", ""level_value_id"": ""550e8400-e29b-41d4-a716-446655884245"", ""level_value_mnemonic"": ""billi""}], ""lowest_level_value_id"": ""550e8400-e29b-41d4-a716-446655884245""}",14.3277,65.3063,138,43AB+53,86326 Hardin Mount,Sector 1,000486,KM
20000000-0000-4000-8000-000000000487,IND-0487,Tiffany,,Black,Tiffany Black,Tiffany Black,FEMALE,1989-06-28,36,WIDOWED,"[{""type"": ""mobile"", ""number"": ""+10000000487"", ""is_primary"": true}]",sherry72@example.org,4793015896,XXXXXX5896,CAN_READ_AND_WRITE,en,images/IND-0487.jpg,550e8400-e29b-41d4-a716-446655884063,550e8400-e29b-41d4-a716-446655883016,550e8400-e29b-41d4-a716-446655442004,550e8400-e29b-41d4-a716-446655441001,550e8400-e29b-41d4-a716-446655440001,"{""hierarchy"": [{""level"": ""country"", ""level_value_id"": ""550e8400-e29b-41d4-a716-446655440001"", ""level_value_mnemonic"": ""kamuntu""}, {""level"": ""region"", ""level_value_id"": ""550e8400-e29b-41d4-a716-446655441001"", ""level_value_mnemonic"": ""kilima""}, {""level"": ""district"", ""level_value_id"": ""550e8400-e29b-41d4-a716-446655442004"", ""level_value_mnemonic"": ""karamu""}, {""level"": ""ward"", ""level_value_id"": ""550e8400-e29b-41d4-a716-446655883016"", ""level_value_mnemonic"": ""hasara""}, {""level"": ""village"", ""level_value_id"": ""550e8400-e29b-41d4-a716-446655884063"", ""level_value_mnemonic"": ""biloto""}], ""lowest_level_value_id"": ""550e8400-e29b-41d4-a716-446655884063""}",16.2188,69.2884,72,62AB+92,55626 Phillip Camp,Sector 2,000487,KM
20000000-0000-4000-8000-000000000488,IND-0488,Matthew,Rachel,May,Matthew Rachel May,Matthew Rachel May,MALE,2006-10-11,19,MARRIED,"[{""type"": ""mobile"", ""number"": ""+10000000488"", ""is_primary"": true}]",levinetina@example.net,4758066922,XXXXXX6922,HIGHER_EDUCATION,en,images/IND-0488.jpg,550e8400-e29b-41d4-a716-446655884148,550e8400-e29b-41d4-a716-446655883037,550e8400-e29b-41d4-a716-446655442010,550e8400-e29b-41d4-a716-446655441003,550e8400-e29b-41d4-a716-446655440001,"{""hierarchy"": [{""level"": ""country"", ""level_value_id"": ""550e8400-e29b-41d4-a716-446655440001"", ""level_value_mnemonic"": ""kamuntu""}, {""level"": ""region"", ""level_value_id"": ""550e8400-e29b-41d4-a716-446655441003"", ""level_value_mnemonic"": ""jasiri""}, {""level"": ""district"", ""level_value_id"": ""550e8400-e29b-41d4-a716-446655442010"", ""level_value_mnemonic"": ""ndoto""}, {""level"": ""ward"", ""level_value_id"": ""550e8400-e29b-41d4-a716-446655883037"", ""level_value_mnemonic"": ""pamoja""}, {""level"": ""village"", ""level_value_id"": ""550e8400-e29b-41d4-a716-446655884148"", ""level_value_mnemonic"": ""biluya""}], ""lowest_level_value_id"": ""550e8400-e29b-41d4-a716-446655884148""}",19.8221,66.8327,125,98AB+68,6845 Smith Harbors Apt. 673,Sector 3,000488,KM
20000000-0000-4000-8000-000000000489,IND-0489,Stacy,,Weber,Stacy Weber,Stacy Weber,FEMALE,1986-12-25,39,SINGLE,"[{""type"": ""mobile"", ""number"": ""+10000000489"", ""is_primary"": true}]",,1812009356,XXXXXX9356,BASIC,en,images/IND-0489.jpg,550e8400-e29b-41d4-a716-446655884068,550e8400-e29b-41d4-a716-446655883017,550e8400-e29b-41d4-a716-446655442005,550e8400-e29b-41d4-a716-446655441002,550e8400-e29b-41d4-a716-446655440001,"{""hierarchy"": [{""level"": ""country"", ""level_value_id"": ""550e8400-e29b-41d4-a716-446655440001"", ""level_value_mnemonic"": ""kamuntu""}, {""level"": ""region"", ""level_value_id"": ""550e8400-e29b-41d4-a716-446655441002"", ""level_value_mnemonic"": ""chakula""}, {""level"": ""district"", ""level_value_id"": ""550e8400-e29b-41d4-a716-446655442005"", ""level_value_mnemonic"": ""mfumo""}, {""level"": ""ward"", ""level_value_id"": ""550e8400-e29b-41d4-a716-446655883017"", ""level_value_mnemonic"": ""haraka""}, {""level"": ""village"", ""level_value_id"": ""550e8400-e29b-41d4-a716-446655884068"", ""level_value_mnemonic"": ""bilowi""}], ""lowest_level_value_id"": ""550e8400-e29b-41d4-a716-446655884068""}",16.9422,69.0202,263,69AB+90,563 Miller Plain Suite 628,Sector 4,000489,KM
20000000-0000-4000-8000-000000000490,IND-0490,Wendy,,Campbell,Wendy Campbell,Wendy Campbell,FEMALE,1969-07-21,56,MARRIED,"[{""type"": ""mobile"", ""number"": ""+10000000490"", ""is_primary"": true}]",huntlarry@example.com,7207328566,XXXXXX8566,BASIC,en,images/IND-0490.jpg,550e8400-e29b-41d4-a716-446655884211,550e8400-e29b-41d4-a716-446655883053,550e8400-e29b-41d4-a716-446655442014,550e8400-e29b-41d4-a716-446655441004,550e8400-e29b-41d4-a716-446655440001,"{""hierarchy"": [{""level"": ""country"", ""level_value_id"": ""550e8400-e29b-41d4-a716-446655440001"", ""level_value_mnemonic"": ""kamuntu""}, {""level"": ""region"", ""level_value_id"": ""550e8400-e29b-41d4-a716-446655441004"", ""level_value_mnemonic"": ""faraja""}, {""level"": ""district"", ""level_value_id"": ""550e8400-e29b-41d4-a716-446655442014"", ""level_value_mnemonic"": ""sihaya""}, {""level"": ""ward"", ""level_value_id"": ""550e8400-e29b-41d4-a716-446655883053"", ""level_value_mnemonic"": ""kupika""}, {""level"": ""village"", ""level_value_id"": ""550e8400-e29b-41d4-a716-446655884211"", ""level_value_mnemonic"": ""bevu""}], ""lowest_level_value_id"": ""550e8400-e29b-41d4-a716-446655884211""}",17.3704,67.3532,252,73AB+73,08943 Barber Parkways,Sector 5,000490,KM
20000000-0000-4000-8000-000000000491,IND-0491,Ashley,,Brown,Ashley Brown,Ashley Brown,FEMALE,2007-11-28,18,SINGLE,"[{""type"": ""mobile"", ""number"": ""+10000000491"", ""is_primary"": true}]",,6516378816,XXXXXX8816,BASIC,en,images/IND-0491.jpg,550e8400-e29b-41d4-a716-446655884117,550e8400-e29b-41d4-a716-446655883030,550e8400-e29b-41d4-a716-446655442008,550e8400-e29b-41d4-a716-446655441002,550e8400-e29b-41d4-a716-446655440001,"{""hierarchy"": [{""level"": ""country"", ""level_value_id"": ""550e8400-e29b-41d4-a716-446655440001"", ""level_value_mnemonic"": ""kamuntu""}, {""level"": ""region"", ""level_value_id"": ""550e8400-e29b-41d4-a716-446655441002"", ""level_value_mnemonic"": ""chakula""}, {""level"": ""district"", ""level_value_id"": ""550e8400-e29b-41d4-a716-446655442008"", ""level_value_mnemonic"": ""makali""}, {""level"": ""ward"", ""level_value_id"": ""550e8400-e29b-41d4-a716-446655883030"", ""level_value_mnemonic"": ""cheka""}, {""level"": ""village"", ""level_value_id"": ""550e8400-e29b-41d4-a716-446655884117"", ""level_value_mnemonic"": ""bilupi""}], ""lowest_level_value_id"": ""550e8400-e29b-41d4-a716-446655884117""}",18.1556,69.1219,91,81AB+91,8510 Shane Ports Apt. 753,Sector 6,000491,KM
20000000-0000-4000-8000-000000000492,IND-0492,Robert,,Zhang,Robert Zhang,Robert Zhang,MALE,1986-07-01,39,MARRIED,"[{""type"": ""mobile"", ""number"": ""+10000000492"", ""is_primary"": true}]",michaelmitchell@example.net,1692583718,XXXXXX3718,BASIC,en,images/IND-0492.jpg,550e8400-e29b-41d4-a716-446655884094,550e8400-e29b-41d4-a716-446655883024,550e8400-e29b-41d4-a716-446655442006,550e8400-e29b-41d4-a716-446655441002,550e8400-e29b-41d4-a716-446655440001,"{""hierarchy"": [{""level"": ""country"", ""level_value_id"": ""550e8400-e29b-41d4-a716-446655440001"", ""level_value_mnemonic"": ""kamuntu""}, {""level"": ""region"", ""level_value_id"": ""550e8400-e29b-41d4-a716-446655441002"", ""level_value_mnemonic"": ""chakula""}, {""level"": ""district"", ""level_value_id"": ""550e8400-e29b-41d4-a716-446655442006"", ""level_value_mnemonic"": ""njia""}, {""level"": ""ward"", ""level_value_id"": ""550e8400-e29b-41d4-a716-446655883024"", ""level_value_mnemonic"": ""barafu""}, {""level"": ""village"", ""level_value_id"": ""550e8400-e29b-41d4-a716-446655884094"", ""level_value_mnemonic"": ""biluho""}], ""lowest_level_value_id"": ""550e8400-e29b-41d4-a716-446655884094""}",15.3317,71.4194,197,53AB+14,683 Mark Prairie,Sector 7,000492,KM
20000000-0000-4000-8000-000000000493,IND-0493,Corey,Shawn,Osborne,Corey Shawn Osborne,Corey Shawn Osborne,MALE,1973-05-07,53,DIVORCED,"[{""type"": ""mobile"", ""number"": ""+10000000493"", ""is_primary"": true}]",jenniferpoole@example.org,5930382855,XXXXXX2855,ILLITERATE,en,images/IND-0493.jpg,550e8400-e29b-41d4-a716-446655884190,550e8400-e29b-41d4-a716-446655883048,550e8400-e29b-41d4-a716-446655442012,550e8400-e29b-41d4-a716-446655441003,550e8400-e29b-41d4-a716-446655440001,"{""hierarchy"": [{""level"": ""country"", ""level_value_id"": ""550e8400-e29b-41d4-a716-446655440001"", ""level_value_mnemonic"": ""kamuntu""}, {""level"": ""region"", ""level_value_id"": ""550e8400-e29b-41d4-a716-446655441003"", ""level_value_mnemonic"": ""jasiri""}, {""level"": ""district"", ""level_value_id"": ""550e8400-e29b-41d4-a716-446655442012"", ""level_value_mnemonic"": ""mapema""}, {""level"": ""ward"", ""level_value_id"": ""550e8400-e29b-41d4-a716-446655883048"", ""level_value_mnemonic"": ""tahini""}, {""level"": ""village"", ""level_value_id"": ""550e8400-e29b-41d4-a716-446655884190"", ""level_value_mnemonic"": ""bimbez""}], ""lowest_level_value_id"": ""550e8400-e29b-41d4-a716-446655884190""}",18.2848,67.3375,186,82AB+73,62737 Mike Pine,Sector 8,000493,KM
20000000-0000-4000-8000-000000000494,IND-0494,Jennifer,,Hansen,Jennifer Hansen,Jennifer Hansen,FEMALE,1951-02-07,75,WIDOWED,"[{""type"": ""mobile"", ""number"": ""+10000000494"", ""is_primary"": true}]",lwiggins@example.com,7474272494,XXXXXX2494,HIGHER_EDUCATION,en,images/IND-0494.jpg,550e8400-e29b-41d4-a716-446655884208,550e8400-e29b-41d4-a716-446655883052,550e8400-e29b-41d4-a716-446655442013,550e8400-e29b-41d4-a716-446655441004,550e8400-e29b-41d4-a716-446655440001,"{""hierarchy"": [{""level"": ""country"", ""level_value_id"": ""550e8400-e29b-41d4-a716-446655440001"", ""level_value_mnemonic"": ""kamuntu""}, {""level"": ""region"", ""level_value_id"": ""550e8400-e29b-41d4-a716-446655441004"", ""level_value_mnemonic"": ""faraja""}, {""level"": ""district"", ""level_value_id"": ""550e8400-e29b-41d4-a716-446655442013"", ""level_value_mnemonic"": ""asilani""}, {""level"": ""ward"", ""level_value_id"": ""550e8400-e29b-41d4-a716-446655883052"", ""level_value_mnemonic"": ""kufa""}, {""level"": ""village"", ""level_value_id"": ""550e8400-e29b-41d4-a716-446655884208"", ""level_value_mnemonic"": ""berio""}], ""lowest_level_value_id"": ""550e8400-e29b-41d4-a716-446655884208""}",15.1047,69.0696,279,51AB+90,7622 Todd Mount Apt. 881,Sector 9,000494,KM
20000000-0000-4000-8000-000000000495,IND-0495,Melissa,,Gibson,Melissa Gibson,Melissa Gibson,FEMALE,2010-09-08,15,SINGLE,"[{""type"": ""mobile"", ""number"": ""+10000000495"", ""is_primary"": true}]",,4866219906,XXXXXX9906,ILLITERATE,en,images/IND-0495.jpg,550e8400-e29b-41d4-a716-446655884076,550e8400-e29b-41d4-a716-446655883019,550e8400-e29b-41d4-a716-446655442005,550e8400-e29b-41d4-a716-446655441002,550e8400-e29b-41d4-a716-446655440001,"{""hierarchy"": [{""level"": ""country"", ""level_value_id"": ""550e8400-e29b-41d4-a716-446655440001"", ""level_value_mnemonic"": ""kamuntu""}, {""level"": ""region"", ""level_value_id"": ""550e8400-e29b-41d4-a716-446655441002"", ""level_value_mnemonic"": ""chakula""}, {""level"": ""district"", ""level_value_id"": ""550e8400-e29b-41d4-a716-446655442005"", ""level_value_mnemonic"": ""mfumo""}, {""level"": ""ward"", ""level_value_id"": ""550e8400-e29b-41d4-a716-446655883019"", ""level_value_mnemonic"": ""wimbo""}, {""level"": ""village"", ""level_value_id"": ""550e8400-e29b-41d4-a716-446655884076"", ""level_value_mnemonic"": ""bilubi""}], ""lowest_level_value_id"": ""550e8400-e29b-41d4-a716-446655884076""}",17.3339,65.3751,128,73AB+53,285 Carolyn Lodge,Sector 1,000495,KM
20000000-0000-4000-8000-000000000496,IND-0496,Brian,,Wood,Brian Wood,Brian Wood,MALE,2020-03-12,6,SINGLE,"[{""type"": ""mobile"", ""number"": ""+10000000496"", ""is_primary"": true}]",,3261016130,XXXXXX6130,ILLITERATE,en,images/IND-0496.jpg,550e8400-e29b-41d4-a716-446655884206,550e8400-e29b-41d4-a716-446655883052,550e8400-e29b-41d4-a716-446655442013,550e8400-e29b-41d4-a716-446655441004,550e8400-e29b-41d4-a716-446655440001,"{""hierarchy"": [{""level"": ""country"", ""level_value_id"": ""550e8400-e29b-41d4-a716-446655440001"", ""level_value_mnemonic"": ""kamuntu""}, {""level"": ""region"", ""level_value_id"": ""550e8400-e29b-41d4-a716-446655441004"", ""level_value_mnemonic"": ""faraja""}, {""level"": ""district"", ""level_value_id"": ""550e8400-e29b-41d4-a716-446655442013"", ""level_value_mnemonic"": ""asilani""}, {""level"": ""ward"", ""level_value_id"": ""550e8400-e29b-41d4-a716-446655883052"", ""level_value_mnemonic"": ""kufa""}, {""level"": ""village"", ""level_value_id"": ""550e8400-e29b-41d4-a716-446655884206"", ""level_value_mnemonic"": ""beni""}], ""lowest_level_value_id"": ""550e8400-e29b-41d4-a716-446655884206""}",12.9481,66.9467,100,29AB+69,82154 Turner Oval Apt. 229,Sector 2,000496,KM
20000000-0000-4000-8000-000000000497,IND-0497,Jennifer,,Zuniga,Jennifer Zuniga,Jennifer Zuniga,FEMALE,1942-07-05,83,MARRIED,"[{""type"": ""mobile"", ""number"": ""+10000000497"", ""is_primary"": true}]",pamela32@example.net,8158707130,XXXXXX7130,BASIC,en,images/IND-0497.jpg,550e8400-e29b-41d4-a716-446655884043,550e8400-e29b-41d4-a716-446655883011,550e8400-e29b-41d4-a716-446655442003,550e8400-e29b-41d4-a716-446655441001,550e8400-e29b-41d4-a716-446655440001,"{""hierarchy"": [{""level"": ""country"", ""level_value_id"": ""550e8400-e29b-41d4-a716-446655440001"", ""level_value_mnemonic"": ""kamuntu""}, {""level"": ""region"", ""level_value_id"": ""550e8400-e29b-41d4-a716-446655441001"", ""level_value_mnemonic"": ""kilima""}, {""level"": ""district"", ""level_value_id"": ""550e8400-e29b-41d4-a716-446655442003"", ""level_value_mnemonic"": ""nyani""}, {""level"": ""ward"", ""level_value_id"": ""550e8400-e29b-41d4-a716-446655883011"", ""level_value_mnemonic"": ""shimo""}, {""level"": ""village"", ""level_value_id"": ""550e8400-e29b-41d4-a716-446655884043"", ""level_value_mnemonic"": ""bilino""}], ""lowest_level_value_id"": ""550e8400-e29b-41d4-a716-446655884043""}",16.2898,66.3216,159,62AB+63,18510 Olson Inlet Suite 567,Sector 3,000497,KM
20000000-0000-4000-8000-000000000498,IND-0498,Sandra,,Bass,Sandra Bass,Sandra Bass,FEMALE,1991-06-13,34,WIDOWED,"[{""type"": ""mobile"", ""number"": ""+10000000498"", ""is_primary"": true}]",,1376233267,XXXXXX3267,BASIC,en,images/IND-0498.jpg,550e8400-e29b-41d4-a716-446655884007,550e8400-e29b-41d4-a716-446655883002,550e8400-e29b-41d4-a716-446655442001,550e8400-e29b-41d4-a716-446655441001,550e8400-e29b-41d4-a716-446655440001,"{""hierarchy"": [{""level"": ""country"", ""level_value_id"": ""550e8400-e29b-41d4-a716-446655440001"", ""level_value_mnemonic"": ""kamuntu""}, {""level"": ""region"", ""level_value_id"": ""550e8400-e29b-41d4-a716-446655441001"", ""level_value_mnemonic"": ""kilima""}, {""level"": ""district"", ""level_value_id"": ""550e8400-e29b-41d4-a716-446655442001"", ""level_value_mnemonic"": ""mkutani""}, {""level"": ""ward"", ""level_value_id"": ""550e8400-e29b-41d4-a716-446655883002"", ""level_value_mnemonic"": ""msitu""}, {""level"": ""village"", ""level_value_id"": ""550e8400-e29b-41d4-a716-446655884007"", ""level_value_mnemonic"": ""bambi""}], ""lowest_level_value_id"": ""550e8400-e29b-41d4-a716-446655884007""}",10.2028,65.1744,156,02AB+51,87772 Davis Road,Sector 4,000498,KM
20000000-0000-4000-8000-000000000499,IND-0499,Mary,,Ortiz,Mary Ortiz,Mary Ortiz,FEMALE,1982-09-14,43,MARRIED,"[{""type"": ""mobile"", ""number"": ""+10000000499"", ""is_primary"": true}]",rachelmorgan@example.org,1369702097,XXXXXX2097,BASIC,en,images/IND-0499.jpg,550e8400-e29b-41d4-a716-446655884084,550e8400-e29b-41d4-a716-446655883021,550e8400-e29b-41d4-a716-446655442006,550e8400-e29b-41d4-a716-446655441002,550e8400-e29b-41d4-a716-446655440001,"{""hierarchy"": [{""level"": ""country"", ""level_value_id"": ""550e8400-e29b-41d4-a716-446655440001"", ""level_value_mnemonic"": ""kamuntu""}, {""level"": ""region"", ""level_value_id"": ""550e8400-e29b-41d4-a716-446655441002"", ""level_value_mnemonic"": ""chakula""}, {""level"": ""district"", ""level_value_id"": ""550e8400-e29b-41d4-a716-446655442006"", ""level_value_mnemonic"": ""njia""}, {""level"": ""ward"", ""level_value_id"": ""550e8400-e29b-41d4-a716-446655883021"", ""level_value_mnemonic"": ""moyo""}, {""level"": ""village"", ""level_value_id"": ""550e8400-e29b-41d4-a716-446655884084"", ""level_value_mnemonic"": ""bilufi""}], ""lowest_level_value_id"": ""550e8400-e29b-41d4-a716-446655884084""}",18.9708,69.9975,272,89AB+99,412 Ashley Underpass Suite 818,Sector 5,000499,KM
20000000-0000-4000-8000-000000000500,IND-0500,Angela,Amber,Friedman,Angela Amber Friedman,Angela Amber Friedman,FEMALE,1995-04-24,31,MARRIED,"[{""type"": ""mobile"", ""number"": ""+10000000500"", ""is_primary"": true}]",bernardaimee@example.com,7682169593,XXXXXX9593,INTERMEDIARY,en,images/IND-0500.jpg,550e8400-e29b-41d4-a716-446655884034,550e8400-e29b-41d4-a716-446655883009,550e8400-e29b-41d4-a716-446655442003,550e8400-e29b-41d4-a716-446655441001,550e8400-e29b-41d4-a716-446655440001,"{""hierarchy"": [{""level"": ""country"", ""level_value_id"": ""550e8400-e29b-41d4-a716-446655440001"", ""level_value_mnemonic"": ""kamuntu""}, {""level"": ""region"", ""level_value_id"": ""550e8400-e29b-41d4-a716-446655441001"", ""level_value_mnemonic"": ""kilima""}, {""level"": ""district"", ""level_value_id"": ""550e8400-e29b-41d4-a716-446655442003"", ""level_value_mnemonic"": ""nyani""}, {""level"": ""ward"", ""level_value_id"": ""550e8400-e29b-41d4-a716-446655883009"", ""level_value_mnemonic"": ""mkunge""}, {""level"": ""village"", ""level_value_id"": ""550e8400-e29b-41d4-a716-446655884034"", ""level_value_mnemonic"": ""bileya""}], ""lowest_level_value_id"": ""550e8400-e29b-41d4-a716-446655884034""}",16.911,69.9155,85,69AB+99,82043 Maria Villages,Sector 6,000500,KM
