{"type": "FeatureCollection", "features": [{"type": "Feature", "properties": {"pcode": "ET0101", "area_name": "North Western", "parent_pcode": "ET01", "level": "zone"}, "geometry": {"type": "Polygon", "coordinates": [[[38.31598364000007, 13.803645986000049], [38.36702883700019, 13.805330040000115], [38.414831729000184, 13.751766609000185], [38.47436476200005, 13.719319527999971], [38.48458833800004, 13.700974737000138], [38.53044557599998, 13.687272523000047], [38.49408707200013, 13.787175808000086], [38.56584655800003, 13.883451929000046], [38.56052364600015, 13.907859899000186], [38.49632257000019, 13.968677102000072], [38.48811135900013, 14.01933517700013], [38.48995321000001, 14.031045751000079], [38.522725614000194, 14.045130600999983], [38.49635337400002, 14.079370927000127], [38.50142599800017, 14.115889265000078], [38.54828377900003, 14.138189188000183], [38.53813607300009, 14.166775337000104], [38.55705706100014, 14.166666349000138], [38.57770146700011, 14.204043290000186], [38.54840850100004, 14.209521008000081], [38.54259500900008, 14.222482372000115], [38.51089101100001, 14.206408164000095], [38.453345380000144, 14.234633152000072], [38.46285950600003, 14.294727239000167], [38.420781839000085, 14.463747722000164], [38.40151764000018, 14.46495725900013], [38.39480763600011, 14.481472588000145], [38.37344312300013, 14.480230984000116], [38.343208163000156, 14.507703961000118], [38.30792224900017, 14.585116137000057], [38.26450586900006, 14.614130603000149], [38.269062622000035, 14.634375875000103], [38.251615968000124, 14.675043686000151], [38.187405288000036, 14.689155056000118], [38.17999939900005, 14.676574656000128], [38.13926619800014, 14.667294295000147], [38.09154474700006, 14.706628799000043], [38.040369254000154, 14.716603013], [38.018264385, 14.736637359000156], [38.02053812500003, 14.760782508000148], [37.99418999900013, 14.773459063000132], [37.98792226400013, 14.807947037000133], [37.97446577400018, 14.801627098000097], [37.97104799100009, 14.83044908800008], [37.940296291000095, 14.845476907000148], [37.875660503, 14.799868305000189], [37.84945360900008, 14.812515420000068], [37.8326223790001, 14.805154923000089], [37.78185992200008, 14.734886032000077], [37.77355448000003, 14.630389106000052], [37.74153494800015, 14.642437537000148], [37.72367322200017, 14.623757455000145], [37.67074345700007, 14.504168423000124], [37.595363754, 14.477582397000049], [37.54878978400012, 14.446135214000037], [37.488951343, 14.473108391999972], [37.42974504500012, 14.480212523000091], [37.40333828700011, 14.471358707999968], [37.369741702000056, 14.419258170000035], [37.3470151840001, 14.411236305000045], [37.37183083600007, 14.372401465999985], [37.39148763600008, 14.365260928000168], [37.379702609000105, 14.342450927000186], [37.402662792000115, 14.335853682000106], [37.39547044800008, 14.29567139], [37.44609315900004, 14.250233584000114], [37.46913843900012, 14.251295503000165], [37.46540938700008, 14.215550736000182], [37.49617220300007, 14.194177798000112], [37.495588708000014, 14.182035757000108], [37.526516148000155, 14.183004165000114], [37.515639056000055, 14.16030405500004], [37.52860085400016, 14.114644141000099], [37.557245548000026, 14.104488940000124], [37.55959876100013, 14.091316816000074], [37.57560030200011, 14.095933886000182], [37.591078431000085, 14.051815997000176], [37.62370024100005, 14.03763884500006], [37.609512773000176, 14.008938292000096], [37.63236210000008, 13.976111776999971], [37.62894750700008, 13.955084215999989], [37.650389018000055, 13.95267299600016], [37.661861309000074, 13.91577807300007], [37.68664416900015, 13.892971670000179], [37.72901022700006, 13.896615245000078], [37.76786425700004, 13.856612523000138], [37.83949010100008, 13.878629084000067], [37.86254643400008, 13.865287439999975], [37.89907672400011, 13.884870357000182], [37.91240151500011, 13.845320697000034], [37.96279443800012, 13.82831423400006], [37.99639879199998, 13.796709174], [38.01880257800008, 13.739120401999969], [38.058521939000116, 13.754017779000094], [38.22425021900011, 13.727345228000047], [38.290356208000105, 13.769604255000104], [38.31598364000007, 13.803645986000049]]]}}, {"type": "Feature", "properties": {"pcode": "ET0102", "area_name": "Central", "parent_pcode": "ET01", "level": "zone"}, "geometry": {"type": "Polygon", "coordinates": [[[39.02143656300012, 13.460448504000055], [39.04676262700019, 13.44965636500018], [39.095582255000124, 13.485355420000076], [39.12702605900017, 13.480512862000182], [39.123733415, 13.49984931400013], [39.15741225700003, 13.564355228000124], [39.13419552300007, 13.560627534000048], [39.08883763600011, 13.586290617999964], [39.10165483900005, 13.59551450400005], [39.06808287200005, 13.618797376000032], [39.04973129300015, 13.5996919910001], [39.02020436600003, 13.618395578000161], [39.06051932700018, 13.637076012000023], [39.06832098800004, 13.706282111000121], [39.10402360900008, 13.693754130000173], [39.137524918999986, 13.700483263000137], [39.13841652700006, 13.714841762000049], [39.165505877000044, 13.723245630000122], [39.16654594300013, 13.744714408000107], [39.19214590000007, 13.747574587000031], [39.19001253700003, 13.76503094700007], [39.225040498000055, 13.776207998000132], [39.21847359000009, 13.804424115000188], [39.22852589300004, 13.843326360000106], [39.19378623400007, 13.894690260000061], [39.22138289100019, 13.908609584000146], [39.253509097000176, 13.957481807000079], [39.30664499400007, 13.992819660000123], [39.34477607499997, 14.087610407999989], [39.324229029000094, 14.136631820000105], [39.255906601000106, 14.205707632000042], [39.26003000400016, 14.236277862000065], [39.22923138600004, 14.266643328000043], [39.24230532800016, 14.297367704000067], [39.21926864300002, 14.30450361700008], [39.23921914100015, 14.30854975800014], [39.24716260100013, 14.33964387900005], [39.248011162000125, 14.362830325000061], [39.23289052500019, 14.371838725999964], [39.24664974600006, 14.405436267000141], [39.208486129000164, 14.49305225300003], [39.23145288300009, 14.51916675800004], [39.23863151300003, 14.565882257000055], [39.22153671300009, 14.572458615000073], [39.20032289200003, 14.611037689], [39.12466441900017, 14.613430921000145], [39.08073694700016, 14.63651403300014], [39.02351901500009, 14.632369865000044], [38.97473321600006, 14.541596849000086], [38.937267095000095, 14.532087065000155], [38.904877260000035, 14.501192779000121], [38.84839416800003, 14.495687701000122], [38.79404033700007, 14.463219068000114], [38.70294283800018, 14.465288096000052], [38.61577435800018, 14.433529122000095], [38.59437508300016, 14.43857619300013], [38.51585853800009, 14.405079012000158], [38.48369845900004, 14.418195981000167], [38.44741137800014, 14.410416756000188], [38.432667426000194, 14.427906378999978], [38.42982816500006, 14.409412071000077], [38.44805561100003, 14.375994529000025], [38.46285950600003, 14.294727239000167], [38.453345380000144, 14.234633152000072], [38.51089101100001, 14.206408164000095], [38.54259500900008, 14.222482372000115], [38.54840850100004, 14.209521008000081], [38.57770146700011, 14.204043290000186], [38.55705706100014, 14.166666349000138], [38.53813607300009, 14.166775337000104], [38.5495201280001, 14.139805442000124], [38.50188958500007, 14.11651974700004], [38.495502176000116, 14.091840936000096], [38.522725614000194, 14.045130600999983], [38.489098222000166, 14.029645882000182], [38.49632257000019, 13.968677102000072], [38.56052364600015, 13.907859899000186], [38.56584655800003, 13.883451929000046], [38.52042779600015, 13.83060574700005], [38.49287404900019, 13.77549351], [38.53044557599998, 13.687272523000047], [38.57506827000009, 13.65196296800002], [38.59888693200003, 13.64925171700014], [38.63516727100006, 13.602870737000046], [38.66822375300012, 13.540428044000123], [38.67560861700008, 13.485616229000073], [38.73058407800016, 13.409000114000037], [38.74181258900006, 13.339832438000144], [38.731588079000176, 13.26227564400017], [38.800690766000116, 13.247309866000023], [38.863105411, 13.209497663000036], [38.95174191800004, 13.237514728000122], [38.955824074000134, 13.21201319000005], [38.99736778000005, 13.203404456999976], [39.03949636100009, 13.170673978000025], [39.050770720000116, 13.200766844000157], [39.06877876300018, 13.199274007000042], [39.071885365000185, 13.217643123000016], [39.10132749100012, 13.23730747000019], [39.09805075700007, 13.281375225000147], [39.07198234600014, 13.296345886999973], [39.06361712300014, 13.285776296000051], [39.04187085900014, 13.289175135000164], [39.0659847230001, 13.327740786000106], [39.02835901499998, 13.376087684000026], [39.02143656300012, 13.460448504000055]]]}}, {"type": "Feature", "properties": {"pcode": "ET0103", "area_name": "Eastern", "parent_pcode": "ET01", "level": "zone"}, "geometry": {"type": "Polygon", "coordinates": [[[39.40602848200018, 13.672728830000096], [39.41441282700015, 13.641129985000134], [39.40365068700015, 13.625710639000147], [39.42549510900017, 13.612819811000065], [39.477379079000116, 13.642009318000134], [39.48430233000016, 13.620170839000082], [39.507980892000035, 13.620912524000062], [39.529554917999974, 13.594248061000144], [39.544631239000125, 13.603284618999965], [39.576281258999984, 13.577083465000158], [39.609411585000146, 13.603808143000151], [39.6345335960001, 13.559646244000021], [39.6853474130001, 13.613462811000147], [39.746406219000164, 13.57082598300019], [39.86390717400013, 13.548160815000188], [39.884068764000176, 13.748246227000038], [39.85319733600005, 13.766511068000057], [39.85227309800018, 13.794897904000095], [39.83370132500016, 13.821384023000121], [39.84224632600012, 13.838402885000164], [39.82902222000018, 13.868502307000142], [39.83327865100017, 13.918403375000025], [39.817633132000026, 13.942581124000071], [39.80165798799999, 13.945601886000077], [39.829200986000046, 13.974282718000097], [39.859164438000164, 13.96577285800015], [39.88593699400019, 14.012203097000167], [39.8439970230001, 14.050258584000176], [39.83762477300007, 14.154198463000057], [39.76713301700005, 14.140043372000093], [39.68199849500013, 14.164686730000028], [39.64996278300015, 14.188612418000105], [39.68572239500003, 14.216176396000094], [39.69408748000018, 14.241311387000053], [39.75730409100004, 14.239843563000136], [39.757605709000075, 14.277177362000145], [39.72624771600016, 14.302962213000114], [39.77920407800008, 14.330532193000067], [39.772049039000194, 14.37385066600018], [39.80094810700018, 14.387177744000098], [39.85311879000017, 14.367098800000178], [39.95026941200007, 14.360418708999987], [39.990843734000066, 14.381967487000054], [39.98425632200019, 14.432340698000132], [39.98085004700016, 14.440779718000101], [39.94986367500013, 14.410645311000167], [39.92375602400011, 14.414994940999975], [39.85661611400013, 14.472026032000144], [39.81318087400007, 14.48237148600009], [39.76678566700008, 14.540761419000034], [39.70933267900011, 14.551368027000137], [39.68028972600007, 14.588753205000046], [39.637687754000126, 14.598433770000156], [39.62268647900015, 14.635943927000028], [39.57518228700019, 14.669890578000093], [39.50267493900003, 14.67701014100004], [39.477534216000095, 14.60362931900005], [39.50038652500007, 14.543799707000119], [39.48509653200017, 14.501425029000188], [39.472642061000045, 14.4982511], [39.46932027900016, 14.515609184000027], [39.452093179000144, 14.510938678000116], [39.453263403000165, 14.526868381000043], [39.43547703300004, 14.51927040600009], [39.42821942900014, 14.53066994500017], [39.368698579000124, 14.53831389700008], [39.37114900600011, 14.494614944999967], [39.340012122000076, 14.511309453000024], [39.32404566700018, 14.498269948000143], [39.32998226900003, 14.480435911000086], [39.31384799400007, 14.478881045000037], [39.32329159200003, 14.450034359000142], [39.29771405500003, 14.436182551000172], [39.30083248300008, 14.41138907400017], [39.2554306940001, 14.392346763000148], [39.24664974600006, 14.405436267000141], [39.24004971800002, 14.395171435000066], [39.23289052500019, 14.371838725999964], [39.248011162000125, 14.362830325000061], [39.24716260100013, 14.33964387900005], [39.23890113600004, 14.308149983000021], [39.21916949900003, 14.306548265000174], [39.24230532800016, 14.297367704000067], [39.22923138600004, 14.266643328000043], [39.26003000400016, 14.236277862000065], [39.255906601000106, 14.205707632000042], [39.32371571000016, 14.137276737000093], [39.3445551480001, 14.097416537000186], [39.30664499400007, 13.992819660000123], [39.253509097000176, 13.957481807000079], [39.22138289100019, 13.908609584000146], [39.19378623400007, 13.894690260000061], [39.22852589300004, 13.843326360000106], [39.21847359000009, 13.804424115000188], [39.238814141000034, 13.790916669000069], [39.23511187700012, 13.738965444000144], [39.252820534000136, 13.717604015000063], [39.24882588300011, 13.706309924000038], [39.29327145700012, 13.705232675], [39.31740320100016, 13.667386545000113], [39.40602848200018, 13.672728830000096]]]}}, {"type": "Feature", "properties": {"pcode": "ET0104", "area_name": "Southern", "parent_pcode": "ET01", "level": "zone"}, "geometry": {"type": "Polygon", "coordinates": [[[39.89817557900005, 12.926062035000086], [39.87262070600008, 12.942546805000177], [39.84488840300014, 12.925288798000167], [39.83800675600014, 12.940857369000184], [39.82051229500013, 12.9438482220001], [39.74980173200004, 12.882756986], [39.71299911200015, 12.888584573000173], [39.68664137900004, 12.907659467000144], [39.623964968000166, 12.904182683999977], [39.59975987900003, 12.964829596000072], [39.58286844300005, 12.965517871000088], [39.534657060000086, 13.02507261400018], [39.533577512000136, 13.041495726000107], [39.46948614200011, 13.032066537], [39.49719253000018, 12.990025340000045], [39.472465156000055, 12.986480483000093], [39.387750701000186, 13.082185220000042], [39.34613794300003, 13.100269456000092], [39.321656678000124, 13.082472685000084], [39.300518989000125, 13.032617105999975], [39.28139457200001, 13.018273277000048], [39.275274976000105, 13.029124189000072], [39.22127168900005, 13.008400444000017], [39.21627584100003, 12.989849118000052], [39.24067035200005, 12.96349092600019], [39.23309832600006, 12.916723823000154], [39.25872871500002, 12.914682269000025], [39.27902283500015, 12.856247515000177], [39.29489482300016, 12.870902075000117], [39.306827890000136, 12.866310379000026], [39.31013166700018, 12.852206824000064], [39.27768562900019, 12.826024042000142], [39.307215579000115, 12.811652772000116], [39.30360196300012, 12.793315247000123], [39.27577186700012, 12.787847884000143], [39.26766377500019, 12.77133496600004], [39.28093232300006, 12.743338179000034], [39.26953504500011, 12.723219788000165], [39.28552142900014, 12.704370101000052], [39.39798990200012, 12.69116660900005], [39.40775961200006, 12.638337676000162], [39.45906004100016, 12.637970580000172], [39.49749404500017, 12.666149739000161], [39.548230274000105, 12.670731839000041], [39.57017563000011, 12.614567583999985], [39.554619944000194, 12.608439710000141], [39.57391167600014, 12.580210078000107], [39.56631163400016, 12.564025184000172], [39.61583774100018, 12.549994879000053], [39.66565888200006, 12.554630988000042], [39.65467960600006, 12.636188110000091], [39.708202193000034, 12.666535226000178], [39.74343710800008, 12.664422913000067], [39.72828738900006, 12.699103760000128], [39.73854275300005, 12.709622720000084], [39.76278382200019, 12.719609177000109], [39.83495343400011, 12.706728690999967], [39.8676055680001, 12.723737696000171], [39.89904895899997, 12.762307990000124], [39.97798291700008, 12.792190897000012], [39.89817557900005, 12.926062035000086]]]}}, {"type": "Feature", "properties": {"pcode": "ET0106", "area_name": "South Eastern", "parent_pcode": "ET01", "level": "zone"}, "geometry": {"type": "Polygon", "coordinates": [[[39.80708465600014, 13.18314408000009], [39.80853293600006, 13.21717392700009], [39.77737849800019, 13.275160946000142], [39.719723195000086, 13.294554241000071], [39.74170441899997, 13.35128759500003], [39.72952242000002, 13.378807824000035], [39.74575888800018, 13.374121329000104], [39.72050964600004, 13.48685260700006], [39.74780921800016, 13.573943246000113], [39.71975686500019, 13.59653803599997], [39.6853474130001, 13.613462811000147], [39.6345335960001, 13.559646244000021], [39.609411585000146, 13.603808143000151], [39.576281258999984, 13.577083465000158], [39.544631239000125, 13.603284618999965], [39.529554917999974, 13.594248061000144], [39.507980892000035, 13.620912524000062], [39.48430233000016, 13.620170839000082], [39.477379079000116, 13.642009318000134], [39.424831058000166, 13.613044737], [39.40365068700015, 13.625710639000147], [39.41435901900013, 13.640428186000065], [39.41003809200009, 13.672349246000124], [39.32404816200011, 13.665692726000032], [39.29327145700012, 13.705232675], [39.24882588300011, 13.706309924000038], [39.2343216750001, 13.74252087900004], [39.238814141000034, 13.790916669000069], [39.22432236100019, 13.799504473000127], [39.225040498000055, 13.776207998000132], [39.19001253700003, 13.76503094700007], [39.19214590000007, 13.747574587000031], [39.16654594300013, 13.744714408000107], [39.165505877000044, 13.723245630000122], [39.13841652700006, 13.714841762000049], [39.137524918999986, 13.700483263000137], [39.10402360900008, 13.693754130000173], [39.06832098800004, 13.706282111000121], [39.06051932700018, 13.637076012000023], [39.020303131000105, 13.61790728699998], [39.04973129300015, 13.5996919910001], [39.06808287200005, 13.618797376000032], [39.10165483900005, 13.59551450400005], [39.08883763600011, 13.586290617999964], [39.13419552300007, 13.560627534000048], [39.158975338000175, 13.56113405300016], [39.127162750000025, 13.50910695500005], [39.12583684500015, 13.47850153600001], [39.095582255000124, 13.485355420000076], [39.04676262700019, 13.44965636500018], [39.020765035000124, 13.46073113500006], [39.02835901499998, 13.376087684000026], [39.0659847230001, 13.327740786000106], [39.04187085900014, 13.289175135000164], [39.06361712300014, 13.285776296000051], [39.07198234600014, 13.296345886999973], [39.09805075700007, 13.281375225000147], [39.10132749100012, 13.23730747000019], [39.071885365000185, 13.217643123000016], [39.06877876300018, 13.199274007000042], [39.04925413400019, 13.198630832], [39.03693391400009, 13.134239229000116], [38.97860189000005, 13.098962081000025], [39.004334067000116, 13.023397491000026], [39.00021910600003, 13.003443776000097], [39.05361142100003, 12.990669566000065], [39.082858956000166, 12.959272311000063], [39.141864794000185, 12.955839862], [39.23309832600006, 12.916723823000154], [39.24067035200005, 12.96349092600019], [39.21715564200008, 12.986253924000096], [39.22091167200017, 13.007987049], [39.275274976000105, 13.029124189000072], [39.28483846100016, 13.019781894000118], [39.30492068900014, 13.037475739000115], [39.30092546000009, 13.051294072000076], [39.321656678000124, 13.082472685000084], [39.34613794300003, 13.100269456000092], [39.387750701000186, 13.082185220000042], [39.472465156000055, 12.986480483000093], [39.49719253000018, 12.990025340000045], [39.46948614200011, 13.032066537], [39.533577512000136, 13.041495726000107], [39.534657060000086, 13.02507261400018], [39.58286844300005, 12.965517871000088], [39.59975987900003, 12.964829596000072], [39.623964968000166, 12.904182683999977], [39.68664137900004, 12.907659467000144], [39.71299911200015, 12.888584573000173], [39.74980173200004, 12.882756986], [39.79945140600006, 12.93436193700012], [39.82483634000005, 12.944526286000098], [39.84647725000002, 12.925432843000067], [39.87262070600008, 12.942546805000177], [39.86001018200011, 12.969632401000183], [39.863058903000024, 13.019703688], [39.80708465600014, 13.18314408000009]], [[39.43607637600019, 13.477936379000084], [39.42490713500018, 13.49462390900004], [39.43602367200009, 13.528181039000117], [39.42800704000007, 13.538862573000188], [39.44667319700005, 13.550154018000171], [39.47445002600017, 13.609313426000085], [39.487473553000086, 13.577644646000124], [39.55335193900015, 13.528496481000104], [39.569701394000106, 13.48525846300015], [39.620021249000104, 13.473504565000042], [39.63689964900004, 13.456504289000122], [39.61976594800018, 13.42810795700018], [39.64374605000012, 13.419389095000156], [39.64349126500008, 13.400006139000084], [39.59810529200013, 13.386312843000042], [39.57831620400009, 13.432657397000185], [39.54750967500013, 13.440689996000174], [39.531899014000146, 13.401362192000136], [39.512579826000035, 13.414015883], [39.47001684800017, 13.406738455000038], [39.44996504700009, 13.416792597000097], [39.43813447000008, 13.399729333000096], [39.388401974000146, 13.435374960000047], [39.39501449600016, 13.467809240000122], [39.43607637600019, 13.477936379000084]]]}}, {"type": "Feature", "properties": {"pcode": "ET0107", "area_name": "Mekelle", "parent_pcode": "ET01", "level": "zone"}, "geometry": {"type": "Polygon", "coordinates": [[[39.55261230600013, 13.521766572000047], [39.55335193900015, 13.528496481000104], [39.53970178900016, 13.531393722000132], [39.487473553000086, 13.577644646000124], [39.47393840400008, 13.60916633700009], [39.45259672400016, 13.579697347000035], [39.44667319700005, 13.550154018000171], [39.42800704000007, 13.538862573000188], [39.43602367200009, 13.528181039000117], [39.42490713500018, 13.49462390900004], [39.438411281000185, 13.478801871000087], [39.40974309900014, 13.478964051], [39.39501449600016, 13.467809240000122], [39.399734731000194, 13.453703868000105], [39.390178721000154, 13.448000801000148], [39.38884585200009, 13.434230434000028], [39.43813447000008, 13.399729333000096], [39.44996504700009, 13.416792597000097], [39.47001684800017, 13.406738455000038], [39.477657636000174, 13.413964609], [39.512579826000035, 13.414015883], [39.531899014000146, 13.401362192000136], [39.54750967500013, 13.440689996000174], [39.55815820600003, 13.433821808000175], [39.568194030000086, 13.440145734999987], [39.579482087000144, 13.431072369000105], [39.59810529200013, 13.386312843000042], [39.622375042000044, 13.400591409000185], [39.64033125200001, 13.3969048780001], [39.6453014330001, 13.405596206000155], [39.636074542000074, 13.416410033000034], [39.646515453, 13.415539201000115], [39.61976594800018, 13.42810795700018], [39.63676150200007, 13.443330593000098], [39.63689964900004, 13.456504289000122], [39.620021249000104, 13.473504565000042], [39.609622635000164, 13.46818058100007], [39.569701394000106, 13.48525846300015], [39.57518801200007, 13.488688680000052], [39.56241449700019, 13.495520913000178], [39.55261230600013, 13.521766572000047]]]}}, {"type": "Feature", "properties": {"pcode": "ET0201", "area_name": "Awsi /Zone 1", "parent_pcode": "ET02", "level": "zone"}, "geometry": {"type": "Polygon", "coordinates": [[[40.77736826400019, 11.143047835000175], [40.78568037500003, 11.164222718000076], [40.80621023600003, 11.17167076600009], [40.812414419000106, 11.207713851999983], [40.850291454000114, 11.199919783000041], [40.8601682310001, 11.219799771000169], [40.873952250000116, 11.18255917100015], [40.9098583170001, 11.180370067000013], [40.95090401900006, 11.198216024000033], [40.99016512600019, 11.29993798200013], [41.01693406200013, 11.335629897000047], [41.126761059000046, 11.329904319000036], [41.207529524999984, 11.341363294000018], [41.224152890000084, 11.363181461000067], [41.27299224800004, 11.368804136000108], [41.29648850400008, 11.399349268000037], [41.26609966000012, 11.59646297400002], [41.28437067200019, 11.591933525000172], [41.29601747300012, 11.612898762000157], [41.325194283000144, 11.586126884000123], [41.310433298000135, 11.579994255000145], [41.39415759900015, 11.552589685000044], [41.4492761730001, 11.472277024], [41.42430970000015, 11.446616592000112], [41.48167497200018, 11.28968457700006], [41.51842245000006, 10.965211835000048], [41.717612896000105, 10.964781335000112], [41.763363201000175, 10.990871113000026], [41.81170458500014, 10.983851437000055], [41.78972, 11.00805], [41.8005500000001, 11.03111], [41.81194000000016, 11.25792], [41.759860000000174, 11.507920000000183], [41.82902000000013, 11.740970000000118], [41.94861, 11.816670000000158], [42.12722, 12.09028000000012], [42.25556, 12.26333], [42.30833000000018, 12.308330000000126], [42.33944, 12.39694], [42.39972, 12.469720000000166], [42.35073886500015, 12.517582657000048], [42.28026218500014, 12.556435585000088], [42.135692340000105, 12.745865757000104], [42.12094403200018, 12.757914445000097], [41.62472952500008, 12.853311266000105], [41.448618516000124, 12.743202794000126], [41.46829083100005, 12.62931136300017], [41.41301039200016, 12.582082307000064], [41.287332738000146, 12.651514927], [41.18461054300013, 12.687920987000098], [41.18202112800003, 12.730355866000139], [41.13473997900013, 12.75322439000007], [41.02826664600002, 12.745385665000128], [40.8910080550001, 12.80324550600011], [40.89516563400008, 12.741761126000029], [40.91506047800004, 12.718258779999985], [40.88923396700005, 12.627325782000128], [40.819169687, 12.478663734000122], [40.65912889800012, 12.314887976000023], [40.59614421100014, 12.283182712000041], [40.63288208300014, 12.16225658400009], [40.67385213400013, 12.079197689000068], [40.64481712900016, 12.032504587000062], [40.65084993900018, 12.015863917000047], [40.63630569300011, 12.016862195000044], [40.62835555200019, 11.999495933000048], [40.6492697700001, 11.94355496300011], [40.64588369500012, 11.914155869000183], [40.63739363400015, 11.901321316000065], [40.601561901000025, 11.894259923000106], [40.50014900399998, 11.915035057000068], [40.44974127600011, 11.866970554000034], [40.46764588100018, 11.827122590999977], [40.45293648799998, 11.819017473000144], [40.45455786700012, 11.665199431000076], [40.35433801700009, 11.697361414000056], [40.32970611200017, 11.769242194000071], [40.31455048500004, 11.721947040000032], [40.29810760700002, 11.714845467000146], [40.26245150800008, 11.752850166000087], [40.1864501070001, 11.71054532800008], [40.12354966000015, 11.727593313000114], [39.99876808900012, 11.687911002000078], [39.96093131099997, 11.703974074000087], [39.92703954100011, 11.698613494000085], [39.969655659000125, 11.664480789000095], [39.99411318600005, 11.681157761000065], [40.01528551700005, 11.645552521000184], [39.99331407000017, 11.58379725900005], [40.06091435000002, 11.47413153600013], [40.06495634700008, 11.33775922400008], [40.10257758600005, 11.316914856999972], [40.14561976200014, 11.255625560000112], [40.1728759880001, 11.239979554000172], [40.201289775000134, 11.145618703000082], [40.21815422300017, 11.148969500000135], [40.224813288000064, 11.13419531], [40.34351142300011, 11.164695216000098], [40.405437635000055, 11.126490262], [40.437047513000095, 11.08809621100005], [40.50751692700004, 11.05388516100004], [40.580469530000016, 11.103941779000138], [40.61949269000013, 11.110604270000124], [40.641859624000176, 11.098706965000076], [40.66279888100013, 11.10965248500014], [40.68420432500017, 11.094116095], [40.705629179000084, 11.010191014999975], [40.75702553600013, 11.054448990000026], [40.77736826400019, 11.143047835000175]]]}}, {"type": "Feature", "properties": {"pcode": "ET0202", "area_name": "Kilbati /Zone 2", "parent_pcode": "ET02", "level": "zone"}, "geometry": {"type": "Polygon", "coordinates": [[[40.12146489800017, 12.795743516000073], [40.17108928000005, 12.808368552000161], [40.204604803000166, 12.792812173000073], [40.215378170000065, 12.767358559000115], [40.24524197300019, 12.74430326300012], [40.28060183500003, 12.754181111000094], [40.25783803100006, 12.884442176], [40.29804593199998, 12.91318937], [40.35421138300012, 12.91017752100015], [40.39619864600007, 12.888409852000052], [40.515626448000035, 13.052641725000115], [40.577482592000194, 12.890413280000075], [40.715825052000184, 12.875879956000176], [41.02826664600002, 12.745385665000128], [41.13473997900013, 12.75322439000007], [41.18202112800003, 12.730355866000139], [41.18461054300013, 12.687920987000098], [41.287332738000146, 12.651514927], [41.41301039200016, 12.582082307000064], [41.46829083100005, 12.62931136300017], [41.448618516000124, 12.743202794000126], [41.62472952500008, 12.853311266000105], [42.12094403200018, 12.757914445000097], [42.05023235800007, 12.84312590200011], [41.97255260900016, 12.983165899000142], [41.87868261600016, 13.089606055000047], [41.31370206000008, 13.630287251000084], [41.25037208800018, 13.712717340000154], [41.07730185700012, 13.878547704000084], [40.836741396000036, 14.084148277000168], [40.54559062700008, 14.301409044000138], [40.22258942100018, 14.478630022000175], [40.139918990000126, 14.498050334000084], [40.05525840200016, 14.486900711000146], [40.01021790500016, 14.439631002000112], [39.98425632200019, 14.432340698000132], [39.990843734000066, 14.381967487000054], [39.956508800999984, 14.3624163450001], [39.85311879000017, 14.367098800000178], [39.80094810700018, 14.387177744000098], [39.772049039000194, 14.37385066600018], [39.77920407800008, 14.330532193000067], [39.72624771600016, 14.302962213000114], [39.757605709000075, 14.277177362000145], [39.75730409100004, 14.239843563000136], [39.69408748000018, 14.241311387000053], [39.68572239500003, 14.216176396000094], [39.64996278300015, 14.188612418000105], [39.68199849500013, 14.164686730000028], [39.76713301700005, 14.140043372000093], [39.83762477300007, 14.154198463000057], [39.8439970230001, 14.050258584000176], [39.88593699400019, 14.012203097000167], [39.859164438000164, 13.96577285800015], [39.829200986000046, 13.974282718000097], [39.80165798799999, 13.945601886000077], [39.817633132000026, 13.942581124000071], [39.83327865100017, 13.918403375000025], [39.82902222000018, 13.868502307000142], [39.84224632600012, 13.838402885000164], [39.83370132500016, 13.821384023000121], [39.85227309800018, 13.794897904000095], [39.85319733600005, 13.766511068000057], [39.884068764000176, 13.748246227000038], [39.86390717400013, 13.548160815000188], [39.74454715000007, 13.570811597999977], [39.719517477000124, 13.475681038000062], [39.74575888800018, 13.374121329000104], [39.72952242000002, 13.378807824000035], [39.74170441899997, 13.35128759500003], [39.719723195000086, 13.294554241000071], [39.76731515600011, 13.285268958000188], [39.785749087000056, 13.262705021999977], [39.863058903000024, 13.019703688], [39.86236368900006, 12.962021568000068], [39.92520444400009, 12.893767369000045], [39.97798291700008, 12.792190897000012], [39.88864789800016, 12.755775692000157], [39.826104312000155, 12.693741426000031], [39.82007780500004, 12.658827258000088], [39.832573503000106, 12.63437755600006], [39.806736717000035, 12.596283054000082], [39.832764098000155, 12.549890952999988], [39.8491873320001, 12.54723590600014], [39.83917948300012, 12.573070134000034], [39.91281432200003, 12.593045421000113], [40.02456951800008, 12.56401385200013], [40.042953431000115, 12.569483815000183], [40.12146489800017, 12.795743516000073]]]}}, {"type": "Feature", "properties": {"pcode": "ET0203", "area_name": "Gabi /Zone 3", "parent_pcode": "ET02", "level": "zone"}, "geometry": {"type": "Polygon", "coordinates": [[[40.16935035100016, 8.963451817000134], [40.23780991000018, 8.99733868800007], [40.24550016100005, 9.074868599000013], [40.327020742, 9.154658312000095], [40.40812145900003, 9.28118796900003], [40.47102194900009, 9.354757718000087], [40.52841229100005, 9.385457529000064], [40.63597279900006, 9.395947209000042], [40.67554303400004, 9.417517067000063], [40.696138915000176, 9.446065145000091], [40.70220239300005, 9.536092664000137], [40.751893772000074, 9.654612077000024], [40.84733493200014, 9.790326117000177], [41.01393614400007, 9.939205401000152], [41.01335621000004, 9.95999537800003], [40.96580603500007, 9.971685510000043], [40.93655611200012, 10.035245519], [40.974676674000136, 10.156645228000173], [40.995078713000055, 10.288703738000038], [40.93315324000014, 10.291559091000124], [40.9028151120001, 10.321183381000026], [40.850347997000085, 10.315115755000022], [40.80430542700009, 10.331534036000164], [40.78967174100006, 10.283349951000162], [40.74148765600006, 10.296912878000171], [40.72435553700018, 10.27835308300007], [40.69116205600005, 10.29548520200018], [40.63583958700008, 10.26514707400014], [40.58908317900017, 10.297626717000128], [40.59720804600016, 10.318673048999983], [40.57722057400014, 10.32509759400017], [40.54697051600016, 10.369870090000063], [40.56590785600008, 10.31506413000011], [40.49052227300007, 10.304530505000116], [40.43300136400006, 10.325716113999988], [40.40622909000007, 10.313423432000036], [40.43214930100004, 10.261729665000075], [40.4028355320001, 10.230250365000131], [40.39070813800015, 10.18479055600011], [40.36697561700004, 10.173198664999973], [40.39211647700006, 10.150390892000132], [40.389625436000074, 10.129079704000048], [40.33466422900017, 10.037231390000102], [40.325239528000054, 9.99249195200008], [40.33796549100009, 9.991157439000062], [40.35246408200004, 9.948609484000144], [40.33728708100011, 9.922341702000097], [40.311455190000174, 9.92216858900008], [40.28557095200006, 9.902423111000019], [40.228376807000075, 9.789325967000025], [40.22485986700008, 9.764264625000123], [40.25220132700014, 9.761629098000128], [40.25859799400013, 9.746927319000065], [40.24166156300009, 9.70958078800004], [40.262716222000165, 9.690794135000033], [40.254873864, 9.669864190000169], [40.27393285500017, 9.666181360000053], [40.27364838300008, 9.654650397000182], [40.27720517700004, 9.664350898000123], [40.298026232000154, 9.65506177399999], [40.298497853000185, 9.625011204000145], [40.14137856800005, 9.653069646], [40.07283599100015, 9.648313212000119], [40.01269656300008, 9.683704423000165], [39.924653332000105, 9.680351694000137], [39.95398327600003, 9.730397252000046], [39.8758003480001, 9.752809007000167], [39.84977405800015, 9.748358985000039], [39.83912755000017, 9.723559838000085], [39.88379554900018, 9.610633282000151], [39.87714658800013, 9.57656938700012], [39.84757856800002, 9.56429212100005], [39.85732416100018, 9.54708483000013], [39.83752582600016, 9.50189908100009], [39.87252583800006, 9.459261316000152], [39.87864582400016, 9.40041059500004], [39.82145580600013, 9.417440211000098], [39.78519256100003, 9.39560714099997], [39.791478857000016, 9.369819571999983], [39.74982633200011, 9.369215006000047], [39.778879464, 9.30986388499997], [39.84413625400015, 9.314182703000085], [39.88598900800008, 9.269359403000067], [39.85700540800019, 9.270074091000083], [39.87302974700009, 9.227292375000047], [39.813013316000024, 9.171110355000053], [39.81742067900012, 9.13631417500011], [39.87765868700012, 9.14472952500006], [39.90901879700016, 9.131799454000031], [39.91874867000007, 9.068409475000124], [39.95186871700014, 9.02998941800007], [39.947628630000054, 9.00359944700017], [40.02192896100013, 9.002279258000101], [40.04745901399997, 8.977889205000054], [40.036618778000104, 8.906529287000183], [40.01091856700009, 8.87077937700019], [40.024218561000055, 8.845049361000065], [40.06695374800006, 8.843969253000068], [40.094496917000185, 8.86216516900015], [40.16935035100016, 8.963451817000134]]]}}, {"type": "Feature", "properties": {"pcode": "ET0204", "area_name": "Fanti /Zone 4", "parent_pcode": "ET02", "level": "zone"}, "geometry": {"type": "Polygon", "coordinates": [[[40.46549152000017, 11.883011684000166], [40.50014900399998, 11.915035057000068], [40.601561901000025, 11.894259923000106], [40.644801159999986, 11.91198560700019], [40.6492697700001, 11.94355496300011], [40.62835555200019, 11.999495933000048], [40.63630569300011, 12.016862195000044], [40.65084993900018, 12.015863917000047], [40.64481712900016, 12.032504587000062], [40.67385213400013, 12.079197689000068], [40.63288208300014, 12.16225658400009], [40.59614421100014, 12.283182712000041], [40.65912889800012, 12.314887976000023], [40.819169687, 12.478663734000122], [40.88923396700005, 12.627325782000128], [40.91506047800004, 12.718258779999985], [40.89516563400008, 12.741761126000029], [40.8910080550001, 12.80324550600011], [40.715825052000184, 12.875879956000176], [40.577482592000194, 12.890413280000075], [40.515626448000035, 13.052641725000115], [40.39619864600007, 12.888409852000052], [40.35421138300012, 12.91017752100015], [40.29804593199998, 12.91318937], [40.25783803100006, 12.884442176], [40.28060183500003, 12.754181111000094], [40.24524197300019, 12.74430326300012], [40.215378170000065, 12.767358559000115], [40.204604803000166, 12.792812173000073], [40.17108928000005, 12.808368552000161], [40.123569689000135, 12.798583312], [40.10597784900011, 12.774615604000076], [40.09538486600019, 12.70228207200006], [40.04178754000003, 12.568528466000089], [39.91281432200003, 12.593045421000113], [39.83917948300012, 12.573070134000034], [39.881065664000175, 12.484460752000189], [39.866285922000145, 12.47262432600013], [39.882572530000175, 12.457662647000063], [39.86311270800013, 12.463346011999988], [39.81492922400008, 12.407061931000044], [39.83087630400007, 12.357500495000181], [39.817622562, 12.341872429000148], [39.82757905700004, 12.240457884000136], [39.80754695000019, 12.238868944999979], [39.799860768000144, 12.194985067000061], [39.82860058900019, 12.099837122000054], [39.86172473000005, 12.088369026000123], [39.841262494000034, 12.053548152000076], [39.87654690700015, 11.974361157000146], [39.887100224000164, 11.905738230000111], [39.87487162200017, 11.778754453000147], [39.92703954100011, 11.698613494000085], [39.96093131099997, 11.703974074000087], [39.99876808900012, 11.687911002000078], [40.12354966000015, 11.727593313000114], [40.1864501070001, 11.71054532800008], [40.26245150800008, 11.752850166000087], [40.29810760700002, 11.714845467000146], [40.31455048500004, 11.721947040000032], [40.32970611200017, 11.769242194000071], [40.35433801700009, 11.697361414000056], [40.45455786700012, 11.665199431000076], [40.45293648799998, 11.819017473000144], [40.46764588100018, 11.827122590999977], [40.44974127600011, 11.866970554000034], [40.46549152000017, 11.883011684000166]]]}}, {"type": "Feature", "properties": {"pcode": "ET0205", "area_name": "Hari /Zone 5", "parent_pcode": "ET02", "level": "zone"}, "geometry": {"type": "Polygon", "coordinates": [[[40.33438214400019, 10.034362892000104], [40.389625436000074, 10.129079704000048], [40.39211647700006, 10.150390892000132], [40.36697561700004, 10.173198664999973], [40.39070813800015, 10.18479055600011], [40.4028355320001, 10.230250365000131], [40.43214930100004, 10.261729665000075], [40.40622909000007, 10.313423432000036], [40.43300136400006, 10.325716113999988], [40.49052227300007, 10.304530505000116], [40.56629767000004, 10.315732045], [40.54633298400017, 10.367810235999968], [40.56279309000013, 10.437079112999982], [40.52233997300016, 10.498199346000092], [40.52602760800016, 10.525572057000147], [40.511776627000074, 10.527936861000057], [40.51549791600007, 10.577006621000066], [40.50447698400018, 10.600604933], [40.51373336300014, 10.595185846999982], [40.51432331100011, 10.613263932], [40.493351024000106, 10.622991826000032], [40.476402017000055, 10.674314958000139], [40.455476777000115, 10.683988575], [40.43891473500008, 10.724115697000173], [40.447922919000064, 10.759740755999985], [40.43813152400003, 10.787130039000033], [40.45065823300007, 10.807448818000125], [40.45667872500013, 10.877199675000043], [40.449403049000125, 10.88912332700005], [40.45842149500004, 10.897142270000131], [40.449816799000075, 10.974331254999981], [40.46468402600016, 10.979690346000098], [40.46260052300016, 11.00888484100011], [40.479323505000025, 11.036337469000102], [40.50609073499999, 11.054009720000124], [40.459108510000135, 11.073909750000155], [40.404711101000146, 11.127069854000183], [40.33020771000008, 11.166519221000101], [40.224813288000064, 11.13419531], [40.21815422300017, 11.148969500000135], [40.201289775000134, 11.145618703000082], [40.21243793400015, 11.108908124000095], [40.19379644300011, 11.096367235000116], [40.18693903700006, 11.025342766000165], [40.14412837400005, 10.952115006999975], [40.12377152400006, 10.93763921600015], [40.14931095100013, 10.895796132000157], [40.18050163600009, 10.896861903000115], [40.1666953620001, 10.805048304000138], [40.102610932000175, 10.755046175000132], [40.163639855000156, 10.41236375200009], [40.16038565500003, 10.30079767900014], [40.14665974300016, 10.277217092000171], [40.15557961000019, 10.257410691000132], [40.12899366700003, 10.173546208000062], [40.15814572300013, 10.090278606000084], [40.13258492200009, 10.071093523000116], [39.92727482200013, 10.089962566], [39.94344466200005, 10.059189888000105], [39.929689071000155, 10.005838085999983], [39.94735419300014, 9.993374848000144], [40.04315937500013, 9.99103051200018], [40.08884250700004, 9.93480546100011], [40.07782446600015, 9.905461926000044], [40.06355910500014, 9.902413099000114], [40.05843012700012, 9.864339007000012], [40.07069282400016, 9.857416624000052], [40.01102541300003, 9.818556814000146], [40.00807340100005, 9.78177612800016], [39.991154010000116, 9.756725605000042], [40.01376669000007, 9.737567590000026], [39.95398327600003, 9.730397252000046], [39.92098266000016, 9.682909889000143], [40.01269656300008, 9.683704423000165], [40.07283599100015, 9.648313212000119], [40.14137856800005, 9.653069646], [40.298497853000185, 9.625011204000145], [40.298026232000154, 9.65506177399999], [40.27720517700004, 9.664350898000123], [40.27364838300008, 9.654650397000182], [40.27393285500017, 9.666181360000053], [40.254873864, 9.669864190000169], [40.262716222000165, 9.690794135000033], [40.24166156300009, 9.70958078800004], [40.259501619, 9.74028469700005], [40.25220132700014, 9.761629098000128], [40.224885998, 9.764814820000083], [40.25906174100004, 9.844373327000085], [40.253396384000155, 9.854392381000025], [40.27271850800014, 9.863797189000138], [40.28557095200006, 9.902423111000019], [40.311455190000174, 9.92216858900008], [40.33728708100011, 9.922341702000097], [40.352171259000045, 9.947821168000075], [40.33796549100009, 9.991157439000062], [40.325239528000054, 9.99249195200008], [40.33438214400019, 10.034362892000104]]]}}, {"type": "Feature", "properties": {"pcode": "ET0206", "area_name": "Mahi /Zone 6", "parent_pcode": "ET02", "level": "zone"}, "geometry": {"type": "Polygon", "coordinates": [[[41.16642968700006, 10.779713638000032], [41.220060127000124, 10.834463355000082], [41.2407505380001, 10.921363138000117], [41.268160800000146, 10.957852979000108], [41.51842245000006, 10.965211835000048], [41.48167497200018, 11.28968457700006], [41.42430970000015, 11.446616592000112], [41.4492761730001, 11.472277024], [41.39415759900015, 11.552589685000044], [41.310433298000135, 11.579994255000145], [41.325194283000144, 11.586126884000123], [41.29601747300012, 11.612898762000157], [41.28437067200019, 11.591933525000172], [41.26609966000012, 11.59646297400002], [41.29648850400008, 11.399349268000037], [41.27299224800004, 11.368804136000108], [41.224152890000084, 11.363181461000067], [41.207529524999984, 11.341363294000018], [41.126761059000046, 11.329904319000036], [41.01693406200013, 11.335629897000047], [40.99016512600019, 11.29993798200013], [40.95090401900006, 11.198216024000033], [40.9098583170001, 11.180370067000013], [40.873952250000116, 11.18255917100015], [40.8601682310001, 11.219799771000169], [40.850291454000114, 11.199919783000041], [40.81146359100012, 11.207287523000161], [40.80621023600003, 11.17167076600009], [40.78349849299997, 11.161396738], [40.75702553600013, 11.054448990000026], [40.71181577700003, 11.01066690800019], [40.694038813000134, 11.029729841000176], [40.67659975400005, 11.104417671000078], [40.641859624000176, 11.098706965000076], [40.59950521800016, 11.110604270000124], [40.480686701000025, 11.037766096000098], [40.46260052300016, 11.00888484100011], [40.46468402600016, 10.979690346000098], [40.44815038100006, 10.965224947000081], [40.45842149500004, 10.897142270000131], [40.449403049000125, 10.88912332700005], [40.45667872500013, 10.877199675000043], [40.45065823300007, 10.807448818000125], [40.43813152400003, 10.787130039000033], [40.447922919000064, 10.759740755999985], [40.43891473500008, 10.724115697000173], [40.455476777000115, 10.683988575], [40.476402017000055, 10.674314958000139], [40.493351024000106, 10.622991826000032], [40.51432331100011, 10.613263932], [40.51373336300014, 10.595185846999982], [40.50447698400018, 10.600604933], [40.51549791600007, 10.577006621000066], [40.511776627000074, 10.527936861000057], [40.52602760800016, 10.525572057000147], [40.52233997300016, 10.498199346000092], [40.56279309000013, 10.437079112999982], [40.54697051600016, 10.369870090000063], [40.57722057400014, 10.32509759400017], [40.59720804600016, 10.318673048999983], [40.58908317900017, 10.297626717000128], [40.63583958700008, 10.26514707400014], [40.69116205600005, 10.29548520200018], [40.72435553700018, 10.27835308300007], [40.74148765600006, 10.296912878000171], [40.78967174100006, 10.283349951000162], [40.80430542700009, 10.331534036000164], [40.850347997000085, 10.315115755000022], [40.9028151120001, 10.321183381000026], [40.93315324000014, 10.291559091000124], [40.99859691900019, 10.283074763000116], [41.087038686000085, 10.600564198000143], [41.07726892300008, 10.681154098000093], [41.16642968700006, 10.779713638000032]]]}}, {"type": "Feature", "properties": {"pcode": "ET0301", "area_name": "North Gondar", "parent_pcode": "ET03", "level": "zone"}, "geometry": {"type": "Polygon", "coordinates": [[[38.35112105600018, 12.986490469000046], [38.37048124800015, 12.986080380000146], [38.35282171800003, 13.022546229000113], [38.38133058900013, 13.008547986000167], [38.37872471800006, 13.065339294000125], [38.38858236900006, 13.07584185899998], [38.41215213800007, 13.067762104], [38.424095930000135, 13.094919852000146], [38.44856231000017, 13.057123924000166], [38.46482848300013, 13.084767641000099], [38.50358822300012, 13.083266013000184], [38.489734560000045, 13.10266621600016], [38.51081529099997, 13.155868726000165], [38.49663700500014, 13.165028546000087], [38.49527571500016, 13.185984174000055], [38.550165936999974, 13.171109221000052], [38.53400019100019, 13.19859424599997], [38.55971092500016, 13.199070390000145], [38.548872716000176, 13.223933632000126], [38.57674424800007, 13.247427929000082], [38.572660300000166, 13.292448088000128], [38.62832792200004, 13.309426650000034], [38.663086343000145, 13.294450065000149], [38.73952176100005, 13.293518656000117], [38.73313274300011, 13.39881121600007], [38.721865207000064, 13.408050577999973], [38.70568553600009, 13.389298880000126], [38.66913356600003, 13.39185999900019], [38.622371244000135, 13.411227093000036], [38.615788282000096, 13.451400938000177], [38.64818023900011, 13.481377610000152], [38.67643029600015, 13.483440269000027], [38.66215026800006, 13.531181440000125], [38.61404523300018, 13.490686865000043], [38.59011241500008, 13.506124023000154], [38.56207545900003, 13.483329711000067], [38.46099123300007, 13.459561585000131], [38.46740284300017, 13.484901999000158], [38.49825668600016, 13.484455432000061], [38.49680460600007, 13.506789362000063], [38.54245895200012, 13.525802187000124], [38.553946141000154, 13.550308131], [38.47761991099998, 13.55234488300016], [38.46521463300013, 13.567644900000175], [38.45362252400014, 13.556946122000113], [38.442793750000135, 13.560540201000038], [38.451038580000045, 13.584599391000097], [38.44080570200015, 13.584405289000017], [38.40650815900017, 13.539411139000094], [38.39123411000003, 13.553355668000052], [38.37983954800012, 13.544477135000022], [38.35995090700004, 13.553004272000067], [38.34119673500015, 13.537642856000048], [38.327883107000105, 13.550325213], [38.31985645200007, 13.50215196500011], [38.278917156000034, 13.485519139000075], [38.259142031000124, 13.486203203000173], [38.24795795799997, 13.50166263900013], [38.20089763600015, 13.480138398000122], [38.17372022500007, 13.493443946000184], [38.145192748000056, 13.471678588000032], [38.12099078400007, 13.506304382000053], [38.05944101300014, 13.467191866000064], [38.00117941100007, 13.501097501000118], [37.96838889400004, 13.493693843000187], [37.946487353000066, 13.466415070000096], [37.904101474000186, 13.44704897300005], [37.86640019400005, 13.475127248999968], [37.81690553600009, 13.463175524000064], [37.80900596300006, 13.519093881000174], [37.79265930500003, 13.520614519000048], [37.769024663000096, 13.562598912999988], [37.78414945000003, 13.587719252000056], [37.77606695100013, 13.633502867000061], [37.759926005000125, 13.590998005000188], [37.71442554900017, 13.54201267700006], [37.676794297000185, 13.450687568000149], [37.631671712000184, 13.410879923000039], [37.52367737200012, 13.369931853000026], [37.54923494600018, 13.312705727000036], [37.52927407500016, 13.294564094000066], [37.54820385700003, 13.222164970000165], [37.542845318000104, 13.197029311999984], [37.514221353000096, 13.189746680000155], [37.48344159500016, 13.157094885000106], [37.45578297800006, 13.099526665000042], [37.52395734000015, 13.09534492400013], [37.54747883000016, 12.96596235000004], [37.579031980000025, 12.945398217], [37.635863558000096, 12.956920309000168], [37.62781890400004, 12.920615243999976], [37.64997333500003, 12.92723701600005], [37.64569289800016, 12.911547077000137], [37.66212171100011, 12.894313301000068], [37.732413059000066, 12.880501970000125], [37.77229855700011, 12.921119059000034], [37.82589629500012, 12.926939269], [37.91267428500015, 12.905313637000063], [37.893778277000024, 12.99930303900004], [37.91968316000015, 13.029602839000063], [37.90502203200015, 13.041908885000112], [37.94837251399997, 13.05591277200017], [37.95486344400007, 13.078925933999983], [37.97545433300013, 13.081640520000064], [37.99344960500014, 13.106617151000137], [38.04378642900019, 13.074125489000096], [38.00113341800005, 13.0269246040001], [38.03664188100004, 12.94851937500016], [38.05379865700013, 12.934960836000187], [38.08979930900006, 12.98142873200004], [38.12663292900015, 12.967870682000182], [38.133216675000085, 12.897891623000021], [38.12404870400013, 12.876497103000133], [38.13408676800003, 12.871769605000168], [38.16209146700015, 12.941335967000157], [38.19231840100002, 12.939228540000158], [38.18683401700014, 12.904717293999965], [38.222974443000055, 12.873534093000103], [38.24763883900016, 12.90224368000014], [38.264647418000095, 12.898583744000177], [38.261777456000175, 12.825162596000098], [38.29581220100005, 12.816236247], [38.31217341500019, 12.754366177000179], [38.33007808800005, 12.760012424000081], [38.32789135500008, 12.796348341000112], [38.35488867300006, 12.849266377000049], [38.34167252400016, 12.852836872000125], [38.35505847800016, 12.897308243000055], [38.361579501000165, 12.906194791000132], [38.386598110000136, 12.891554957000096], [38.381372413, 12.91059258600012], [38.39826556000003, 12.920714256], [38.37069022600019, 12.946201159], [38.33574459700003, 12.952382771000089], [38.35112105600018, 12.986490469000046]]]}}, {"type": "Feature", "properties": {"pcode": "ET0302", "area_name": "South Gondar", "parent_pcode": "ET03", "level": "zone"}, "geometry": {"type": "Polygon", "coordinates": [[[37.98957342200015, 11.201200135000079], [38.01835852900018, 11.173350503999984], [38.076442021000105, 11.157097821000036], [38.15691195900007, 11.160300518999975], [38.20004619000002, 11.139311162000183], [38.23908567100017, 11.15341741800006], [38.27529415300006, 11.142794049000145], [38.29585873400009, 11.150536068000065], [38.39014427100017, 11.085347919000185], [38.43681623000009, 11.085687519000032], [38.47464968700007, 11.036711113000138], [38.484359766000125, 11.100593208000134], [38.5197770420001, 11.146379339000134], [38.577272295000114, 11.188728026000092], [38.57406412600017, 11.23059222500018], [38.62957772600009, 11.300929703000065], [38.653774215000055, 11.382846090000044], [38.70960896100007, 11.421491476000142], [38.707334476000085, 11.510503466999978], [38.723389321000184, 11.54192531100017], [38.64923489500018, 11.601581208000027], [38.63063163900017, 11.641697257000033], [38.635603728000035, 11.705175970000084], [38.60974504700005, 11.72831648500005], [38.602165530000036, 11.75372442700018], [38.561399994, 11.773644338000167], [38.5553913980001, 11.791431223000075], [38.57477235700003, 11.82294599], [38.54831224200018, 11.86906895800007], [38.60317988300005, 11.95516692700005], [38.63440797700014, 11.976295468000046], [38.641781165, 12.029534055999989], [38.608442385000046, 12.076097466000135], [38.56943818000002, 12.085521], [38.53281300100019, 12.123535781000044], [38.50478759300006, 12.114735869000071], [38.48806584100009, 12.126758186000131], [38.4619124190001, 12.213515284000039], [38.44461382500003, 12.227454032000082], [38.457261617000086, 12.287415217000046], [38.486419118000185, 12.323980323000114], [38.48911379400005, 12.346097814000075], [38.44097965900005, 12.404549580000094], [38.43012535700012, 12.502297873000146], [38.414285080000184, 12.531420654000044], [38.419813435000094, 12.55303771500013], [38.36473195900004, 12.525771854000027], [38.34554388700013, 12.48663134200018], [38.29231163900016, 12.435583488000077], [38.2898550270001, 12.41689121800016], [38.209755535000056, 12.374130589], [38.171828458000164, 12.338728302000106], [38.14029547000001, 12.330328773000133], [38.11369806200008, 12.338186696000093], [38.11305779800006, 12.318733788000088], [38.098387198000125, 12.32552820900014], [38.075650138000015, 12.310652282000035], [38.05877246300008, 12.333122076000052], [38.02008655500015, 12.308927542000163], [38.00404182000017, 12.315919748000113], [37.98935900599997, 12.299810800000103], [37.982965956000044, 12.308230058], [37.96350487600006, 12.288024691000032], [37.96002286200007, 12.30500936600015], [37.949237224000115, 12.300877164000042], [37.96481430400007, 12.218076064000059], [37.93955780100015, 12.220922534000067], [37.91890937800008, 12.274670322000077], [37.904557941000064, 12.268584610000119], [37.88241949800016, 12.292251087000125], [37.86360495300016, 12.254781692999984], [37.830141733, 12.251474870000038], [37.812549977, 12.300423975000115], [37.788461236000046, 12.304509809000137], [37.79438601800018, 12.344303668000123], [37.775759128000175, 12.347198973000104], [37.76714501200013, 12.367687018000026], [37.72887515999997, 12.324454067999966], [37.68450125100014, 12.332053561], [37.66420009, 12.319731059000105], [37.64731358300003, 12.286194015000092], [37.68222638600008, 12.275946360000148], [37.7004814500001, 12.238739365000129], [37.73783676700015, 12.208340878000172], [37.73419174400004, 12.199130320000165], [37.761924862, 12.216057564000039], [37.752583561999984, 12.185442553000144], [37.73412487600007, 12.17197096800004], [37.695241976000034, 12.171326519000104], [37.693752310000036, 12.152402843000061], [37.67289095700016, 12.144931758000155], [37.647077036999974, 12.142077925000024], [37.63361914000018, 12.15428352500004], [37.53938596800009, 12.087675405000027], [37.42271681100016, 12.098077372000091], [37.39962856000005, 12.070523055000137], [37.40465201000018, 11.8840272650001], [37.37487650200018, 11.830801271999974], [37.38016902600003, 11.789726391000045], [37.44020093800003, 11.72000140700004], [37.49649166200015, 11.731901141000037], [37.50416100700011, 11.723281507000024], [37.503656677000095, 11.69826193400013], [37.54348318700005, 11.648889863000079], [37.52670826300016, 11.627223742000012], [37.51259421200001, 11.628942665000068], [37.519367184000146, 11.592974457000139], [37.54978964600008, 11.578559403999975], [37.54298188700017, 11.561878501000137], [37.55644503300016, 11.545450485000117], [37.573646586999985, 11.54973381100018], [37.59240111600019, 11.510234396000044], [37.61709054600004, 11.52781902200013], [37.62909733600014, 11.520283152000104], [37.644493802000056, 11.491217610000035], [37.62577922600002, 11.481275482000058], [37.63373276700008, 11.456361622000145], [37.7369811480001, 11.304105023000034], [37.789666062000094, 11.264119537999989], [37.82881172200018, 11.25714690600006], [37.87620569300003, 11.216394252000043], [37.92743464800009, 11.209764101000076], [37.94836560700003, 11.191344139000137], [37.98957342200015, 11.201200135000079]]]}}, {"type": "Feature", "properties": {"pcode": "ET0303", "area_name": "North Wello", "parent_pcode": "ET03", "level": "zone"}, "geometry": {"type": "Polygon", "coordinates": [[[38.978424363000045, 11.522203862000083], [39.04796092100008, 11.557479622000074], [39.11596093300017, 11.638923274000149], [39.14938967100011, 11.643682348000084], [39.176108852000084, 11.68083860400003], [39.248737802, 11.704148072000123], [39.26015399400012, 11.752137113000117], [39.25265337000013, 11.786663152000187], [39.30427776000016, 11.82215173000003], [39.31511437500018, 11.816971476000049], [39.349936488000026, 11.84939598], [39.37637634000009, 11.829109637000101], [39.439727089000144, 11.820110314000033], [39.428473601, 11.797292079000044], [39.44161056600012, 11.78088154400018], [39.42203173500013, 11.758356934000062], [39.46387731900012, 11.75030519600017], [39.45968921200006, 11.728786355000068], [39.430250173000104, 11.711920251000038], [39.435040883, 11.695144398000139], [39.409481664000054, 11.695182030000069], [39.358083088000114, 11.658765290000133], [39.33403844200018, 11.596822422000116], [39.46733067200012, 11.59408443600006], [39.48570002100007, 11.60702305000018], [39.51167893600012, 11.66591209000012], [39.54655727699998, 11.676184576000082], [39.54891047000012, 11.712382332000175], [39.57631489300013, 11.708903237000186], [39.591517588000045, 11.642135477000068], [39.581746619000114, 11.622493703000089], [39.59141107000016, 11.618284036000034], [39.578731150000124, 11.611222805000125], [39.606634873000075, 11.561997042000087], [39.584928719000175, 11.524218229000041], [39.626459133000026, 11.529182474000152], [39.642132248000166, 11.50936539900016], [39.66241155200015, 11.509861964000095], [39.673256573000174, 11.471572274000152], [39.704605136, 11.483259550000128], [39.73067472300011, 11.471217478000085], [39.793274391000125, 11.477124361000051], [39.84855079700009, 11.517386032000047], [39.86357300200007, 11.55578884700003], [39.95553644500018, 11.61029245400016], [39.96381788700006, 11.626814955000043], [40.01528551700005, 11.645552521000184], [39.99411318600005, 11.681157761000065], [39.969655659000125, 11.664480789000095], [39.92394613300013, 11.700796031000152], [39.87487162200017, 11.778754453000147], [39.887100224000164, 11.905738230000111], [39.87654690700015, 11.974361157000146], [39.841262494000034, 12.053548152000076], [39.86172473000005, 12.088369026000123], [39.82860058900019, 12.099837122000054], [39.799860768000144, 12.194985067000061], [39.80754695000019, 12.238868944999979], [39.82757905700004, 12.240457884000136], [39.82473688200014, 12.317740811000078], [39.76154694300004, 12.303252023000141], [39.75855376100003, 12.319953055000155], [39.70626514400004, 12.306206621000172], [39.632274431000155, 12.307654083000045], [39.61421295900004, 12.275731232999988], [39.55518425000014, 12.255511219000141], [39.52266195200008, 12.326414029000091], [39.50744099200011, 12.332852040000091], [39.455564056000185, 12.32502717500006], [39.40288592200005, 12.295279038000103], [39.32170279400003, 12.3048661790001], [39.290874255, 12.296071961000052], [39.264498221999986, 12.329293716000052], [39.19601115300003, 12.201894033000087], [39.16129768400009, 12.200221690000035], [39.15364493200019, 12.168347311000161], [39.16467992800017, 12.152314588000138], [39.12168973500002, 12.117089509000152], [39.096857460000194, 12.167299552999964], [39.041846045, 12.170806797000125], [39.02851979100018, 12.183155159000023], [39.055814118000114, 12.209902046000025], [38.989553920000105, 12.254699874000039], [38.96785383399998, 12.250295529000084], [38.84201293000018, 12.281357585000137], [38.81356557900017, 12.267882954000129], [38.74059811700016, 12.297349841000141], [38.67405694100012, 12.273723640000071], [38.56767697000015, 12.296770025000114], [38.50351118400005, 12.286181243000101], [38.47298924600011, 12.306071152000072], [38.457261617000086, 12.287415217000046], [38.44461382500003, 12.227454032000082], [38.4619124190001, 12.213515284000039], [38.486544495000146, 12.12888007600003], [38.50478759300006, 12.114735869000071], [38.53281300100019, 12.123535781000044], [38.56943818000002, 12.085521], [38.608442385000046, 12.076097466000135], [38.641781165, 12.029534055999989], [38.63440797700014, 11.976295468000046], [38.60317988300005, 11.95516692700005], [38.54873335100012, 11.853034240000113], [38.57477235700003, 11.82294599], [38.55723162900017, 11.798642294000103], [38.561399994, 11.773644338000167], [38.602165530000036, 11.75372442700018], [38.637430031000065, 11.701014811000107], [38.63063163900017, 11.641697257000033], [38.64923489500018, 11.601581208000027], [38.723389321000184, 11.54192531100017], [38.707334476000085, 11.510503466999978], [38.70692198000006, 11.416392003], [38.72757977700019, 11.419114261000175], [38.798019578000094, 11.368647650000128], [38.847795873, 11.385803841999973], [38.891393422000135, 11.376801182000122], [38.899550702000056, 11.35092488000015], [38.927195393000034, 11.345333605000178], [38.9574413310001, 11.39397863900001], [38.9952709480001, 11.398771426], [38.98559442800007, 11.427512842000112], [39.01108987200013, 11.463555006000092], [38.978424363000045, 11.522203862000083]]]}}, {"type": "Feature", "properties": {"pcode": "ET0304", "area_name": "South Wello", "parent_pcode": "ET03", "level": "zone"}, "geometry": {"type": "Polygon", "coordinates": [[[39.40698094200013, 10.34651232800013], [39.4984839980001, 10.509488505000036], [39.472211808000054, 10.564279512000155], [39.48348409300007, 10.67369160800007], [39.50649375700016, 10.679275461000145], [39.526256420000095, 10.63290914400011], [39.6486363680001, 10.73977283500011], [39.672116615000164, 10.722051780000186], [39.70874602500004, 10.727147393000166], [39.71324540800009, 10.76889918600017], [39.68688071500014, 10.788396888000136], [39.71026462000003, 10.802104063000115], [39.692727175000186, 10.826214458000095], [39.70991601900005, 10.837430088000133], [39.6918922160001, 10.842056823000064], [39.66451825500013, 10.897281515000032], [39.71818667700012, 10.874705329000108], [39.74450494700005, 10.893059673000153], [39.78986175900019, 10.879238397000165], [39.78930145100003, 10.894172849000029], [39.80373488200007, 10.890931707000107], [39.80118123900007, 10.902823346], [39.81908625300008, 10.911605859000076], [39.826667169000075, 10.87681578600018], [39.87152785700016, 10.889056168000081], [39.88248385300005, 10.904116883000029], [39.933652799000185, 10.910020746999976], [39.93409251900016, 10.885306084000149], [39.95554462600006, 10.86877767599998], [39.93460384600007, 10.845228794000036], [39.94451679100007, 10.831905994000124], [39.95756217100012, 10.847178872000086], [39.96920086500012, 10.838624578000179], [39.968579403000035, 10.857716028000084], [40.10361332700006, 10.875985410000055], [40.018141584000034, 10.936934696000094], [40.01710201999998, 10.958663116000082], [40.029514809000034, 10.949290302000122], [40.049950522000074, 10.981214885000043], [40.010741420000045, 11.010627940000177], [39.95492289400016, 11.116654044000086], [39.97370134100004, 11.189669291000087], [39.949752133000175, 11.21400251600005], [39.91971849999999, 11.223068991000105], [39.91757299000011, 11.251589853000041], [39.88593071500014, 11.241546901000106], [39.87189779400012, 11.271789701000046], [39.856051804000174, 11.275309820000075], [39.859409884, 11.30891837300004], [39.84656727900011, 11.319184031000134], [39.970761481000125, 11.372014207000063], [40.01442938400004, 11.424092256000051], [40.066637972000024, 11.43210612100006], [40.05487798900003, 11.487684908000176], [39.99331407000017, 11.58379725900005], [40.01528551700005, 11.645552521000184], [39.96381788700006, 11.626814955000043], [39.95553644500018, 11.61029245400016], [39.86357300200007, 11.55578884700003], [39.84855079700009, 11.517386032000047], [39.793274391000125, 11.477124361000051], [39.73067472300011, 11.471217478000085], [39.704605136, 11.483259550000128], [39.673256573000174, 11.471572274000152], [39.66241155200015, 11.509861964000095], [39.642132248000166, 11.50936539900016], [39.626459133000026, 11.529182474000152], [39.584928719000175, 11.524218229000041], [39.606634873000075, 11.561997042000087], [39.578731150000124, 11.611222805000125], [39.59141107000016, 11.618284036000034], [39.581746619000114, 11.622493703000089], [39.591517588000045, 11.642135477000068], [39.57631489300013, 11.708903237000186], [39.54891047000012, 11.712382332000175], [39.54655727699998, 11.676184576000082], [39.51167893600012, 11.66591209000012], [39.48570002100007, 11.60702305000018], [39.46733067200012, 11.59408443600006], [39.33403844200018, 11.596822422000116], [39.358083088000114, 11.658765290000133], [39.409481664000054, 11.695182030000069], [39.435040883, 11.695144398000139], [39.430250173000104, 11.711920251000038], [39.45968921200006, 11.728786355000068], [39.46387731900012, 11.75030519600017], [39.42203173500013, 11.758356934000062], [39.44161056600012, 11.78088154400018], [39.428473601, 11.797292079000044], [39.439727089000144, 11.820110314000033], [39.37637634000009, 11.829109637000101], [39.35145245000001, 11.849547242000085], [39.31511437500018, 11.816971476000049], [39.30427776000016, 11.82215173000003], [39.254841961000125, 11.789771855000083], [39.248737802, 11.704148072000123], [39.176108852000084, 11.68083860400003], [39.14938967100011, 11.643682348000084], [39.11596093300017, 11.638923274000149], [39.04796092100008, 11.557479622000074], [38.9759636660001, 11.525483767000082], [39.01108987200013, 11.463555006000092], [38.98559442800007, 11.427512842000112], [38.9952709480001, 11.398771426], [38.9574413310001, 11.39397863900001], [38.92934107000002, 11.34644682700008], [38.899550702000056, 11.35092488000015], [38.891393422000135, 11.376801182000122], [38.847795873, 11.385803841999973], [38.798019578000094, 11.368647650000128], [38.725869455000065, 11.419543384000065], [38.653774215000055, 11.382846090000044], [38.62957772600009, 11.300929703000065], [38.57406412600017, 11.23059222500018], [38.577272295000114, 11.188728026000092], [38.5197770420001, 11.146379339000134], [38.47274856500019, 11.077242807000118], [38.48373661099998, 11.04835604700014], [38.47037676700006, 11.039003251000054], [38.494926464000116, 10.988651304000086], [38.491626016000055, 10.964334184000165], [38.523692278000055, 10.900639273000024], [38.52605385800007, 10.877001065000172], [38.5080994060001, 10.842323645000079], [38.531235919000096, 10.789898127000072], [38.50732011499997, 10.748056779000024], [38.50760873100006, 10.674235562000149], [38.473448588999986, 10.632327745000055], [38.46179117600013, 10.589881467000055], [38.48862181700008, 10.485019728000111], [38.48297802400003, 10.412200355000152], [38.496193081, 10.363573172000088], [38.73824377200009, 10.385626615000035], [38.772146040000166, 10.366160703], [38.939957661000165, 10.352218122000068], [38.974181316000056, 10.333126052000068], [39.06578422400014, 10.386629151000022], [39.07690214900015, 10.313964567000141], [39.142489015000024, 10.341093740000133], [39.169910002, 10.324012574000108], [39.18408932200009, 10.286725241], [39.21057306400007, 10.282648376000111], [39.248883074000105, 10.304755622000187], [39.24623971200009, 10.280443337000179], [39.20182688400013, 10.240648675000045], [39.171326670000155, 10.185871024], [39.21469622300009, 10.158612785000173], [39.27605358700015, 10.200209967999967], [39.321438445000126, 10.284199576000049], [39.357557907000114, 10.299678977000156], [39.40698094200013, 10.34651232800013]]]}}, {"type": "Feature", "properties": {"pcode": "ET0305", "area_name": "North Shewa (AM)", "parent_pcode": "ET03", "level": "zone"}, "geometry": {"type": "Polygon", "coordinates": [[[39.78635417100003, 9.108446200000117], [39.81742067900012, 9.13631417500011], [39.813013316000024, 9.171110355000053], [39.87302974700009, 9.227292375000047], [39.85700540800019, 9.270074091000083], [39.88598900800008, 9.269359403000067], [39.84413625400015, 9.314182703000085], [39.778879464, 9.30986388499997], [39.74982633200011, 9.369215006000047], [39.791478857000016, 9.369819571999983], [39.78519256100003, 9.39560714099997], [39.82145580600013, 9.417440211000098], [39.87864582400016, 9.40041059500004], [39.87252583800006, 9.459261316000152], [39.83752582600016, 9.50189908100009], [39.85732416100018, 9.54708483000013], [39.84757856800002, 9.56429212100005], [39.87714658800013, 9.57656938700012], [39.88379554900018, 9.610633282000151], [39.83912755000017, 9.723559838000085], [39.862140287000045, 9.75395904200019], [39.95473065400006, 9.730248808000056], [40.009369776000085, 9.732856664000167], [39.991154010000116, 9.756725605000042], [40.00807340100005, 9.78177612800016], [40.01102541300003, 9.818556814000146], [40.07069282400016, 9.857416624000052], [40.05843012700012, 9.864339007000012], [40.06355910500014, 9.902413099000114], [40.07782446600015, 9.905461926000044], [40.08884250700004, 9.93480546100011], [40.04315937500013, 9.99103051200018], [39.94735419300014, 9.993374848000144], [39.924699313000076, 10.014096156999983], [39.94344466200005, 10.059189888000105], [39.92377393600003, 10.06863143600009], [39.93060875000009, 10.099599939000086], [39.96238925800009, 10.090816914000186], [39.990152639000144, 10.11045626800012], [39.98201332500014, 10.126079535000088], [39.97742499100008, 10.115984088000118], [39.95252864700018, 10.121252920000131], [39.94810140800007, 10.110211036000123], [39.929412243000115, 10.12934904900004], [39.95202478800019, 10.21761035700007], [39.9263546950001, 10.239196523000146], [39.92900351600014, 10.256613027000014], [39.944115386000135, 10.25699756400013], [39.9231879030001, 10.296727956000154], [39.94993179500011, 10.336816444000078], [39.98181127900011, 10.346726320000073], [39.93366162000012, 10.374462731], [39.94783104499999, 10.39511085600003], [39.938124339000126, 10.39811837000019], [39.94325618400012, 10.440993272000128], [39.92920888800012, 10.472367494000082], [39.93849589100017, 10.48772127000018], [39.917060577000086, 10.53175847000017], [39.8656573670001, 10.574920141000064], [39.86056419300007, 10.622563049000178], [39.83956703300004, 10.624587968000128], [39.83427756100008, 10.65403324000016], [39.88097042900006, 10.696278601000131], [39.81743238700017, 10.689765536999971], [39.81274425500004, 10.734237103000055], [39.72787810400007, 10.708576252000057], [39.71248940099997, 10.737774082000044], [39.70874602500004, 10.727147393000166], [39.67560010300008, 10.721757100000104], [39.65526813000008, 10.740608393000173], [39.52746644200005, 10.633242123], [39.50649375700016, 10.679275461000145], [39.48348409300007, 10.67369160800007], [39.472211808000054, 10.564279512000155], [39.49602504900014, 10.529234202], [39.49120177600008, 10.491504832000032], [39.46738320100013, 10.47009692100005], [39.45276017900011, 10.415634533000059], [39.43476823000009, 10.40200529800012], [39.421747991000075, 10.363797400000124], [39.357557907000114, 10.299678977000156], [39.32001713400018, 10.282644229000027], [39.26286741500019, 10.186163194000187], [39.21469622300009, 10.158612785000173], [39.171326670000155, 10.185871024], [39.20182688400013, 10.240648675000045], [39.24623971200009, 10.280443337000179], [39.248431983000046, 10.305314918000079], [39.21057306400007, 10.282648376000111], [39.18408932200009, 10.286725241], [39.169910002, 10.324012574000108], [39.142489015000024, 10.341093740000133], [39.07690214900015, 10.313964567000141], [39.06578422400014, 10.386629151000022], [38.97606631000002, 10.333221921000131], [38.94116612100015, 10.351931178000143], [38.85150589900019, 10.36419904800016], [38.86084374400019, 10.277980931], [38.83268344100014, 10.212113422000073], [38.833744314000114, 10.161852710000119], [38.85260123400013, 10.11805302100015], [38.72135744600001, 10.05144383400011], [38.65723511500005, 10.051451997000186], [38.673815107, 10.015149482000027], [38.79686775800019, 9.96772484700017], [38.802462994, 9.909464233000165], [38.79085286500015, 9.882626782000159], [38.821505269000056, 9.784497606000116], [38.904419831000155, 9.710338782000065], [38.93473306800013, 9.727943276000076], [38.960252750999985, 9.710757137000144], [38.95208805800007, 9.738662725000154], [38.97442031100019, 9.761105070000099], [38.990104350000024, 9.74597087400008], [39.09221344400004, 9.763080850000165], [39.10453200900008, 9.748596004000035], [39.09768602400004, 9.73544210600005], [39.13930268200011, 9.740658277000023], [39.145374471000025, 9.693345943000168], [39.1556908550001, 9.688694825000084], [39.174227379000115, 9.694849772000111], [39.184024695000176, 9.685757296000133], [39.18417257800007, 9.72006233899998], [39.2280630570001, 9.693712076000168], [39.24990599400002, 9.704906936000043], [39.26811777600017, 9.739742061000072], [39.287584113000094, 9.733964613000069], [39.297855516000084, 9.748032986000169], [39.320450965000134, 9.724124522000125], [39.34671639000004, 9.725141529000155], [39.34448632800007, 9.699004271000092], [39.37011478900007, 9.699377299000048], [39.35204852900006, 9.622053936999976], [39.3858586610001, 9.630821438000055], [39.376473449, 9.567334510000137], [39.329693778000035, 9.526557331000163], [39.31293988900018, 9.535559958000135], [39.294095184000184, 9.491740781000146], [39.30969186300001, 9.46768075600005], [39.363082137000106, 9.47386061400016], [39.37692353400007, 9.463288481000177], [39.37274111000005, 9.44683061000012], [39.39392723600008, 9.455048550000072], [39.44770576600013, 9.432491261], [39.45224233000016, 9.393915417000187], [39.42040920500017, 9.371451719000106], [39.39485193700011, 9.391904538000176], [39.35670594100014, 9.369031534000158], [39.325117202000115, 9.380519217000028], [39.31958581300012, 9.365580384000054], [39.3065452730001, 9.366090126000131], [39.28543756800008, 9.315796503000058], [39.264416277000066, 9.324190917000067], [39.26620577600005, 9.288451741000074], [39.284730547000095, 9.27753734300012], [39.26616884400005, 9.244486984000105], [39.23366221900011, 9.293612357000029], [39.20718808400011, 9.291940727999986], [39.177743712000165, 9.271073861], [39.21368251300004, 9.228121843999986], [39.188588721000144, 9.209260135000022], [39.21463741100018, 9.173379248000117], [39.24952222500019, 9.135586015000115], [39.323169034000045, 9.14878646000011], [39.35701227100009, 9.062080326], [39.296751314, 9.053268940000123], [39.28818837100005, 8.9989783850001], [39.25859961100019, 8.96263610700015], [39.26538142600009, 8.922385056000167], [39.24101508700005, 8.88892248400009], [39.23749115600009, 8.862024795000082], [39.26552645700008, 8.843076076000159], [39.24385495500002, 8.8276813], [39.27199310900011, 8.783044547000088], [39.2619521150001, 8.74693588100007], [39.27044801400007, 8.724513068000135], [39.298982556000055, 8.718513632000054], [39.324542076000114, 8.746886870000026], [39.361069288000124, 8.72094988900011], [39.377101170000174, 8.730897078000055], [39.378164, 8.791171490000067], [39.417751568000085, 8.814541965000103], [39.449226619000115, 8.752237944000115], [39.50075019000019, 8.71481253100012], [39.55178623600017, 8.768750596000189], [39.561986771000136, 8.817839618000164], [39.61702272300016, 8.786868968000022], [39.66213722700013, 8.81319248400007], [39.733277203000114, 8.826240115000076], [39.74801287400015, 8.910277915000165], [39.742452111000034, 9.091257804000122], [39.78635417100003, 9.108446200000117]]]}}, {"type": "Feature", "properties": {"pcode": "ET0306", "area_name": "East Gojam", "parent_pcode": "ET03", "level": "zone"}, "geometry": {"type": "Polygon", "coordinates": [[[37.83082238100019, 9.884637571000155], [37.89302914200016, 9.927258909000045], [37.90932590200009, 9.930448536000085], [37.93007431000018, 9.914587167000036], [37.932837886000186, 9.941279304999966], [37.95706717600012, 9.938637757000095], [38.043585946, 9.969779788000096], [38.087563260000024, 10.020250808000071], [38.11827721600008, 10.01775053700004], [38.13093968800007, 10.047449623000091], [38.15056522800012, 10.035121651000054], [38.240426651000064, 10.102633868000055], [38.25237559800013, 10.088427973000137], [38.29527498900018, 10.089247869000133], [38.308600941, 10.107952823000062], [38.32180950600019, 10.107186793999972], [38.34004956300009, 10.156221874000153], [38.366302158, 10.14048549500012], [38.397499996000136, 10.144277914999975], [38.42572464500017, 10.171756064000078], [38.41938480600004, 10.219846971000038], [38.45419122400011, 10.24668936800009], [38.46006729900006, 10.28997032], [38.47252905600004, 10.291804716000115], [38.47667664300013, 10.363259946000085], [38.496193081, 10.363573172000088], [38.48297802400003, 10.412200355000152], [38.48862181700008, 10.485019728000111], [38.461687251000114, 10.59399712100003], [38.47805439100006, 10.64073460100019], [38.50760873100006, 10.674235562000149], [38.50732011499997, 10.748056779000024], [38.531235919000096, 10.789898127000072], [38.5080994060001, 10.842323645000079], [38.52711262500003, 10.881070633000093], [38.51887129100004, 10.917621306000115], [38.491626016000055, 10.964334184000165], [38.49682758800003, 10.981475825000132], [38.479602173000046, 11.026959210000143], [38.43681623000009, 11.085687519000032], [38.39014427100017, 11.085347919000185], [38.29585873400009, 11.150536068000065], [38.27529415300006, 11.142794049000145], [38.23908567100017, 11.15341741800006], [38.20004619000002, 11.139311162000183], [38.15691195900007, 11.160300518999975], [38.076442021000105, 11.157097821000036], [38.01835852900018, 11.173350503999984], [37.99306302200006, 11.201164066000047], [37.94836560700003, 11.191344139000137], [37.92743464800009, 11.209764101000076], [37.87761339500014, 11.215825352000024], [37.85418521600013, 11.239158663000183], [37.824935015000165, 11.228057708000165], [37.82121743300007, 11.16818675800016], [37.80124589300016, 11.166477621000013], [37.79522731200018, 11.152184021999972], [37.70371438500018, 11.137243499000078], [37.701491506000025, 11.120680373000084], [37.71510301100011, 11.111911677000023], [37.68596965500012, 11.099319190000017], [37.66458870600002, 11.106304999000088], [37.64359959000012, 11.088792369000089], [37.679008175000035, 11.073676508], [37.67339129000004, 11.060312130000057], [37.70011663900004, 11.04276275500007], [37.74267269500001, 11.088436074000185], [37.75166106100016, 11.084526419000099], [37.759613693000176, 11.057213294000121], [37.747222923000095, 11.015031679000117], [37.72296747100012, 11.007538059000069], [37.71155096400008, 10.987711835000084], [37.71866490700012, 10.966490209000142], [37.693200160000174, 10.887863829000082], [37.69192278800017, 10.842139650000036], [37.71786277900003, 10.763059236000117], [37.737572618, 10.753546321000044], [37.7531892610001, 10.762533326000153], [37.77483126400011, 10.74163743000014], [37.64906637700011, 10.700397968000175], [37.65116033600009, 10.680861224000182], [37.625849813000116, 10.662346987000149], [37.60652428600008, 10.613227850000044], [37.578558992000126, 10.584251140000049], [37.57536286599998, 10.554199172999972], [37.507425503000036, 10.534805290000179], [37.45381995000014, 10.486292756000068], [37.42187996400014, 10.491725675000112], [37.30571410800019, 10.458924949999982], [37.308417599000165, 10.439408097000126], [37.27497981099998, 10.385743014000127], [37.280355225000164, 10.361199995999982], [37.253425795000055, 10.325140052000108], [37.20569116300004, 10.321455699000182], [37.14556359700009, 10.340731610000034], [37.045871990000194, 10.288399330000061], [37.087101871000186, 10.259494065000013], [37.19599744100003, 10.230910795000057], [37.16770232300007, 10.16327334600004], [37.190737458000115, 10.111555897000073], [37.220499518000054, 10.083913318999976], [37.28771184400017, 10.06287918300012], [37.32325458600002, 10.008101796000062], [37.34475117200003, 10.005818236000152], [37.36219470900011, 10.04317853300006], [37.398275411999975, 10.04615045300011], [37.44446959400011, 10.014559267000152], [37.52923692900009, 9.996176773000059], [37.6182267640001, 9.893889540000146], [37.66185275800012, 9.860484457000155], [37.680392862000076, 9.862317749000113], [37.70065208000017, 9.836714383000185], [37.81602151100003, 9.867150363000121], [37.83082238100019, 9.884637571000155]]]}}, {"type": "Feature", "properties": {"pcode": "ET0307", "area_name": "West Gojam", "parent_pcode": "ET03", "level": "zone"}, "geometry": {"type": "Polygon", "coordinates": [[[36.84531063800006, 10.340772000000129], [36.86924151600016, 10.34069289900009], [36.89796121, 10.312848153000118], [36.97992079900007, 10.314026481000099], [37.01326530000006, 10.28493867300017], [37.04799299700011, 10.288587838000012], [37.093676113000186, 10.322241044000066], [37.14556359700009, 10.340731610000034], [37.20569116300004, 10.321455699000182], [37.251988053000105, 10.324288297000066], [37.280355225000164, 10.361199995999982], [37.27497981099998, 10.385743014000127], [37.308417599000165, 10.439408097000126], [37.30571410800019, 10.458924949999982], [37.42187996400014, 10.491725675000112], [37.45381995000014, 10.486292756000068], [37.507425503000036, 10.534805290000179], [37.57659222400008, 10.55499418300002], [37.578558992000126, 10.584251140000049], [37.60652428600008, 10.613227850000044], [37.625849813000116, 10.662346987000149], [37.65116033600009, 10.680861224000182], [37.64906637700011, 10.700397968000175], [37.77483126400011, 10.74163743000014], [37.7531892610001, 10.762533326000153], [37.737572618, 10.753546321000044], [37.71786277900003, 10.763059236000117], [37.69192278800017, 10.842139650000036], [37.693200160000174, 10.887863829000082], [37.71866490700012, 10.966490209000142], [37.71155096400008, 10.987711835000084], [37.72296747100012, 11.007538059000069], [37.747222923000095, 11.015031679000117], [37.759613693000176, 11.057213294000121], [37.75166106100016, 11.084526419000099], [37.74267269500001, 11.088436074000185], [37.7003415640001, 11.042849327000113], [37.645405809000124, 11.037079593000044], [37.64860829800011, 11.012199446000182], [37.607256295000184, 11.005912176000095], [37.562142913000116, 11.014260899000135], [37.558206917000064, 11.086641349000104], [37.489735066000094, 11.127607061000163], [37.44506427700003, 11.078734762000067], [37.38314396600015, 11.129417547], [37.322622813000066, 11.114080373000036], [37.31834158300006, 11.131508502000088], [37.296090002000085, 11.106179717000032], [37.27433088400005, 11.13219980000008], [37.242018202000054, 11.098782460000052], [37.21873990600011, 11.150712081000165], [37.19907935700007, 11.10376783900017], [37.188992142000075, 11.129515568000045], [37.15702305200011, 11.12944577800016], [37.138271012000075, 11.144988629000181], [37.09785403000012, 11.126597245000085], [37.08053929800013, 11.144455099000083], [37.0750303640001, 11.112941555000134], [37.08892581800018, 11.098751665000066], [37.07170183000005, 11.082283950999965], [37.07359051400016, 11.059786221000138], [37.09576459500016, 11.011173113000098], [37.09458170000005, 11.028039132000174], [37.11347062100003, 11.034782285000063], [37.10725514000012, 11.010220125000103], [37.133887397000194, 10.960927974000072], [37.10208407000016, 10.966507691000174], [37.08120625900017, 10.944241620000184], [37.113039651000065, 10.910784862000071], [37.11507435300018, 10.864053416000104], [37.12959593700003, 10.853643000999966], [37.11987185800007, 10.85138245200011], [37.12411650700017, 10.828339577000179], [37.09170593100009, 10.82699489300012], [37.10065662200003, 10.796339948000082], [37.07464520600007, 10.782211413000027], [37.07634829500017, 10.79207593100017], [37.06044126400002, 10.794320493000043], [37.06516231500012, 10.763401231999978], [37.04399225499998, 10.764368629000046], [37.03882579100008, 10.751660069000138], [37.02475398900003, 10.758411034000119], [37.02780050900003, 10.741431153], [37.01228074800014, 10.73518019900007], [37.01548233000017, 10.763374349000173], [37.00228799500013, 10.739564608000023], [36.98301030199997, 10.73996626100012], [36.979107411000086, 10.723151820000055], [36.96643962899998, 10.733400989000131], [36.976743828, 10.711274096000182], [36.96177651000011, 10.705258594000156], [36.94138569400013, 10.727466091000053], [36.932898877000014, 10.72292269400009], [36.92434794700006, 10.704366758999981], [36.93266010499997, 10.685129930000073], [36.918878696000036, 10.66735903000017], [36.859742661000155, 10.680622191], [36.82452913100019, 10.664019903000167], [36.82476506900014, 10.622390835000147], [36.778607137, 10.579617284000165], [36.75206135400015, 10.583386801000017], [36.74475053600014, 10.529510298000105], [36.72865070000012, 10.523326868000083], [36.68442904000011, 10.557297922000146], [36.61042026000007, 10.538836223000033], [36.52772939700009, 10.493945943000142], [36.546228503, 10.45689689500017], [36.52049615400017, 10.399559641000167], [36.539244943000085, 10.364979387000176], [36.60547151300017, 10.364720049000027], [36.668325410000136, 10.313818870000091], [36.68539933300019, 10.317595047000168], [36.69165352300007, 10.357319884000106], [36.76175988600005, 10.367309494000096], [36.798735519000104, 10.337841097000023], [36.84531063800006, 10.340772000000129]]]}}, {"type": "Feature", "properties": {"pcode": "ET0308", "area_name": "Wag Hamra", "parent_pcode": "ET03", "level": "zone"}, "geometry": {"type": "Polygon", "coordinates": [[[39.243406748000154, 12.373926668000138], [39.229773857000055, 12.501081519000024], [39.174401276000026, 12.643480484000065], [39.280482154000026, 12.688008236000144], [39.28552142900014, 12.704370101000052], [39.26953504500011, 12.723219788000165], [39.27885337900017, 12.758548087000122], [39.26766377500019, 12.77133496600004], [39.27577186700012, 12.787847884000143], [39.30360196300012, 12.793315247000123], [39.307215579000115, 12.811652772000116], [39.27768562900019, 12.826024042000142], [39.31013166700018, 12.852206824000064], [39.306827890000136, 12.866310379000026], [39.29489482300016, 12.870902075000117], [39.27902283500015, 12.856247515000177], [39.25872871500002, 12.914682269000025], [39.19283200000018, 12.92808498800008], [39.141864794000185, 12.955839862], [39.082858956000166, 12.959272311000063], [39.05361142100003, 12.990669566000065], [39.00021910600003, 13.003443776000097], [39.004334067000116, 13.023397491000026], [38.97860189000005, 13.098962081000025], [39.03693391400009, 13.134239229000116], [39.04159878000007, 13.16150231500012], [38.99736778000005, 13.203404456999976], [38.955824074000134, 13.21201319000005], [38.95174191800004, 13.237514728000122], [38.863105411, 13.209497663000036], [38.800690766000116, 13.247309866000023], [38.731588079000176, 13.26227564400017], [38.73952176100005, 13.293518656000117], [38.663086343000145, 13.294450065000149], [38.62832792200004, 13.309426650000034], [38.572660300000166, 13.292448088000128], [38.57674424800007, 13.247427929000082], [38.548872716000176, 13.223933632000126], [38.55971092500016, 13.199070390000145], [38.53400019100019, 13.19859424599997], [38.550165936999974, 13.171109221000052], [38.49527571500016, 13.185984174000055], [38.49663700500014, 13.165028546000087], [38.51081529099997, 13.155868726000165], [38.489734560000045, 13.10266621600016], [38.50358822300012, 13.083266013000184], [38.46482848300013, 13.084767641000099], [38.44856231000017, 13.057123924000166], [38.424095930000135, 13.094919852000146], [38.41215213800007, 13.067762104], [38.38858236900006, 13.07584185899998], [38.37872471800006, 13.065339294000125], [38.38133058900013, 13.008547986000167], [38.35282171800003, 13.022546229000113], [38.37048124800015, 12.986080380000146], [38.34055793300007, 12.977133233000131], [38.33574459700003, 12.952382771000089], [38.37069022600019, 12.946201159], [38.39826556000003, 12.920714256], [38.381372413, 12.91059258600012], [38.386598110000136, 12.891554957000096], [38.361579501000165, 12.906194791000132], [38.35505847800016, 12.897308243000055], [38.34167252400016, 12.852836872000125], [38.35488867300006, 12.849266377000049], [38.32861583700014, 12.798934092000081], [38.32739138400018, 12.764191769000092], [38.46552596100014, 12.742807211000127], [38.45215540400005, 12.674998603000063], [38.471059517000015, 12.653360053000085], [38.48140042200009, 12.61191672600006], [38.420813093, 12.55253743000003], [38.414285080000184, 12.531420654000044], [38.43012535700012, 12.502297873000146], [38.44097965900005, 12.404549580000094], [38.48911379400005, 12.346097814000075], [38.47201442300019, 12.307398770000134], [38.52015762100007, 12.28362684000001], [38.56767697000015, 12.296770025000114], [38.6896270040001, 12.273369627000022], [38.738651392000065, 12.297539406000055], [38.81356557900017, 12.267882954000129], [38.84201293000018, 12.281357585000137], [38.96785383399998, 12.250295529000084], [38.989553920000105, 12.254699874000039], [39.055814118000114, 12.209902046000025], [39.02851979100018, 12.183155159000023], [39.041846045, 12.170806797000125], [39.096857460000194, 12.167299552999964], [39.12168973500002, 12.117089509000152], [39.16467992800017, 12.152314588000138], [39.15364493200019, 12.168347311000161], [39.16129768400009, 12.200221690000035], [39.19601115300003, 12.201894033000087], [39.22106751400008, 12.264756236000096], [39.25882400400019, 12.312721219000082], [39.264498221999986, 12.329293716000052], [39.243406748000154, 12.373926668000138]]]}}, {"type": "Feature", "properties": {"pcode": "ET0309", "area_name": "Awi", "parent_pcode": "ET03", "level": "zone"}, "geometry": {"type": "Polygon", "coordinates": [[[36.93245607000006, 10.719542620000027], [36.94138569400013, 10.727466091000053], [36.95322480900012, 10.708339892000026], [36.976743828, 10.711274096000182], [36.96643962899998, 10.733400989000131], [36.979107411000086, 10.723151820000055], [36.98301030199997, 10.73996626100012], [37.00228799500013, 10.739564608000023], [37.01355061000004, 10.762883654000177], [37.013057429000185, 10.734754666000129], [37.02780050900003, 10.741431153], [37.02475398900003, 10.758411034000119], [37.03882579100008, 10.751660069000138], [37.04399225499998, 10.764368629000046], [37.06463540400017, 10.762584760000152], [37.06044126400002, 10.794320493000043], [37.07634829500017, 10.79207593100017], [37.07386997200001, 10.782397930000059], [37.087504234000164, 10.787552942000104], [37.101736742000185, 10.797685967000177], [37.09170593100009, 10.82699489300012], [37.10880538200013, 10.820068414000161], [37.124835137000105, 10.829492005000134], [37.11987185800007, 10.85138245200011], [37.12959593700003, 10.853643000999966], [37.11507435300018, 10.864053416000104], [37.113039651000065, 10.910784862000071], [37.08120625900017, 10.944241620000184], [37.10208407000016, 10.966507691000174], [37.133887397000194, 10.960927974000072], [37.10725514000012, 11.010220125000103], [37.11347062100003, 11.034782285000063], [37.09458170000005, 11.028039132000174], [37.09576459500016, 11.011173113000098], [37.07359051400016, 11.059786221000138], [37.07170183000005, 11.082283950999965], [37.08892581800018, 11.098751665000066], [37.0750303640001, 11.112941555000134], [37.0817576, 11.159575233000055], [37.06734253900004, 11.169250515000158], [37.071350197000186, 11.179344506000177], [37.0455134390001, 11.190125546000104], [37.041762789000074, 11.178111492000085], [37.029843004000156, 11.190202815000191], [37.00585212500016, 11.182758097999965], [37.010302827000146, 11.210372780000114], [36.99327962000007, 11.215799342000025], [36.98115401000007, 11.25404647800002], [36.9266261250001, 11.25777791400003], [36.94868277600011, 11.293803327000148], [36.94180775100017, 11.304840149000142], [36.925738436000074, 11.300459241], [36.91310841500018, 11.31809104500013], [36.882272691000026, 11.315109757000187], [36.86582155400015, 11.347633641000073], [36.82301821900006, 11.369595783000022], [36.80565477599998, 11.403760276000128], [36.77909773100009, 11.409713702000147], [36.748154291000105, 11.441896950000057], [36.719154818000106, 11.419094310000048], [36.650484643000084, 11.404038173000117], [36.66288801800005, 11.467549506000182], [36.651616309000076, 11.508788964000132], [36.62310739800017, 11.533595978000108], [36.552001055000176, 11.52279363100007], [36.55323028800018, 11.54041261600014], [36.65486994000008, 11.641566427000043], [36.663443896, 11.672776233000093], [36.66283664400004, 11.727764450000109], [36.63619841899998, 11.730357148000053], [36.610711758000036, 11.76276698099997], [36.574347236000165, 11.775753045000101], [36.618063316000075, 11.816289545000188], [36.608577463000074, 11.85776365700002], [36.520105921000095, 11.930063321000091], [36.55640380400001, 11.932532698000045], [36.54591602500011, 11.948650903000043], [36.57022806500015, 11.961390170000072], [36.566359170000055, 11.970441741], [36.40862186000004, 12.018403142000068], [36.34366854200016, 12.054061683000043], [36.29551397400019, 12.04524810900017], [36.28268789400016, 12.02698987700012], [36.248841893000076, 12.021860255000036], [36.22674168300006, 12.00107874600019], [36.130615321000164, 12.011760528000082], [36.101859023000145, 12.034516836000023], [36.08662053200004, 12.027193045000047], [36.06469474300019, 12.052943924000033], [36.05212575100012, 12.03885531900005], [36.05978243400011, 12.024481770000136], [35.976933145000146, 12.005031712000061], [35.9422677980001, 12.012317280000104], [35.940509, 11.970821025000134], [35.96581619800003, 11.98458392599997], [35.96902416100016, 11.95841593800003], [36.056373809000036, 11.874303763000057], [36.05449561100011, 11.849317632000123], [36.06626463900005, 11.851600541000096], [36.08145858400019, 11.824370293000186], [36.10523044900003, 11.81589069100005], [36.12552807700007, 11.719165851000014], [36.11835755599998, 11.705810794000172], [36.14482701300011, 11.685617417000117], [36.17621587300005, 11.684244684000134], [36.20707344500005, 11.72143470800006], [36.23157853500004, 11.722111979999966], [36.30879796300019, 11.803229321000117], [36.329066074000025, 11.796687280000185], [36.34127461500009, 11.780808515000103], [36.33206421200015, 11.704052347000072], [36.34755637300003, 11.696597154000074], [36.332418123000025, 11.666042003000143], [36.34842141200011, 11.605359639000142], [36.37515493800015, 11.607679311000027], [36.4443037420001, 11.492808222000065], [36.40954439000018, 11.458302047000018], [36.40994764700008, 11.41391171600003], [36.467155096000056, 11.428645228000164], [36.51222244400003, 11.45827711200019], [36.52991016500005, 11.434547089000091], [36.533094912000024, 11.394058938], [36.56388981300012, 11.37134905500011], [36.56362650200009, 11.358029042000169], [36.53454314400017, 11.335293242000148], [36.556418424000185, 11.329487098000072], [36.556879115000186, 11.302116366000064], [36.49496594700014, 11.288952227000038], [36.46714241899997, 11.264992656000118], [36.47583075100016, 11.244666323000104], [36.46019195100007, 11.226432698000167], [36.46760784100013, 11.155408725000086], [36.502904681000075, 11.137539042000071], [36.549339458000134, 11.137815229000125], [36.560197970000104, 11.113251220000109], [36.578017499, 11.110522327000183], [36.57498835600012, 11.100708863000023], [36.546418847000155, 11.094625260000157], [36.525083896000126, 11.112711607000108], [36.48967117199999, 11.068734794000079], [36.422564846000114, 11.03136731300009], [36.417669645000046, 11.000727687], [36.35403261300013, 10.937042986], [36.30914227900007, 10.862546867000049], [36.31012808700012, 10.827150243000176], [36.282253898000135, 10.803867232000073], [36.28524219000013, 10.744582874000116], [36.310784268000134, 10.74725869100007], [36.341603238000175, 10.78883721000011], [36.377216858000054, 10.785756431000038], [36.37395879500002, 10.758410476000051], [36.31759667300008, 10.703604919000043], [36.32173064000011, 10.68528913900019], [36.31126925500007, 10.67880626300007], [36.32419511299997, 10.661657148000188], [36.303015255000105, 10.637862573000064], [36.30761642500016, 10.62420328700017], [36.28164751100013, 10.604559028999972], [36.30587583300019, 10.577947712000025], [36.302023956000085, 10.553959757000086], [36.31821832500003, 10.528003484000124], [36.34361345900015, 10.520897603000094], [36.35913256800018, 10.53031590400019], [36.39085529500005, 10.46798619800012], [36.435302188000094, 10.452525116000174], [36.46271156600011, 10.479181219000111], [36.51862239000019, 10.478874607000137], [36.53791208200016, 10.503010925000012], [36.65479580900006, 10.550512901000161], [36.68947258700007, 10.556338143000062], [36.72865070000012, 10.523326868000083], [36.750786036000136, 10.53875850900016], [36.75206135400015, 10.583386801000017], [36.778607137, 10.579617284000165], [36.82283170300008, 10.619211158000041], [36.82452913100019, 10.664019903000167], [36.859742661000155, 10.680622191], [36.918878696000036, 10.66735903000017], [36.93266010499997, 10.685129930000073], [36.92434794700006, 10.704366758999981], [36.93245607000006, 10.719542620000027]]]}}, {"type": "Feature", "properties": {"pcode": "ET0310", "area_name": "Oromo Nationality Administration", "parent_pcode": "ET03", "level": "zone"}, "geometry": {"type": "Polygon", "coordinates": [[[40.152901391, 10.43928583100012], [40.12849631900008, 10.617484683999976], [40.10907660700019, 10.723884582000096], [40.10254585500019, 10.739684215000068], [40.102610932000175, 10.755046175000132], [40.10842351200006, 10.76382546900004], [40.12203130900002, 10.768172394999965], [40.1666953620001, 10.805048304000138], [40.164088408000055, 10.828607851000186], [40.16710767500001, 10.834037032000026], [40.16995158500015, 10.873524746000044], [40.1758572010001, 10.877782504000038], [40.18050163600009, 10.896861903000115], [40.14931095100013, 10.895796132000157], [40.13294309200006, 10.91516127000017], [40.12377152400006, 10.93763921600015], [40.14412837400005, 10.952115006999975], [40.16900205600018, 11.001571813000055], [40.18693903700006, 11.025342766000165], [40.19551281900016, 11.068224788000123], [40.19379644300011, 11.096367235000116], [40.21243793400015, 11.108908124000095], [40.1728759880001, 11.239979554000172], [40.14561976200014, 11.255625560000112], [40.122803653000176, 11.296106744000042], [40.10257758600005, 11.316914856999972], [40.07123437700011, 11.325645610000038], [40.06495634700008, 11.33775922400008], [40.070186855000145, 11.373664184000063], [40.066637972000024, 11.43210612100006], [40.051926549000086, 11.436816637000106], [40.019801669000174, 11.423264242000073], [40.01442938400004, 11.424092256000051], [39.999319253000124, 11.398332547000052], [39.982426121000174, 11.386689846000138], [39.980925447000175, 11.380402386000185], [39.970761481000125, 11.372014207000063], [39.95491338900018, 11.367591878000042], [39.94095694200013, 11.355769480000049], [39.93482442700014, 11.356291433000024], [39.92758405000012, 11.351624779000076], [39.91177891500007, 11.352583252000045], [39.904841875000045, 11.344015083000158], [39.89088094500005, 11.345397427000137], [39.88367139200017, 11.342571859000088], [39.85674200400007, 11.328654192999977], [39.84656727900011, 11.319184031000134], [39.8486803720001, 11.313830813000095], [39.859409884, 11.30891837300004], [39.85837695100008, 11.297849326000176], [39.862102005999986, 11.284971972000164], [39.856051804000174, 11.275309820000075], [39.87189779400012, 11.271789701000046], [39.870915663000176, 11.265601575000176], [39.87417540100006, 11.261464665000176], [39.888232830000106, 11.251320013000111], [39.88593071500014, 11.241546901000106], [39.89514211400012, 11.240065813000115], [39.89835407500004, 11.244183457000076], [39.902508605000094, 11.241568887000142], [39.90645810100017, 11.248986043000116], [39.91757299000011, 11.251589853000041], [39.91666300500009, 11.22822855600009], [39.91971849999999, 11.223068991000105], [39.92924154700006, 11.216992086000118], [39.93640733100017, 11.218405257000086], [39.943527458000176, 11.211330561000011], [39.94572014100015, 11.214912555000126], [39.949752133000175, 11.21400251600005], [39.95643852100005, 11.202281263000032], [39.97370134100004, 11.189669291000087], [39.96971225800007, 11.185136293000028], [39.97197837400017, 11.178857670000014], [39.96748267300006, 11.178558831000089], [39.97411567900019, 11.167609067000058], [39.96880843000008, 11.16733916200019], [39.97012909400013, 11.152401583000142], [39.96305049699998, 11.148957488000178], [39.96356492700011, 11.143309248000037], [39.9564883650001, 11.141051298000093], [39.96006701600015, 11.12842734800006], [39.95449787100006, 11.121282544000053], [39.95492289400016, 11.116654044000086], [39.97362901800017, 11.095065492000174], [39.97600662300016, 11.081563410000115], [39.98565175400017, 11.068420513000092], [39.98377876800009, 11.06322963700012], [39.990322818000095, 11.06010285700006], [39.98749008400006, 11.05319745100013], [39.98851238000009, 11.04465942700017], [39.99510155500019, 11.04068305200002], [40.00033112700015, 11.025831610000125], [40.006466492000186, 11.02112178800013], [40.010741420000045, 11.010627940000177], [40.02756178400017, 11.00069004200003], [40.030407032000085, 10.989232804999972], [40.03891499800005, 10.992636250000146], [40.045301205000044, 10.990772071000151], [40.049950522000074, 10.981214885000043], [40.04096000200013, 10.968105159000174], [40.041963452, 10.964249650000113], [40.035515945999975, 10.96226183500005], [40.029514809000034, 10.949290302000122], [40.026411146000044, 10.947960893000186], [40.02526793600009, 10.953467739000189], [40.01710201999998, 10.958663116000082], [40.01823305100004, 10.949543480000102], [40.02103248600014, 10.948568512000065], [40.018141584000034, 10.936934696000094], [40.02239744700017, 10.935413139000048], [40.023495534000176, 10.930863496000143], [40.03239275900012, 10.92736429900009], [40.034371811000085, 10.922761746], [40.06993511000019, 10.907102666000071], [40.069169656999975, 10.903723195000111], [40.092991557000175, 10.892961336999974], [40.10361332700006, 10.875985410000055], [40.08093121700006, 10.869205768000086], [40.07034581800008, 10.873126070000069], [40.03786933100014, 10.86113085400001], [40.0204523860001, 10.864155986000071], [40.00185877000018, 10.855603618000146], [39.97878708700017, 10.855673895000166], [39.97068946300004, 10.851536310000029], [39.968077756000014, 10.85226233300017], [39.968579403000035, 10.857716028000084], [39.96305876200006, 10.85471233800007], [39.96503223600013, 10.84602703400003], [39.97141669000007, 10.844379955000079], [39.96920086500012, 10.838624578000179], [39.96160834900007, 10.84089747000013], [39.96142893600006, 10.845348397000066], [39.95756217100012, 10.847178872000086], [39.95678752800006, 10.83952472500016], [39.94451679100007, 10.831905994000124], [39.94434564900013, 10.838768510000023], [39.937526091, 10.839169259000073], [39.93460384600007, 10.845228794000036], [39.936684984000124, 10.849858688000154], [39.946121214000186, 10.855133966000153], [39.95554462600006, 10.86877767599998], [39.94919598500013, 10.872254845000043], [39.94577346400018, 10.870929544000035], [39.94655158800009, 10.87819575900005], [39.94018909500011, 10.87735092400004], [39.93409251900016, 10.885306084000149], [39.93324615800003, 10.894345334000036], [39.93750626600007, 10.896493281000176], [39.93951551600003, 10.903402137], [39.933652799000185, 10.910020746999976], [39.91391390200005, 10.903086652000127], [39.907303314000046, 10.909894546000146], [39.88248385300005, 10.904116883000029], [39.875280642000064, 10.899615310000115], [39.87152785700016, 10.889056168000081], [39.85713844200018, 10.891914136000139], [39.845895493000114, 10.88394164600004], [39.83807644100011, 10.886098610000147], [39.83547814500008, 10.878855688000044], [39.826667169000075, 10.87681578600018], [39.82337554200012, 10.891999432999967], [39.8155003760001, 10.89637048800006], [39.81908625300008, 10.911605859000076], [39.80118123900007, 10.902823346], [39.799809332000166, 10.900388578000161], [39.804811741000094, 10.897087840000097], [39.80373488200007, 10.890931707000107], [39.7973128970001, 10.890201922000188], [39.795236249000084, 10.89583508700008], [39.78930145100003, 10.894172849000029], [39.78986175900019, 10.879238397000165], [39.76290002100012, 10.888982958000042], [39.7551302550001, 10.883661481000047], [39.748494866000044, 10.884639632000074], [39.74450494700005, 10.893059673000153], [39.7331253640001, 10.889687235000167], [39.73327106200003, 10.883929822000141], [39.72990103300003, 10.883822997000095], [39.728855298999974, 10.87786741400015], [39.71818667700012, 10.874705329000108], [39.69593702600008, 10.88177704900005], [39.673625135000066, 10.895686315000034], [39.66398164700013, 10.895813357000065], [39.66866351100009, 10.889198987999976], [39.66671611900006, 10.88439364300001], [39.67923549600005, 10.875297402000115], [39.67849856300006, 10.870561240000143], [39.68444719800016, 10.867772378000154], [39.68094985100004, 10.862683429000128], [39.68335549100016, 10.856073900000126], [39.68964366500012, 10.853714909000075], [39.6918922160001, 10.842056823000064], [39.70075127900009, 10.842084660000125], [39.70991601900005, 10.837430088000133], [39.69425239599997, 10.829888002000132], [39.692727175000186, 10.826214458000095], [39.698584315, 10.826153397000098], [39.70025018400008, 10.813922303000084], [39.71026462000003, 10.802104063000115], [39.70258547500015, 10.798196155000085], [39.694892554000035, 10.799553517000163], [39.690673203000074, 10.795925866000118], [39.69235824500004, 10.791973932000133], [39.68687810900008, 10.78724833400014], [39.68967914500007, 10.78451427900012], [39.69481771400007, 10.788044181000146], [39.69912832800003, 10.78587614200012], [39.69745755400015, 10.77839514599998], [39.71324540800009, 10.76889918600017], [39.70713927700018, 10.758417030999965], [39.71104669200008, 10.75300031800009], [39.71548639000008, 10.726902095000128], [39.72787810400007, 10.708576252000057], [39.74006851300015, 10.718247802], [39.74563447500009, 10.709639382999967], [39.75802539900019, 10.712982078000095], [39.77376638900017, 10.728305170000112], [39.81274425500004, 10.734237103000055], [39.810436744000185, 10.731149383000172], [39.81101208700011, 10.714080638000041], [39.81743238700017, 10.689765536999971], [39.82751221400008, 10.686717455000064], [39.841932037000106, 10.687259828000037], [39.86457184800008, 10.697444059000077], [39.88097042900006, 10.696278601000131], [39.867250517000116, 10.683649287000037], [39.867390654000076, 10.675950639], [39.83427756100008, 10.65403324000016], [39.83956703300004, 10.624587968000128], [39.84360804900007, 10.619396308999967], [39.86056419300007, 10.622563049000178], [39.86412522400008, 10.615949246000127], [39.863667700000065, 10.589820590000102], [39.86994638200014, 10.577995016000045], [39.8656573670001, 10.574920141000064], [39.884073778000015, 10.561045377000141], [39.89232536500003, 10.546234938000168], [39.901077334000036, 10.545779435000043], [39.91358320700016, 10.53095639300011], [39.917060577000086, 10.53175847000017], [39.92492549499997, 10.516010927000082], [39.92308927900012, 10.511973295000132], [39.924866606000194, 10.50885553400019], [39.930242073000045, 10.508658084], [39.93222834700009, 10.493769412000177], [39.93849589100017, 10.48772127000018], [39.93944660200003, 10.482310875000053], [39.92920888800012, 10.472367494000082], [39.93866966100012, 10.465133293000065], [39.937764399, 10.447469855000122], [39.94325618400012, 10.440993272000128], [39.93736287600012, 10.41021595500007], [39.938124339000126, 10.39811837000019], [39.94783104499999, 10.39511085600003], [39.947123816000044, 10.383704826000098], [39.93436956300013, 10.382747054000049], [39.93366162000012, 10.374462731], [39.95797219700012, 10.35816837800013], [39.964694860000066, 10.363897204000068], [39.978975283000125, 10.35292062100018], [39.98181127900011, 10.346726320000073], [39.97590565000007, 10.340993799000103], [39.9629152600001, 10.344346150000092], [39.958032854000066, 10.33521891900017], [39.94993179500011, 10.336816444000078], [39.942394075000095, 10.327512474000116], [39.938124177000134, 10.308282613000017], [39.92563144000002, 10.306135155000163], [39.9231879030001, 10.296727956000154], [39.93075305400015, 10.289432264000084], [39.92592766400003, 10.275137293000114], [39.940132578000146, 10.277222511000161], [39.944115386000135, 10.25699756400013], [39.942238353000164, 10.252893863000168], [39.92900351600014, 10.256613027000014], [39.9263546950001, 10.239196523000146], [39.937860521000175, 10.239757225000176], [39.9344785670001, 10.227908598000113], [39.94692557800016, 10.227088128000048], [39.95202478800019, 10.21761035700007], [39.94670814400007, 10.168726265000146], [39.93338283200012, 10.155886430000123], [39.93508045699997, 10.144054832000108], [39.929412243000115, 10.12934904900004], [39.935214461000044, 10.128098144000035], [39.93369755400005, 10.122646860000032], [39.94016644699997, 10.121719177999978], [39.94123101000008, 10.115138850000164], [39.94810140800007, 10.110211036000123], [39.95252864700018, 10.121252920000131], [39.9622151960001, 10.114285684000095], [39.96864711200004, 10.117233862000148], [39.97742499100008, 10.115984088000118], [39.97364294900018, 10.124542155000086], [39.98201332500014, 10.126079535000088], [39.98754509800017, 10.12342679700015], [39.990152639000144, 10.11045626800012], [39.97983536500004, 10.105156418000036], [39.974729506000074, 10.094839486000126], [39.96238925800009, 10.090816914000186], [39.93060875000009, 10.099599939000086], [39.92646207700011, 10.091412425000158], [39.92377393600003, 10.06863143600009], [39.93354202900008, 10.07167379000009], [39.92727482200013, 10.089962566], [39.94817166800004, 10.084464076000188], [39.988950811, 10.088315128000147], [39.99356275300005, 10.076897555000187], [40.02400858400017, 10.074357291000183], [40.0690249110001, 10.079061598000123], [40.107150834000095, 10.071179958000073], [40.13258492200009, 10.071093523000116], [40.15814572300013, 10.090278606000084], [40.12899366700003, 10.173546208000062], [40.15557961000019, 10.257410691000132], [40.14665974300016, 10.277217092000171], [40.157497908000096, 10.285365440000021], [40.16038565500003, 10.30079767900014], [40.15909425900014, 10.35627886400016], [40.16305743800001, 10.374804112000106], [40.163639855000156, 10.41236375200009], [40.161587952000104, 10.435340451], [40.152901391, 10.43928583100012]]]}}, {"type": "Feature", "properties": {"pcode": "ET0311", "area_name": "Central Gondar", "parent_pcode": "ET03", "level": "zone"}, "geometry": {"type": "Polygon", "coordinates": [[[36.42205889600018, 12.023944118000088], [36.41610169500012, 12.017099878000067], [36.439701904000174, 12.00722884400011], [36.566359170000055, 11.970441741], [36.57022806500015, 11.961390170000072], [36.54591602500011, 11.948650903000043], [36.55640380400001, 11.932532698000045], [36.520105921000095, 11.930063321000091], [36.608577463000074, 11.85776365700002], [36.618063316000075, 11.816289545000188], [36.574347236000165, 11.775753045000101], [36.610711758000036, 11.76276698099997], [36.63619841899998, 11.730357148000053], [36.66283664400004, 11.727764450000109], [36.65486994000008, 11.641566427000043], [36.714979577000065, 11.689067785000134], [36.78921741500005, 11.676641528000061], [36.82096259800005, 11.718800462000104], [36.843613069000185, 11.726172156000189], [36.84610547100016, 11.742690766000067], [36.88228256600007, 11.740091740000139], [36.88428247800016, 11.757850242000075], [36.86047075200008, 11.786702938000076], [36.870907724000176, 11.843168143000128], [36.90826459900018, 11.864363578000166], [36.94801778900006, 11.867938197000058], [36.98603946400016, 11.90747922899999], [37.00648074100013, 11.896606299000098], [37.0855801940001, 11.922609487000102], [37.17643875400006, 12.05391976300001], [37.24255945800007, 12.070378647000098], [37.39962856000005, 12.070523055000137], [37.42271681100016, 12.098077372000091], [37.53938596800009, 12.087675405000027], [37.63361914000018, 12.15428352500004], [37.647077036999974, 12.142077925000024], [37.67289095700016, 12.144931758000155], [37.693752310000036, 12.152402843000061], [37.695241976000034, 12.171326519000104], [37.74015818200007, 12.174919912000178], [37.759285614000135, 12.192673442000057], [37.761924862, 12.216057564000039], [37.73419174400004, 12.199130320000165], [37.73783676700015, 12.208340878000172], [37.7004814500001, 12.238739365000129], [37.68222638600008, 12.275946360000148], [37.64731358300003, 12.286194015000092], [37.66420009, 12.319731059000105], [37.68450125100014, 12.332053561], [37.72887515999997, 12.324454067999966], [37.76714501200013, 12.367687018000026], [37.775759128000175, 12.347198973000104], [37.79438601800018, 12.344303668000123], [37.788461236000046, 12.304509809000137], [37.812549977, 12.300423975000115], [37.830141733, 12.251474870000038], [37.86360495300016, 12.254781692999984], [37.88241949800016, 12.292251087000125], [37.904557941000064, 12.268584610000119], [37.91890937800008, 12.274670322000077], [37.93955780100015, 12.220922534000067], [37.96481430400007, 12.218076064000059], [37.949237224000115, 12.300877164000042], [37.96002286200007, 12.30500936600015], [37.96350487600006, 12.288024691000032], [37.982965956000044, 12.308230058], [37.98935900599997, 12.299810800000103], [38.00404182000017, 12.315919748000113], [38.02008655500015, 12.308927542000163], [38.05877246300008, 12.333122076000052], [38.07311998600011, 12.31059586300006], [38.098387198000125, 12.32552820900014], [38.11062824400011, 12.317673196999976], [38.11262919000012, 12.337656877000029], [38.171828458000164, 12.338728302000106], [38.209755535000056, 12.374130589], [38.26756193700015, 12.398217901000123], [38.31263850000005, 12.463198145000092], [38.34554388700013, 12.48663134200018], [38.36473195900004, 12.525771854000027], [38.39880171700008, 12.550335702000098], [38.43263580000007, 12.554323788000033], [38.47970244600009, 12.608324528000026], [38.471025053, 12.62273483500013], [38.480236677000164, 12.633304271000156], [38.451956690000145, 12.676768701000185], [38.46552596100014, 12.742807211000127], [38.383362906000116, 12.748586176], [38.35853894900009, 12.763145467000015], [38.31217341500019, 12.754366177000179], [38.29581220100005, 12.816236247], [38.261777456000175, 12.825162596000098], [38.264647418000095, 12.898583744000177], [38.24763883900016, 12.90224368000014], [38.22429191800012, 12.873298750000117], [38.202268830000094, 12.88232387800008], [38.18683401700014, 12.904717293999965], [38.19231840100002, 12.939228540000158], [38.15737036500019, 12.938162799000168], [38.15202441700018, 12.896111109000117], [38.13408676800003, 12.871769605000168], [38.124099132000026, 12.876018794000117], [38.133216675000085, 12.897891623000021], [38.12663292900015, 12.967870682000182], [38.08979930900006, 12.98142873200004], [38.05379865700013, 12.934960836000187], [38.03664188100004, 12.94851937500016], [38.00113341800005, 13.0269246040001], [38.04378642900019, 13.074125489000096], [37.99344960500014, 13.106617151000137], [37.97545433300013, 13.081640520000064], [37.95486344400007, 13.078925933999983], [37.94837251399997, 13.05591277200017], [37.90502203200015, 13.041908885000112], [37.91968316000015, 13.029602839000063], [37.893778277000024, 12.99930303900004], [37.91267428500015, 12.905313637000063], [37.847552534000044, 12.926796545000116], [37.77229855700011, 12.921119059000034], [37.75570959000004, 12.897813051000071], [37.71446056800016, 12.877232996000032], [37.651132229000154, 12.902126678000059], [37.64997333500003, 12.92723701600005], [37.62781890400004, 12.920615243999976], [37.635863558000096, 12.956920309000168], [37.56319144300005, 12.952056681999977], [37.53781342800016, 12.992314983000028], [37.52395734000015, 13.09534492400013], [37.45508308900014, 13.10220130100015], [37.51111089800003, 13.18743244500007], [37.542845318000104, 13.197029311999984], [37.54820385700003, 13.222164970000165], [37.52927407500016, 13.294564094000066], [37.54923494600018, 13.312705727000036], [37.52367737200012, 13.369931853000026], [37.44050583400008, 13.35409430600015], [37.41581665000007, 13.373968391000062], [37.395817856000065, 13.3577769690001], [37.365241889000174, 13.359850854000058], [37.32182724800009, 13.297177615000066], [37.28064718700011, 13.284943967000174], [37.250517199000114, 13.294993971000054], [37.20470911900014, 13.255712391000088], [37.15774619900003, 13.297806598000136], [37.098737854000035, 13.316356616], [37.0783740330001, 13.311815581000076], [37.03495555200004, 13.353264047000096], [36.91919201400003, 13.376823803999969], [36.8955402360001, 13.40691326800004], [36.82478994000019, 13.448246112000106], [36.766943716000185, 13.37812810700018], [36.73465985299998, 13.36307246600012], [36.68510106900004, 13.374785176000046], [36.6645955140001, 13.366565204000096], [36.63577966200006, 13.382451577000154], [36.609496445000104, 13.375213016000146], [36.569510996000076, 13.425268509000091], [36.56642194400007, 13.446200745000056], [36.57431031800013, 13.477864165000142], [36.601122891000045, 13.498425464000093], [36.564711750000185, 13.533001045000162], [36.55469238600017, 13.571281353000018], [36.517839151000146, 13.591720186000146], [36.49717911900012, 13.56043845500011], [36.481774005000034, 13.48486495000003], [36.51546510300017, 13.349374118000071], [36.55130677700009, 13.319874550000122], [36.67640923300013, 13.280288650000045], [36.68727345200011, 13.236198704000117], [36.6974560380001, 13.238065189999986], [36.70188820200019, 13.222882210000023], [36.74966016400009, 13.221346076000088], [36.81537540100004, 13.153081242000098], [36.83221986400014, 13.112408083], [36.82660465400005, 13.033151039000018], [36.80731126500018, 13.062958293000179], [36.790546570000174, 13.050108045000115], [36.76461070500011, 13.05233861500011], [36.75571222900015, 13.034954820000166], [36.82867723700019, 12.917450853000105], [36.78559883200006, 12.93306035300003], [36.80079297499998, 12.817653026000073], [36.83831371700012, 12.80395365400011], [36.88030229200018, 12.823706328000185], [36.90982102000004, 12.795646875000159], [37.00799439000019, 12.801922599000022], [37.00924811200019, 12.772579721999989], [37.02782303800018, 12.771236414000043], [37.05520760700017, 12.733632273000069], [37.0281577450001, 12.703489493], [36.98735118500008, 12.695482255000115], [36.98594891700003, 12.672488981000072], [36.965314864000106, 12.673408032], [36.922568394000166, 12.710407873000122], [36.932811612000194, 12.64680982599998], [36.922163392000016, 12.634497644000021], [36.93768804200005, 12.59139153500007], [36.908586452000065, 12.58109755800001], [36.85669806500016, 12.589421572000049], [36.8502255840001, 12.56749033], [36.88464251099998, 12.56008003300019], [36.91500028400014, 12.535697231000142], [36.887689573000046, 12.484774191000099], [36.871746277, 12.488331554000183], [36.86025723500012, 12.442458293000072], [36.87521123800008, 12.431551760000104], [36.86914066300005, 12.378768128000104], [36.85664682700019, 12.383691807000105], [36.842195284000184, 12.369710335000036], [36.74476672000003, 12.407619429000135], [36.711075225000116, 12.387877442000104], [36.671759962000124, 12.400857396000106], [36.65528065800015, 12.383269614000085], [36.58766040800003, 12.404069366000101], [36.57071184600011, 12.392012930000021], [36.52037319100003, 12.392837855000153], [36.50986731200004, 12.374692665000168], [36.52874751700011, 12.37473697400003], [36.530676945000096, 12.355181632000097], [36.493037009000034, 12.323693563000063], [36.474715537000066, 12.32339251100018], [36.49851588600012, 12.293260332000045], [36.47197069100014, 12.259112973000072], [36.48163508500005, 12.257523542000115], [36.48578059100004, 12.224231896000163], [36.40609777900005, 12.165462435000052], [36.41620265000006, 12.148723019000045], [36.450026674000185, 12.142482509000104], [36.49312422700018, 12.106782768000073], [36.464582863000146, 12.05746769000001], [36.42205889600018, 12.023944118000088]]]}}, {"type": "Feature", "properties": {"pcode": "ET0312", "area_name": "West Gondar", "parent_pcode": "ET03", "level": "zone"}, "geometry": {"type": "Polygon", "coordinates": [[[35.28387999800003, 11.983330002000173], [35.26108444900018, 11.927687256000013], [35.28434964900009, 11.884517440000025], [35.295932535000134, 11.799151355000049], [35.32571308900003, 11.794483632000095], [35.36377255800005, 11.752983616000108], [35.42178871200008, 11.729397646999985], [35.473298434000185, 11.736175096000068], [35.51694609800006, 11.718011189000038], [35.576589017000174, 11.76735160700008], [35.661715636000054, 11.793377223000164], [35.66659556900015, 11.825909434000096], [35.80366466900011, 11.838016204000098], [35.822991351000155, 11.82686622], [35.84826476000006, 11.84024610300014], [35.874423950000164, 11.885936790000073], [35.93645885100011, 11.920757861000027], [35.93650015500015, 12.007519525000077], [36.05978243400011, 12.024481770000136], [36.05212575100012, 12.03885531900005], [36.06267147900013, 12.052735684000027], [36.08662053200004, 12.027193045000047], [36.101859023000145, 12.034516836000023], [36.130615321000164, 12.011760528000082], [36.19045012200013, 12.00040499700009], [36.22674168300006, 12.00107874600019], [36.248841893000076, 12.021860255000036], [36.28268789400016, 12.02698987700012], [36.29551397400019, 12.04524810900017], [36.34366854200016, 12.054061683000043], [36.418235041000116, 12.015898848000177], [36.464582863000146, 12.05746769000001], [36.49312422700018, 12.106782768000073], [36.450026674000185, 12.142482509000104], [36.41620265000006, 12.148723019000045], [36.40609777900005, 12.165462435000052], [36.48578059100004, 12.224231896000163], [36.48163508500005, 12.257523542000115], [36.47197069100014, 12.259112973000072], [36.49851588600012, 12.293260332000045], [36.474715537000066, 12.32339251100018], [36.493037009000034, 12.323693563000063], [36.530676945000096, 12.355181632000097], [36.52874751700011, 12.37473697400003], [36.50986731200004, 12.374692665000168], [36.52037319100003, 12.392837855000153], [36.57071184600011, 12.392012930000021], [36.58766040800003, 12.404069366000101], [36.65528065800015, 12.383269614000085], [36.671759962000124, 12.400857396000106], [36.711075225000116, 12.387877442000104], [36.74476672000003, 12.407619429000135], [36.842195284000184, 12.369710335000036], [36.85664682700019, 12.383691807000105], [36.86914066300005, 12.378768128000104], [36.87521123800008, 12.431551760000104], [36.86025723500012, 12.442458293000072], [36.871746277, 12.488331554000183], [36.887689573000046, 12.484774191000099], [36.91500028400014, 12.535697231000142], [36.88464251099998, 12.56008003300019], [36.8502255840001, 12.56749033], [36.85669806500016, 12.589421572000049], [36.908586452000065, 12.58109755800001], [36.93768804200005, 12.59139153500007], [36.922163392000016, 12.634497644000021], [36.932811612000194, 12.64680982599998], [36.922568394000166, 12.710407873000122], [36.965314864000106, 12.673408032], [36.98594891700003, 12.672488981000072], [36.98735118500008, 12.695482255000115], [37.0289821290001, 12.703973937000171], [37.05503880500004, 12.740028437000092], [37.02782303800018, 12.771236414000043], [37.00924811200019, 12.772579721999989], [37.00799439000019, 12.801922599000022], [36.90982102000004, 12.795646875000159], [36.88030229200018, 12.823706328000185], [36.83831371700012, 12.80395365400011], [36.80079297499998, 12.817653026000073], [36.78559883200006, 12.93306035300003], [36.82867723700019, 12.917450853000105], [36.75571222900015, 13.034954820000166], [36.76461070500011, 13.05233861500011], [36.790546570000174, 13.050108045000115], [36.80731126500018, 13.062958293000179], [36.82660465400005, 13.033151039000018], [36.83221986400014, 13.112408083], [36.81537540100004, 13.153081242000098], [36.74966016400009, 13.221346076000088], [36.70188820200019, 13.222882210000023], [36.6974560380001, 13.238065189999986], [36.68727345200011, 13.236198704000117], [36.67640923300013, 13.280288650000045], [36.55130677700009, 13.319874550000122], [36.51546510300017, 13.349374118000071], [36.481774005000034, 13.48486495000003], [36.49717911900012, 13.56043845500011], [36.526074354, 13.606487345000119], [36.50439169800012, 13.665134416000058], [36.47766425600008, 13.6934506180001], [36.48067406800004, 13.734733629], [36.45352451600007, 13.762965645000065], [36.40902000000011, 13.6575], [36.397499978000155, 13.567779972000153], [36.2486, 13.368060000000185], [36.15736000000015, 13.03306], [36.16888997400008, 12.989999974000114], [36.13534, 12.92541], [36.15916, 12.88139], [36.142539971000076, 12.714849979000121], [36.11194000100005, 12.694029999000179], [36.07229, 12.724100000000135], [35.96472000000011, 12.71556], [35.701080000000104, 12.66611998899998], [35.70013998000013, 12.624999971000136], [35.68623999200008, 12.602219999000056], [35.64735997899999, 12.59152997100017], [35.28387999800003, 11.983330002000173]]]}}, {"type": "Feature", "properties": {"pcode": "ET0313", "area_name": "North Gojam", "parent_pcode": "ET03", "level": "zone"}, "geometry": {"type": "Polygon", "coordinates": [[[37.72769388100005, 11.315931383000134], [37.623619917000156, 11.48245371400003], [37.59304121700012, 11.46699633600008], [37.601803485, 11.440769498000066], [37.543217207000055, 11.441057962000116], [37.513238635000164, 11.470380930000147], [37.53044510000018, 11.500707450000107], [37.51212485800011, 11.52549473800002], [37.54978964600008, 11.578559403999975], [37.51920124500003, 11.593331914000146], [37.51259421200001, 11.628942665000068], [37.52670826300016, 11.627223742000012], [37.54348318700005, 11.648889863000079], [37.503656677000095, 11.69826193400013], [37.496972522000135, 11.731657111000061], [37.43815423200016, 11.721401537000077], [37.38016902600003, 11.789726391000045], [37.37487650200018, 11.830801271999974], [37.193433440000035, 11.871884049000073], [37.14464782700003, 11.994060484000158], [37.0855801940001, 11.922609487000102], [37.00648074100013, 11.896606299000098], [36.98603946400016, 11.90747922899999], [36.94801778900006, 11.867938197000058], [36.888232635000065, 11.856832705000102], [36.870907724000176, 11.843168143000128], [36.86047075200008, 11.786702938000076], [36.88428247800016, 11.757850242000075], [36.88228256600007, 11.740091740000139], [36.84610547100016, 11.742690766000067], [36.843613069000185, 11.726172156000189], [36.82096259800005, 11.718800462000104], [36.78921741500005, 11.676641528000061], [36.72977942400007, 11.688898387000165], [36.700167413000145, 11.681447896], [36.55036974000012, 11.534793905000186], [36.552001055000176, 11.52279363100007], [36.62310739800017, 11.533595978000108], [36.651616309000076, 11.508788964000132], [36.6632644660001, 11.464373268000088], [36.650484643000084, 11.404038173000117], [36.719154818000106, 11.419094310000048], [36.74618161900014, 11.442629944000146], [36.77909773100009, 11.409713702000147], [36.80565477599998, 11.403760276000128], [36.82301821900006, 11.369595783000022], [36.86582155400015, 11.347633641000073], [36.882272691000026, 11.315109757000187], [36.91310841500018, 11.31809104500013], [36.925738436000074, 11.300459241], [36.94180775100017, 11.304840149000142], [36.94868277600011, 11.293803327000148], [36.9266261250001, 11.25777791400003], [36.976738023000166, 11.257800433000057], [36.99327962000007, 11.215799342000025], [37.010302827000146, 11.210372780000114], [37.005362640000044, 11.183195173000172], [37.029843004000156, 11.190202815000191], [37.041762789000074, 11.178111492000085], [37.044904779000035, 11.190201629000114], [37.071350197000186, 11.179344506000177], [37.06734253900004, 11.169250515000158], [37.09785403000012, 11.126597245000085], [37.138271012000075, 11.144988629000181], [37.14739010400018, 11.132504076000032], [37.19112086800004, 11.128173605000143], [37.19907935700007, 11.10376783900017], [37.21873990600011, 11.150712081000165], [37.242018202000054, 11.098782460000052], [37.27433088400005, 11.13219980000008], [37.296090002000085, 11.106179717000032], [37.31834158300006, 11.131508502000088], [37.322622813000066, 11.114080373000036], [37.38314396600015, 11.129417547], [37.44506427700003, 11.078734762000067], [37.489735066000094, 11.127607061000163], [37.558206917000064, 11.086641349000104], [37.56615774200009, 11.012802025000042], [37.64860829800011, 11.012199446000182], [37.63951656400019, 11.032224437000139], [37.68919885100013, 11.04885447900017], [37.67339129000004, 11.060312130000057], [37.679008175000035, 11.073676508], [37.64458732200012, 11.090403111000114], [37.66458870600002, 11.106304999000088], [37.68596965500012, 11.099319190000017], [37.71510301100011, 11.111911677000023], [37.701491506000025, 11.120680373000084], [37.70371438500018, 11.137243499000078], [37.79522731200018, 11.152184021999972], [37.80124589300016, 11.166477621000013], [37.82121743300007, 11.16818675800016], [37.824935015000165, 11.228057708000165], [37.85418521600013, 11.239158663000183], [37.789666062000094, 11.264119537999989], [37.72769388100005, 11.315931383000134]], [[37.23536661400004, 11.468051861999982], [37.26919329000003, 11.48635498200008], [37.266611735000026, 11.504040978000035], [37.285570036000024, 11.505014380000148], [37.283696790000135, 11.48596229300017], [37.296400812, 11.478334201000166], [37.28326494500004, 11.436848921000092], [37.24883309000012, 11.4364248440001], [37.23536661400004, 11.468051861999982]], [[37.32245754800016, 11.711812638000083], [37.361818019, 11.75518021400012], [37.39237272200012, 11.712801249000108], [37.38254643900018, 11.665354458000024], [37.472747894000065, 11.652219705000107], [37.4767931400001, 11.635405694000042], [37.45521820900012, 11.596396003000109], [37.485072339000055, 11.567035606000047], [37.476986714000134, 11.536948589000133], [37.43882865300009, 11.533110077000117], [37.418695830000104, 11.550558687000034], [37.395442476000085, 11.510532365000074], [37.353523354000174, 11.503887802000179], [37.33488701099998, 11.522199789000183], [37.34441563400014, 11.559951290000129], [37.33530304200002, 11.57501612200008], [37.31272035699999, 11.578808126000126], [37.320781231000126, 11.569478694000054], [37.310945907000075, 11.559184152000057], [37.30787032899997, 11.578540623000151], [37.29599704399999, 11.57636610600008], [37.27737942900012, 11.598117560000162], [37.28735192500011, 11.633576530000028], [37.33116382800006, 11.66345444500007], [37.28068899500005, 11.692380550000053], [37.32245754800016, 11.711812638000083]]]}}, {"type": "Feature", "properties": {"pcode": "ET0314", "area_name": "Bahir Dar town Admin", "parent_pcode": "ET03", "level": "zone"}, "geometry": {"type": "MultiPolygon", "coordinates": [[[[37.39962856000005, 12.070523055000137], [37.24255945800007, 12.070378647000098], [37.17643875400006, 12.05391976300001], [37.14464782700003, 11.994060484000158], [37.193433440000035, 11.871884049000073], [37.37487650200018, 11.830801271999974], [37.40465201000018, 11.8840272650001], [37.39962856000005, 12.070523055000137]]], [[[37.24079288200011, 11.475372981000135], [37.24883309000012, 11.4364248440001], [37.28326494500004, 11.436848921000092], [37.29249638400006, 11.45013236200009], [37.2858979610001, 11.46679062100003], [37.296400812, 11.478334201000166], [37.28152708900012, 11.507861049000041], [37.266611735000026, 11.504040978000035], [37.26919329000003, 11.48635498200008], [37.24079288200011, 11.475372981000135]]], [[[37.623619917000156, 11.48245371400003], [37.644493802000056, 11.491217610000035], [37.61851191000005, 11.527218382000171], [37.59240111600019, 11.510234396000044], [37.573646586999985, 11.54973381100018], [37.55644503300016, 11.545450485000117], [37.54313835200003, 11.561783983000112], [37.51931828700009, 11.541368762], [37.511176836000175, 11.521279376000109], [37.53044510000018, 11.500707450000107], [37.513238635000164, 11.470380930000147], [37.543217207000055, 11.441057962000116], [37.601803485, 11.440769498000066], [37.59304121700012, 11.46699633600008], [37.623619917000156, 11.48245371400003]]], [[[37.42336917500012, 11.654133672000114], [37.38254643900018, 11.665354458000024], [37.39237272200012, 11.712801249000108], [37.361818019, 11.75518021400012], [37.32245754800016, 11.711812638000083], [37.28068899500005, 11.692380550000053], [37.33116382800006, 11.66345444500007], [37.28735192500011, 11.633576530000028], [37.27737942900012, 11.598117560000162], [37.29599704399999, 11.57636610600008], [37.30787032899997, 11.578540623000151], [37.310945907000075, 11.559184152000057], [37.320781231000126, 11.569478694000054], [37.31272035699999, 11.578808126000126], [37.33530304200002, 11.57501612200008], [37.34441563400014, 11.559951290000129], [37.33488701099998, 11.522199789000183], [37.353523354000174, 11.503887802000179], [37.395442476000085, 11.510532365000074], [37.418695830000104, 11.550558687000034], [37.43882865300009, 11.533110077000117], [37.47727546200019, 11.537380679000023], [37.485072339000055, 11.567035606000047], [37.45521820900012, 11.596396003000109], [37.4767931400001, 11.635405694000042], [37.472747894000065, 11.652219705000107], [37.42336917500012, 11.654133672000114]]]]}}, {"type": "Feature", "properties": {"pcode": "ET0401", "area_name": "West Wellega", "parent_pcode": "ET04", "level": "zone"}, "geometry": {"type": "MultiPolygon", "coordinates": [[[[35.44191194299998, 8.91411180300014], [35.45165316500004, 8.90491227800004], [35.43946686600009, 8.888586244000123], [35.44763931400007, 8.873955720000026], [35.42438304900003, 8.846099124000148], [35.44935081900019, 8.804573654000137], [35.44199036900011, 8.780545725000081], [35.457651919000114, 8.773820484000055], [35.45492830900014, 8.756137421000062], [35.49555966300005, 8.758695270000032], [35.506538262000106, 8.733769752000057], [35.53953243500007, 8.717706586000077], [35.54256606700005, 8.704843014000119], [35.632624410000176, 8.68086251300008], [35.65594821900004, 8.717419525000025], [35.71219526200019, 8.716854578000095], [35.74031480800011, 8.734269810000058], [35.75191352200005, 8.726751736999972], [35.745409406000135, 8.703437405000045], [35.7565611010001, 8.68550827100006], [35.831269627000154, 8.671670884000093], [35.85555753600005, 8.678158460000077], [35.858922577000044, 8.700576802000057], [35.87529219800007, 8.708077895000145], [35.86800059799998, 8.725365860000181], [35.892214989000024, 8.728074004000064], [35.923601505000136, 8.753980123000076], [35.92257422100005, 8.779298368000184], [35.89024530300014, 8.787195842000074], [35.88095357500015, 8.797496648000106], [35.88754576100007, 8.817092631000094], [35.868113870000116, 8.820536890000028], [35.88739562400019, 8.839564355000107], [35.920496336000156, 8.829863390000071], [35.9468739830001, 8.865028444000131], [35.93596559700012, 8.87641019300014], [35.956942471000104, 8.880650592999984], [35.97770838800011, 8.914213316000087], [36.01731407900013, 8.907835591000094], [36.02355083800006, 8.952766588000031], [36.04409667400006, 8.978025015000128], [36.05109232500007, 9.017041518000099], [36.04215539300009, 9.015047793000065], [36.02807451900014, 9.055977324000082], [36.034022845000095, 9.107416687000125], [36.05361065600016, 9.119437129000119], [36.03157719600017, 9.23342605900001], [35.94932102400003, 9.249153646000082], [35.917871966000064, 9.285639052000136], [35.91108877400018, 9.315957987000104], [35.85987032500009, 9.324971589000143], [35.79719169100014, 9.30861754000017], [35.756747975999986, 9.323638114000062], [35.75012134100018, 9.40308330400012], [35.7773258310001, 9.440139413999987], [35.764992988000074, 9.473350736999976], [35.71076071200014, 9.486771922000173], [35.64749196800017, 9.553310385000032], [35.653437895000025, 9.634928304000027], [35.63472781400009, 9.65148833000012], [35.578517519, 9.665518421], [35.553727423000055, 9.696118466000144], [35.46842357400004, 9.670376197000166], [35.41076633100016, 9.713677552000092], [35.36839702500015, 9.719289413000183], [35.378831148000074, 9.765406404000032], [35.41962852800003, 9.785145035000085], [35.363788997000086, 9.813043185000026], [35.34980061600004, 9.866075812000133], [35.29745400500008, 9.922483253000166], [35.23074359100008, 9.893252214000029], [35.220798401000025, 9.925425696], [35.159583687000065, 9.948402073000125], [35.0883414970001, 9.950488895000092], [35.08102060900012, 9.921920612000065], [35.04851353200013, 9.917741245000059], [35.019654361000164, 9.928791940000167], [35.01501748700019, 9.995190863000062], [34.98818221300013, 9.996766925000031], [34.94299597999998, 9.933567317000154], [34.90442008500008, 9.95587868600012], [34.88778145300006, 9.908213967999984], [34.866795099, 9.902260916000046], [34.89768351600003, 9.881757181000069], [34.86972697700014, 9.820667072000163], [34.831665465000015, 9.803115600000126], [34.796142518000124, 9.736239464999983], [34.80996044700004, 9.702241158000106], [34.81085410300011, 9.63011872900006], [34.79205744500007, 9.603314873999977], [34.782986711000035, 9.55333113000006], [34.735137544000054, 9.545301779000113], [34.63201474800019, 9.588021403000027], [34.58539422700005, 9.630359738000038], [34.548466702999974, 9.629662940000117], [34.52323091600016, 9.541112503000079], [34.49873226600016, 9.51423106599998], [34.51297477000014, 9.44800064600014], [34.45180644800007, 9.44911063000012], [34.46627046499998, 9.365810855000063], [34.439560022000194, 9.215575531000127], [34.401742184, 9.186634573000049], [34.34087704800015, 9.168779030000167], [34.37900471700016, 9.130610478999984], [34.4209174180001, 9.153892158000133], [34.486183263000044, 9.150103325000089], [34.52775657200016, 9.18873102700013], [34.590828208000175, 9.139799314000072], [34.69866601300015, 9.174889399999984], [34.77782155300008, 9.173628319000045], [34.791459, 9.249562326000103], [34.822108163999985, 9.239864680000096], [34.82992081200018, 9.256112967999968], [34.8515757240001, 9.251444634999984], [34.87321390000005, 9.265504038000017], [34.87267887700011, 9.291720107000117], [34.9221106870001, 9.34833092100007], [34.91197779200019, 9.382932339000035], [34.930770371000165, 9.404638289000104], [34.940778334000186, 9.398149947999968], [34.92575245100011, 9.39014846300006], [34.93136692200005, 9.360126755000124], [34.97682959300016, 9.35317230700008], [35.01300540000011, 9.313444466000021], [35.05515764800009, 9.315834412000072], [35.1270666100001, 9.259166609000147], [35.137952084000176, 9.229179148000071], [35.12486680600017, 9.215501186000097], [35.188242745000025, 9.104895733999967], [35.197068422000086, 9.115842481000072], [35.22021635800013, 9.096511378000116], [35.23394487900015, 9.110459707000189], [35.26333744700008, 9.078276668], [35.280250967000086, 9.09327511400005], [35.278762214000096, 9.07070809400011], [35.312900303, 9.058430259999966], [35.343713090000165, 9.005828847000089], [35.337393148, 8.962223060000156], [35.35076381600015, 8.944729228000085], [35.364076483000076, 8.950557654000022], [35.37854455600012, 8.93647723000015], [35.398472846, 8.94764189600005], [35.41120658900013, 8.912394658999972], [35.44191194299998, 8.91411180300014]]], [[[36.08417349299998, 9.058420663000163], [36.07553725400015, 9.06263762600014], [36.09395163500011, 9.026676048000013], [36.13107588700012, 9.024693422000155], [36.108553458000074, 9.080031575000021], [36.08417349299998, 9.058420663000163]]]]}}, {"type": "Feature", "properties": {"pcode": "ET0402", "area_name": "East Wellega", "parent_pcode": "ET04", "level": "zone"}, "geometry": {"type": "Polygon", "coordinates": [[[36.62618787300005, 8.545828161000031], [36.61301509400016, 8.530385727], [36.64881634000011, 8.523933575000171], [36.72388488900003, 8.55384391500013], [36.73632356200011, 8.545541571000115], [36.793841665, 8.65434634800016], [36.8593744530001, 8.68678630900007], [36.886842429000126, 8.662774256000091], [36.898744792, 8.627159114999984], [36.945744789000116, 8.61095979300012], [36.9859574460001, 8.64608993100012], [36.99758502100019, 8.733157662000053], [37.01915466800011, 8.759531078000123], [37.01259169600007, 8.77748163400014], [36.993519953000146, 8.773936816000116], [36.9907929150001, 8.793676842000025], [37.01642326600006, 8.809661488000131], [37.059941708999986, 8.803893061000053], [37.08915595600001, 8.869671311000161], [37.147291761000076, 8.85934459400005], [37.15285389500008, 8.870648735000032], [37.17866851100007, 8.8662915110001], [37.199442785000144, 8.882465456000148], [37.18515540400006, 8.901961457000027], [37.19402244500003, 8.923387682000168], [37.15160911900011, 8.928823657000066], [37.147447889000034, 8.96678442100017], [37.13852653700013, 8.961238537000156], [37.11090957400012, 8.988938284000085], [37.086654341999974, 8.985082191000174], [37.07379569500017, 9.00089603900011], [37.05905821500011, 8.99885750900006], [37.02230317300007, 9.03669295700007], [37.03013535600019, 9.081760233000011], [37.05682421600011, 9.086046622000026], [37.03526145600017, 9.14688280900009], [37.055655676000015, 9.177140800000132], [37.048587004000126, 9.205084084000077], [37.113460117000045, 9.193779259000053], [37.1181326250001, 9.218088364000096], [37.16084432800011, 9.250965736000069], [37.11327478600009, 9.30768742500004], [37.08822444000003, 9.30243916400019], [37.07729333100002, 9.329250815000023], [37.066438867000045, 9.32363721300004], [37.07306985800011, 9.347157881000157], [37.05215616900011, 9.379059827999981], [37.06263791000009, 9.426948109000023], [37.03492325500014, 9.427589860000126], [37.03147184800014, 9.45861941100003], [36.998285459000044, 9.448975426000118], [36.95520464400005, 9.470629180000117], [36.91797173500004, 9.441272638000157], [36.883816922000165, 9.48813484800013], [36.82967609200017, 9.461327807000146], [36.83118221500018, 9.433101831999977], [36.79518437400003, 9.411922129000061], [36.7542077440001, 9.42378409600019], [36.73370168600002, 9.416566575000104], [36.66171643600006, 9.505996195000137], [36.66643149200013, 9.58640223700013], [36.6797527220001, 9.602890259000105], [36.673172621, 9.634037391000106], [36.69140279200019, 9.673531803000117], [36.72188198000015, 9.688966506999975], [36.763725905000115, 9.688524524000115], [36.7825394190001, 9.708445625000024], [36.775449804000175, 9.74170857100006], [36.79136162300017, 9.759769749000043], [36.875808340000106, 9.779580816000077], [36.92225423800011, 9.820832099000029], [36.904627162, 9.849904763000154], [36.91523889000018, 9.858979004], [36.90686650100014, 9.896056956000052], [36.929001703000154, 9.917054588000155], [36.9076468020001, 9.904008842000053], [36.89645493000012, 9.915393381000115], [36.9200030770001, 9.95453666300017], [36.89408894899998, 9.977516601000161], [36.91707360900017, 10.003571472000033], [36.91199457500005, 10.016811542000085], [36.8935545440001, 10.017747320000012], [36.900480854000136, 10.058682649000161], [36.88609663100004, 10.101860421000083], [36.89734170100019, 10.133319203000099], [36.88662442000009, 10.162812626000118], [36.847479651000185, 10.183217965000154], [36.86540257000013, 10.250308178000182], [36.850969885000154, 10.259149725000157], [36.82559204900019, 10.33424341500006], [36.776600381000094, 10.34596864200006], [36.76175988600005, 10.367309494000096], [36.69165352300007, 10.357319884000106], [36.6809025230001, 10.334614838000164], [36.69219150500015, 10.296289130000048], [36.65969071600017, 10.27704084100003], [36.61057050700015, 10.259221846000173], [36.5746856180001, 10.264173395000114], [36.57584782900011, 10.279235559000085], [36.554480933000036, 10.285072005000188], [36.51548847200007, 10.2399315400001], [36.445350893000125, 10.245844166000154], [36.36942190400009, 10.161652776000096], [36.27189215800007, 10.11308766100018], [36.258919556000194, 10.078452010000092], [36.21892419200009, 10.053212510000094], [36.18456706800009, 10.049661314000048], [36.13989836400009, 10.009705090000068], [36.11979873200005, 9.961333164000052], [36.15234344800001, 9.8489314790001], [36.12820708200013, 9.852213635000055], [36.13647113500008, 9.807447298000056], [36.10528661300003, 9.773323643000083], [36.15905722600007, 9.746936508000033], [36.19186586200004, 9.68787751800005], [36.200777372000175, 9.614928768000084], [36.23177701600008, 9.570323043000087], [36.3010252090001, 9.555515471000035], [36.3803079810001, 9.480480466000074], [36.40062950700019, 9.510988321000184], [36.461168171000054, 9.528057690000026], [36.4944298580001, 9.509365743000046], [36.51491109100016, 9.444134004000091], [36.507265609000115, 9.419345341000167], [36.47519087500012, 9.394637238000143], [36.484109647000025, 9.367867244000081], [36.46141108900008, 9.357156935000091], [36.37471653800014, 9.358019170000091], [36.33376793600007, 9.339799325000058], [36.31899619500007, 9.305850016000136], [36.29548249600009, 9.30169163700009], [36.27511740200015, 9.343833046000157], [36.25317940600007, 9.30182331200001], [36.21837304700006, 9.297118325000042], [36.21458697200006, 9.332416972000033], [36.23426871700008, 9.347006928000042], [36.205892528000106, 9.35473969200018], [36.19489470399998, 9.288973481000085], [36.22633601000018, 9.27172814000005], [36.22892516800016, 9.229031010000085], [36.203947895000056, 9.15734681300006], [36.16147342100004, 9.105351872000085], [36.18458592800005, 9.07195168700008], [36.246477824000124, 9.040962060000084], [36.22594920200015, 9.030967937000128], [36.17679055000008, 9.044525228], [36.14868770300018, 9.003750608000132], [36.209772085000054, 8.958690506999972], [36.23567039100004, 8.96725994000019], [36.293108632000155, 8.893225480000126], [36.32328763700002, 8.882064863000153], [36.33431511600003, 8.84633403100014], [36.35241812000004, 8.839219136000054], [36.352757630999974, 8.80508452500004], [36.37709662700013, 8.79239367800011], [36.382898047000026, 8.76112595700016], [36.40838006000013, 8.733055261000175], [36.41987764000004, 8.654288984000061], [36.441936061000035, 8.625509357000112], [36.50669921000008, 8.590359882000143], [36.52451603100013, 8.591765856000109], [36.53649806500016, 8.559182983000085], [36.556594455000095, 8.575042119000102], [36.587923673000034, 8.577548157000138], [36.62618787300005, 8.545828161000031]]]}}, {"type": "Feature", "properties": {"pcode": "ET0403", "area_name": "Ilu Aba Bora", "parent_pcode": "ET04", "level": "zone"}, "geometry": {"type": "Polygon", "coordinates": [[[35.433531098000174, 7.882756181000161], [35.47431084800007, 7.873505752000085], [35.52072558400016, 7.8956067310001], [35.54440042500016, 7.83099382], [35.58962015300011, 7.808632804000126], [35.61827998600006, 7.814743066000119], [35.69372955400013, 7.86435527000009], [35.716439421000075, 7.855474859000083], [35.73953928500015, 7.866625353000074], [35.79992172900006, 7.940669771000046], [35.738512741000136, 7.988824024000053], [35.722852992000014, 8.022467005000067], [35.72800373500013, 8.039569454000173], [35.76576921200018, 8.081234959000142], [35.81634891900018, 8.082424990999982], [35.86086865400017, 8.077234741000098], [35.88400101700006, 8.01652284], [35.92888532600006, 8.016806244], [35.91158470800019, 8.0828278030001], [35.95461399500016, 8.09567858500003], [36.01155605500014, 8.146633897000129], [36.04647124200005, 8.135778054000127], [36.07019193700012, 8.1501301240001], [36.08141549100009, 8.1769799650001], [36.06693119200003, 8.23827531500018], [36.084211990000085, 8.27002536700013], [36.08757608600007, 8.312194385999987], [36.04502156100011, 8.337214456000027], [36.00066428700012, 8.402845966000086], [36.00595462500013, 8.444175181000105], [35.991592796000134, 8.442325816000107], [35.99835695000007, 8.471350731000086], [35.98018659500008, 8.549486308000098], [35.992372964000026, 8.569135472000141], [35.980624716000136, 8.632841620000079], [35.94448391500009, 8.629731499], [35.94076357300008, 8.645534012000041], [35.900946335000015, 8.67619184300014], [35.88402346600003, 8.666042732000165], [35.85666064300011, 8.68024514800004], [35.831269627000154, 8.671670884000093], [35.7565611010001, 8.68550827100006], [35.745409406000135, 8.703437405000045], [35.75191352200005, 8.726751736999972], [35.74031480800011, 8.734269810000058], [35.71219526200019, 8.716854578000095], [35.65594821900004, 8.717419525000025], [35.632624410000176, 8.68086251300008], [35.56238106800009, 8.69471469399997], [35.506538262000106, 8.733769752000057], [35.49488514500007, 8.75913292700011], [35.45492830900014, 8.756137421000062], [35.457651919000114, 8.773820484000055], [35.44004025900006, 8.785937210000043], [35.44650006600011, 8.812630814000158], [35.42849238200017, 8.824936306999973], [35.40011043100009, 8.800396109000076], [35.40823519400004, 8.774282554000138], [35.3726338460001, 8.758870699000113], [35.36211636000013, 8.73770398400012], [35.30829007300014, 8.747887261000074], [35.28291158800005, 8.732928898000125], [35.273082567000074, 8.753074059000085], [35.254806522000024, 8.755909450000104], [35.23416994799999, 8.72174121800009], [35.21483515900013, 8.756815250000102], [35.204806444000155, 8.731573816000093], [35.16001536400012, 8.707245689000047], [35.14488005800018, 8.668449668], [35.123965435000116, 8.662498346000177], [35.11191387500003, 8.634359114], [35.12081398300012, 8.606980406000105], [35.20059680100013, 8.540435602000116], [35.18944944100008, 8.540546592999988], [35.18810350700005, 8.519366773000115], [35.11524830200017, 8.498252692999984], [35.050129887000026, 8.52076476800005], [35.03256349700018, 8.51371617600006], [35.029655379000076, 8.49483476600011], [35.00007220200007, 8.486667780000062], [34.97901258600018, 8.444534458000078], [34.952743025000075, 8.353883962999987], [34.98204032100017, 8.327666160000092], [34.96504464100008, 8.24721609900007], [35.01825891200008, 8.219643652], [35.07324599700007, 8.22018482700014], [35.11891349000018, 8.200608826000177], [35.15765929900016, 8.136710000000107], [35.1432712240001, 8.142853244000037], [35.08908772700005, 8.113922156000058], [35.117936250000184, 8.082588241000167], [35.14102409500009, 7.989027562000047], [35.10855797300019, 7.957113076000155], [35.048340566000036, 7.954436467000107], [35.008480071, 7.923502092000035], [35.0131013350001, 7.882457938000073], [35.00061526900015, 7.862321638000026], [34.95068663400002, 7.890286446000175], [34.944275153000035, 7.879393290000166], [34.93197755600016, 7.728168627000173], [34.995473251000135, 7.747974243000044], [35.07709584100007, 7.731005248000145], [35.11603360700019, 7.645092153000178], [35.21232413900003, 7.651496985000051], [35.22273282400016, 7.703102542000181], [35.27556691600006, 7.74600805200015], [35.340877649000106, 7.776610678000054], [35.349859201000186, 7.834874142000103], [35.358051522000096, 7.84299441800016], [35.40057884100008, 7.829573682000103], [35.433531098000174, 7.882756181000161]]]}}, {"type": "Feature", "properties": {"pcode": "ET0404", "area_name": "Jimma", "parent_pcode": "ET04", "level": "zone"}, "geometry": {"type": "Polygon", "coordinates": [[[36.714183207000076, 7.302139522000118], [36.791112613000166, 7.252283413000157], [36.8409362000001, 7.325989875000062], [36.87915457500014, 7.329694398000072], [36.95546430700017, 7.260490995000168], [36.9646451700001, 7.224732706000111], [37.03951119000004, 7.240016542000092], [37.104830783000125, 7.224495804000071], [37.15418049200014, 7.240666506000082], [37.26226988300016, 7.325430255000128], [37.35658932900009, 7.360931799000184], [37.390284942, 7.402422383000101], [37.407219633000125, 7.492180415000121], [37.44510397, 7.564316881000025], [37.40119467800014, 7.682667443000014], [37.404844578000166, 7.827260347000106], [37.43671401400019, 7.918528487], [37.3898147970001, 7.961972350000053], [37.391790293000156, 7.992900512], [37.490798981000125, 8.017061117000083], [37.53927864000008, 7.953858262000153], [37.55751852300017, 7.948338], [37.60282978400011, 7.964857662000043], [37.59213734300016, 8.093134079000038], [37.623886783000046, 8.200043598000093], [37.61620559800019, 8.226748510999982], [37.57607783400016, 8.232589763000135], [37.529147732000126, 8.265820187000031], [37.506301852000036, 8.254395118000161], [37.47202332000012, 8.266089422000164], [37.45485194800011, 8.334380720000013], [37.441455030999975, 8.343579551000062], [37.43114690400017, 8.33513385100008], [37.411966727000106, 8.37299600700004], [37.38638220000007, 8.388402229], [37.391087982000045, 8.404903789000059], [37.363330228000166, 8.468070380000029], [37.32414821499998, 8.506083715000102], [37.302962136000076, 8.563050191000173], [37.2483144090001, 8.610351331], [37.23920923300011, 8.597853235000116], [37.21527563300009, 8.603946923000024], [37.17525769700012, 8.645763486000021], [37.17275680300014, 8.69074219700019], [37.13754202500007, 8.689878079000096], [37.14748787499997, 8.740058874000113], [37.17932456900019, 8.748022827000113], [37.179297329000065, 8.76430773800007], [37.204337474000056, 8.780433104999986], [37.21011455400003, 8.804406807000134], [37.20079590400013, 8.808767722000084], [37.213081737000095, 8.830134519000069], [37.198624224000184, 8.845499652000115], [37.21461664900011, 8.86573975400006], [37.20883248100006, 8.87805412500012], [37.15285389500008, 8.870648735000032], [37.147291761000076, 8.85934459400005], [37.08915595600001, 8.869671311000161], [37.059941708999986, 8.803893061000053], [37.01642326600006, 8.809661488000131], [36.9907929150001, 8.793676842000025], [36.993519953000146, 8.773936816000116], [37.01259169600007, 8.77748163400014], [37.01915466800011, 8.759531078000123], [36.99758502100019, 8.733157662000053], [36.9859574460001, 8.64608993100012], [36.95101451400012, 8.614192596000123], [36.898744792, 8.627159114999984], [36.886842429000126, 8.662774256000091], [36.85234071400015, 8.685015900000053], [36.793841665, 8.65434634800016], [36.73632356200011, 8.545541571000115], [36.72388488900003, 8.55384391500013], [36.66063992400018, 8.531342964000089], [36.69986789000018, 8.470168805000185], [36.722414750000155, 8.463382262000039], [36.72159266199998, 8.416324189000136], [36.7391219270001, 8.396828415000186], [36.730598165, 8.388242669000135], [36.75176618700016, 8.290034694000042], [36.74369694000018, 8.270223627], [36.760412626000175, 8.255265843000188], [36.79427396900007, 8.257725569000115], [36.789614031000156, 8.229843684], [36.826394690000086, 8.139873807000129], [36.79071464900011, 8.09377725600001], [36.788841402000116, 8.116398364000133], [36.75644735700007, 8.103317803000095], [36.74231089300014, 8.058720458000039], [36.72322870700009, 8.055503545000079], [36.6921436130001, 8.072075993999988], [36.66413598200006, 8.059302766000087], [36.64066994300015, 7.995769676000123], [36.58805062200014, 7.995099776000075], [36.582759839000175, 8.003913103], [36.602098321000085, 8.031826974000126], [36.56768493600015, 8.066194704000111], [36.5356084070001, 8.068626139000116], [36.531134377000114, 8.055423342000097], [36.479339498000115, 8.044704513000056], [36.422842265999975, 8.050193456999978], [36.391604175000055, 8.076214518000143], [36.39679644300014, 8.092676510000103], [36.36982332200006, 8.109583934000113], [36.3728668870001, 8.130090554000105], [36.35603642600012, 8.135377395000091], [36.32702580000017, 8.118259895000051], [36.30828131200019, 8.147798138000098], [36.28808158100014, 8.152976866000131], [36.28616397000019, 8.177498722999985], [36.26721299700006, 8.177766186000042], [36.282425942000145, 8.22710670400005], [36.24685794100003, 8.257721114], [36.234039185000086, 8.235884987000134], [36.159628691000194, 8.21666002500018], [36.09596541600018, 8.24048037900019], [36.08274513300012, 8.265151117000073], [36.06693119200003, 8.23827531500018], [36.08141549100009, 8.1769799650001], [36.07019193700012, 8.1501301240001], [36.04647124200005, 8.135778054000127], [36.01155605500014, 8.146633897000129], [35.95461399500016, 8.09567858500003], [35.91158470800019, 8.0828278030001], [35.92888532600006, 8.016806244], [35.88400101700006, 8.01652284], [35.90242834999998, 7.92620795900001], [35.84861863200001, 7.838964073], [35.99723771599997, 7.745119799000122], [36.05190735200006, 7.653905677000068], [36.03532741700019, 7.572582032000071], [36.062197248000075, 7.557481339], [36.12761685700008, 7.555641226000091], [36.15655667800013, 7.542620626000144], [36.22469624500013, 7.484387976000107], [36.3017557660001, 7.449876385000039], [36.348665484000094, 7.445416163000118], [36.37463531100008, 7.415574806000052], [36.48391965400003, 7.416009775000077], [36.59833394100002, 7.369032600000139], [36.632953738000026, 7.377862983000057], [36.65174360700013, 7.345011488000182], [36.714183207000076, 7.302139522000118]]]}}, {"type": "Feature", "properties": {"pcode": "ET0405", "area_name": "West Shewa", "parent_pcode": "ET04", "level": "zone"}, "geometry": {"type": "Polygon", "coordinates": [[[37.60245469199998, 8.61407698500011], [37.611185883000076, 8.652304803000106], [37.603527977000056, 8.681633020000106], [37.62479720200014, 8.65812431300003], [37.640850802000045, 8.705899925999972], [37.66973446300011, 8.68744991900013], [37.68038685400012, 8.718736823000143], [37.75970265799998, 8.747019878000174], [37.782703159000164, 8.76744284200015], [37.784550607000085, 8.794697174000078], [37.79389051100014, 8.784136085000114], [37.80950771800008, 8.789861563000102], [37.795215609000024, 8.814341164000098], [37.84033623200003, 8.801850983], [37.84740472500016, 8.82063238800015], [37.86970543500007, 8.81175050500002], [37.89060228800008, 8.822569122000175], [37.88601388300009, 8.814375637000182], [37.913953316000175, 8.804998741000077], [37.925549218000015, 8.782511693], [38.00256595500019, 8.766801553000107], [38.01260627200003, 8.750401087000057], [38.03558767200013, 8.784524616000056], [38.01377317500004, 8.794801181000082], [38.0215948230001, 8.812031561000026], [38.051315612999986, 8.83372694000019], [38.107366906000095, 8.837731125000118], [38.144123714000045, 8.817002001000048], [38.142268199000114, 8.848615200000154], [38.11624972700008, 8.888966509000056], [38.080574695999985, 8.892646915000114], [38.12160158700004, 8.93151575800016], [38.13839900600016, 8.920983793000119], [38.12461516500019, 8.892437967999967], [38.15680160900018, 8.885107308000045], [38.16529196600004, 8.902103735000082], [38.1981307910001, 8.893845709], [38.239164596000194, 8.879380041000047], [38.2525847230001, 8.852183592000188], [38.275273372000186, 8.857986753000091], [38.29478255400005, 8.89407729300018], [38.334575001000076, 8.913686103000089], [38.34682309100009, 8.892758472000025], [38.37823795200012, 8.889954343000113], [38.40883892800019, 8.852069497000059], [38.44401652300019, 8.879520335999985], [38.51817133400016, 8.861318145000041], [38.54556941699997, 8.938571864000096], [38.52153509600009, 8.95581081], [38.52335711200004, 8.984330283000133], [38.552213472, 9.013428923000049], [38.526997490000156, 9.035842806000176], [38.54738007100008, 9.073133350999967], [38.544160010000155, 9.115732703000049], [38.61992511100016, 9.16143388100005], [38.660625587000084, 9.149548272000061], [38.67366626500012, 9.164450898000155], [38.64921970100016, 9.186750122000092], [38.617421331000116, 9.193274388000077], [38.61252855600003, 9.177956779000056], [38.55369541400006, 9.17231137400006], [38.53458262300006, 9.202150366000126], [38.54873248700005, 9.208797204000177], [38.535890976000076, 9.214666773000033], [38.50886186800011, 9.200910003000104], [38.50991350800007, 9.24140847700005], [38.48388139100007, 9.253384118000156], [38.5105104320001, 9.327041970000153], [38.49861660100015, 9.342873600000132], [38.545174239000175, 9.368394149000096], [38.547297256000036, 9.391442111000174], [38.53102166200006, 9.416306489000078], [38.55554537, 9.441090200000133], [38.520831218000126, 9.465920223000182], [38.56804057200003, 9.492350671000167], [38.54935424300015, 9.503318336000177], [38.527183096000044, 9.566495715000087], [38.45856296400018, 9.588520309000046], [38.44457041099997, 9.605642856000088], [38.39653135600008, 9.609049010000149], [38.32124009600017, 9.675057973000094], [38.246070344000145, 9.693264839], [38.17776150000009, 9.687997371000108], [38.15091152000019, 9.64538053900003], [38.1256747270001, 9.639869627000053], [38.05593372100003, 9.76929564000011], [38.05049840800018, 9.822945558000185], [38.03331876500005, 9.848473202000093], [37.99972775800012, 9.870258048000096], [37.971195701000056, 9.869917863000126], [37.95436401300003, 9.899188995000145], [37.90932590200009, 9.930448536000085], [37.8699323080001, 9.907533973000113], [37.86039093500017, 9.912788657000078], [37.85593637200009, 9.8959411780001], [37.842680721000136, 9.896703164000087], [37.81602151100003, 9.867150363000121], [37.74852987700007, 9.855939259000138], [37.74289181200015, 9.840662288000033], [37.70065208000017, 9.836714383000185], [37.67449458700014, 9.861915525000029], [37.6367312000001, 9.833389895999971], [37.64213261500015, 9.751218873000028], [37.61630220799998, 9.671231728000123], [37.6291314500001, 9.62219677600018], [37.61666830500019, 9.597992767999983], [37.62069653700007, 9.542658931000119], [37.637738991000106, 9.509813553000129], [37.635325030000104, 9.454102231000036], [37.66444716500013, 9.415740160000041], [37.64550316500015, 9.360709001000146], [37.60436030300019, 9.34787057200009], [37.57834783300012, 9.31670660900005], [37.49820379800008, 9.329217985000128], [37.46676355600016, 9.31991289500013], [37.417862496000055, 9.244894366999972], [37.38950822100014, 9.163064466000037], [37.33704971600014, 9.158821778000174], [37.29140751300014, 9.17195186000015], [37.21068977400017, 9.218572261000077], [37.198159805000046, 9.238287383000113], [37.16084432800011, 9.250965736000069], [37.1181326250001, 9.218088364000096], [37.113460117000045, 9.193779259000053], [37.04974436300006, 9.206382161000079], [37.055655676000015, 9.177140800000132], [37.035597253000105, 9.153284284000108], [37.05682421600011, 9.086046622000026], [37.03013535600019, 9.081760233000011], [37.02919083000006, 9.025319778000096], [37.07999901600016, 8.98796547700016], [37.11090957400012, 8.988938284000085], [37.13852653700013, 8.961238537000156], [37.147447889000034, 8.96678442100017], [37.15160911900011, 8.928823657000066], [37.19402244500003, 8.923387682000168], [37.18589186700018, 8.898951332000138], [37.21465689600018, 8.867366423000078], [37.198624224000184, 8.845499652000115], [37.213081737000095, 8.830134519000069], [37.20079590400013, 8.808767722000084], [37.21011455400003, 8.804406807000134], [37.204337474000056, 8.780433104999986], [37.179297329000065, 8.76430773800007], [37.17932456900019, 8.748022827000113], [37.14748787499997, 8.740058874000113], [37.13788235500016, 8.689114367000172], [37.17275680300014, 8.69074219700019], [37.17525769700012, 8.645763486000021], [37.21527563300009, 8.603946923000024], [37.23920923300011, 8.597853235000116], [37.2483144090001, 8.610351331], [37.302962136000076, 8.563050191000173], [37.32414821499998, 8.506083715000102], [37.363330228000166, 8.468070380000029], [37.391087982000045, 8.404903789000059], [37.38638220000007, 8.388402229], [37.411966727000106, 8.37299600700004], [37.43114690400017, 8.33513385100008], [37.44490324600008, 8.342657574000043], [37.46096797500013, 8.318500559000142], [37.49856962700005, 8.403618948000087], [37.524823120000065, 8.420645181000111], [37.51957634000007, 8.448714853000183], [37.53492929000009, 8.490163440000117], [37.577554592000126, 8.525881334000132], [37.57996157100007, 8.565205596000055], [37.59388834400016, 8.566634498000155], [37.60501325000013, 8.588937978000104], [37.60245469199998, 8.61407698500011]]]}}, {"type": "Feature", "properties": {"pcode": "ET0406", "area_name": "North Shewa (OR)", "parent_pcode": "ET04", "level": "zone"}, "geometry": {"type": "Polygon", "coordinates": [[[38.50445608000007, 9.233911345000024], [38.50886186800011, 9.200910003000104], [38.54244494, 9.212665145000187], [38.54874466600006, 9.202168364000045], [38.53458262300006, 9.202150366000126], [38.53869146800014, 9.191052706000107], [38.564840127000025, 9.16842389499999], [38.57398682900009, 9.179046180000057], [38.61252855600003, 9.177956779000056], [38.617421331000116, 9.193274388000077], [38.67003256700002, 9.171504929000037], [38.705984258000115, 9.187308393000023], [38.71950334300004, 9.21588398700004], [38.73940145400013, 9.207819816000097], [38.75175150000007, 9.231954484000028], [38.85756512400019, 9.185792701000025], [38.94624458800013, 9.199445121000053], [38.94469060200015, 9.166945661000057], [39.003756525000085, 9.09330685100008], [38.99020397800007, 9.067864211000085], [39.00371289100019, 9.038013341000067], [38.997491259000014, 9.01759495400006], [38.96750187300012, 9.005788516], [38.990162659000134, 8.967106052000076], [38.9695738150001, 8.938856690000023], [38.97962129900009, 8.935317822000115], [38.96561186300005, 8.895710562000033], [38.97870261200006, 8.889267273000087], [38.98218487700012, 8.910512864000168], [39.00914453600012, 8.93054743200014], [39.00082288300018, 8.943395643000144], [39.02491533100016, 8.979374210000117], [39.01238573800009, 9.001691648000133], [39.02844126300005, 9.018708876000062], [39.03630586600019, 9.00175507300014], [39.06425475200007, 9.020797388000176], [39.095952996000165, 9.01402654500015], [39.10022289600016, 9.082779234000043], [39.126485145000174, 9.09970191900004], [39.162026524, 9.083043634000092], [39.24167752200009, 9.144991686000026], [39.188588721000144, 9.209260135000022], [39.21368251300004, 9.228121843999986], [39.177743712000165, 9.271073861], [39.20718808400011, 9.291940727999986], [39.23366221900011, 9.293612357000029], [39.26616884400005, 9.244486984000105], [39.284730547000095, 9.27753734300012], [39.26620577600005, 9.288451741000074], [39.264416277000066, 9.324190917000067], [39.28543756800008, 9.315796503000058], [39.3065452730001, 9.366090126000131], [39.31958581300012, 9.365580384000054], [39.325117202000115, 9.380519217000028], [39.35670594100014, 9.369031534000158], [39.39485193700011, 9.391904538000176], [39.42040920500017, 9.371451719000106], [39.45224233000016, 9.393915417000187], [39.44770576600013, 9.432491261], [39.39392723600008, 9.455048550000072], [39.37274111000005, 9.44683061000012], [39.37692353400007, 9.463288481000177], [39.363082137000106, 9.47386061400016], [39.30969186300001, 9.46768075600005], [39.294095184000184, 9.491740781000146], [39.31293988900018, 9.535559958000135], [39.329693778000035, 9.526557331000163], [39.34140090000005, 9.545392053000171], [39.36060447900013, 9.54606323600018], [39.388819113000125, 9.615740414000129], [39.3858586610001, 9.630821438000055], [39.35204852900006, 9.622053936999976], [39.37011478900007, 9.699377299000048], [39.339346295000155, 9.703918864000173], [39.34671639000004, 9.725141529000155], [39.320450965000134, 9.724124522000125], [39.297855516000084, 9.748032986000169], [39.287584113000094, 9.733964613000069], [39.26811777600017, 9.739742061000072], [39.24990599400002, 9.704906936000043], [39.2280630570001, 9.693712076000168], [39.18417257800007, 9.72006233899998], [39.184024695000176, 9.685757296000133], [39.145374471000025, 9.693345943000168], [39.13930268200011, 9.740658277000023], [39.09768602400004, 9.73544210600005], [39.10453200900008, 9.748596004000035], [39.09221344400004, 9.763080850000165], [38.990104350000024, 9.74597087400008], [38.97442031100019, 9.761105070000099], [38.95208805800007, 9.738662725000154], [38.960252750999985, 9.710757137000144], [38.93473306800013, 9.727943276000076], [38.904419831000155, 9.710338782000065], [38.821505269000056, 9.784497606000116], [38.79085286500015, 9.882626782000159], [38.802462994, 9.909464233000165], [38.79686775800019, 9.96772484700017], [38.66526509200003, 10.025918245000128], [38.66266513400018, 10.057361952], [38.72135744600001, 10.05144383400011], [38.85260123400013, 10.11805302100015], [38.833744314000114, 10.161852710000119], [38.835273491000066, 10.22573390600013], [38.86084374400019, 10.277980931], [38.845728709000014, 10.361023596000166], [38.772146040000166, 10.366160703], [38.74612205100016, 10.383746507000069], [38.7126352840001, 10.386869343000171], [38.66415636700003, 10.372755606000055], [38.630276588000186, 10.382174811000027], [38.47667664300013, 10.363259946000085], [38.47252905600004, 10.291804716000115], [38.46006729900006, 10.28997032], [38.45419122400011, 10.24668936800009], [38.41938480600004, 10.219846971000038], [38.42572464500017, 10.171756064000078], [38.397499996000136, 10.144277914999975], [38.366302158, 10.14048549500012], [38.34004956300009, 10.156221874000153], [38.32180950600019, 10.107186793999972], [38.308600941, 10.107952823000062], [38.29527498900018, 10.089247869000133], [38.25237559800013, 10.088427973000137], [38.240426651000064, 10.102633868000055], [38.15056522800012, 10.035121651000054], [38.13093968800007, 10.047449623000091], [38.11827721600008, 10.01775053700004], [38.087563260000024, 10.020250808000071], [38.043585946, 9.969779788000096], [37.95706717600012, 9.938637757000095], [37.932837886000186, 9.941279304999966], [37.93364543000007, 9.916549873000065], [37.971195701000056, 9.869917863000126], [38.00147910000004, 9.869605300000103], [38.04807753800003, 9.828049962000136], [38.05593372100003, 9.76929564000011], [38.1256747270001, 9.639869627000053], [38.15091152000019, 9.64538053900003], [38.17776150000009, 9.687997371000108], [38.246070344000145, 9.693264839], [38.32124009600017, 9.675057973000094], [38.39653135600008, 9.609049010000149], [38.44457041099997, 9.605642856000088], [38.45856296400018, 9.588520309000046], [38.52841805700018, 9.565100138], [38.54935424300015, 9.503318336000177], [38.56804057200003, 9.492350671000167], [38.520831218000126, 9.465920223000182], [38.5556313670001, 9.4405538850001], [38.53102166200006, 9.416306489000078], [38.547297256000036, 9.391442111000174], [38.545174239000175, 9.368394149000096], [38.49804148499999, 9.34067137400001], [38.5105104320001, 9.327041970000153], [38.482400974000086, 9.260919455000021], [38.50991350800007, 9.24140847700005], [38.50445608000007, 9.233911345000024]]]}}, {"type": "Feature", "properties": {"pcode": "ET0407", "area_name": "East Shewa", "parent_pcode": "ET04", "level": "zone"}, "geometry": {"type": "Polygon", "coordinates": [[[38.89763151000005, 8.003472315000124], [38.914661638000155, 8.026982279000094], [38.94647607899998, 8.162410490000127], [38.98630306100017, 8.191066761000172], [38.98519696900013, 8.260715639000068], [39.003931249000175, 8.29399052400015], [39.056081149000136, 8.31954388400004], [39.05917951500015, 8.372107992000167], [39.07878779800012, 8.370542360000115], [39.119473344000085, 8.326743485000065], [39.165011573000186, 8.323207713000045], [39.19124760100004, 8.270023474000084], [39.18275525500013, 8.23488972600012], [39.24148180900016, 8.239624657000093], [39.2638130950001, 8.364219313000035], [39.292487822000055, 8.389022271000158], [39.299753482000085, 8.381018120000022], [39.312506192000114, 8.397302374000049], [39.3419544030001, 8.39925921500003], [39.356192209000085, 8.37547731899997], [39.38603896400019, 8.376166616000091], [39.39908020600012, 8.42320469900011], [39.428231911000125, 8.40708641499998], [39.471925515000066, 8.41990206000014], [39.57352589100009, 8.523900088000119], [39.63039367100015, 8.531442250000168], [39.65158819300018, 8.567636490000098], [39.68539646400018, 8.580572756000038], [39.710448031, 8.60871403100009], [39.718091340000115, 8.63386305500012], [39.75568130400012, 8.650899842000115], [39.78495229000015, 8.647481196000058], [39.83640422600007, 8.673429066000097], [39.855078962000164, 8.667438153999967], [39.90486120200012, 8.716222080000136], [39.94314908300004, 8.704728127000124], [39.951593569000124, 8.677286807000144], [39.98095210400015, 8.661743818000105], [40.05398176800003, 8.708959353000068], [40.09004152600005, 8.77848211200012], [40.07381554900019, 8.81962146800015], [40.097906471000044, 8.863766593000094], [40.05118866900011, 8.84062929800018], [40.01040852700015, 8.856089392000058], [40.036618778000104, 8.906529287000183], [40.04745901399997, 8.977889205000054], [40.02192896100013, 9.002279258000101], [39.947628630000054, 9.00359944700017], [39.95186871700014, 9.02998941800007], [39.91874867000007, 9.068409475000124], [39.90901879700016, 9.131799454000031], [39.87765868700012, 9.14472952500006], [39.807734578000066, 9.135445119000167], [39.79380439300007, 9.112743744000056], [39.742452111000034, 9.091257804000122], [39.74801287400015, 8.910277915000165], [39.733277203000114, 8.826240115000076], [39.66213722700013, 8.81319248400007], [39.61702272300016, 8.786868968000022], [39.561986771000136, 8.817839618000164], [39.55178623600017, 8.768750596000189], [39.50075019000019, 8.71481253100012], [39.449226619000115, 8.752237944000115], [39.417751568000085, 8.814541965000103], [39.378164, 8.791171490000067], [39.377101170000174, 8.730897078000055], [39.361069288000124, 8.72094988900011], [39.324542076000114, 8.746886870000026], [39.298982556000055, 8.718513632000054], [39.27044801400007, 8.724513068000135], [39.2619521150001, 8.74693588100007], [39.27199310900011, 8.783044547000088], [39.24385495500002, 8.8276813], [39.26552645700008, 8.843076076000159], [39.23749115600009, 8.862024795000082], [39.24101508700005, 8.88892248400009], [39.26538142600009, 8.922385056000167], [39.25859961100019, 8.96263610700015], [39.28818837100005, 8.9989783850001], [39.296751314, 9.053268940000123], [39.35701227100009, 9.062080326], [39.323169034000045, 9.14878646000011], [39.24952222500019, 9.135586015000115], [39.24194358100016, 9.145502168000178], [39.162026524, 9.083043634000092], [39.126485145000174, 9.09970191900004], [39.10022289600016, 9.082779234000043], [39.103942772000096, 9.0218837970001], [39.07632138000014, 9.01011491900016], [39.06425475200007, 9.020797388000176], [39.03630586600019, 9.00175507300014], [39.02844126300005, 9.018708876000062], [39.01238573800009, 9.001691648000133], [39.02491533100016, 8.979374210000117], [39.00082288300018, 8.943395643000144], [39.00914453600012, 8.93054743200014], [38.98218487700012, 8.910512864000168], [38.97870261200006, 8.889267273000087], [38.963134189000186, 8.893191148000142], [38.939489440000045, 8.838088619000018], [38.886861159000034, 8.84570162200015], [38.862401826000166, 8.80831645100011], [38.823410326000044, 8.78809915000005], [38.79726710500006, 8.79333009100003], [38.78672326600014, 8.777066024000021], [38.75397516800018, 8.791781790000073], [38.719268753000165, 8.779567352000015], [38.70998685300009, 8.768049378000057], [38.72171907800009, 8.723523610000143], [38.74551893300014, 8.707637699000145], [38.751731403000065, 8.621092273000045], [38.72221035400008, 8.63713352600007], [38.69845375600016, 8.634764267000037], [38.689728206000154, 8.604902596000102], [38.70318538300006, 8.603698307000059], [38.70049562500009, 8.568638851000173], [38.731402900000035, 8.566645714], [38.763099958000055, 8.545540627000037], [38.74844793900019, 8.476962971000091], [38.76790562600013, 8.40165739300005], [38.74655164600006, 8.385580802999982], [38.69600181100009, 8.383734431000164], [38.667231758000014, 8.350485245000186], [38.65095223100013, 8.285082027000158], [38.71592177600007, 8.23115956800018], [38.68218734900012, 8.190427868000143], [38.68451186300007, 8.12245477200014], [38.67284312800018, 8.089863961000162], [38.63513376500015, 8.13233773100012], [38.59354445700018, 8.260199101000126], [38.54925865300004, 8.26268337099998], [38.542552826000076, 8.225849506000145], [38.58146253799998, 8.171877069000118], [38.583944895000116, 8.108104487000048], [38.62185218999997, 8.068412431000183], [38.612682218000145, 8.043301324000026], [38.62770176400011, 8.03359527900011], [38.597367683000186, 7.990588941000169], [38.563087169000084, 7.885196245000088], [38.51290808600004, 7.848910445000172], [38.49244288400013, 7.795393342000182], [38.44484742900016, 7.759533909000083], [38.43865298000003, 7.718867017999969], [38.4124333260001, 7.681553431000054], [38.420263009000166, 7.624342803000047], [38.40104308500008, 7.578700777000165], [38.42281813300019, 7.566743349000035], [38.430831929000135, 7.582924766000133], [38.45843016700013, 7.590980379000086], [38.45869745700003, 7.610449689000177], [38.49915906300009, 7.634498973000177], [38.545776811999986, 7.685335377000172], [38.612507559000164, 7.667242307000038], [38.71018398800015, 7.679583101999981], [38.7364519890001, 7.695803265000109], [38.747943539, 7.674387254000123], [38.75123242500018, 7.693231359000094], [38.77936823200014, 7.688673890000075], [38.75730567800008, 7.671100697000099], [38.78804592400013, 7.667555994000168], [38.79894547500004, 7.647758089000149], [38.81040659400003, 7.699381449000043], [38.84837869600017, 7.707185998], [38.87661116300018, 7.693196871000112], [38.89244976000015, 7.724149486999977], [38.8747074260001, 7.763494771000069], [38.86360453200018, 7.764961853000159], [38.87015139099998, 7.78517465900012], [38.85216365600019, 7.79257754200006], [38.857042352000065, 7.81455261200017], [38.83913574200017, 7.85625448900015], [38.80386081800003, 7.860712887999966], [38.77728358100006, 7.887557855000068], [38.89763151000005, 8.003472315000124]]]}}, {"type": "Feature", "properties": {"pcode": "ET0408", "area_name": "Arsi", "parent_pcode": "ET04", "level": "zone"}, "geometry": {"type": "Polygon", "coordinates": [[[39.498465968, 7.352225331000113], [39.522436748000075, 7.397228541000061], [39.543217053000035, 7.403853043000026], [39.556529626999975, 7.439804619000142], [39.60343296499997, 7.445809593000149], [39.641916344000094, 7.479992888000083], [39.66297353500005, 7.48074685600011], [39.671681162000084, 7.467093478000038], [39.70794411600008, 7.471727142000077], [39.772722464000026, 7.437781962000031], [39.80316116300014, 7.444739235000043], [39.82631977400001, 7.468817466000189], [39.85800501900002, 7.461961168000073], [39.876430444, 7.479465027], [39.95750809599997, 7.490553804000115], [39.97634706600019, 7.476323054000034], [40.069663826000124, 7.466176809000103], [40.10162518100003, 7.438628527], [40.159522730000106, 7.438362537000046], [40.290405167000074, 7.513974535000045], [40.3119429410001, 7.548147928000049], [40.42918141500013, 7.632387286000153], [40.462901663000025, 7.632096017000094], [40.50975676700011, 7.658202731000131], [40.55039928500008, 7.649541909000106], [40.56219181300003, 7.700359002000027], [40.62538312600009, 7.79142168900006], [40.70937973300005, 7.825477711000076], [40.72888930000005, 7.906272609000098], [40.663860840000154, 7.889218659000164], [40.652166330000114, 7.900970914000084], [40.59574280500016, 7.863616832000105], [40.544930249000174, 7.899245405000045], [40.54197575200004, 7.913033650000045], [40.46851852200018, 7.949216386000103], [40.38529000400001, 8.037316418999978], [40.39383169400014, 8.05464521], [40.35741911000002, 8.127986941000188], [40.38268835100013, 8.152237611000146], [40.38957479400017, 8.180790907000073], [40.374661116000084, 8.243473169000026], [40.312630585000136, 8.373184260000073], [40.299453156000084, 8.436046951000094], [40.30119507500007, 8.585315521000155], [40.27879928200019, 8.618227161000107], [40.25824153900004, 8.606609333000051], [40.258013061000156, 8.571573190000038], [40.22748214400008, 8.569621005000101], [40.18275648800011, 8.539058296000064], [40.16470873500015, 8.578629557000113], [40.17631028900013, 8.614824323000107], [40.14287521000011, 8.627474824000103], [40.11794180700008, 8.61843535600002], [40.07902313400018, 8.639574824000078], [40.042840920000174, 8.633388935000141], [40.022912088000055, 8.683983806000128], [39.976264068000035, 8.662186499000029], [39.951593569000124, 8.677286807000144], [39.94314908300004, 8.704728127000124], [39.90486120200012, 8.716222080000136], [39.855078962000164, 8.667438153999967], [39.83640422600007, 8.673429066000097], [39.78495229000015, 8.647481196000058], [39.75568130400012, 8.650899842000115], [39.718091340000115, 8.63386305500012], [39.710448031, 8.60871403100009], [39.68539646400018, 8.580572756000038], [39.65158819300018, 8.567636490000098], [39.63039367100015, 8.531442250000168], [39.57352589100009, 8.523900088000119], [39.471925515000066, 8.41990206000014], [39.428231911000125, 8.40708641499998], [39.39908020600012, 8.42320469900011], [39.38603896400019, 8.376166616000091], [39.356192209000085, 8.37547731899997], [39.3419544030001, 8.39925921500003], [39.312506192000114, 8.397302374000049], [39.299753482000085, 8.381018120000022], [39.292487822000055, 8.389022271000158], [39.2638130950001, 8.364219313000035], [39.24148180900016, 8.239624657000093], [39.18275525500013, 8.23488972600012], [39.19124760100004, 8.270023474000084], [39.165011573000186, 8.323207713000045], [39.11224308800013, 8.330291638000062], [39.07878779800012, 8.370542360000115], [39.05917951500015, 8.372107992000167], [39.056081149000136, 8.31954388400004], [39.002609854000184, 8.292885643000147], [38.982124787000146, 8.244691236000165], [38.98919603900009, 8.199663903000044], [38.98363515800014, 8.18355053900018], [38.94647607899998, 8.162410490000127], [38.914661638000155, 8.026982279000094], [38.77728358100006, 7.887557855000068], [38.80386081800003, 7.860712887999966], [38.83913574200017, 7.85625448900015], [38.857042352000065, 7.81455261200017], [38.85216365600019, 7.79257754200006], [38.87015139099998, 7.78517465900012], [38.86360453200018, 7.764961853000159], [38.8747074260001, 7.763494771000069], [38.89244976000015, 7.724149486999977], [38.875774869000054, 7.692640415000085], [38.87708418800014, 7.672866144000068], [38.89625355400011, 7.667485307000106], [38.884387324000045, 7.634935423000059], [38.89175172700004, 7.601720893000049], [38.871864376000076, 7.578733874000136], [38.88630304200012, 7.574985716000185], [38.87297367200017, 7.493979512000067], [38.86338424200005, 7.472949959000061], [38.849409147000074, 7.472865428000091], [38.86146041200004, 7.45505536800016], [38.841688907000105, 7.413294744000041], [38.855636794000134, 7.409420293000039], [38.85999883400012, 7.388655751000044], [38.849780126000155, 7.352260448999971], [38.87943345500008, 7.350782627000115], [38.90629199800003, 7.326582519000056], [38.94415945700018, 7.336569163000036], [38.97128153900019, 7.321086674000185], [39.0266104530001, 7.330294980000019], [39.054994013000055, 7.353025432000152], [39.069083420000084, 7.343628102000082], [39.12718517500019, 7.361876005000113], [39.12361100100003, 7.347369288000039], [39.16938434000002, 7.362282048000054], [39.209437576000084, 7.32893379], [39.20919932900017, 7.278151157000138], [39.22096332199999, 7.294311292999964], [39.23619848699997, 7.288661069], [39.27204977000008, 7.305235130000085], [39.30522045000015, 7.26864487000006], [39.33171639400007, 7.273840207000148], [39.33749432700006, 7.251670762000174], [39.420317774000125, 7.175623742000084], [39.44779644500011, 7.181182982000109], [39.445162058000165, 7.213810943000169], [39.50112774100006, 7.291145188000144], [39.498465968, 7.352225331000113]]]}}, {"type": "Feature", "properties": {"pcode": "ET0409", "area_name": "West Hararge", "parent_pcode": "ET04", "level": "zone"}, "geometry": {"type": "Polygon", "coordinates": [[[41.15002828500013, 8.095907497000155], [41.19571284000011, 8.13203774200008], [41.21177495500007, 8.135518062000074], [41.21997117500001, 8.12346766200011], [41.30215128000003, 8.154909951000093], [41.33290471700019, 8.158140127000024], [41.41736390000011, 8.11315085800004], [41.479684051, 8.135056646000123], [41.502583197000035, 8.123747757000103], [41.52225538200014, 8.07705394300001], [41.53038313100018, 7.972370737], [41.566181193000034, 7.993272835000027], [41.57760202100019, 8.0243054230001], [41.570696836000025, 8.161028159000068], [41.56077405800005, 8.170391124000162], [41.53573585800012, 8.165145646000099], [41.49778262900003, 8.197682437000083], [41.48756778300003, 8.25299911400009], [41.44841516100007, 8.279779985000062], [41.44397157000003, 8.314308775000086], [41.41261212700016, 8.32918108500013], [41.38582614600011, 8.362219977000166], [41.35839005200006, 8.351815890000012], [41.282331273000125, 8.389720222999983], [41.24600627299998, 8.445645565000063], [41.27730765300015, 8.528855383000064], [41.26817631500012, 8.613758586000131], [41.243544484000154, 8.659344009000051], [41.21028525700012, 8.684793712000157], [41.173157531000186, 8.76823396500015], [41.228115225000124, 8.872798211999964], [41.24512750500014, 8.965164951000133], [41.2799544450001, 9.03163261700007], [41.28910562100003, 9.085989256000119], [41.28300356500017, 9.117147242000101], [41.266477759000054, 9.132702278000124], [41.272988509000186, 9.152721998000118], [41.20669288700009, 9.179193717999965], [41.2808300370001, 9.267181455000184], [41.25396694500017, 9.302998785000057], [41.257799554000144, 9.339707650000037], [41.24069906800008, 9.350667430000044], [41.191843542000015, 9.45975447700016], [41.145445100000074, 9.42462566100005], [41.05648461700008, 9.391065970000056], [41.01407433100019, 9.357206139000027], [40.844103443000165, 9.3047967010001], [40.81256332600009, 9.310926782000081], [40.78882344700003, 9.386896769000145], [40.79764350800019, 9.395556737000106], [40.89121389900009, 9.389536466000152], [40.92751409900012, 9.405136336], [40.86218399100011, 9.463016470000127], [40.69856323100004, 9.44764696599998], [40.65955292800004, 9.404307129000074], [40.49882213300009, 9.375047621000135], [40.42577160500008, 9.304277894999984], [40.327020742, 9.154658312000095], [40.24550016100005, 9.074868599000013], [40.23780991000018, 8.99733868800007], [40.16988952200006, 8.96449889600018], [40.09636453700017, 8.86479562500017], [40.07381554900019, 8.81962146800015], [40.09004152600005, 8.77848211200012], [40.05398176800003, 8.708959353000068], [40.022912088000055, 8.683983806000128], [40.029522545000134, 8.646924507000051], [40.049483219000024, 8.63184255100009], [40.07902313400018, 8.639574824000078], [40.11794180700008, 8.61843535600002], [40.14287521000011, 8.627474824000103], [40.17631028900013, 8.614824323000107], [40.16470873500015, 8.578629557000113], [40.1831729860001, 8.538967164000155], [40.22748214400008, 8.569621005000101], [40.258013061000156, 8.571573190000038], [40.25824153900004, 8.606609333000051], [40.27879928200019, 8.618227161000107], [40.291123853000045, 8.606612833000156], [40.307362593, 8.514964193000026], [40.30700597700019, 8.396479169000031], [40.33081061200005, 8.317753297000138], [40.374661116000084, 8.243473169000026], [40.38957479400017, 8.180790907000073], [40.38268835100013, 8.152237611000146], [40.35741911000002, 8.127986941000188], [40.39383169400014, 8.05464521], [40.38529000400001, 8.037316418999978], [40.46851852200018, 7.949216386000103], [40.54197575200004, 7.913033650000045], [40.544930249000174, 7.899245405000045], [40.59574280500016, 7.863616832000105], [40.652166330000114, 7.900970914000084], [40.663860840000154, 7.889218659000164], [40.67885196499998, 7.900694542000167], [40.73342698300007, 7.89965385], [40.74033440200003, 7.927017137000178], [40.79896983500004, 7.961077788000068], [40.91633756300013, 7.956105077000132], [40.93677051200012, 7.96935751], [40.97714365500008, 7.970917693000047], [40.98974680200001, 7.995409677000055], [41.05176479000005, 8.011399203], [41.086387382, 8.062254360000054], [41.15002828500013, 8.095907497000155]]]}}, {"type": "Feature", "properties": {"pcode": "ET0410", "area_name": "East Hararge", "parent_pcode": "ET04", "level": "zone"}, "geometry": {"type": "Polygon", "coordinates": [[[41.92216392000017, 7.978105022000079], [41.94840464200007, 8.200894719000132], [42.02705375500011, 8.323024846000123], [42.02600558600017, 8.425834241000075], [42.06972595000008, 8.493974029000185], [42.23966702600012, 8.639883325000142], [42.263077100000146, 8.635953264000136], [42.323037013000146, 8.53677320800017], [42.52013754100011, 8.478712686], [42.567027021, 8.255612845000087], [42.61597690200017, 8.159602825000093], [42.65140693300003, 8.129672756000161], [42.70159725600013, 8.179612544], [42.76816804700019, 8.36317208500003], [42.89884863900005, 8.409101609000118], [42.91236904100015, 8.52210139300007], [42.90531921100006, 8.582221323999988], [42.838419246000115, 8.664391413000033], [42.83198932400012, 8.695231381000042], [42.86532986700013, 8.825111068000183], [42.73063980400008, 8.948021313000083], [42.64434990700005, 9.072981394000124], [42.59934556800005, 9.106174348000081], [42.63511011000014, 9.143971312000133], [42.63470016100007, 9.15852129000018], [42.58359016500003, 9.21538136700002], [42.551360282000076, 9.28657135700007], [42.556290423, 9.321051281000166], [42.537453342000106, 9.372981780000146], [42.64088981900011, 9.447462241999972], [42.776286019000054, 9.511891223000077], [42.813636848000044, 9.572585500000116], [42.86406022400013, 9.586591722000094], [42.90888087400015, 9.563247560000036], [42.96864195600011, 9.592193908000183], [42.97797974200017, 9.62861051699997], [42.950900710000155, 9.672497336000049], [42.93502672700009, 9.679967474000136], [42.907947424000156, 9.650087250000183], [42.853789080000126, 9.662226324000017], [42.73053226900015, 9.721053651000148], [42.69411559200017, 9.768675546000168], [42.647427344, 9.775212033000173], [42.56805714500018, 9.73692815000004], [42.49895844500014, 9.721054470000126], [42.339772808000134, 9.719617623000147], [42.25863541500007, 9.651581739000108], [42.22052027700016, 9.656161865000172], [42.18038008200011, 9.644342017000099], [42.124859761000096, 9.61452225000005], [42.15259966700006, 9.556372258000124], [42.074771083000144, 9.473716646000128], [42.03171901000002, 9.504402737000078], [41.98252383100004, 9.508492896], [41.91337842900003, 9.472463175000087], [41.859708268000134, 9.48801333], [41.81519805100004, 9.476743490000104], [41.77299792700012, 9.49105360700014], [41.702277556000126, 9.466653867000105], [41.65415740700007, 9.481234004000044], [41.642597468000076, 9.515143991000116], [41.540606997000054, 9.499584337000044], [41.49096665500008, 9.45742454700013], [41.308696037000175, 9.503075062000107], [41.23058568000016, 9.495680310000068], [41.191843542000015, 9.45975447700016], [41.24069906800008, 9.350667430000044], [41.257799554000144, 9.339707650000037], [41.25396694500017, 9.302998785000057], [41.2808300370001, 9.267181455000184], [41.20694697100015, 9.181586], [41.27384149400012, 9.151756275000082], [41.266477759000054, 9.132702278000124], [41.28300356500017, 9.117147242000101], [41.28910562100003, 9.085989256000119], [41.2799544450001, 9.03163261700007], [41.24512750500014, 8.965164951000133], [41.228115225000124, 8.872798211999964], [41.173157531000186, 8.76823396500015], [41.21028525700012, 8.684793712000157], [41.243544484000154, 8.659344009000051], [41.26817631500012, 8.613758586000131], [41.27730765300015, 8.528855383000064], [41.24671381700011, 8.443393712000159], [41.282331273000125, 8.389720222999983], [41.35839005200006, 8.351815890000012], [41.38582614600011, 8.362219977000166], [41.41261212700016, 8.32918108500013], [41.44397157000003, 8.314308775000086], [41.44841516100007, 8.279779985000062], [41.48756778300003, 8.25299911400009], [41.49778262900003, 8.197682437000083], [41.53573585800012, 8.165145646000099], [41.56077405800005, 8.170391124000162], [41.570696836000025, 8.161028159000068], [41.57760202100019, 8.0243054230001], [41.566181193000034, 7.993272835000027], [41.53791110500009, 7.974380727000039], [41.53655459900011, 7.935294831000135], [41.558954621000055, 7.921731990000126], [41.57158199700018, 7.847960018000151], [41.587557259000164, 7.862449767000044], [41.60372986400006, 7.841168023000137], [41.61241108900009, 7.787159901000052], [41.60388328199997, 7.766905490000113], [41.623327546000155, 7.733572248000087], [41.67384960500016, 7.695422298000096], [41.676489378000156, 7.670390106000184], [41.7056800360001, 7.658545516000174], [41.70073984700019, 7.634004438000034], [41.75291070600019, 7.612868507000144], [41.81944032900003, 7.561812741000097], [41.84608272700012, 7.557009937000089], [41.86143333900014, 7.530611228000168], [41.95714348700005, 7.774785126000154], [41.9124035160001, 7.844395182000028], [41.92216392000017, 7.978105022000079]], [[42.062912255000185, 9.27683740700013], [42.12914901400012, 9.388672600000064], [42.187439149, 9.361682445000042], [42.25299947600013, 9.383802192000132], [42.27031265900007, 9.361664396000094], [42.25851933300004, 9.334412256000121], [42.26604928300014, 9.309772269000064], [42.250309142000106, 9.28553235700008], [42.27203898800019, 9.21566739400015], [42.25944886800016, 9.19227247300006], [42.23371874200018, 9.185912564000091], [42.19745872100003, 9.219872631000044], [42.14855848700017, 9.206262811000158], [42.112408425000126, 9.230742891999967], [42.07368823800016, 9.220963026000106], [42.061332213000185, 9.226459058999978], [42.062912255000185, 9.27683740700013]]]}}, {"type": "Feature", "properties": {"pcode": "ET0411", "area_name": "Bale", "parent_pcode": "ET04", "level": "zone"}, "geometry": {"type": "Polygon", "coordinates": [[[39.774969684000155, 6.241729052999972], [39.853146723000066, 6.22337345800014], [39.90631397500016, 6.142680745000121], [39.90640813100015, 6.097844309000038], [39.86015726200003, 6.031298263], [39.86913290000018, 6.009355528000185], [39.860638306000055, 5.98898033800009], [39.927513698000155, 5.936147430000119], [39.97440034800019, 5.9314240920001], [39.98789220000009, 5.897536826000021], [40.02819359100016, 5.875207647000025], [40.117772684000045, 5.867736830000126], [40.155728173000114, 5.84770174200014], [40.188748443, 5.845718403999967], [40.19555588300017, 5.855611032000127], [40.24975049100004, 5.844126303000166], [40.27733260399998, 5.868280833000142], [40.38894872100013, 5.89715963000009], [40.44033566000013, 5.873412382000083], [40.46165814100016, 5.885823310000035], [40.51780304000016, 5.85748674000007], [40.53633011800014, 5.866285727000047], [40.548557229000096, 5.856662135000136], [40.55681606100006, 5.868337532000112], [40.57158285300005, 5.857448733000012], [40.58870298300013, 5.870515605000094], [40.608505048000154, 5.858304868000062], [40.63483445000014, 5.874178672000028], [40.64465734999999, 5.860468714999968], [40.672504688000174, 5.886809326000105], [40.697097667000094, 5.865253305000067], [40.71533949800016, 5.863695393000171], [40.7168997600001, 5.873418810000089], [40.74083736400007, 5.85304024800007], [40.76289726200014, 5.856417273000147], [40.79595192300013, 5.808222653000087], [40.82020557700014, 5.821013373000028], [40.83744434800013, 5.783300611000186], [40.880225979000045, 5.777148966000027], [40.893096997999976, 5.761051677000125], [40.87479519000004, 5.807898320000163], [40.87840553700005, 5.987518345000183], [40.866428984000095, 6.133653443000128], [40.88162104500003, 6.244343346000051], [40.863962389000164, 6.35103013700018], [40.824316741000075, 6.350110562], [40.80519634300009, 6.327686340000014], [40.76390436100007, 6.407695390000072], [40.67313021300015, 6.477522659999977], [40.640372168, 6.549419311000179], [40.66173995800017, 6.60535782400018], [40.64538702700008, 6.648175068000114], [40.66301338400018, 6.668849512000122], [40.6433072370001, 6.722644422000087], [40.692054754000026, 6.730303928000012], [40.753550507000114, 6.777321487000165], [40.74821424900017, 6.802726586000119], [40.76771636300015, 6.817733647000068], [40.75458618699997, 6.869376547000172], [40.76476619400006, 6.889155201000108], [40.725666574, 6.891156452000018], [40.70148033099997, 6.919110578000129], [40.72182409500016, 6.943867971000032], [40.70680898600011, 6.972975722000115], [40.654942977000076, 6.990900851000049], [40.64634684900011, 7.020148049000056], [40.61658353900003, 7.030647313000145], [40.613430091000055, 7.101899991000039], [40.567522207000025, 7.111100337000096], [40.53302689300011, 7.153177641000127], [40.50705611900014, 7.120510402000036], [40.466733747000035, 7.142818962000035], [40.433716046000086, 7.13863695200007], [40.46995205200011, 7.125425305000022], [40.47221408300015, 7.109701251], [40.45464347200004, 7.107066368000062], [40.460789124000144, 7.095561261000114], [40.43403906100008, 7.121054676000142], [40.40085180000011, 7.12551067000004], [40.39161227600016, 7.115247379000039], [40.36055661700004, 7.170794511000054], [40.294985530000076, 7.194219979000138], [40.275522487000046, 7.251731798000094], [40.33680802400016, 7.313043979000042], [40.322757824000064, 7.327105757000027], [40.32244949100004, 7.350921506000134], [40.36493912200018, 7.357271544000071], [40.37065629300008, 7.368173463000176], [40.36893910100014, 7.397067919000108], [40.35419655300012, 7.388786999000104], [40.330452884000124, 7.400103319999971], [40.3602366340001, 7.41225343800005], [40.347095246000094, 7.414106961000016], [40.3579426, 7.437965549000012], [40.339614593000135, 7.42618786800017], [40.33789221900008, 7.444782967000094], [40.372221082000124, 7.465009340000051], [40.384715232000076, 7.489153490000092], [40.34163482600019, 7.570190646000071], [40.290405167000074, 7.513974535000045], [40.159522730000106, 7.438362537000046], [40.10162518100003, 7.438628527], [40.069663826000124, 7.466176809000103], [39.97634706600019, 7.476323054000034], [39.95750809599997, 7.490553804000115], [39.876430444, 7.479465027], [39.85800501900002, 7.461961168000073], [39.82631977400001, 7.468817466000189], [39.80316116300014, 7.444739235000043], [39.772722464000026, 7.437781962000031], [39.737229519000095, 7.461915835000184], [39.69888346700009, 7.473799561000021], [39.671681162000084, 7.467093478000038], [39.65786712000005, 7.481544199000098], [39.63686975800016, 7.478076734000183], [39.60343296499997, 7.445809593000149], [39.558724065000035, 7.44120466600009], [39.543217053000035, 7.403853043000026], [39.52412451800012, 7.398292703000038], [39.5356609050001, 7.351827038000067], [39.577483797000184, 7.36313208200005], [39.58655063700007, 7.326763454000059], [39.63338307500004, 7.277191957000184], [39.634700674999976, 7.252590632000079], [39.68888249300005, 7.219768022000039], [39.69293258500011, 7.19142078200008], [39.664595731000134, 7.191015889000028], [39.62821678800009, 7.147867869000095], [39.593524076000165, 7.141170204000048], [39.602766569000096, 7.125607506000051], [39.616632427000184, 7.127239277000172], [39.612720564000085, 7.103818662000094], [39.62323384600006, 7.090641156000117], [39.65575232600003, 7.081491523000068], [39.66080902500016, 7.053727625000022], [39.67366534400014, 7.052731048000112], [39.680097650000164, 7.035862077000104], [39.67482967300009, 7.013197489000163], [39.71942946900009, 7.018378594000126], [39.709953848000055, 6.992750594000086], [39.73133481300016, 6.97143202400008], [39.729220352000084, 6.951585210000189], [39.770714578000025, 6.91512284099997], [39.74043863000014, 6.870785240000089], [39.68517581700013, 6.836078164000071], [39.61560761300012, 6.7613005770001], [39.64410683700004, 6.713081387000102], [39.64135721700012, 6.690209967999976], [39.59832346500019, 6.690689525000153], [39.579674191000095, 6.671067503000017], [39.52874731300005, 6.71997311500013], [39.50948580800019, 6.674403498000117], [39.46030305500017, 6.657417062000093], [39.420407803000046, 6.604671567000139], [39.426917435000064, 6.544691001000103], [39.401198178000186, 6.555539637000152], [39.34074514000014, 6.51994327500006], [39.33769915300013, 6.474031223000054], [39.29651855100002, 6.429959131000032], [39.278298415999984, 6.368666123000082], [39.29689838200011, 6.356577432000051], [39.36841738800007, 6.363805420000176], [39.40316860600018, 6.350784365999971], [39.41507445200011, 6.280797581000115], [39.46357983200011, 6.248999160000153], [39.46779831500004, 6.209658551000189], [39.49390348000003, 6.171343757000045], [39.55656293900006, 6.128348454000047], [39.60909392500014, 6.187162867000154], [39.61603021600018, 6.167291764000083], [39.64897041200004, 6.156339995000167], [39.68267932500015, 6.186738382000101], [39.68351785400017, 6.206504411000139], [39.75628612600008, 6.221797993000052], [39.774969684000155, 6.241729052999972]]]}}, {"type": "Feature", "properties": {"pcode": "ET0412", "area_name": "Borena", "parent_pcode": "ET04", "level": "zone"}, "geometry": {"type": "Polygon", "coordinates": [[[37.64826015400013, 3.955707706000112], [37.99805, 3.728610000000117], [38.03361, 3.698060000000112], [38.0561100000001, 3.651940000000138], [38.12111000000016, 3.61167], [38.448050000000194, 3.599440000000129], [38.51694, 3.62694], [38.913610000000176, 3.513890000000117], [39.091117958000154, 3.531103962000145], [39.22049612899997, 3.602478588000054], [39.28469638700011, 3.623078557000156], [39.39961698500019, 3.79565871799997], [39.499677537000025, 3.96572886000007], [39.478277542000114, 4.040328985000144], [39.52878786900004, 4.16673909800005], [39.539687995000065, 4.235169173000145], [39.57504469700018, 4.278307684000083], [39.405919152000024, 4.140013340000166], [39.29748713000015, 4.108847118000028], [39.13974816300009, 4.108847284000035], [39.049601028000154, 4.028949446000126], [39.04782053800005, 4.005108048000125], [39.02320579500014, 4.001246743000138], [38.79649419700007, 4.018096078000042], [38.76358701800001, 4.071407811000142], [38.74429171100002, 4.05130751300004], [38.70271960600019, 4.069356028000129], [38.58281985200006, 4.152846443000158], [38.44976269000017, 4.133520741000041], [38.44582362300014, 4.180311992999975], [38.420603671000094, 4.205324746000031], [38.43453003000013, 4.260557296000115], [38.39696278000008, 4.266442101000052], [38.390490754000155, 4.313038123000183], [38.46147337400009, 4.366691376000063], [38.4615700220001, 4.400207093], [38.481192291000184, 4.406754694000085], [38.44596139100014, 4.450861803000066], [38.42893465800012, 4.511159803999988], [38.38983463900013, 4.574508974000025], [38.43903667600017, 4.647106667000116], [38.440829343000075, 4.773527218000027], [38.46774856600007, 4.795772652000153], [38.449598887000036, 4.838505492000081], [38.459767969000154, 4.994263137000132], [38.450923235000175, 5.041041986000039], [38.518813967000085, 5.042776697000136], [38.54582270300017, 5.068296144000158], [38.593791232000115, 5.073557994000112], [38.60950902900004, 5.099581639000121], [38.63196432800004, 5.107709617000125], [38.60577333900005, 5.142466989000184], [38.565628143000026, 5.150548601000082], [38.52925440800004, 5.143805476000182], [38.52269692600015, 5.122895662000076], [38.459401852000155, 5.127389851999965], [38.44379228100007, 5.144497670000078], [38.44015203900017, 5.174749606999967], [38.3921720890001, 5.214898277000088], [38.39726703700012, 5.237608286000011], [38.33758269100008, 5.259811081000066], [38.31156801600014, 5.290558202000113], [38.30255822800018, 5.279050921000021], [38.23069437200013, 5.292099083000153], [38.21869485299999, 5.313669336999965], [38.17210738600011, 5.32349412100001], [38.13692502500015, 5.289364558000102], [38.12441402800016, 5.29764093700004], [38.1215591670001, 5.324501127000019], [38.101713196, 5.296699214000171], [38.10038492300015, 5.244959816000062], [38.035333557000115, 5.237933486000088], [38.01227562500014, 5.213997646000109], [37.99854761000017, 5.233095781000145], [37.961316520000025, 5.243625956000187], [37.96315823100008, 5.260780430000068], [37.91857251200008, 5.265062258000171], [37.9076891310001, 5.243269793000138], [37.852657442, 5.234646854000118], [37.81007817200003, 5.268299910000167], [37.77282881700012, 5.283351274000097], [37.74712925900019, 5.276610653000091], [37.700880053000105, 5.305883307000045], [37.67423051600002, 5.307643461], [37.646706038000104, 5.299287273000175], [37.62973481100005, 5.266009696000026], [37.41721498200013, 5.16655059500016], [37.36717585100013, 5.155099544000109], [37.34073631300009, 5.159599949999972], [37.292357141000025, 5.1943630990001], [37.216908441000044, 5.21268475], [37.18182905900011, 5.193923041000119], [37.112230264000175, 5.186272328000086], [36.94896665400017, 5.19468654700006], [36.892970983000055, 5.109787746], [36.860708967, 4.978767301000175], [36.85473946500008, 4.736059609000165], [36.828479986000104, 4.709174806000135], [36.64640914100016, 4.710757126000146], [36.68084120200007, 4.604300630000125], [36.657532315000026, 4.580373675999965], [36.714253964000136, 4.433850543000176], [36.88777, 4.43472], [37.0397200000001, 4.375550000000146], [37.099160000000154, 4.33167], [37.13027000000011, 4.28639], [37.64826015400013, 3.955707706000112]]]}}, {"type": "Feature", "properties": {"pcode": "ET0413", "area_name": "South West Shewa", "parent_pcode": "ET04", "level": "zone"}, "geometry": {"type": "Polygon", "coordinates": [[[37.98816628500015, 8.359525958000063], [38.02804107500003, 8.390282286000058], [38.06670582800018, 8.375966615000152], [38.13895542900008, 8.409418033000179], [38.16418088300003, 8.408050598000102], [38.18003017000018, 8.392867265000177], [38.217544956000154, 8.408777934000057], [38.26631466500015, 8.406637793000186], [38.31146435700015, 8.369946127999981], [38.30703432100006, 8.299693011000102], [38.347344031000034, 8.254240952000032], [38.43020872600016, 8.298750815000119], [38.47788344000003, 8.447359394000046], [38.501452516000086, 8.44396940900009], [38.526842520000116, 8.45761957000002], [38.575784188, 8.444891630000143], [38.590882148000105, 8.426018643000077], [38.61675172200006, 8.431138369], [38.65445164600004, 8.394637113000044], [38.667231758000014, 8.350485245000186], [38.69600181100009, 8.383734431000164], [38.7655069920001, 8.393375973000161], [38.748336753000046, 8.483948742000166], [38.763099958000055, 8.545540627000037], [38.731402900000035, 8.566645714], [38.70049562500009, 8.568638851000173], [38.70318538300006, 8.603698307000059], [38.689728206000154, 8.604902596000102], [38.69845375600016, 8.634764267000037], [38.72221035400008, 8.63713352600007], [38.751731403000065, 8.621092273000045], [38.74551893300014, 8.707637699000145], [38.72171907800009, 8.723523610000143], [38.7076504580001, 8.770451878000074], [38.65118805000003, 8.76628798600018], [38.628766982000116, 8.812015526000039], [38.60824691900007, 8.80521728900004], [38.54538138000015, 8.829058140000086], [38.51463502300004, 8.859941730000116], [38.44401652300019, 8.879520335999985], [38.40883892800019, 8.852069497000059], [38.37823795200012, 8.889954343000113], [38.34682309100009, 8.892758472000025], [38.334575001000076, 8.913686103000089], [38.29478255400005, 8.89407729300018], [38.275273372000186, 8.857986753000091], [38.2525847230001, 8.852183592000188], [38.239164596000194, 8.879380041000047], [38.1981307910001, 8.893845709], [38.16529196600004, 8.902103735000082], [38.15680160900018, 8.885107308000045], [38.12461516500019, 8.892437967999967], [38.13839900600016, 8.920983793000119], [38.12160158700004, 8.93151575800016], [38.080574695999985, 8.892646915000114], [38.11624972700008, 8.888966509000056], [38.142268199000114, 8.848615200000154], [38.144123714000045, 8.817002001000048], [38.107366906000095, 8.837731125000118], [38.051315612999986, 8.83372694000019], [38.01377317500004, 8.794801181000082], [38.03558767200013, 8.784524616000056], [38.0187780870001, 8.752384928000026], [38.00256595500019, 8.766801553000107], [37.92704303600016, 8.781654609000157], [37.913953316000175, 8.804998741000077], [37.88601388300009, 8.814375637000182], [37.89060228800008, 8.822569122000175], [37.86970543500007, 8.81175050500002], [37.84740472500016, 8.82063238800015], [37.84033623200003, 8.801850983], [37.795215609000024, 8.814341164000098], [37.80950771800008, 8.789861563000102], [37.79389051100014, 8.784136085000114], [37.784550607000085, 8.794697174000078], [37.782703159000164, 8.76744284200015], [37.75970265799998, 8.747019878000174], [37.68038685400012, 8.718736823000143], [37.66973446300011, 8.68744991900013], [37.640850802000045, 8.705899925999972], [37.62479720200014, 8.65812431300003], [37.603527977000056, 8.681633020000106], [37.60501325000013, 8.588937978000104], [37.59388834400016, 8.566634498000155], [37.57996157100007, 8.565205596000055], [37.571410495000066, 8.514447416000166], [37.55828952700017, 8.517886957000087], [37.529364760000135, 8.479411213000162], [37.524823120000065, 8.420645181000111], [37.557978897000055, 8.425509241000043], [37.57607877400005, 8.41406872500005], [37.611968519000186, 8.354086028000097], [37.66606321799998, 8.383537295], [37.717047880000166, 8.334095058], [37.74796771000018, 8.351765815000078], [37.816257282000095, 8.331804870000042], [37.862947009000095, 8.33570500999997], [37.92798665900017, 8.378166835000115], [37.98816628500015, 8.359525958000063]]]}}, {"type": "Feature", "properties": {"pcode": "ET0414", "area_name": "Guji", "parent_pcode": "ET04", "level": "zone"}, "geometry": {"type": "Polygon", "coordinates": [[[38.74114664600012, 5.608863779000103], [38.75651497200005, 5.563502772000106], [38.749610742000016, 5.499613230000136], [38.73850169600013, 5.478852631], [38.71584098300002, 5.474034198000027], [38.71620325900017, 5.447175885000092], [38.73585332700014, 5.387814458000037], [38.760656789000166, 5.380333815000085], [38.765946326, 5.351239181000096], [38.79822734200002, 5.324350106000054], [38.79140369200013, 5.311181917000056], [38.808630800000174, 5.317227520000131], [38.815346396000166, 5.295926035000036], [38.82199323100008, 5.305806158000166], [38.838679553000134, 5.296111071000098], [38.838569933000144, 5.260823272999971], [38.859531427000036, 5.241488472000071], [38.83402392100004, 5.212068429000112], [38.85295100200011, 5.191543088000117], [38.84780076200013, 5.162078427000154], [38.86107393700013, 5.165767238000115], [38.90997627500013, 5.109292671000162], [38.90472573100004, 5.100292858000103], [38.91642045100008, 5.119345679000105], [38.94774122300004, 5.119157530000052], [38.98481013600019, 5.141738789000158], [39.011854311000036, 5.124374062000015], [39.017323921000184, 5.095875472000159], [39.065521059000105, 5.047450972999968], [39.10967628999998, 5.05082952600003], [39.137407775999975, 5.137751193000099], [39.15836309100001, 5.13445348], [39.1463175290001, 5.159911708000038], [39.191088765000075, 5.264010457000097], [39.214811363000194, 5.367299132000085], [39.22970679300005, 5.374081309000189], [39.23593073700005, 5.44933455600011], [39.261878909000075, 5.495973652999965], [39.21838879600017, 5.551966794000066], [39.22835521100012, 5.564073203000135], [39.22249135100003, 5.661339632000136], [39.25027335400006, 5.676497874], [39.304848557000014, 5.679850364000117], [39.32933295000004, 5.73015491700005], [39.36638837100014, 5.74165603199998], [39.3921284060001, 5.722121287999983], [39.4016679930001, 5.749293001000126], [39.43841889100008, 5.756899634000035], [39.458896058000164, 5.810349693000035], [39.4435089430001, 5.845853739000063], [39.466226830000096, 5.889368207000132], [39.40946467499998, 5.930720162999989], [39.38379330300012, 5.968145016000108], [39.37390464900011, 6.03215606700013], [39.34006973000004, 6.058243243000106], [39.338297128000136, 6.079700482000135], [39.35784001900015, 6.095274301000018], [39.329687894000074, 6.125407640999981], [39.33656713400012, 6.154361302000098], [39.317303786000025, 6.167333597000095], [39.31813241400005, 6.20166102100012], [39.275390676000086, 6.272464957000068], [39.22126228800005, 6.278401937000126], [39.20331177300011, 6.30022677900007], [39.175116214000184, 6.284919791000107], [39.13783107400019, 6.324578443], [39.135192043000075, 6.359353459000147], [39.12526652800011, 6.356956690000175], [39.119546178000064, 6.298994291000042], [39.085967610000125, 6.252010342000062], [39.113207371000044, 6.176556888], [39.13185995300006, 6.158786172000134], [39.03448703000015, 6.137438774000088], [38.96059829700016, 6.159270747000164], [38.874109772000054, 6.300833539], [38.75795676400014, 6.40906830400013], [38.7071626340001, 6.392451803000085], [38.661453411000025, 6.419084203000125], [38.62674400800012, 6.417034019000141], [38.56654503800013, 6.440456127000061], [38.47528660000012, 6.430375209000147], [38.44103718900004, 6.405362953000065], [38.42375110500012, 6.365554395], [38.43468269200014, 6.19876580500005], [38.37697371000013, 6.164516717000083], [38.34217262900006, 6.082422892000125], [38.362942545000124, 6.074293940000075], [38.37736989000007, 6.087347652000119], [38.38685585800016, 6.078419343000064], [38.395184111000106, 6.098374228000125], [38.40194351700018, 6.073636159000102], [38.43214628900017, 6.070606694000162], [38.4617874490001, 6.025268559000097], [38.477865092000116, 6.02767569700012], [38.50538468200017, 5.999988010000095], [38.522407012000144, 5.999524475000044], [38.57858513600013, 5.942228651000107], [38.603732472, 5.94315667900014], [38.617238941000096, 5.908272598000167], [38.629477279000184, 5.908711674000074], [38.65340062100006, 5.876944569000045], [38.672231339000064, 5.884327195000139], [38.691194060999976, 5.836105566000072], [38.702954652000074, 5.833335691000116], [38.70028417300017, 5.811300122000034], [38.64064435500012, 5.789965268000117], [38.62202798700008, 5.824894797000184], [38.591089474, 5.841386643000135], [38.57246389500017, 5.819067740000037], [38.618264685999975, 5.772891664000042], [38.6251251920001, 5.69686206900019], [38.638956004000136, 5.670795179999971], [38.66399417800005, 5.669866517000173], [38.679994994000026, 5.63345804100004], [38.74114664600012, 5.608863779000103]]]}}, {"type": "Feature", "properties": {"pcode": "ET0415", "area_name": "West Guji", "parent_pcode": "ET04", "level": "zone"}, "geometry": {"type": "Polygon", "coordinates": [[[38.84441661200009, 5.170867225999984], [38.85295100200011, 5.191543088000117], [38.83402392100004, 5.212068429000112], [38.859531427000036, 5.241488472000071], [38.838569933000144, 5.260823272999971], [38.838679553000134, 5.296111071000098], [38.82199323100008, 5.305806158000166], [38.815346396000166, 5.295926035000036], [38.808630800000174, 5.317227520000131], [38.79140369200013, 5.311181917000056], [38.79822734200002, 5.324350106000054], [38.765946326, 5.351239181000096], [38.760656789000166, 5.380333815000085], [38.73585332700014, 5.387814458000037], [38.71620325900017, 5.447175885000092], [38.71584098300002, 5.474034198000027], [38.73850169600013, 5.478852631], [38.749610742000016, 5.499613230000136], [38.74937366600017, 5.595442753000043], [38.70582731100018, 5.629936017000148], [38.679994994000026, 5.63345804100004], [38.66399417800005, 5.669866517000173], [38.638956004000136, 5.670795179999971], [38.6251251920001, 5.69686206900019], [38.618264685999975, 5.772891664000042], [38.57246389500017, 5.819067740000037], [38.591089474, 5.841386643000135], [38.62202798700008, 5.824894797000184], [38.63935346600016, 5.790538834000188], [38.66707921200003, 5.793922347999967], [38.70166987300007, 5.812210303000143], [38.6872117420001, 5.862764448000121], [38.671753089000106, 5.88466197200006], [38.65340062100006, 5.876944569000045], [38.629477279000184, 5.908711674000074], [38.617238941000096, 5.908272598000167], [38.603732472, 5.94315667900014], [38.57858513600013, 5.942228651000107], [38.522407012000144, 5.999524475000044], [38.50538468200017, 5.999988010000095], [38.477865092000116, 6.02767569700012], [38.4617874490001, 6.025268559000097], [38.44571537300004, 6.05957374500008], [38.42600935800016, 6.074405367000111], [38.40348701500017, 6.072453247000112], [38.394072247999986, 6.098372980000022], [38.38685585800016, 6.078419343000064], [38.37736989000007, 6.087347652000119], [38.362942545000124, 6.074293940000075], [38.34217262900006, 6.082422892000125], [38.31388050500004, 6.027833492000127], [38.27924000300004, 6.006286885000179], [38.27171014100014, 5.986579348000021], [38.28225995100013, 5.970703664000041], [38.318949083, 5.975062712000124], [38.327529177000145, 5.95537227900013], [38.37480906600007, 5.943043287000023], [38.396085707000054, 5.920052383000041], [38.32532922300015, 5.868814446000101], [38.270430162000025, 5.868524416000128], [38.23923070200016, 5.844372226000132], [38.20799123799998, 5.840191838000123], [38.19969959400015, 5.864800523000099], [38.21481111600008, 5.893246647000069], [38.20373130500002, 5.935020423000026], [38.18097169200013, 5.941651025000112], [38.15034221200017, 6.000406334000104], [38.121592709000026, 6.016677806000075], [38.116492788000016, 6.050200836000045], [38.07986341200012, 6.116986871000108], [38.08672839300016, 6.161044785000058], [38.102301546000035, 6.180448387000013], [38.125063726000064, 6.155126650000057], [38.14138362000017, 6.154456615000129], [38.18739684100018, 6.182210307000162], [38.19792137500019, 6.206434972000181], [38.1737417810001, 6.266810420000184], [38.19757778500019, 6.319003268000131], [38.288230414000054, 6.359842237000066], [38.28240350100015, 6.437769978000119], [38.24559052900014, 6.468228601000078], [38.15522208000016, 6.439255981999963], [38.143491266000126, 6.458191833000058], [38.14968371900011, 6.496589192000158], [38.13928038800009, 6.506002737000017], [38.11451055800018, 6.499561886000095], [38.09073151500007, 6.526068446000181], [38.05159517900006, 6.534738812000114], [38.01884606200014, 6.573269380000113], [37.95266291200005, 6.549619914000175], [37.932700593000106, 6.557206405000045], [37.91261203100015, 6.590668957000105], [37.89277595400017, 6.596070541000074], [37.87148281900005, 6.582228514000121], [37.7999260040001, 6.478181572000153], [37.79745598700009, 6.429239352000025], [37.84008568700017, 6.378747021000038], [37.85215556300017, 6.304783646999965], [37.84026560100011, 6.248251081000149], [37.77809593500018, 6.149596620000068], [37.78977580000014, 6.049442044000102], [37.78317581900018, 6.010600270000111], [37.803736092000065, 5.993178829999977], [37.842965438000135, 6.0109402490001], [37.903975012000046, 5.960507907000135], [37.96857460200016, 5.956017667000083], [38.01987416700018, 5.79004003700004], [38.088883692000024, 5.745607964000158], [38.07516384600012, 5.688940437000042], [38.00801470400012, 5.650154599000075], [37.943519996000134, 5.639464151000141], [37.93017464400009, 5.616672147000088], [37.94781448700007, 5.537688512000102], [37.94681445500015, 5.474285600000087], [37.935224497000036, 5.423033255], [37.90121237500017, 5.373247752000054], [37.90205956400018, 5.25429742700004], [37.886762247000036, 5.23543368300011], [37.90984079000009, 5.244773100000089], [37.9145662680001, 5.263195844999984], [37.94337696600019, 5.265404732999968], [37.96371972700018, 5.260500193000098], [37.961316520000025, 5.243625956000187], [37.99854761000017, 5.233095781000145], [38.01367797300014, 5.214093571000149], [38.035333557000115, 5.237933486000088], [38.10038492300015, 5.244959816000062], [38.101713196, 5.296699214000171], [38.1215591670001, 5.324501127000019], [38.12441402800016, 5.29764093700004], [38.13692502500015, 5.289364558000102], [38.17210738600011, 5.32349412100001], [38.21770257600008, 5.314023101000146], [38.23069437200013, 5.292099083000153], [38.30255822800018, 5.279050921000021], [38.31156801600014, 5.290558202000113], [38.33758269100008, 5.259811081000066], [38.39570694499997, 5.239310948000025], [38.3921720890001, 5.214898277000088], [38.44015203900017, 5.174749606999967], [38.44379228100007, 5.144497670000078], [38.459401852000155, 5.127389851999965], [38.52269692600015, 5.122895662000076], [38.52987750400007, 5.144089970000095], [38.58877923199998, 5.14766304800014], [38.617798037, 5.134069031000081], [38.61307538500006, 5.124402547000159], [38.63196432800004, 5.107709617000125], [38.67796427600007, 5.116175774999988], [38.70822243100008, 5.089145915000131], [38.71334090200003, 5.058544014000063], [38.73048030900003, 5.056780292000155], [38.73930545400003, 5.073633065000024], [38.771961933000114, 5.06952884400016], [38.79276580300012, 5.10467029299997], [38.812678690999974, 5.091704413000116], [38.804030118000185, 5.115204589000086], [38.84441661200009, 5.170867225999984]]]}}, {"type": "Feature", "properties": {"pcode": "ET0416", "area_name": "Buno Bedele", "parent_pcode": "ET04", "level": "zone"}, "geometry": {"type": "Polygon", "coordinates": [[[36.81240348400007, 8.179114020000156], [36.789614031000156, 8.229843684], [36.793450807, 8.258964535000132], [36.760412626000175, 8.255265843000188], [36.74369694000018, 8.270223627], [36.75176618700016, 8.290034694000042], [36.730598165, 8.388242669000135], [36.7391219270001, 8.396828415000186], [36.72159266199998, 8.416324189000136], [36.722414750000155, 8.463382262000039], [36.69986789000018, 8.470168805000185], [36.66063992400018, 8.531342964000089], [36.613735004000034, 8.529736984000067], [36.6270965810001, 8.546503227000073], [36.59870968700005, 8.571983725000166], [36.556594455000095, 8.575042119000102], [36.53649806500016, 8.559182983000085], [36.52451603100013, 8.591765856000109], [36.50669921000008, 8.590359882000143], [36.44072680800008, 8.626696656000036], [36.41987764000004, 8.654288984000061], [36.40838006000013, 8.733055261000175], [36.382898047000026, 8.76112595700016], [36.37709662700013, 8.79239367800011], [36.35163744200014, 8.807132510000145], [36.35241812000004, 8.839219136000054], [36.33562476000003, 8.844717805000187], [36.32328763700002, 8.882064863000153], [36.293108632000155, 8.893225480000126], [36.23567039100004, 8.96725994000019], [36.21185495400016, 8.958108790000097], [36.177153744000066, 8.979810881000105], [36.14868770300018, 9.003750608000132], [36.15688218100013, 9.02067245000012], [36.09395163500011, 9.026676048000013], [36.086545823000165, 9.012616791000028], [36.05109232500007, 9.017041518000099], [36.01731407900013, 8.907835591000094], [35.97770838800011, 8.914213316000087], [35.956942471000104, 8.880650592999984], [35.93596559700012, 8.87641019300014], [35.9468739830001, 8.865028444000131], [35.920496336000156, 8.829863390000071], [35.88739562400019, 8.839564355000107], [35.868113870000116, 8.820536890000028], [35.88754576100007, 8.817092631000094], [35.88095357500015, 8.797496648000106], [35.89024530300014, 8.787195842000074], [35.92257422100005, 8.779298368000184], [35.923601505000136, 8.753980123000076], [35.892214989000024, 8.728074004000064], [35.86800059799998, 8.725365860000181], [35.87529219800007, 8.708077895000145], [35.858922577000044, 8.700576802000057], [35.85666064300011, 8.68024514800004], [35.87910161400015, 8.666378641000165], [35.90759356399997, 8.673751166000102], [35.94747530300015, 8.628334272000131], [35.980624716000136, 8.632841620000079], [35.992372964000026, 8.569135472000141], [35.98018659500008, 8.549486308000098], [35.99835695000007, 8.471350731000086], [35.991592796000134, 8.442325816000107], [36.00595462500013, 8.444175181000105], [36.00066428700012, 8.402845966000086], [36.04502156100011, 8.337214456000027], [36.087263387000064, 8.315991054000108], [36.08274513300012, 8.265151117000073], [36.09596541600018, 8.24048037900019], [36.159628691000194, 8.21666002500018], [36.234039185000086, 8.235884987000134], [36.24685794100003, 8.257721114], [36.282425942000145, 8.22710670400005], [36.26721299700006, 8.177766186000042], [36.28616397000019, 8.177498722999985], [36.28808158100014, 8.152976866000131], [36.30828131200019, 8.147798138000098], [36.32702580000017, 8.118259895000051], [36.35603642600012, 8.135377395000091], [36.3728668870001, 8.130090554000105], [36.36734697600019, 8.114062344000104], [36.39679644300014, 8.092676510000103], [36.391604175000055, 8.076214518000143], [36.40949185300019, 8.055544833000113], [36.479339498000115, 8.044704513000056], [36.531134377000114, 8.055423342000097], [36.5356084070001, 8.068626139000116], [36.56768493600015, 8.066194704000111], [36.602098321000085, 8.031826974000126], [36.58247466600011, 8.002747101000182], [36.5939310550001, 7.994255637000151], [36.64066994300015, 7.995769676000123], [36.66413598200006, 8.059302766000087], [36.6921436130001, 8.072075993999988], [36.74102939800008, 8.057981301000098], [36.76586461500017, 8.110965139000086], [36.788841402000116, 8.116398364000133], [36.78777069100005, 8.094713069000079], [36.797817707000036, 8.098135169000102], [36.825619927, 8.126837627000157], [36.81240348400007, 8.179114020000156]]]}}, {"type": "Feature", "properties": {"pcode": "ET0417", "area_name": "West Arsi", "parent_pcode": "ET04", "level": "zone"}, "geometry": {"type": "Polygon", "coordinates": [[[38.668000970000094, 7.05985724400017], [38.684450746000095, 7.033951444000024], [38.67741279700016, 7.005354711000109], [38.71050065800006, 7.012985094000044], [38.71116794900013, 6.973757076000084], [38.69477071600011, 6.957492603000048], [38.714084698000136, 6.860577375000048], [38.63985344200012, 6.812686850000034], [38.635670932000096, 6.771714267], [38.70555046400011, 6.742042868], [38.74229019400008, 6.700940976000084], [38.81792971400006, 6.703611031000094], [38.83775103000016, 6.674915718000022], [38.934424959000125, 6.655611414000077], [38.94942382099998, 6.643803218000073], [38.941678844000194, 6.61033670900008], [38.9596402250001, 6.60087935100006], [39.059308084, 6.608786533999989], [39.04844812400012, 6.569824785000094], [39.05256808600012, 6.556984197000133], [39.08621785500014, 6.545168636000085], [39.09661776400009, 6.521612558000072], [39.09539773400007, 6.472090315000059], [39.12526652800011, 6.356956690000175], [39.139149515000156, 6.355671409000138], [39.13783107400019, 6.324578443], [39.17765013700017, 6.284249868000188], [39.21577497900017, 6.307873256999983], [39.25218880400007, 6.372210281000093], [39.27935142299998, 6.369287796000094], [39.29651855100002, 6.429959131000032], [39.33769915300013, 6.474031223000054], [39.34074514000014, 6.51994327500006], [39.401198178000186, 6.555539637000152], [39.426917435000064, 6.544691001000103], [39.42762501400006, 6.619503116000089], [39.46953327800014, 6.66481471000003], [39.50948580800019, 6.674403498000117], [39.520206506000136, 6.714169634000029], [39.52874731300005, 6.71997311500013], [39.579674191000095, 6.671067503000017], [39.59832346500019, 6.690689525000153], [39.64135721700012, 6.690209967999976], [39.64410683700004, 6.713081387000102], [39.61560761300012, 6.7613005770001], [39.68517581700013, 6.836078164000071], [39.74043863000014, 6.870785240000089], [39.770714578000025, 6.91512284099997], [39.729220352000084, 6.951585210000189], [39.73133481300016, 6.97143202400008], [39.709953848000055, 6.992750594000086], [39.71942946900009, 7.018378594000126], [39.67482967300009, 7.013197489000163], [39.680097650000164, 7.035862077000104], [39.67366534400014, 7.052731048000112], [39.66080902500016, 7.053727625000022], [39.65575232600003, 7.081491523000068], [39.62323384600006, 7.090641156000117], [39.612720564000085, 7.103818662000094], [39.616632427000184, 7.127239277000172], [39.602766569000096, 7.125607506000051], [39.593524076000165, 7.141170204000048], [39.62821678800009, 7.147867869000095], [39.664595731000134, 7.191015889000028], [39.69293258500011, 7.19142078200008], [39.68888249300005, 7.219768022000039], [39.634700674999976, 7.252590632000079], [39.63338307500004, 7.277191957000184], [39.58655063700007, 7.326763454000059], [39.577483797000184, 7.36313208200005], [39.5356609050001, 7.351827038000067], [39.52412451800012, 7.398292703000038], [39.49773734300004, 7.354133983000111], [39.499425783000106, 7.287448189000031], [39.445162058000165, 7.213810943000169], [39.44779644500011, 7.181182982000109], [39.420317774000125, 7.175623742000084], [39.33749432700006, 7.251670762000174], [39.33171639400007, 7.273840207000148], [39.30522045000015, 7.26864487000006], [39.27204977000008, 7.305235130000085], [39.23619848699997, 7.288661069], [39.22096332199999, 7.294311292999964], [39.20919932900017, 7.278151157000138], [39.209437576000084, 7.32893379], [39.16938434000002, 7.362282048000054], [39.12361100100003, 7.347369288000039], [39.12718517500019, 7.361876005000113], [39.069083420000084, 7.343628102000082], [39.054994013000055, 7.353025432000152], [39.0266104530001, 7.330294980000019], [38.97128153900019, 7.321086674000185], [38.94415945700018, 7.336569163000036], [38.90629199800003, 7.326582519000056], [38.87943345500008, 7.350782627000115], [38.849780126000155, 7.352260448999971], [38.85999883400012, 7.388655751000044], [38.855636794000134, 7.409420293000039], [38.841688907000105, 7.413294744000041], [38.86146041200004, 7.45505536800016], [38.849409147000074, 7.472865428000091], [38.86338424200005, 7.472949959000061], [38.87297367200017, 7.493979512000067], [38.88630304200012, 7.574985716000185], [38.871864376000076, 7.578733874000136], [38.89175172700004, 7.601720893000049], [38.884387324000045, 7.634935423000059], [38.89625355400011, 7.667485307000106], [38.87708418800014, 7.672866144000068], [38.875950585000055, 7.692757333000145], [38.84837869600017, 7.707185998], [38.81040659400003, 7.699381449000043], [38.79894547500004, 7.647758089000149], [38.78804592400013, 7.667555994000168], [38.75730567800008, 7.671100697000099], [38.77936823200014, 7.688673890000075], [38.75123242500018, 7.693231359000094], [38.747943539, 7.674387254000123], [38.7364519890001, 7.695803265000109], [38.71018398800015, 7.679583101999981], [38.612507559000164, 7.667242307000038], [38.545776811999986, 7.685335377000172], [38.49915906300009, 7.634498973000177], [38.45869745700003, 7.610449689000177], [38.45843016700013, 7.590980379000086], [38.41904357600009, 7.569160510000131], [38.42674865100014, 7.514721252000072], [38.34122879100016, 7.478579378], [38.327244892000124, 7.461681727000155], [38.31891194300016, 7.41416739500005], [38.279442839000126, 7.380599418000031], [38.28152741700012, 7.338683435000178], [38.26521009900006, 7.306723977000104], [38.08696524200013, 7.194943441000134], [38.0614289990001, 7.072213040000179], [38.06415474100004, 7.043386989000112], [38.117114364000145, 6.98091412500014], [38.146584174000054, 6.977463948000036], [38.19379390600017, 7.012345484000093], [38.237920596000095, 7.02005471300015], [38.32189493300007, 7.161742447], [38.34219310100019, 7.164452227000027], [38.378072847000055, 7.129760635000082], [38.460022326000114, 7.118190046000109], [38.480022182000084, 7.090398776000143], [38.54611452500018, 7.090876842000057], [38.58364155400017, 7.126290302000086], [38.61149138000019, 7.124180187000036], [38.64617113900016, 7.09554310600015], [38.63695117400016, 7.06609754699997], [38.668000970000094, 7.05985724400017]]]}}, {"type": "Feature", "properties": {"pcode": "ET0418", "area_name": "Kelem Wellega", "parent_pcode": "ET04", "level": "zone"}, "geometry": {"type": "Polygon", "coordinates": [[[34.99539696700003, 8.465908389999981], [35.00007220200007, 8.486667780000062], [35.029655379000076, 8.49483476600011], [35.03256349700018, 8.51371617600006], [35.050129887000026, 8.52076476800005], [35.11524830200017, 8.498252692999984], [35.18144554200012, 8.510918071000049], [35.18944944100008, 8.540546592999988], [35.20059680100013, 8.540435602000116], [35.115689173000135, 8.614517818000081], [35.123965435000116, 8.662498346000177], [35.14399083000012, 8.667161509000096], [35.14797284000008, 8.692441962000089], [35.204806444000155, 8.731573816000093], [35.21483515900013, 8.756815250000102], [35.23416994799999, 8.72174121800009], [35.254806522000024, 8.755909450000104], [35.273082567000074, 8.753074059000085], [35.28291158800005, 8.732928898000125], [35.30829007300014, 8.747887261000074], [35.36346773200006, 8.738556336000158], [35.3726338460001, 8.758870699000113], [35.409253666000154, 8.775662818000114], [35.40011043100009, 8.800396109000076], [35.410705233000044, 8.814243822000037], [35.440369044000136, 8.82234592900005], [35.42438304900003, 8.846099124000148], [35.443761284000175, 8.859692961], [35.43946686600009, 8.888586244000123], [35.45165316500004, 8.90491227800004], [35.43999165400004, 8.91535948700016], [35.41120658900013, 8.912394658999972], [35.398472846, 8.94764189600005], [35.37854455600012, 8.93647723000015], [35.364076483000076, 8.950557654000022], [35.35076381600015, 8.944729228000085], [35.337393148, 8.962223060000156], [35.343713090000165, 9.005828847000089], [35.312900303, 9.058430259999966], [35.278762214000096, 9.07070809400011], [35.280250967000086, 9.09327511400005], [35.26333744700008, 9.078276668], [35.23394487900015, 9.110459707000189], [35.22021635800013, 9.096511378000116], [35.197068422000086, 9.115842481000072], [35.188242745000025, 9.104895733999967], [35.12486680600017, 9.215501186000097], [35.137952084000176, 9.229179148000071], [35.1270666100001, 9.259166609000147], [35.05515764800009, 9.315834412000072], [35.01300540000011, 9.313444466000021], [34.97682959300016, 9.35317230700008], [34.93136692200005, 9.360126755000124], [34.92575245100011, 9.39014846300006], [34.94031102000008, 9.400735463000103], [34.918305126000064, 9.39913737300003], [34.9221106870001, 9.34833092100007], [34.87267887700011, 9.291720107000117], [34.87176090100019, 9.263933099000155], [34.8515757240001, 9.251444634999984], [34.82992081200018, 9.256112967999968], [34.822108163999985, 9.239864680000096], [34.791459, 9.249562326000103], [34.77782155300008, 9.173628319000045], [34.69866601300015, 9.174889399999984], [34.590828208000175, 9.139799314000072], [34.52775657200016, 9.18873102700013], [34.486183263000044, 9.150103325000089], [34.4209174180001, 9.153892158000133], [34.37900471700016, 9.130610478999984], [34.426835009000115, 9.07179545400004], [34.45833001600016, 9.073183166000092], [34.50370799100017, 9.004134039000178], [34.43065100400008, 8.967436632000044], [34.13440686100006, 8.9625607750001], [34.12424570300004, 8.651479982000126], [34.18963902100012, 8.651632735000078], [34.279388977, 8.708837029000108], [34.31242902300011, 8.682099813000093], [34.345471368000176, 8.600099974000102], [34.358223376000126, 8.522043527999983], [34.31329640800004, 8.389928504000125], [34.34728014300015, 8.376647333000165], [34.52268710100003, 8.475544933000037], [34.55652675400012, 8.455134120000082], [34.57427349900007, 8.403479556999969], [34.728751828000156, 8.390022244000022], [34.7852504330001, 8.355242661000148], [34.79507204599997, 8.326909195999974], [34.785803330000135, 8.303639340000018], [34.826427111000044, 8.261935566000034], [34.85509482500004, 8.250647129000129], [34.96504464100008, 8.24721609900007], [34.98204032100017, 8.327666160000092], [34.952743025000075, 8.353883962999987], [34.99539696700003, 8.465908389999981]]]}}, {"type": "Feature", "properties": {"pcode": "ET0419", "area_name": "Horo Gudru Wellega", "parent_pcode": "ET04", "level": "zone"}, "geometry": {"type": "Polygon", "coordinates": [[[37.20816695100007, 9.223811928000089], [37.31236385000011, 9.16427637400011], [37.38950822100014, 9.163064466000037], [37.417862496000055, 9.244894366999972], [37.46676355600016, 9.31991289500013], [37.49820379800008, 9.329217985000128], [37.57834783300012, 9.31670660900005], [37.60436030300019, 9.34787057200009], [37.64780618000003, 9.363205771000139], [37.66444716500013, 9.415740160000041], [37.635325030000104, 9.454102231000036], [37.637738991000106, 9.509813553000129], [37.62069653700007, 9.542658931000119], [37.61666830500019, 9.597992767999983], [37.62910080000006, 9.625703637000186], [37.61630220799998, 9.671231728000123], [37.64213261500015, 9.751218873000028], [37.6367312000001, 9.833389895999971], [37.669121203000145, 9.860175029000118], [37.592396684, 9.918764587000169], [37.586934200000144, 9.939397922000182], [37.557232403000114, 9.953861312000186], [37.52923692900009, 9.996176773000059], [37.44446959400011, 10.014559267000152], [37.398275411999975, 10.04615045300011], [37.356983174000106, 10.040231709000125], [37.34475117200003, 10.005818236000152], [37.32953961600015, 10.00584845200018], [37.28771184400017, 10.06287918300012], [37.21331582300013, 10.08790783100011], [37.16770232300007, 10.16327334600004], [37.19989674900006, 10.223296519000144], [37.18181111400014, 10.241264534000095], [37.087101871000186, 10.259494065000013], [37.045871990000194, 10.288399330000061], [37.01326530000006, 10.28493867300017], [36.97992079900007, 10.314026481000099], [36.89796121, 10.312848153000118], [36.86924151600016, 10.34069289900009], [36.81700781300009, 10.34174155800008], [36.850969885000154, 10.259149725000157], [36.86540257000013, 10.250308178000182], [36.847479651000185, 10.183217965000154], [36.88662442000009, 10.162812626000118], [36.89734170100019, 10.133319203000099], [36.88609663100004, 10.101860421000083], [36.900480854000136, 10.058682649000161], [36.8935545440001, 10.017747320000012], [36.91199457500005, 10.016811542000085], [36.91707360900017, 10.003571472000033], [36.89408894899998, 9.977516601000161], [36.9200030770001, 9.95453666300017], [36.89645493000012, 9.915393381000115], [36.9076468020001, 9.904008842000053], [36.929001703000154, 9.917054588000155], [36.90686650100014, 9.896056956000052], [36.91523889000018, 9.858979004], [36.904627162, 9.849904763000154], [36.92225423800011, 9.820832099000029], [36.875808340000106, 9.779580816000077], [36.79136162300017, 9.759769749000043], [36.775449804000175, 9.74170857100006], [36.7825394190001, 9.708445625000024], [36.763725905000115, 9.688524524000115], [36.72188198000015, 9.688966506999975], [36.69140279200019, 9.673531803000117], [36.673172621, 9.634037391000106], [36.6797527220001, 9.602890259000105], [36.66643149200013, 9.58640223700013], [36.66171643600006, 9.505996195000137], [36.73370168600002, 9.416566575000104], [36.7542077440001, 9.42378409600019], [36.79518437400003, 9.411922129000061], [36.83118221500018, 9.433101831999977], [36.82967609200017, 9.461327807000146], [36.883816922000165, 9.48813484800013], [36.91797173500004, 9.441272638000157], [36.95520464400005, 9.470629180000117], [36.998285459000044, 9.448975426000118], [37.03147184800014, 9.45861941100003], [37.03492325500014, 9.427589860000126], [37.06325726500006, 9.425828399000125], [37.05215616900011, 9.379059827999981], [37.07257990700015, 9.348992449000093], [37.06746755400019, 9.321837939000034], [37.07729333100002, 9.329250815000023], [37.08822444000003, 9.30243916400019], [37.11327478600009, 9.30768742500004], [37.15646047700005, 9.267930598000078], [37.15432299400004, 9.253194414000063], [37.20816695100007, 9.223811928000089]]]}}, {"type": "Feature", "properties": {"pcode": "ET0420", "area_name": "Shager City", "parent_pcode": "ET04", "level": "zone"}, "geometry": {"type": "Polygon", "coordinates": [[[38.70634566300009, 8.771228243999985], [38.75397516800018, 8.791781790000073], [38.78672326600014, 8.777066024000021], [38.79726710500006, 8.79333009100003], [38.823410326000044, 8.78809915000005], [38.862401826000166, 8.80831645100011], [38.886861159000034, 8.84570162200015], [38.939489440000045, 8.838088619000018], [38.96323171900008, 8.880459338000094], [38.97962129900009, 8.935317822000115], [38.9695738150001, 8.938856690000023], [38.990349990000084, 8.959810274000176], [38.96750187300012, 9.005788516], [38.997491259000014, 9.01759495400006], [39.00371289100019, 9.038013341000067], [38.99020397800007, 9.067864211000085], [39.003756525000085, 9.09330685100008], [38.94469060200015, 9.166945661000057], [38.94624458800013, 9.199445121000053], [38.85756512400019, 9.185792701000025], [38.75175150000007, 9.231954484000028], [38.73940145400013, 9.207819816000097], [38.71950334300004, 9.21588398700004], [38.705984258000115, 9.187308393000023], [38.67251978700011, 9.175207322], [38.66516130500003, 9.151627304000158], [38.61992511100016, 9.16143388100005], [38.544160010000155, 9.115732703000049], [38.54738007100008, 9.073133350999967], [38.526997490000156, 9.035842806000176], [38.552213472, 9.013428923000049], [38.52335711200004, 8.984330283000133], [38.52153509600009, 8.95581081], [38.54556941699997, 8.938571864000096], [38.52939481800007, 8.916324146000136], [38.51592210800004, 8.850389842000084], [38.601257963000194, 8.807392503000074], [38.628766982000116, 8.812015526000039], [38.65118805000003, 8.76628798600018], [38.70634566300009, 8.771228243999985]], [[38.68354109900008, 9.050037711000073], [38.68540800500017, 9.073027127000103], [38.76521422400003, 9.09815030100009], [38.79131179199999, 9.077681516000155], [38.876320806000194, 9.081584122000095], [38.90624370900008, 8.977418691000025], [38.896759233000125, 8.937026941000056], [38.855555243000026, 8.938292853000178], [38.87944709200008, 8.918314232000114], [38.868717092000054, 8.873035683000182], [38.86380897200007, 8.882850647000112], [38.82600142900009, 8.880187270000135], [38.82439300400017, 8.841332266000109], [38.79758392800011, 8.833485285000165], [38.780594873000155, 8.835919558000057], [38.77299176000014, 8.857467391000114], [38.7455176040001, 8.86342367300017], [38.743589381, 8.902585569000166], [38.63940538700007, 8.97403583300013], [38.65464467800007, 8.976936648000049], [38.651942039000176, 9.010284438000042], [38.66703636400001, 9.01002778100002], [38.68354109900008, 9.050037711000073]]]}}, {"type": "Feature", "properties": {"pcode": "ET0421", "area_name": "East Bale", "parent_pcode": "ET04", "level": "zone"}, "geometry": {"type": "Polygon", "coordinates": [[[41.07120765100018, 6.687897910000174], [41.13102787300011, 6.691257775999986], [41.22846808100019, 6.623007581000081], [41.43778865400003, 6.543967151000061], [41.528008793000026, 6.464936979000072], [41.619688883000094, 6.361716810000019], [41.633348992000094, 6.3913867710001], [41.690329268000085, 6.429416634000177], [41.757879747000175, 6.540536444000168], [41.81966002100006, 6.570476295], [41.853665850000084, 6.568909076000125], [41.86073008300008, 6.535341221000124], [41.88798017099998, 6.535346155000184], [41.999540669000055, 6.589845874000105], [41.99918079000008, 6.641615850000107], [42.055531229, 6.748755663000054], [42.076231629000176, 6.886735527999974], [42.16264221300003, 7.007115234000025], [42.157612300000096, 7.051325216000123], [42.20470268600013, 7.141035027000157], [42.20985301500019, 7.264004914], [42.19911009600014, 7.291440179000119], [41.896122317000106, 7.411205596000059], [41.86746099100009, 7.53123321400011], [41.84608272700012, 7.557009937000089], [41.81944032900003, 7.561812741000097], [41.75291070600019, 7.612868507000144], [41.70073984700019, 7.634004438000034], [41.7056800360001, 7.658545516000174], [41.676489378000156, 7.670390106000184], [41.67384960500016, 7.695422298000096], [41.623327546000155, 7.733572248000087], [41.60388328199997, 7.766905490000113], [41.61241108900009, 7.787159901000052], [41.60372986400006, 7.841168023000137], [41.587557259000164, 7.862449767000044], [41.57158199700018, 7.847960018000151], [41.558954621000055, 7.921731990000126], [41.53655459900011, 7.935294831000135], [41.52225538200014, 8.07705394300001], [41.493683235000105, 8.13169037700004], [41.41736390000011, 8.11315085800004], [41.33290471700019, 8.158140127000024], [41.21997117500001, 8.12346766200011], [41.206426623000084, 8.135372541000038], [41.14602697700019, 8.085375806000172], [41.09793339100008, 8.07166351800015], [41.05176479000005, 8.011399203], [40.98974680200001, 7.995409677000055], [40.97714365500008, 7.970917693000047], [40.93677051200012, 7.96935751], [40.91633756300013, 7.956105077000132], [40.8127042590001, 7.963708948000033], [40.78375271400017, 7.953705928000147], [40.74033440200003, 7.927017137000178], [40.70937973300005, 7.825477711000076], [40.63943423100011, 7.800969920000057], [40.604491548000055, 7.749075736000123], [40.58523434400013, 7.743741375000127], [40.55039928500008, 7.649541909000106], [40.50975676700011, 7.658202731000131], [40.462901663000025, 7.632096017000094], [40.42918141500013, 7.632387286000153], [40.34163482600019, 7.570190646000071], [40.384715232000076, 7.489153490000092], [40.372221082000124, 7.465009340000051], [40.33789221900008, 7.444782967000094], [40.339614593000135, 7.42618786800017], [40.3579426, 7.437965549000012], [40.347095246000094, 7.414106961000016], [40.3602366340001, 7.41225343800005], [40.330452884000124, 7.400103319999971], [40.35419655300012, 7.388786999000104], [40.36893910100014, 7.397067919000108], [40.37065629300008, 7.368173463000176], [40.36493912200018, 7.357271544000071], [40.32244949100004, 7.350921506000134], [40.322757824000064, 7.327105757000027], [40.33680802400016, 7.313043979000042], [40.275522487000046, 7.251731798000094], [40.294985530000076, 7.194219979000138], [40.36055661700004, 7.170794511000054], [40.39161227600016, 7.115247379000039], [40.40085180000011, 7.12551067000004], [40.43403906100008, 7.121054676000142], [40.460789124000144, 7.095561261000114], [40.45464347200004, 7.107066368000062], [40.47221408300015, 7.109701251], [40.46995205200011, 7.125425305000022], [40.433716046000086, 7.13863695200007], [40.466733747000035, 7.142818962000035], [40.50705611900014, 7.120510402000036], [40.53302689300011, 7.153177641000127], [40.567522207000025, 7.111100337000096], [40.613430091000055, 7.101899991000039], [40.61658353900003, 7.030647313000145], [40.64634684900011, 7.020148049000056], [40.654942977000076, 6.990900851000049], [40.70680898600011, 6.972975722000115], [40.72182409500016, 6.943867971000032], [40.70148033099997, 6.919110578000129], [40.725666574, 6.891156452000018], [40.76476619400006, 6.889155201000108], [40.75458618699997, 6.869376547000172], [40.76771636300015, 6.817733647000068], [40.74821424900017, 6.802726586000119], [40.753550507000114, 6.777321487000165], [40.692054754000026, 6.730303928000012], [40.6433072370001, 6.722644422000087], [40.66301338400018, 6.668849512000122], [40.64538702700008, 6.648175068000114], [40.66173995800017, 6.60535782400018], [40.640372168, 6.549419311000179], [40.67313021300015, 6.477522659999977], [40.76390436100007, 6.407695390000072], [40.80519634300009, 6.327686340000014], [40.824316741000075, 6.350110562], [40.863962389000164, 6.35103013700018], [40.86035635200017, 6.436198390000129], [40.900056653000036, 6.511638298000094], [41.015537354, 6.644558033000067], [41.07120765100018, 6.687897910000174]]]}}, {"type": "Feature", "properties": {"pcode": "ET0422", "area_name": "East Borena", "parent_pcode": "ET04", "level": "zone"}, "geometry": {"type": "Polygon", "coordinates": [[[39.43335495700012, 4.158992078000153], [39.58577823799999, 4.29653919499998], [39.74589929300015, 4.666579411000157], [39.743559362999974, 4.723479474000101], [39.765069607000044, 4.846849563000092], [39.81286000200015, 5.002069636000044], [39.942290907000086, 5.284989659000075], [40.03368142099998, 5.396789590000139], [40.09795160800013, 5.364879467000151], [40.17443187500015, 5.353379345000064], [40.532893277000085, 5.410648792000018], [40.63305383200003, 5.530068672000084], [40.67958401800007, 5.540638594000143], [40.69437411500019, 5.567168583000068], [40.75288437600017, 5.594398484000067], [40.83220476500014, 5.655898367000134], [40.922295132000045, 5.683378211000104], [40.880225979000045, 5.777148966000027], [40.83744434800013, 5.783300611000186], [40.82020557700014, 5.821013373000028], [40.79595192300013, 5.808222653000087], [40.76289726200014, 5.856417273000147], [40.74083736400007, 5.85304024800007], [40.7168997600001, 5.873418810000089], [40.71533949800016, 5.863695393000171], [40.697097667000094, 5.865253305000067], [40.672504688000174, 5.886809326000105], [40.64465734999999, 5.860468714999968], [40.63483445000014, 5.874178672000028], [40.608505048000154, 5.858304868000062], [40.58870298300013, 5.870515605000094], [40.57158285300005, 5.857448733000012], [40.55681606100006, 5.868337532000112], [40.548557229000096, 5.856662135000136], [40.53633011800014, 5.866285727000047], [40.51780304000016, 5.85748674000007], [40.46165814100016, 5.885823310000035], [40.44033566000013, 5.873412382000083], [40.38894872100013, 5.89715963000009], [40.27733260399998, 5.868280833000142], [40.24975049100004, 5.844126303000166], [40.19555588300017, 5.855611032000127], [40.188748443, 5.845718403999967], [40.155728173000114, 5.84770174200014], [40.117772684000045, 5.867736830000126], [40.02819359100016, 5.875207647000025], [39.98789220000009, 5.897536826000021], [39.97440034800019, 5.9314240920001], [39.927513698000155, 5.936147430000119], [39.860638306000055, 5.98898033800009], [39.86913290000018, 6.009355528000185], [39.86015726200003, 6.031298263], [39.90759760500015, 6.108491124000182], [39.905481083000154, 6.145051217000116], [39.85180900700004, 6.224332823000168], [39.775303897000185, 6.242892772000062], [39.75628612600008, 6.221797993000052], [39.68351785400017, 6.206504411000139], [39.68267932500015, 6.186738382000101], [39.64897041200004, 6.156339995000167], [39.61603021600018, 6.167291764000083], [39.60909392500014, 6.187162867000154], [39.55656293900006, 6.128348454000047], [39.49390348000003, 6.171343757000045], [39.46779831500004, 6.209658551000189], [39.46357983200011, 6.248999160000153], [39.41507445200011, 6.280797581000115], [39.40316860600018, 6.350784365999971], [39.36841738800007, 6.363805420000176], [39.29689838200011, 6.356577432000051], [39.273937433000015, 6.374537462000148], [39.25059643200012, 6.370796436000035], [39.20631872600012, 6.298592134999978], [39.22126228800005, 6.278401937000126], [39.27472129400013, 6.273183282000048], [39.31813241400005, 6.20166102100012], [39.317303786000025, 6.167333597000095], [39.33656713400012, 6.154361302000098], [39.329687894000074, 6.125407640999981], [39.35784001900015, 6.095274301000018], [39.338297128000136, 6.079700482000135], [39.34006973000004, 6.058243243000106], [39.37390464900011, 6.03215606700013], [39.36984892200019, 6.008065467000108], [39.38353252200011, 6.00357822300009], [39.37621126800008, 5.988111417000027], [39.40650301200003, 5.934120750000091], [39.466226830000096, 5.889368207000132], [39.4435089430001, 5.845853739000063], [39.458896058000164, 5.810349693000035], [39.453277433000096, 5.783682774000113], [39.43841889100008, 5.756899634000035], [39.4016679930001, 5.749293001000126], [39.3921284060001, 5.722121287999983], [39.35677962200009, 5.741390607000142], [39.323427408999976, 5.72671928200009], [39.304848557000014, 5.679850364000117], [39.25027335400006, 5.676497874], [39.22249135100003, 5.661339632000136], [39.22835521100012, 5.564073203000135], [39.21838879600017, 5.551966794000066], [39.261878909000075, 5.495973652999965], [39.23593073700005, 5.44933455600011], [39.22970679300005, 5.374081309000189], [39.214811363000194, 5.367299132000085], [39.191088765000075, 5.264010457000097], [39.1463175290001, 5.159911708000038], [39.15836309100001, 5.13445348], [39.137407775999975, 5.137751193000099], [39.10967628999998, 5.05082952600003], [39.065521059000105, 5.047450972999968], [39.017323921000184, 5.095875472000159], [39.011854311000036, 5.124374062000015], [38.98481013600019, 5.141738789000158], [38.94774122300004, 5.119157530000052], [38.91642045100008, 5.119345679000105], [38.90472573100004, 5.100292858000103], [38.90997627500013, 5.109292671000162], [38.858352171000035, 5.166245307000111], [38.82240205900018, 5.150296533000187], [38.804030118000185, 5.115204589000086], [38.812678690999974, 5.091704413000116], [38.79276580300012, 5.10467029299997], [38.771961933000114, 5.06952884400016], [38.73930545400003, 5.073633065000024], [38.73116397200016, 5.056920425000101], [38.7126721620001, 5.059405322000089], [38.694748026000184, 5.105349200000092], [38.66237025100003, 5.120267361000117], [38.61013705200003, 5.100022964000118], [38.58863695700006, 5.070874227000047], [38.54582270300017, 5.068296144000158], [38.518813967000085, 5.042776697000136], [38.450923235000175, 5.041041986000039], [38.459767969000154, 4.994263137000132], [38.449598887000036, 4.838505492000081], [38.46774856600007, 4.795772652000153], [38.440829343000075, 4.773527218000027], [38.43903667600017, 4.647106667000116], [38.38983463900013, 4.574508974000025], [38.42893465800012, 4.511159803999988], [38.44596139100014, 4.450861803000066], [38.481192291000184, 4.406754694000085], [38.4615700220001, 4.400207093], [38.46147337400009, 4.366691376000063], [38.390490754000155, 4.313038123000183], [38.39696278000008, 4.266442101000052], [38.43453003000013, 4.260557296000115], [38.420603671000094, 4.205324746000031], [38.44582362300014, 4.180311992999975], [38.45084324100014, 4.132746355000108], [38.58281985200006, 4.152846443000158], [38.70271960600019, 4.069356028000129], [38.74429171100002, 4.05130751300004], [38.76358701800001, 4.071407811000142], [38.79649419700007, 4.018096078000042], [38.825780549000115, 4.013741400000185], [39.04782053800005, 4.005108048000125], [39.049601028000154, 4.028949446000126], [39.132849049000185, 4.106255020000106], [39.29748713000015, 4.108847118000028], [39.39351244000005, 4.134457984000051], [39.43335495700012, 4.158992078000153]]]}}, {"type": "Feature", "properties": {"pcode": "ET0501", "area_name": "Siti", "parent_pcode": "ET05", "level": "zone"}, "geometry": {"type": "Polygon", "coordinates": [[[40.97738581300018, 9.35207799900013], [41.01407433100019, 9.357206139000027], [41.05648461700008, 9.391065970000056], [41.145445100000074, 9.42462566100005], [41.23931572900011, 9.498795281000127], [41.308696037000175, 9.503075062000107], [41.49096665500008, 9.45742454700013], [41.540606997000054, 9.499584337000044], [41.642597468000076, 9.515143991000116], [41.65415740700007, 9.481234004000044], [41.67019743500015, 9.470633967000083], [41.73461770200004, 9.471483758000147], [41.72802773800015, 9.489033754000047], [41.748601873999974, 9.636353472000167], [41.77382847000001, 9.653703360000065], [41.80867856300006, 9.64055326600004], [41.87323897700014, 9.683882986000128], [41.906139095000015, 9.679302884000037], [42.03080939300003, 9.618482565000079], [42.18577054800005, 9.773561785000027], [42.213350694000155, 9.783741669000165], [42.25099084900012, 9.783491543000082], [42.339772808000134, 9.719617623000147], [42.376572174000046, 9.713839606000022], [42.529772729000115, 9.727590683000074], [42.66379457400012, 9.776549058000057], [42.69411559200017, 9.768675546000168], [42.72707040600011, 9.72509259100002], [42.730028, 9.753115], [42.78377389100018, 9.77036396700015], [42.79386319300011, 9.80994507500003], [42.88001030900011, 9.879017988000157], [42.884666911000124, 9.908509793000064], [42.78532609100017, 9.976806606000082], [42.733327381000095, 10.042775118000122], [42.70698900000019, 10.119554], [42.821024679000175, 10.30245895100012], [42.78611000000012, 10.455550000000187], [42.70944000000014, 10.536110000000122], [42.66479, 10.632910000000152], [42.76416000000012, 10.78042], [42.9175, 10.95528000000013], [42.94409000000013, 11.00244], [42.89097, 10.98208000000011], [42.81097, 10.988330000000133], [42.76930000000016, 11.02319], [42.74819000000019, 11.07792000000012], [42.64041, 11.09708], [42.35889, 11.01916], [42.12555, 10.999440000000163], [42.01972, 10.944720000000189], [41.91805000000011, 10.95361000000014], [41.76891322500006, 10.991211091000082], [41.717612896000105, 10.964781335000112], [41.268160800000146, 10.957852979000108], [41.2407505380001, 10.921363138000117], [41.220060127000124, 10.834463355000082], [41.07726892300008, 10.681154098000093], [41.087038686000085, 10.600564198000143], [40.93655611200012, 10.035245519], [40.96580603500007, 9.971685510000043], [40.998936168000114, 9.96783541200017], [41.01956620100003, 9.948825373000147], [40.82556475100017, 9.763456219000034], [40.751893772000074, 9.654612077000024], [40.70220239300005, 9.536092664000137], [40.696138915000176, 9.446065145000091], [40.86218399100011, 9.463016470000127], [40.92751409900012, 9.405136336], [40.858223742000064, 9.385366568000109], [40.79764350800019, 9.395556737000106], [40.78882344700003, 9.386896769000145], [40.81256332600009, 9.310926782000081], [40.874103588000025, 9.309446605000119], [40.97738581300018, 9.35207799900013]]]}}, {"type": "Feature", "properties": {"pcode": "ET0502", "area_name": "Fafan", "parent_pcode": "ET05", "level": "zone"}, "geometry": {"type": "MultiPolygon", "coordinates": [[[[42.93046744100019, 8.407626898000046], [42.95756158900019, 8.469889730999967], [43.100676998000154, 8.462797203000036], [43.23218100000014, 8.539078], [43.209729619000086, 8.599149080000132], [43.260414809, 8.675381761999972], [43.232628164000175, 8.79377291500009], [43.324672188000136, 8.800621781000132], [43.325438373000054, 8.85843278600015], [43.339729895000175, 8.878589044000023], [43.390115052000056, 8.899304892000089], [43.42975939400003, 8.89843221200016], [43.436296356000184, 8.861296054000093], [43.47385845400015, 8.80234518400016], [43.634457544000156, 8.64720879400005], [43.70743897200009, 8.604722238000136], [43.978476416000035, 8.50364423700006], [44.16196107800016, 8.746558632000017], [44.10575527200018, 8.911748384000077], [44.115113215000065, 8.972570935000022], [44.01055000000014, 9.007220000000132], [43.627220000000136, 9.35444], [43.5830600000001, 9.33611], [43.44166, 9.41764], [43.42583000000013, 9.43458], [43.42777, 9.48528000000016], [43.38666000000018, 9.55694], [43.32847000000015, 9.61958], [43.27528000000012, 9.64556], [43.22486, 9.86319], [43.18041, 9.902780000000178], [43.11028000000016, 9.908890000000156], [43.0843, 9.92486], [43.05166, 9.96819], [43.01305, 10.081110000000137], [42.98055, 10.117640000000165], [42.9227800000001, 10.147780000000125], [42.86416, 10.20055], [42.821024679000175, 10.30245895100012], [42.70698900000019, 10.119554], [42.733327381000095, 10.042775118000122], [42.78532609100017, 9.976806606000082], [42.884666911000124, 9.908509793000064], [42.88001030900011, 9.879017988000157], [42.79386319300011, 9.80994507500003], [42.78377389100018, 9.77036396700015], [42.730028, 9.753115], [42.72707040600011, 9.72509259100002], [42.8976760060001, 9.650087287000076], [42.93502672700009, 9.679967474000136], [42.963973362, 9.655689608000102], [42.97984719400017, 9.607134029000065], [42.921019829000045, 9.565115037000112], [42.86406022400013, 9.586591722000094], [42.813636848000044, 9.572585500000116], [42.776286019000054, 9.511891223000077], [42.64088981900011, 9.447462241999972], [42.537453342000106, 9.372981780000146], [42.556290423, 9.321051281000166], [42.551360282000076, 9.28657135700007], [42.58359016500003, 9.21538136700002], [42.63470016100007, 9.15852129000018], [42.63511011000014, 9.143971312000133], [42.59934556800005, 9.106174348000081], [42.64434990700005, 9.072981394000124], [42.73063980400008, 8.948021313000083], [42.86532986700013, 8.825111068000183], [42.83198932400012, 8.695231381000042], [42.838419246000115, 8.664391413000033], [42.89878926, 8.602671316000055], [42.910828963000085, 8.498781437000048], [42.897028782, 8.457751538000139], [42.89884863900005, 8.409101609000118], [42.76816804700019, 8.36317208500003], [42.70159725600013, 8.179612544], [42.65955141000006, 8.12732752300019], [42.703585834000194, 8.114001410000071], [42.78210804700018, 8.135416559000134], [42.8142307710001, 8.172298205000118], [42.828507537000064, 8.235353922000115], [42.93046744100019, 8.407626898000046]]], [[[42.33138424300017, 8.534695218000024], [42.263077100000146, 8.635953264000136], [42.23966702600012, 8.639883325000142], [42.175911634000045, 8.58014061200015], [42.22790658200012, 8.474354736], [42.37462535000009, 8.451408981000156], [42.52976750400012, 8.454832691000092], [42.50255751800012, 8.492082721000031], [42.33138424300017, 8.534695218000024]]]]}}, {"type": "Feature", "properties": {"pcode": "ET0503", "area_name": "Jarar", "parent_pcode": "ET05", "level": "zone"}, "geometry": {"type": "Polygon", "coordinates": [[[43.91834624700016, 7.542794706000109], [43.93291800000014, 7.558652000000166], [44.10288310200002, 7.567593746000171], [44.159564149000175, 7.504750744000091], [44.19476627600005, 7.48807605200011], [44.2077354810001, 7.458432156000129], [44.23923212000017, 7.441757463999977], [44.25034858200013, 7.395438876000071], [44.27999247800011, 7.382469670999967], [44.29296168300016, 7.347267544000147], [44.32390919000005, 7.339826463000065], [44.35792350300005, 7.307086168000126], [44.39250804900007, 7.299675194000145], [44.459206816, 7.326848766000182], [44.498732011000186, 7.487419872000146], [44.59768914100016, 7.491676160000054], [44.65855914300005, 7.513174789000118], [44.67000024300006, 7.540350014000182], [44.64989732400005, 7.594667134000019], [44.65202373300002, 7.623264976000144], [44.67448832600007, 7.685431221000101], [44.7176683670001, 7.750501383000028], [44.98309533200012, 7.763543063000157], [44.98074911100002, 7.73672113900011], [45.35452926900018, 7.656731530000172], [45.4600238000001, 7.663412176000122], [45.61482120200003, 7.651511440000093], [45.681846859000075, 7.792704721000177], [45.81869894700003, 7.94215260500016], [45.91799371399998, 7.995385518000091], [46.01065848900009, 8.098775420000038], [46.02123361600013, 8.232295025000099], [46.09444239600009, 8.31201331800014], [44.115113215000065, 8.972570935000022], [44.10575527200018, 8.911748384000077], [44.16196107800016, 8.746558632000017], [43.978476416000035, 8.50364423700006], [43.70743897200009, 8.604722238000136], [43.634457544000156, 8.64720879400005], [43.47385845400015, 8.80234518400016], [43.436296356000184, 8.861296054000093], [43.42975939400003, 8.89843221200016], [43.390115052000056, 8.899304892000089], [43.339729895000175, 8.878589044000023], [43.325438373000054, 8.85843278600015], [43.324672188000136, 8.800621781000132], [43.232628164000175, 8.79377291500009], [43.260414809, 8.675381761999972], [43.209729619000086, 8.599149080000132], [43.23218100000014, 8.539078], [43.100676998000154, 8.462797203000036], [42.95756158900019, 8.469889730999967], [42.828507537000064, 8.235353922000115], [42.8142307710001, 8.172298205000118], [42.78210804700018, 8.135416559000134], [42.703585834000194, 8.114001410000071], [42.68672071600008, 8.121641932000045], [42.67466982000002, 8.089228438000077], [42.70436857300018, 8.046558407000134], [42.69159689700001, 7.967356253000105], [42.70412549100013, 7.945339448000141], [43.317873000000134, 7.657317000000148], [43.48244800000015, 7.540479], [43.501668702000075, 7.456885796000108], [43.47930120799998, 7.385439549000068], [43.56212158300019, 7.335427826000171], [43.70127647400005, 7.288851270000066], [43.70838981800006, 7.33393748400016], [43.91834624700016, 7.542794706000109]]]}}, {"type": "Feature", "properties": {"pcode": "ET0504", "area_name": "Erer", "parent_pcode": "ET05", "level": "zone"}, "geometry": {"type": "Polygon", "coordinates": [[[42.26883721800016, 7.099339691000125], [42.27835506200017, 7.150736048000169], [42.27074078600009, 7.196421700000144], [42.2322344160001, 7.2103694380001], [42.223281904000146, 7.263275656000076], [42.24677649500012, 7.312511860000029], [42.669395, 7.45931400000012], [42.552007542000126, 7.561109286000089], [42.64899818500004, 7.594459615], [42.70408639600004, 7.641998787000034], [42.734146091000184, 7.702762667000059], [42.739681334000124, 7.77354241400019], [42.71142961300018, 7.82208196300013], [42.711986596000145, 7.868228394000084], [42.69580838400003, 7.89074793400016], [42.71047213900016, 7.932019677000028], [42.689209071000164, 7.991654472000107], [42.702861865000045, 8.05415148200018], [42.67466982000002, 8.089228438000077], [42.68672071600008, 8.121641932000045], [42.630626897000184, 8.140432805000046], [42.57809698200015, 8.2285328480001], [42.52976750400012, 8.454832691000092], [42.37462535000009, 8.451408981000156], [42.22790658200012, 8.474354736], [42.175911634000045, 8.58014061200015], [42.06972595000008, 8.493974029000185], [42.02600558600017, 8.425834241000075], [42.02705375500011, 8.323024846000123], [41.94840464200007, 8.200894719000132], [41.926344219999976, 8.080564910000021], [41.9124035160001, 7.844395182000028], [41.95714348700005, 7.774785126000154], [41.867102525000064, 7.53277558000002], [41.896122317000106, 7.411205596000059], [42.19911009600014, 7.291440179000119], [42.20985301500019, 7.264004914], [42.20470268600013, 7.141035027000157], [42.157612300000096, 7.051325216000123], [42.16264221300003, 7.007115234000025], [42.26883721800016, 7.099339691000125]]]}}, {"type": "Feature", "properties": {"pcode": "ET0505", "area_name": "Korahe", "parent_pcode": "ET05", "level": "zone"}, "geometry": {"type": "Polygon", "coordinates": [[[44.160063711000134, 5.885175794000133], [44.1956222770001, 5.687602539000181], [44.35742562600012, 5.628116014000113], [44.44086606800005, 5.612883927000041], [44.57411709300004, 5.464927105000129], [44.63900945100005, 5.482924956999966], [44.76939625400007, 5.493086158000096], [44.81337600000012, 5.523101000000167], [44.87334156900005, 5.50505143200013], [44.95636517800017, 5.507303307000029], [45.05727100000013, 5.449688], [45.37922693899998, 5.369128503000184], [45.98922750000014, 6.034448775999977], [45.54277119400007, 6.297788065000077], [45.31876498300011, 6.305394790000037], [45.113287859000195, 6.370872329], [45.02791463600016, 6.473836756000026], [44.829206361000104, 6.54189777], [44.80749883300007, 6.96451568599997], [44.871618237000064, 7.170733171000165], [44.86388288900008, 7.191520326000159], [44.919484941, 7.194611313000166], [44.91840881500019, 7.212104858000146], [44.845211361999986, 7.241712630000109], [44.79577154600008, 7.374555535000127], [44.86693664400008, 7.490198819000113], [44.98511926400005, 7.581435520000014], [44.96103215100004, 7.692973427000084], [44.98309533200012, 7.763543063000157], [44.7176683670001, 7.750501383000028], [44.67448832600007, 7.685431221000101], [44.65202373300002, 7.623264976000144], [44.64989732400005, 7.594667134000019], [44.67000024300006, 7.540350014000182], [44.65855914300005, 7.513174789000118], [44.59768914100016, 7.491676160000054], [44.498732011000186, 7.487419872000146], [44.459206816, 7.326848766000182], [44.39250804900007, 7.299675194000145], [44.35792350300005, 7.307086168000126], [44.32390919000005, 7.339826463000065], [44.29296168300016, 7.347267544000147], [44.27999247800011, 7.382469670999967], [44.25034858200013, 7.395438876000071], [44.23923212000017, 7.441757463999977], [44.2077354810001, 7.458432156000129], [44.19476627600005, 7.48807605200011], [44.159564149000175, 7.504750744000091], [44.10288310200002, 7.567593746000171], [43.93291800000014, 7.558652000000166], [43.70838981800006, 7.33393748400016], [43.65467300000017, 6.993456], [43.59177700000015, 6.819520000000182], [43.761017535000065, 6.614007445000084], [43.71470944300012, 6.54176796500019], [43.72508348700012, 6.475825606000114], [43.79224374600011, 6.492696970000168], [43.838253333000125, 6.471928802999969], [43.956113372000175, 6.331525398000053], [43.99844860400003, 6.357873000000154], [44.130127209000136, 6.349096499000041], [44.11704017400007, 6.245827891000033], [44.22649538000002, 6.210135976000117], [44.197941848000085, 6.164926217000016], [44.20270076999998, 6.134588089000033], [44.21995186200007, 6.116742132000013], [44.25802323800008, 6.107819153000094], [44.26278216000003, 6.086998869000126], [44.15285627100013, 5.925247797], [44.160063711000134, 5.885175794000133]]]}}, {"type": "Feature", "properties": {"pcode": "ET0506", "area_name": "Shabelle", "parent_pcode": "ET05", "level": "zone"}, "geometry": {"type": "Polygon", "coordinates": [[[43.50854576000012, 4.829276613000047], [43.53971904400015, 4.789742177999983], [43.79863192, 4.86921770500004], [43.823424633000116, 4.909017784000184], [43.98194000000012, 4.96305], [44.95083000000017, 4.9025], [45.37922693899998, 5.369128503000184], [45.05727100000013, 5.449688], [44.95636517800017, 5.507303307000029], [44.87334156900005, 5.50505143200013], [44.81337600000012, 5.523101000000167], [44.76939625400007, 5.493086158000096], [44.63900945100005, 5.482924956999966], [44.57411709300004, 5.464927105000129], [44.44086606800005, 5.612883927000041], [44.35742562600012, 5.628116014000113], [44.1956222770001, 5.687602539000181], [44.15285627100013, 5.925247797], [44.26278216000003, 6.086998869000126], [44.25802323800008, 6.107819153000094], [44.21995186200007, 6.116742132000013], [44.20270076999998, 6.134588089000033], [44.197941848000085, 6.164926217000016], [44.22649538000002, 6.210135976000117], [44.11704017400007, 6.245827891000033], [44.130127209000136, 6.349096499000041], [43.99844860400003, 6.357873000000154], [43.956113372000175, 6.331525398000053], [43.838253333000125, 6.471928802999969], [43.79224374600011, 6.492696970000168], [43.72508348700012, 6.475825606000114], [43.71470944300012, 6.54176796500019], [43.761017535000065, 6.614007445000084], [43.59177700000015, 6.819520000000182], [43.5172082900001, 6.764864014000125], [43.40347005400014, 6.743210919000092], [43.197180099000036, 6.809524776000046], [43.21899426200008, 6.709679849000054], [43.334044107000125, 6.429801306000172], [43.04678317500003, 6.326702061000049], [42.94506100000018, 6.30981300000019], [42.92891703600003, 6.401564549000057], [42.80974732499999, 6.479842823000013], [42.841870048000146, 6.672579164000126], [42.84420392599998, 6.761854102000143], [42.681957991000104, 6.730361830000049], [42.60486345400005, 6.761770715000068], [42.55061174300005, 6.827443839000011], [42.515290121000135, 6.92804852900008], [42.44525965399998, 6.904119142000184], [42.31564657900009, 6.892887023000128], [42.196893214000056, 6.909416978000138], [42.136088243000074, 6.958531030000074], [42.076231629000176, 6.886735527999974], [42.055531229, 6.748755663000054], [42.014640930999974, 6.680445797000061], [42.010171303, 6.654691985000113], [42.03311160900006, 6.63437661800009], [42.02272038700005, 6.620905831000073], [42.046268466000186, 6.613638403000095], [42.04308702900016, 6.594059514000037], [42.058681419000095, 6.597027381000032], [42.075328918000025, 6.573116801000026], [42.0673981, 6.564736352000182], [42.117900792000114, 6.535993609000116], [42.11003498900004, 6.522786099000086], [42.14411925100006, 6.50094563600004], [42.130111705000104, 6.4830588640001], [42.14587789600017, 6.456145829999969], [42.180419916, 6.451319148000152], [42.180492492000155, 6.428792993000172], [42.21773154100015, 6.428598323000017], [42.22257239800001, 6.410502517000054], [42.247814104999975, 6.396355111000105], [42.237419105000185, 6.383113392000098], [42.26451490200009, 6.38485143600019], [42.26790234900017, 6.355011548000164], [42.298015532000136, 6.337248382000041], [42.28988645200002, 6.326565724000034], [42.308628071000044, 6.334169383000074], [42.320716890000085, 6.323752835999983], [42.32352826500011, 6.337123453000061], [42.346015864000094, 6.339718423000022], [42.34563824100019, 6.316034266000145], [42.39212033600006, 6.328826920000097], [42.414150178000114, 6.296469739999964], [42.421138831000064, 6.306676308000021], [42.43210215400006, 6.294404916000019], [42.43327716800013, 6.309822969000038], [42.47858425000004, 6.289720550000027], [42.476409993000175, 6.297739065000144], [42.5101088830001, 6.304152024000018], [42.55474860600009, 6.281968526000071], [42.60821916500015, 6.269780670999978], [42.61429986300004, 6.279514361000167], [42.63073341400002, 6.25259584600019], [42.64043043700008, 6.266744198000026], [42.666515274000176, 6.257650462000072], [42.67852792500014, 6.270448219000173], [42.73745718300006, 6.262688635000131], [42.75433733900013, 6.218530107000049], [42.811744769000086, 6.185456806000104], [42.80100257600009, 6.180953502000023], [42.812885196000025, 6.167767539000124], [42.80664237300016, 6.142815657000085], [42.83031458700003, 6.134418488000108], [42.85501103000013, 6.143464028000153], [42.89078514000016, 6.130805563000024], [42.89376075600018, 6.113367478000043], [42.9115524610001, 6.123705778000158], [42.90551372200008, 6.110525106000068], [42.915744859000085, 6.100995537000188], [42.86625872800016, 5.994924167000079], [42.81139605300018, 5.942925498000136], [42.81288499900012, 5.826853018000122], [42.85666745300017, 5.82051361800012], [43.07128277300018, 5.6434719], [43.09484735700016, 5.68895436400004], [43.14365555300003, 5.715105034000146], [43.233806071000174, 5.723756117000164], [43.27855144100016, 5.684038729], [43.31031382400016, 5.629381755000111], [43.23584710500012, 5.502283440000042], [43.303958, 5.224968000000104], [43.50854576000012, 4.829276613000047]]]}}, {"type": "Feature", "properties": {"pcode": "ET0507", "area_name": "Doolo", "parent_pcode": "ET05", "level": "zone"}, "geometry": {"type": "Polygon", "coordinates": [[[45.31876498300011, 6.305394790000037], [45.54277119400007, 6.297788065000077], [45.98922750000014, 6.034448775999977], [46.99139000000014, 7.056940000000168], [47.98824, 8.00411], [47.01194000000015, 8.00111], [46.09444239600009, 8.31201331800014], [46.02123361600013, 8.232295025000099], [46.01065848900009, 8.098775420000038], [45.91799371399998, 7.995385518000091], [45.81869894700003, 7.94215260500016], [45.681846859000075, 7.792704721000177], [45.61482120200003, 7.651511440000093], [45.4600238000001, 7.663412176000122], [45.35452926900018, 7.656731530000172], [44.98074911100002, 7.73672113900011], [44.96103215100004, 7.692973427000084], [44.98511926400005, 7.581435520000014], [44.86693664400008, 7.490198819000113], [44.79577154600008, 7.374555535000127], [44.845211361999986, 7.241712630000109], [44.91840881500019, 7.212104858000146], [44.919484941, 7.194611313000166], [44.86388288900008, 7.191520326000159], [44.871618237000064, 7.170733171000165], [44.80749883300007, 6.96451568599997], [44.829206361000104, 6.54189777], [45.02791463600016, 6.473836756000026], [45.113287859000195, 6.370872329], [45.31876498300011, 6.305394790000037]]]}}, {"type": "Feature", "properties": {"pcode": "ET0508", "area_name": "Afder", "parent_pcode": "ET05", "level": "zone"}, "geometry": {"type": "Polygon", "coordinates": [[[42.57394027700002, 4.212010860000078], [42.58508733100007, 4.214725171], [42.56378938400013, 4.246906928999977], [42.76861, 4.278330000000153], [42.87666000000013, 4.31833], [42.93361, 4.388750000000186], [42.96888, 4.50431], [43.08083, 4.604170000000181], [43.1936, 4.68778], [43.50854576000012, 4.829276613000047], [43.303958, 5.224968000000104], [43.23584710500012, 5.502283440000042], [43.31031382400016, 5.629381755000111], [43.27855144100016, 5.684038729], [43.233806071000174, 5.723756117000164], [43.14365555300003, 5.715105034000146], [43.09484735700016, 5.68895436400004], [43.07128277300018, 5.6434719], [42.85666745300017, 5.82051361800012], [42.81288499900012, 5.826853018000122], [42.81139605300018, 5.942925498000136], [42.86625872800016, 5.994924167000079], [42.915744859000085, 6.100995537000188], [42.90551372200008, 6.110525106000068], [42.9115524610001, 6.123705778000158], [42.89376075600018, 6.113367478000043], [42.89078514000016, 6.130805563000024], [42.85501103000013, 6.143464028000153], [42.83031458700003, 6.134418488000108], [42.80664237300016, 6.142815657000085], [42.812885196000025, 6.167767539000124], [42.80100257600009, 6.180953502000023], [42.811744769000086, 6.185456806000104], [42.75433733900013, 6.218530107000049], [42.73745718300006, 6.262688635000131], [42.67852792500014, 6.270448219000173], [42.666515274000176, 6.257650462000072], [42.64043043700008, 6.266744198000026], [42.63073341400002, 6.25259584600019], [42.61429986300004, 6.279514361000167], [42.60821916500015, 6.269780670999978], [42.55474860600009, 6.281968526000071], [42.5101088830001, 6.304152024000018], [42.476409993000175, 6.297739065000144], [42.47858425000004, 6.289720550000027], [42.43327716800013, 6.309822969000038], [42.43210215400006, 6.294404916000019], [42.421138831000064, 6.306676308000021], [42.414150178000114, 6.296469739999964], [42.39212033600006, 6.328826920000097], [42.34563824100019, 6.316034266000145], [42.346015864000094, 6.339718423000022], [42.32352826500011, 6.337123453000061], [42.320716890000085, 6.323752835999983], [42.308628071000044, 6.334169383000074], [42.28988645200002, 6.326565724000034], [42.298015532000136, 6.337248382000041], [42.26790234900017, 6.355011548000164], [42.26451490200009, 6.38485143600019], [42.237419105000185, 6.383113392000098], [42.247814104999975, 6.396355111000105], [42.22257239800001, 6.410502517000054], [42.21773154100015, 6.428598323000017], [42.180492492000155, 6.428792993000172], [42.180419916, 6.451319148000152], [42.161632558000065, 6.446931324000161], [42.13280873499997, 6.470682199000066], [42.13043602800008, 6.493177358000139], [42.14411925100006, 6.50094563600004], [42.11003498900004, 6.522786099000086], [42.117900792000114, 6.535993609000116], [42.0673981, 6.564736352000182], [42.075328918000025, 6.573116801000026], [42.0551909670001, 6.59996897700006], [42.04308702900016, 6.594059514000037], [42.046268466000186, 6.613638403000095], [42.02272038700005, 6.620905831000073], [42.03311160900006, 6.63437661800009], [42.010171303, 6.654691985000113], [41.99918079000008, 6.641615850000107], [41.999540669000055, 6.589845874000105], [41.93641037600014, 6.553176036000082], [41.86073008300008, 6.535341221000124], [41.853665850000084, 6.568909076000125], [41.81966002100006, 6.570476295], [41.757879747000175, 6.540536444000168], [41.690329268000085, 6.429416634000177], [41.633348992000094, 6.3913867710001], [41.619688883000094, 6.361716810000019], [41.51990778200002, 6.472032806000186], [41.48153100000013, 6.446528], [41.56629100000015, 6.041727], [41.62353466400003, 5.936955201000046], [41.61987087700004, 5.87778674599997], [41.545900169000106, 5.761479971000028], [41.408508845000085, 5.665572687000179], [41.22863258000018, 5.712569685000062], [41.13708109200013, 5.612581717000069], [41.15584954900004, 5.595487989000048], [41.14310830199997, 5.56955246300015], [41.183113178000156, 5.537105509000071], [41.17732618700012, 5.510999126000172], [41.20441064400012, 5.450171553000132], [41.25344461700013, 5.422139638999965], [41.251205534000064, 5.381439621000084], [41.29494467200004, 5.351357056000154], [41.31854623700019, 5.284555004000083], [41.31238181200007, 5.239269657000079], [41.32942961400016, 5.19848496700007], [41.3239669460001, 5.15641507700019], [41.33927916000016, 5.13978817900005], [41.348068227, 5.154471968000053], [41.34658041900019, 5.129175640000142], [41.40065010800009, 5.050504198000112], [41.41835014800017, 5.003270638000117], [41.48475643500012, 4.965941814000075], [41.48924631900019, 4.943378993000067], [41.53136062400017, 4.916045245000134], [41.55415345800009, 4.880975726000088], [41.556045537000045, 4.8430103500001], [41.581241695000074, 4.831623478000154], [41.57035057000013, 4.808668670000145], [41.59044259300015, 4.786722179000151], [41.597961392000116, 4.724574628000141], [41.61800389700011, 4.691354664000073], [41.597076493000145, 4.681559549999974], [41.62385949600008, 4.667862341000102], [41.65429681300009, 4.601465316000031], [41.66054912300012, 4.61385918000002], [41.673282620000066, 4.588723691000155], [41.68328322600007, 4.592529020000143], [41.70441054400004, 4.572472525000023], [41.713646029000074, 4.584621824000124], [41.69831472600015, 4.593436784000119], [41.72198867800017, 4.60206690300015], [41.7219924580001, 4.554674583], [41.7639693590001, 4.505241442000056], [41.78823847300009, 4.495001800000125], [41.77124793900015, 4.491862699000023], [41.78466788500009, 4.467641403000016], [41.80504227500012, 4.459260953000125], [41.81110766300014, 4.432313900000111], [41.823295518000066, 4.438696429000174], [41.852542891000155, 4.415086736999967], [41.85170751000004, 4.384952010000177], [41.86368557500015, 4.395246461999989], [41.88246537200013, 4.388711975000149], [41.88525009800014, 4.349126868000042], [41.91913609800008, 4.336994581000113], [41.918395974000134, 4.325955468000018], [41.931236257000194, 4.325430804000177], [41.93497845700006, 4.340136138000048], [41.94968039000014, 4.298650258000123], [41.973834969, 4.312562549000063], [41.98288353300012, 4.287438778000137], [41.99936165800011, 4.298511655000141], [42.026878, 4.280844000000172], [42.05908313600003, 4.278602666000154], [42.05579827100007, 4.214615019000121], [42.084546373000194, 4.177797709000117], [42.326998249000155, 4.186269788000061], [42.57394027700002, 4.212010860000078]]]}}, {"type": "Feature", "properties": {"pcode": "ET0509", "area_name": "Liban", "parent_pcode": "ET05", "level": "zone"}, "geometry": {"type": "Polygon", "coordinates": [[[41.80504227500012, 4.459260953000125], [41.78466788500009, 4.467641403000016], [41.77124793900015, 4.491862699000023], [41.78823847300009, 4.495001800000125], [41.7639693590001, 4.505241442000056], [41.7219924580001, 4.554674583], [41.72198867800017, 4.60206690300015], [41.69831472600015, 4.593436784000119], [41.713646029000074, 4.584621824000124], [41.70441054400004, 4.572472525000023], [41.68328322600007, 4.592529020000143], [41.673282620000066, 4.588723691000155], [41.66054912300012, 4.61385918000002], [41.65429681300009, 4.601465316000031], [41.62385949600008, 4.667862341000102], [41.597076493000145, 4.681559549999974], [41.61800389700011, 4.691354664000073], [41.597961392000116, 4.724574628000141], [41.59044259300015, 4.786722179000151], [41.57035057000013, 4.808668670000145], [41.581241695000074, 4.831623478000154], [41.556045537000045, 4.8430103500001], [41.55415345800009, 4.880975726000088], [41.53136062400017, 4.916045245000134], [41.48924631900019, 4.943378993000067], [41.48475643500012, 4.965941814000075], [41.41835014800017, 5.003270638000117], [41.40065010800009, 5.050504198000112], [41.34658041900019, 5.129175640000142], [41.348068227, 5.154471968000053], [41.33927916000016, 5.13978817900005], [41.3239669460001, 5.15641507700019], [41.32942961400016, 5.19848496700007], [41.31238181200007, 5.239269657000079], [41.31854623700019, 5.284555004000083], [41.30188361800009, 5.308776866000073], [41.30222325100004, 5.334536056000161], [41.251205534000064, 5.381439621000084], [41.25344461700013, 5.422139638999965], [41.20441064400012, 5.450171553000132], [41.17732618700012, 5.510999126000172], [41.183113178000156, 5.537105509000071], [41.14310830199997, 5.56955246300015], [41.15584954900004, 5.595487989000048], [41.13613892700005, 5.607526344], [41.22863258000018, 5.712569685000062], [41.408508845000085, 5.665572687000179], [41.545900169000106, 5.761479971000028], [41.61987087700004, 5.87778674599997], [41.62353466400003, 5.936955201000046], [41.56629100000015, 6.041727], [41.48153100000013, 6.446528], [41.51990778200002, 6.472032806000186], [41.43778865400003, 6.543967151000061], [41.22846808100019, 6.623007581000081], [41.13102787300011, 6.691257775999986], [41.07207766500005, 6.694327906000183], [40.900056653000036, 6.511638298000094], [40.86035635200017, 6.436198390000129], [40.85674623600005, 6.385908396000048], [40.88162104500003, 6.244343346000051], [40.866428984000095, 6.133653443000128], [40.87840553700005, 5.987518345000183], [40.87479519000004, 5.807898320000163], [40.922295132000045, 5.683378211000104], [40.83220476500014, 5.655898367000134], [40.75288437600017, 5.594398484000067], [40.69437411500019, 5.567168583000068], [40.67958401800007, 5.540638594000143], [40.63305383200003, 5.530068672000084], [40.532893277000085, 5.410648792000018], [40.17443187500015, 5.353379345000064], [40.09795160800013, 5.364879467000151], [40.03368142099998, 5.396789590000139], [39.942290907000086, 5.284989659000075], [39.81286000200015, 5.002069636000044], [39.765069607000044, 4.846849563000092], [39.74412461400016, 4.70973427500013], [39.77547457100013, 4.745416605000059], [39.80577089400015, 4.746954875000142], [39.91446389800012, 4.711506326000119], [39.94228371000014, 4.734652109000024], [39.99438099600013, 4.737046740000039], [40.04999160200009, 4.765424333999988], [40.090629628000045, 4.771064284000033], [40.09769066800004, 4.752411306000113], [40.11282730100004, 4.748458371000027], [40.16935739200011, 4.775444548000053], [40.195510835000164, 4.851513838000074], [40.23122030700017, 4.830948748000083], [40.349391996000065, 4.811488551000139], [40.577243790000125, 4.660765580000088], [40.65003204100003, 4.541810108999982], [40.67982108800015, 4.531124049000084], [40.70608906500013, 4.498133719], [40.71445855200011, 4.464515152999979], [40.74575430700003, 4.426904719000106], [40.7741545830001, 4.414149298000154], [40.764762795000024, 4.354596529000048], [40.744731818000105, 4.333961886000111], [40.76256566900014, 4.31802370500003], [40.76887902600015, 4.286942086000067], [40.844100952000076, 4.246257782000043], [40.88238144000013, 4.212838173000023], [40.90415954600013, 4.154615879000175], [40.96508026100008, 4.132068157000106], [41.091869354000096, 4.013317108000081], [41.10538864100005, 3.985281945000111], [41.11800384500003, 3.987095117000024], [41.181571960000156, 3.939517975000058], [41.23530197100018, 3.958884954000098], [41.32630920500003, 3.938761950000128], [41.354564667000034, 3.960318089000111], [41.378616333000025, 3.951745987000152], [41.39125442500011, 3.962757110000041], [41.4301872260001, 3.944943905000116], [41.505668640000124, 3.96476197200019], [41.509769440000184, 3.954627991000052], [41.54515838600014, 3.982140064000077], [41.56689834600013, 3.966666937000127], [41.62770080600012, 3.983294010000179], [41.67441177400019, 3.959924936], [41.72058868500005, 3.992460012000095], [41.77257919300013, 3.972290993000058], [41.79254913300008, 3.979363918000104], [41.79478836100009, 3.96026206], [41.82068252600004, 3.955812931000025], [41.82431030300006, 3.944529056000135], [41.90689849900019, 3.978008032000162], [41.94345855700004, 4.016658783000082], [41.94622039800004, 4.055664063000108], [41.97904968300003, 4.095186233999982], [42.00000000000017, 4.093367100000137], [42.084546373000194, 4.177797709000117], [42.05579827100007, 4.214615019000121], [42.05908313600003, 4.278602666000154], [42.026878, 4.280844000000172], [41.99936165800011, 4.298511655000141], [41.98288353300012, 4.287438778000137], [41.973834969, 4.312562549000063], [41.94968039000014, 4.298650258000123], [41.93497845700006, 4.340136138000048], [41.931236257000194, 4.325430804000177], [41.918395974000134, 4.325955468000018], [41.91913609800008, 4.336994581000113], [41.88525009800014, 4.349126868000042], [41.88246537200013, 4.388711975000149], [41.86368557500015, 4.395246461999989], [41.85170751000004, 4.384952010000177], [41.852542891000155, 4.415086736999967], [41.823295518000066, 4.438696429000174], [41.81110766300014, 4.432313900000111], [41.80504227500012, 4.459260953000125]]]}}, {"type": "Feature", "properties": {"pcode": "ET0510", "area_name": "Nogob", "parent_pcode": "ET05", "level": "zone"}, "geometry": {"type": "Polygon", "coordinates": [[[43.24834986500008, 6.629619114000093], [43.197180099000036, 6.809524776000046], [43.40347005400014, 6.743210919000092], [43.5172082900001, 6.764864014000125], [43.59177700000015, 6.819520000000182], [43.65467300000017, 6.993456], [43.70127647400005, 7.288851270000066], [43.56212158300019, 7.335427826000171], [43.47930120799998, 7.385439549000068], [43.501668702000075, 7.456885796000108], [43.48244800000015, 7.540479], [43.317873000000134, 7.657317000000148], [42.70412549100013, 7.945339448000141], [42.71047213900016, 7.932019677000028], [42.69580838400003, 7.89074793400016], [42.711986596000145, 7.868228394000084], [42.71142961300018, 7.82208196300013], [42.73865506400011, 7.781794155], [42.734146091000184, 7.702762667000059], [42.70408639600004, 7.641998787000034], [42.64899818500004, 7.594459615], [42.552007542000126, 7.561109286000089], [42.669395, 7.45931400000012], [42.257229451000114, 7.324594735000119], [42.223281904000146, 7.263275656000076], [42.2322344160001, 7.2103694380001], [42.27074078600009, 7.196421700000144], [42.27835506200017, 7.150736048000169], [42.26883721800016, 7.099339691000125], [42.16264221300003, 7.007115234000025], [42.136088243000074, 6.958531030000074], [42.196893214000056, 6.909416978000138], [42.31564657900009, 6.892887023000128], [42.44525965399998, 6.904119142000184], [42.515290121000135, 6.92804852900008], [42.55061174300005, 6.827443839000011], [42.60486345400005, 6.761770715000068], [42.681957991000104, 6.730361830000049], [42.84420392599998, 6.761854102000143], [42.841870048000146, 6.672579164000126], [42.80974732499999, 6.479842823000013], [42.92891703600003, 6.401564549000057], [42.94506100000018, 6.30981300000019], [43.04678317500003, 6.326702061000049], [43.334044107000125, 6.429801306000172], [43.24834986500008, 6.629619114000093]]]}}, {"type": "Feature", "properties": {"pcode": "ET0511", "area_name": "Daawa", "parent_pcode": "ET05", "level": "zone"}, "geometry": {"type": "Polygon", "coordinates": [[[39.93345827500008, 3.899066894000043], [40.1825, 4.0225], [40.38861, 4.09889], [40.398890000000165, 4.12306], [40.67222, 4.228610000000174], [40.773384137000164, 4.282452356000022], [40.744731818000105, 4.333961886000111], [40.764762795000024, 4.354596529000048], [40.7741545830001, 4.414149298000154], [40.74575430700003, 4.426904719000106], [40.71445855200011, 4.464515152999979], [40.70608906500013, 4.498133719], [40.67982108800015, 4.531124049000084], [40.65003204100003, 4.541810108999982], [40.577243790000125, 4.660765580000088], [40.508529625, 4.698721318000139], [40.413539921, 4.775632414000142], [40.363334715, 4.792811948000178], [40.32899473700019, 4.820522751000112], [40.23122030700017, 4.830948748000083], [40.195510835000164, 4.851513838000074], [40.16935739200011, 4.775444548000053], [40.105480114000045, 4.747559109], [40.090629628000045, 4.771064284000033], [40.04999160200009, 4.765424333999988], [39.99438099600013, 4.737046740000039], [39.94228371000014, 4.734652109000024], [39.91446389800012, 4.711506326000119], [39.80577089400015, 4.746954875000142], [39.77547457100013, 4.745416605000059], [39.74412461400016, 4.70973427500013], [39.74589929300015, 4.666579411000157], [39.60320834700008, 4.333769220000136], [39.539687995000065, 4.235169173000145], [39.52878786900004, 4.16673909800005], [39.478277542000114, 4.040328985000144], [39.499677537000025, 3.96572886000007], [39.28469638700011, 3.623078557000156], [39.22049612899997, 3.602478588000054], [39.091117958000154, 3.531103962000145], [39.19694, 3.478610000000174], [39.24889000000019, 3.471390000000156], [39.295, 3.475280000000112], [39.32864, 3.49965], [39.33138000000014, 3.469170000000133], [39.49958, 3.450140000000147], [39.50208, 3.422640000000115], [39.51902000000018, 3.409310000000119], [39.560270000000116, 3.40667000000019], [39.594990000000166, 3.500830000000121], [39.78278000000017, 3.67833000000013], [39.86666, 3.86944], [39.93345827500008, 3.899066894000043]]]}}, {"type": "Feature", "properties": {"pcode": "ET0602", "area_name": "Metekel", "parent_pcode": "ET06", "level": "zone"}, "geometry": {"type": "Polygon", "coordinates": [[[36.41561935100003, 10.431253870000035], [36.423757431000126, 10.45578580400013], [36.39085529500005, 10.46798619800012], [36.35913256800018, 10.53031590400019], [36.34361345900015, 10.520897603000094], [36.31821832500003, 10.528003484000124], [36.302023956000085, 10.553959757000086], [36.30587583300019, 10.577947712000025], [36.28164751100013, 10.604559028999972], [36.30761642500016, 10.62420328700017], [36.303015255000105, 10.637862573000064], [36.32419511299997, 10.661657148000188], [36.31126925500007, 10.67880626300007], [36.32173064000011, 10.68528913900019], [36.31759667300008, 10.703604919000043], [36.37395879500002, 10.758410476000051], [36.377216858000054, 10.785756431000038], [36.341603238000175, 10.78883721000011], [36.310784268000134, 10.74725869100007], [36.28524219000013, 10.744582874000116], [36.282253898000135, 10.803867232000073], [36.31012808700012, 10.827150243000176], [36.30914227900007, 10.862546867000049], [36.35403261300013, 10.937042986], [36.417669645000046, 11.000727687], [36.422564846000114, 11.03136731300009], [36.48967117199999, 11.068734794000079], [36.525083896000126, 11.112711607000108], [36.546418847000155, 11.094625260000157], [36.57498835600012, 11.100708863000023], [36.578017499, 11.110522327000183], [36.560197970000104, 11.113251220000109], [36.549339458000134, 11.137815229000125], [36.502904681000075, 11.137539042000071], [36.46760784100013, 11.155408725000086], [36.46019195100007, 11.226432698000167], [36.47583075100016, 11.244666323000104], [36.46714241899997, 11.264992656000118], [36.49496594700014, 11.288952227000038], [36.556879115000186, 11.302116366000064], [36.556418424000185, 11.329487098000072], [36.53454314400017, 11.335293242000148], [36.56362650200009, 11.358029042000169], [36.56388981300012, 11.37134905500011], [36.533094912000024, 11.394058938], [36.52991016500005, 11.434547089000091], [36.51222244400003, 11.45827711200019], [36.467155096000056, 11.428645228000164], [36.40994764700008, 11.41391171600003], [36.40954439000018, 11.458302047000018], [36.4443037420001, 11.492808222000065], [36.37515493800015, 11.607679311000027], [36.34842141200011, 11.605359639000142], [36.332418123000025, 11.666042003000143], [36.34755637300003, 11.696597154000074], [36.33206421200015, 11.704052347000072], [36.34127461500009, 11.780808515000103], [36.329066074000025, 11.796687280000185], [36.30879796300019, 11.803229321000117], [36.23157853500004, 11.722111979999966], [36.20707344500005, 11.72143470800006], [36.17621587300005, 11.684244684000134], [36.14482701300011, 11.685617417000117], [36.11835755599998, 11.705810794000172], [36.12552807700007, 11.719165851000014], [36.10523044900003, 11.81589069100005], [36.08145858400019, 11.824370293000186], [36.06626463900005, 11.851600541000096], [36.05449561100011, 11.849317632000123], [36.056373809000036, 11.874303763000057], [35.96902416100016, 11.95841593800003], [35.96581619800003, 11.98458392599997], [35.93528848000017, 11.966113195000162], [35.93645885100011, 11.920757861000027], [35.874423950000164, 11.885936790000073], [35.84826476000006, 11.84024610300014], [35.822991351000155, 11.82686622], [35.80366466900011, 11.838016204000098], [35.66659556900015, 11.825909434000096], [35.661715636000054, 11.793377223000164], [35.576589017000174, 11.76735160700008], [35.51694609800006, 11.718011189000038], [35.473298434000185, 11.736175096000068], [35.42178871200008, 11.729397646999985], [35.36377255800005, 11.752983616000108], [35.32571308900003, 11.794483632000095], [35.295932535000134, 11.799151355000049], [35.28434964900009, 11.884517440000025], [35.26108444900018, 11.927687256000013], [35.231380000000115, 11.898190000000113], [35.11625, 11.85083], [35.08361000000019, 11.80555], [35.05833000000018, 11.730280000000107], [35.0668, 11.646530000000155], [35.0952, 11.57646], [35.08749, 11.53583], [34.96416000000016, 11.25042000000019], [34.97478452300004, 11.227695579000113], [35.009919772000046, 11.240528928000174], [35.090473843000154, 11.215669639000055], [35.12679640000016, 11.17328819700009], [35.12933523900017, 11.150234347000037], [35.16863155600004, 11.14575418700008], [35.196073232000174, 11.11983860500004], [35.20263447500014, 11.089916555], [35.18444710200015, 10.973941977000095], [35.21607544000017, 10.864430674000062], [35.18550583700005, 10.794161064000093], [35.197543161000056, 10.742319849000182], [35.15818937500012, 10.673518574000127], [35.16468153500011, 10.621797105000041], [35.15268034000002, 10.609727405000058], [35.153643395000074, 10.572335661000125], [35.16788369900007, 10.554837610000163], [35.19350304300008, 10.554297461000147], [35.24637296200018, 10.474355706000097], [35.29273676800011, 10.444878378000055], [35.32015673100017, 10.391595246000122], [35.331199909000134, 10.307830962000082], [35.31410537600016, 10.199279642000079], [35.35501821700018, 10.132379266000044], [35.403208834, 10.115116470000089], [35.43978113300011, 10.124535217000187], [35.47897191300018, 10.114029709000135], [35.534319477000054, 10.07664272400018], [35.56448317000013, 10.07148487700016], [35.5976348210001, 10.051024340000026], [35.63363374700009, 9.965417284000125], [35.6814946610001, 9.943903496000132], [35.693016624000165, 9.961467897000091], [35.73548172300019, 9.972479529000111], [35.734056913000074, 10.047785070999964], [35.77054242200006, 10.053634114000147], [35.795592380000016, 10.04455929400018], [35.81959088300016, 10.011232574000132], [35.86826505200003, 10.006647208000174], [35.89759483800009, 10.048642417000053], [35.900711351000155, 10.078399246], [35.98285534100006, 10.147672918000126], [36.01197944500018, 10.122641994000162], [36.04879002000007, 10.144333903000188], [36.15330632500002, 10.115962064000087], [36.20888701000007, 10.118602304000035], [36.243055299, 10.137145969000187], [36.27316989400009, 10.204872051000166], [36.3173541110001, 10.219721456], [36.32838510300013, 10.287122841000041], [36.35180324200019, 10.300966275000064], [36.37237506800017, 10.354129718000138], [36.41479095700004, 10.385616091000031], [36.41561935100003, 10.431253870000035]]]}}, {"type": "Feature", "properties": {"pcode": "ET0603", "area_name": "Assosa", "parent_pcode": "ET06", "level": "zone"}, "geometry": {"type": "Polygon", "coordinates": [[[34.90442008500008, 9.95587868600012], [34.94299597999998, 9.933567317000154], [34.98818221300013, 9.996766925000031], [35.01501748700019, 9.995190863000062], [35.019654361000164, 9.928791940000167], [35.04851353200013, 9.917741245000059], [35.08102060900012, 9.921920612000065], [35.0883414970001, 9.950488895000092], [35.159583687000065, 9.948402073000125], [35.220798401000025, 9.925425696], [35.23074359100008, 9.893252214000029], [35.29745400500008, 9.922483253000166], [35.32509857500014, 9.88449379300016], [35.35741143500013, 9.911142135999967], [35.36172727500019, 9.945381861000158], [35.341348756000116, 10.033613477000188], [35.27660300600013, 10.052785398000083], [35.26509743600013, 10.04488174], [35.24263924999997, 10.06057759800018], [35.25735267500011, 10.114332648000072], [35.22734313900014, 10.169967628000052], [35.21134958700003, 10.237981930000103], [35.20945909400018, 10.259583082], [35.23440296600012, 10.290661919000115], [35.20534351600003, 10.347390650000136], [35.20760536800009, 10.399556123000025], [35.16708826800004, 10.41709166600009], [35.14750998300008, 10.404869440000084], [35.124728199000174, 10.413217247999967], [35.10140668600013, 10.462870159000033], [35.07331429400011, 10.495475261000024], [35.051324879000106, 10.501633939000158], [35.06929035400003, 10.545875089000106], [35.026248922000036, 10.551608234000128], [35.06142492600014, 10.597015194000107], [35.09871167600005, 10.714297352000187], [35.09626773100007, 10.797847138000066], [35.07773769000016, 10.86578521500013], [34.978182982000135, 10.907940540000084], [34.97527000000014, 10.864440000000116], [34.86062, 10.73201], [34.8005500000001, 10.72333], [34.67388, 10.83472], [34.59444, 10.88778], [34.439720000000136, 10.784440000000131], [34.35278, 10.63167], [34.28611, 10.55416], [34.34833, 10.238470000000177], [34.32305, 10.11722], [34.230550000000164, 10.02764000000019], [34.20722, 9.905], [34.12882786600005, 9.715770372000065], [34.18002955400004, 9.718639796000161], [34.1981508450001, 9.737872854000045], [34.27083617600016, 9.74880360100002], [34.31333280700011, 9.732519825999987], [34.33855731200009, 9.684568647999981], [34.38749303999998, 9.659284206000166], [34.419497300000046, 9.66609890500007], [34.43393994400009, 9.627596930000038], [34.4924694180001, 9.622654246000025], [34.5097422230001, 9.652583426000092], [34.53211072400018, 9.641054543000052], [34.54606346500009, 9.648680286000115], [34.6859183900001, 9.563686404000123], [34.735137544000054, 9.545301779000113], [34.782986711000035, 9.55333113000006], [34.79205744500007, 9.603314873999977], [34.81085410300011, 9.63011872900006], [34.80996044700004, 9.702241158000106], [34.796142518000124, 9.736239464999983], [34.831665465000015, 9.803115600000126], [34.86972697700014, 9.820667072000163], [34.89215289900011, 9.864603877000093], [34.89768351600003, 9.881757181000069], [34.866795099, 9.902260916000046], [34.88778145300006, 9.908213967999984], [34.90442008500008, 9.95587868600012]]]}}, {"type": "Feature", "properties": {"pcode": "ET0604", "area_name": "Kamashi", "parent_pcode": "ET06", "level": "zone"}, "geometry": {"type": "Polygon", "coordinates": [[[36.22911958499998, 9.579845782000064], [36.200777372000175, 9.614928768000084], [36.19186586200004, 9.68787751800005], [36.15905722600007, 9.746936508000033], [36.10528661300003, 9.773323643000083], [36.13647113500008, 9.807447298000056], [36.12820708200013, 9.852213635000055], [36.15234344800001, 9.8489314790001], [36.11979873200005, 9.961333164000052], [36.13989836400009, 10.009705090000068], [36.18456706800009, 10.049661314000048], [36.21892419200009, 10.053212510000094], [36.258919556000194, 10.078452010000092], [36.27189215800007, 10.11308766100018], [36.36942190400009, 10.161652776000096], [36.445350893000125, 10.245844166000154], [36.51548847200007, 10.2399315400001], [36.554480933000036, 10.285072005000188], [36.57584782900011, 10.279235559000085], [36.5746856180001, 10.264173395000114], [36.61057050700015, 10.259221846000173], [36.69219150500015, 10.296289130000048], [36.68539933300019, 10.317595047000168], [36.66180968700007, 10.316538557000115], [36.60547151300017, 10.364720049000027], [36.539244943000085, 10.364979387000176], [36.52049615400017, 10.399559641000167], [36.546228503, 10.45689689500017], [36.537226734000114, 10.473061573], [36.526777359, 10.482896159000177], [36.46271156600011, 10.479181219000111], [36.44565091900006, 10.455682161000027], [36.423757431000126, 10.45578580400013], [36.41479095700004, 10.385616091000031], [36.37237506800017, 10.354129718000138], [36.35180324200019, 10.300966275000064], [36.32838510300013, 10.287122841000041], [36.3173541110001, 10.219721456], [36.27316989400009, 10.204872051000166], [36.243055299, 10.137145969000187], [36.20888701000007, 10.118602304000035], [36.15330632500002, 10.115962064000087], [36.04879002000007, 10.144333903000188], [36.01197944500018, 10.122641994000162], [35.98285534100006, 10.147672918000126], [35.900711351000155, 10.078399246], [35.87472629100006, 10.009814391000134], [35.81959088300016, 10.011232574000132], [35.795592380000016, 10.04455929400018], [35.74452340800019, 10.053212717000179], [35.727702112000145, 10.034189304000108], [35.740665884, 10.00808263099998], [35.73295477100015, 9.967795836999983], [35.669306390000145, 9.94548316700019], [35.65356611500016, 9.964088002000096], [35.63363374700009, 9.965417284000125], [35.59552670200003, 10.052857824000057], [35.47897191300018, 10.114029709000135], [35.43978113300011, 10.124535217000187], [35.403208834, 10.115116470000089], [35.35598830700019, 10.131322732], [35.31586451100014, 10.194584321000036], [35.331199909000134, 10.307830962000082], [35.32015673100017, 10.391595246000122], [35.29273676800011, 10.444878378000055], [35.24637296200018, 10.474355706000097], [35.19350304300008, 10.554297461000147], [35.16788369900007, 10.554837610000163], [35.153643395000074, 10.572335661000125], [35.15268034000002, 10.609727405000058], [35.16468153500011, 10.621797105000041], [35.15818937500012, 10.673518574000127], [35.197543161000056, 10.742319849000182], [35.18550583700005, 10.794161064000093], [35.21607544000017, 10.864430674000062], [35.18444710200015, 10.973941977000095], [35.20263447500014, 11.089916555], [35.196073232000174, 11.11983860500004], [35.16863155600004, 11.14575418700008], [35.12933523900017, 11.150234347000037], [35.12679640000016, 11.17328819700009], [35.08843679800009, 11.21673360400007], [35.009919772000046, 11.240528928000174], [34.97478452300004, 11.227695579000113], [35.0075, 11.19833], [35.00555000000014, 11.17444], [34.933330000000126, 10.95666], [34.978182982000135, 10.907940540000084], [35.07773769000016, 10.86578521500013], [35.10277279900009, 10.746649649000176], [35.065409363000185, 10.60696166800011], [35.026248922000036, 10.551608234000128], [35.06929035400003, 10.545875089000106], [35.051324879000106, 10.501633939000158], [35.07331429400011, 10.495475261000024], [35.10140668600013, 10.462870159000033], [35.124728199000174, 10.413217247999967], [35.14750998300008, 10.404869440000084], [35.16708826800004, 10.41709166600009], [35.20760536800009, 10.399556123000025], [35.20534351600003, 10.347390650000136], [35.23440296600012, 10.290661919000115], [35.20945909400018, 10.259583082], [35.21134958700003, 10.237981930000103], [35.22734313900014, 10.169967628000052], [35.25735267500011, 10.114332648000072], [35.24263924999997, 10.06057759800018], [35.26509743600013, 10.04488174], [35.27660300600013, 10.052785398000083], [35.341348756000116, 10.033613477000188], [35.35970205300015, 9.924003670000104], [35.32509857500014, 9.88449379300016], [35.34980061600004, 9.866075812000133], [35.363788997000086, 9.813043185000026], [35.41962852800003, 9.785145035000085], [35.378831148000074, 9.765406404000032], [35.36839702500015, 9.719289413000183], [35.41076633100016, 9.713677552000092], [35.46842357400004, 9.670376197000166], [35.553727423000055, 9.696118466000144], [35.578517519, 9.665518421], [35.63472781400009, 9.65148833000012], [35.653437895000025, 9.634928304000027], [35.64749196800017, 9.553310385000032], [35.71076071200014, 9.486771922000173], [35.764992988000074, 9.473350736999976], [35.7773258310001, 9.440139413999987], [35.75012134100018, 9.40308330400012], [35.756747975999986, 9.323638114000062], [35.79719169100014, 9.30861754000017], [35.85987032500009, 9.324971589000143], [35.91108877400018, 9.315957987000104], [35.917871966000064, 9.285639052000136], [35.94932102400003, 9.249153646000082], [36.03157719600017, 9.23342605900001], [36.05361065600016, 9.119437129000119], [36.034022845000095, 9.107416687000125], [36.02807451900014, 9.055977324000082], [36.04215539300009, 9.015047793000065], [36.086545823000165, 9.012616791000028], [36.09697461400003, 9.032414896000034], [36.07553725400015, 9.06263762600014], [36.108553458000074, 9.080031575000021], [36.128686398000184, 9.051117363], [36.13142903099998, 9.020788201000016], [36.15963301900018, 9.020659939999973], [36.17679055000008, 9.044525228], [36.22594920200015, 9.030967937000128], [36.246477824000124, 9.040962060000084], [36.18458592800005, 9.07195168700008], [36.16147342100004, 9.105351872000085], [36.203947895000056, 9.15734681300006], [36.22892516800016, 9.229031010000085], [36.22633601000018, 9.27172814000005], [36.19489470399998, 9.288973481000085], [36.205892528000106, 9.35473969200018], [36.23426871700008, 9.347006928000042], [36.21458697200006, 9.332416972000033], [36.21837304700006, 9.297118325000042], [36.25317940600007, 9.30182331200001], [36.27511740200015, 9.343833046000157], [36.29548249600009, 9.30169163700009], [36.31899619500007, 9.305850016000136], [36.33376793600007, 9.339799325000058], [36.37471653800014, 9.358019170000091], [36.46141108900008, 9.357156935000091], [36.484109647000025, 9.367867244000081], [36.47519087500012, 9.394637238000143], [36.507265609000115, 9.419345341000167], [36.51491109100016, 9.444134004000091], [36.4944298580001, 9.509365743000046], [36.461168171000054, 9.528057690000026], [36.40062950700019, 9.510988321000184], [36.3803079810001, 9.480480466000074], [36.3010252090001, 9.555515471000035], [36.23177701600008, 9.570323043000087], [36.22911958499998, 9.579845782000064]]]}}, {"type": "Feature", "properties": {"pcode": "ET0605", "area_name": "Mao-komo Special", "parent_pcode": "ET06", "level": "zone"}, "geometry": {"type": "Polygon", "coordinates": [[[34.13335735400017, 8.97566437100005], [34.14471289200003, 8.96223860900011], [34.43065100400008, 8.967436632000044], [34.50370799100017, 9.004134039000178], [34.45833001600016, 9.073183166000092], [34.426835009000115, 9.07179545400004], [34.34087704800015, 9.168779030000167], [34.401742184, 9.186634573000049], [34.439560022000194, 9.215575531000127], [34.46627046499998, 9.365810855000063], [34.45180644800007, 9.44911063000012], [34.51297477000014, 9.44800064600014], [34.49873226600016, 9.51423106599998], [34.52323091600016, 9.541112503000079], [34.548466702999974, 9.629662940000117], [34.56750876500007, 9.63002225100007], [34.55828037000009, 9.644480193000163], [34.5097422230001, 9.652583426000092], [34.4924694180001, 9.622654246000025], [34.43393994400009, 9.627596930000038], [34.419497300000046, 9.66609890500007], [34.38749303999998, 9.659284206000166], [34.33855731200009, 9.684568647999981], [34.31333280700011, 9.732519825999987], [34.26793651000003, 9.749294115000112], [34.1981508450001, 9.737872854000045], [34.18002955400004, 9.718639796000161], [34.12882786600005, 9.715770372000065], [34.08583, 9.55305], [34.13335735400017, 8.97566437100005]]]}}, {"type": "Feature", "properties": {"pcode": "ET0700", "area_name": "Kebena Special", "parent_pcode": "ET07", "level": "zone"}, "geometry": {"type": "Polygon", "coordinates": [[[37.74988552800005, 8.245865424000158], [37.773801757000115, 8.254903933000094], [37.775296156000024, 8.273517703000095], [37.75340236800008, 8.277051078000113], [37.77383731100002, 8.286972430000162], [37.77637764000019, 8.304423355000154], [37.79878175200008, 8.299466751000011], [37.795814556000096, 8.285469575999969], [37.80415810600016, 8.282792929000152], [37.82724005800003, 8.310898806000125], [37.86817230600013, 8.320885199000088], [37.88632628100004, 8.303539034999972], [37.864753527000175, 8.27452524500012], [37.924885748, 8.262484538000137], [37.99380172600007, 8.30465893600001], [38.017759025000146, 8.331567437000047], [38.059088445999976, 8.33550798900012], [38.07195355100015, 8.351260066000066], [38.05575646600016, 8.362301160000186], [38.059012849000055, 8.379473305000033], [38.02804107500003, 8.390282286000058], [37.98816628500015, 8.359525958000063], [37.92798665900017, 8.378166835000115], [37.862947009000095, 8.33570500999997], [37.816257282000095, 8.331804870000042], [37.762646834000066, 8.347139050000123], [37.76626895400011, 8.325950723000176], [37.754441692000114, 8.311982690000093], [37.722791077000124, 8.309662610000146], [37.73854320800007, 8.292646055000034], [37.73472711000011, 8.274914744000114], [37.74988552800005, 8.245865424000158]]]}}, {"type": "Feature", "properties": {"pcode": "ET0701", "area_name": "Guraghe", "parent_pcode": "ET07", "level": "zone"}, "geometry": {"type": "Polygon", "coordinates": [[[37.91703134000011, 7.859680589000106], [37.94935235700018, 7.852171624999983], [37.984499252000035, 7.875803965000102], [37.97947608600009, 7.849571892000085], [38.0020387350001, 7.854922390000127], [37.99681667700003, 7.842928427000118], [38.00609505300014, 7.840454076000128], [38.090694961000054, 7.945395396000151], [38.129914954000185, 7.968565095000088], [38.12857678900002, 8.000452405000033], [38.145486341000094, 8.008697870000049], [38.189488216000086, 8.091390840000088], [38.213745283000094, 8.096927730000118], [38.22056211300014, 8.120658788000071], [38.25202219500011, 8.120191331000171], [38.284922725, 8.169879428000115], [38.28290682800014, 8.200128883000161], [38.31769819400017, 8.234979461000137], [38.32621958900012, 8.267046382000103], [38.30703432100006, 8.299693011000102], [38.31146435700015, 8.369946127999981], [38.26631466500015, 8.406637793000186], [38.217544956000154, 8.408777934000057], [38.18003017000018, 8.392867265000177], [38.16418088300003, 8.408050598000102], [38.122545523000156, 8.406587924000064], [38.10999997500005, 8.390368230999968], [38.059012849000055, 8.379473305000033], [38.05575646600016, 8.362301160000186], [38.072148596000034, 8.350064040000063], [38.064175903000034, 8.338104417000181], [38.017759025000146, 8.331567437000047], [37.93021434800005, 8.264006327], [37.864753527000175, 8.27452524500012], [37.88632628100004, 8.303539034999972], [37.8675214160001, 8.320820570000024], [37.82724005800003, 8.310898806000125], [37.80415810600016, 8.282792929000152], [37.79878175200008, 8.299466751000011], [37.775945684000135, 8.304278462000184], [37.77383731100002, 8.286972430000162], [37.75340236800008, 8.277051078000113], [37.775296156000024, 8.273517703000095], [37.773801757000115, 8.254903933000094], [37.75248970000007, 8.243693980000103], [37.722791077000124, 8.309662610000146], [37.754441692000114, 8.311982690000093], [37.766498016000014, 8.346543430000054], [37.704547954000134, 8.337035197000034], [37.66606321799998, 8.383537295], [37.611968519000186, 8.354086028000097], [37.557978897000055, 8.425509241000043], [37.512209156000154, 8.416968900000086], [37.471383310000135, 8.350706936000108], [37.46408344800011, 8.282420873999968], [37.4808609370001, 8.258579291000046], [37.529147732000126, 8.265820187000031], [37.55026531900006, 8.244460121000145], [37.61797037100007, 8.223404930000186], [37.623886783000046, 8.200043598000093], [37.59213734300016, 8.093134079000038], [37.61541257400012, 7.950570368000058], [37.60724371200013, 7.924702646000071], [37.704721668000104, 7.890371492000099], [37.72051633100017, 7.849815177000039], [37.769885628, 7.846110038000177], [37.81187838100004, 7.819293070000185], [37.87303572100012, 7.743111327], [37.897074616, 7.75826188100018], [37.890706753000075, 7.787270003000117], [37.91689624000014, 7.777377479000165], [37.916345675000116, 7.795508350999967], [37.93942575500006, 7.814729910000096], [37.91703134000011, 7.859680589000106]]]}}, {"type": "Feature", "properties": {"pcode": "ET0702", "area_name": "Hadiya", "parent_pcode": "ET07", "level": "zone"}, "geometry": {"type": "MultiPolygon", "coordinates": [[[[37.76524188800005, 7.387300656000093], [37.83560048300012, 7.455989235000061], [37.808809475000146, 7.478982785000085], [37.829702427000086, 7.484622318000163], [37.830464831000086, 7.500965046000033], [37.84745074799997, 7.475634831000036], [37.86344399100017, 7.482276698000021], [37.89466398300016, 7.440240707000157], [37.920209027000055, 7.433298081000032], [37.92628103300012, 7.399517820000028], [37.98356014400014, 7.422427254000013], [38.02660169900008, 7.404306300000144], [38.04392149299997, 7.418829487000153], [38.103993799000136, 7.418346606000057], [38.12762904300013, 7.450958747000072], [38.08900709000011, 7.488548491000188], [38.109317772000054, 7.501335913000048], [38.11156458700003, 7.541269767000188], [38.120304391, 7.540343516000178], [38.111912903000075, 7.607454208000036], [38.10046024500019, 7.607031478000067], [38.100947033000125, 7.628086347000021], [38.04538424500004, 7.64195957600009], [38.04625797700004, 7.658697043000188], [38.05820552900002, 7.662513638000064], [38.05609174600005, 7.688081770999986], [38.04182093999998, 7.69501232500005], [38.05397200500005, 7.721283872000129], [38.023497549000126, 7.727060596000058], [38.027646001000164, 7.701771675000089], [38.002757206000126, 7.691462941000168], [37.959422572000165, 7.729920007000146], [37.933848991000104, 7.652353166000125], [37.93134436800011, 7.688899974000094], [37.88692490699998, 7.681740320000131], [37.879423447000136, 7.697851307000121], [37.88780370600017, 7.703084598000146], [37.85592783600009, 7.71572709600008], [37.86692191500015, 7.751760657000148], [37.81187838100004, 7.819293070000185], [37.769885628, 7.846110038000177], [37.72051633100017, 7.849815177000039], [37.704721668000104, 7.890371492000099], [37.60796172, 7.926512375000186], [37.5964195950001, 7.851054245000114], [37.56275646900008, 7.775274241000034], [37.53556568000016, 7.663992033000056], [37.50740119700015, 7.608198725000079], [37.44510397, 7.564316881000025], [37.407219633000125, 7.492180415000121], [37.390284942, 7.402422383000101], [37.3494798860001, 7.35773547600013], [37.35169016200001, 7.330731424000078], [37.41142464500001, 7.320952299000169], [37.467155124000044, 7.341727182], [37.53854898100019, 7.321598818000098], [37.59268161500006, 7.32845810800012], [37.59189712700015, 7.290184815000146], [37.58451793500012, 7.286752214999979], [37.5848419510001, 7.312348736], [37.56386456300015, 7.291619424000089], [37.58100835900018, 7.285888341000089], [37.581219511000086, 7.24875983000004], [37.594717256000024, 7.250350693000144], [37.639219882000134, 7.321110674000067], [37.659924431000036, 7.321608929000149], [37.66681511200005, 7.276083578000055], [37.69007810700003, 7.294918016], [37.69137954600018, 7.279474215], [37.70892478600007, 7.278635608000172], [37.731683913000154, 7.307318887000122], [37.77171326200005, 7.314441034000083], [37.73815014200005, 7.338731909999979], [37.76524188800005, 7.387300656000093]], [[37.5648559010001, 7.339833810000016], [37.5507302420001, 7.331014237000147], [37.51975512300004, 7.33695761000007], [37.51299435800007, 7.349161425000091], [37.53468401300012, 7.364519678000079], [37.56191291900012, 7.361099006000074], [37.5648559010001, 7.339833810000016]]], [[[38.056772201000115, 7.073414520000085], [38.07801476100019, 7.180263146000073], [38.10116603300014, 7.208161027000074], [38.095517541000106, 7.238476994999985], [38.06594435800008, 7.270561880000059], [38.033109152, 7.267045659000189], [38.02276039200018, 7.232709151000108], [38.00865295300008, 7.237298056999975], [38.01136133100016, 7.215024672000141], [37.99678355700013, 7.218133840000178], [37.99761688500013, 7.19700423], [37.87714040800017, 7.20916285300018], [37.87151364900012, 7.197806442000115], [37.852425230000165, 7.203589050000062], [37.84642986800009, 7.170682758000169], [37.84298158000007, 7.20124231900013], [37.83219294800017, 7.205879171000049], [37.81102836400015, 7.190111866000109], [37.82489657100018, 7.180674970000041], [37.804124215000115, 7.176717963999977], [37.778580166000154, 7.143079901000078], [37.74406486000004, 7.153718133999973], [37.74372914200012, 7.16397704100018], [37.71853768300008, 7.157569002000116], [37.718760409000026, 7.142570621], [37.74599159000013, 7.135543920000146], [37.73676090999999, 7.120780221000075], [37.77450303100005, 7.117025707000096], [37.79685436900007, 7.096262855000077], [37.84704530800019, 7.099839219000046], [37.87099441100014, 7.115258951000101], [37.909264880000194, 7.099545488], [37.92967892300004, 7.117021458000011], [37.97940916500016, 7.10820772600016], [37.995464280000135, 7.088630294000154], [37.99445426800003, 7.060349946000031], [38.056772201000115, 7.073414520000085]]]]}}, {"type": "Feature", "properties": {"pcode": "ET0703", "area_name": "Kembata", "parent_pcode": "ET07", "level": "zone"}, "geometry": {"type": "Polygon", "coordinates": [[[37.660023599000056, 7.178714861000117], [37.715551558000186, 7.156642748000024], [37.74372914200012, 7.16397704100018], [37.74406486000004, 7.153718133999973], [37.778580166000154, 7.143079901000078], [37.804124215000115, 7.176717963999977], [37.82489657100018, 7.180674970000041], [37.81102836400015, 7.190111866000109], [37.83219294800017, 7.205879171000049], [37.84298158000007, 7.20124231900013], [37.84642986800009, 7.170682758000169], [37.852425230000165, 7.203589050000062], [37.87151364900012, 7.197806442000115], [37.87714040800017, 7.20916285300018], [37.99761688500013, 7.19700423], [37.99678355700013, 7.218133840000178], [38.01136133100016, 7.215024672000141], [38.00865295300008, 7.237298056999975], [38.02276039200018, 7.232709151000108], [38.033109152, 7.267045659000189], [38.06594435800008, 7.270561880000059], [38.07866714300019, 7.256501600000036], [38.070400883000104, 7.299026235000042], [38.04711244300006, 7.282219528000041], [38.03536837700017, 7.295458917000076], [38.02052271500003, 7.266997572000037], [37.971445946000074, 7.275814898000021], [37.96601157800018, 7.294204767000053], [37.981939337000085, 7.319774427000084], [38.004502331000026, 7.328012780000051], [38.01471922100018, 7.376109885000119], [38.05009267000014, 7.379919613000027], [38.05380474200018, 7.392850012999986], [37.9862935970001, 7.422426165000047], [37.92234450100017, 7.400778646999981], [37.920209027000055, 7.433298081000032], [37.89466398300016, 7.440240707000157], [37.87635108200004, 7.471740432000104], [37.86344399100017, 7.482276698000021], [37.84764545600012, 7.475492386000042], [37.843138427000156, 7.494982371000162], [37.82869560400019, 7.500644880000152], [37.829702427000086, 7.484622318000163], [37.808809475000146, 7.478982785000085], [37.83560048300012, 7.455989235000061], [37.75411795300005, 7.380772160000163], [37.73815014200005, 7.338731909999979], [37.77357336300008, 7.315961143000038], [37.731683913000154, 7.307318887000122], [37.70892478600007, 7.278635608000172], [37.69137954600018, 7.279474215], [37.69007810700003, 7.294918016], [37.66681511200005, 7.276083578000055], [37.659924431000036, 7.321608929000149], [37.639219882000134, 7.321110674000067], [37.64203497900007, 7.310565658000087], [37.631847688000164, 7.314504383000099], [37.601260792000176, 7.264595801000155], [37.609591668000064, 7.235172305000162], [37.59264594000001, 7.201934972000117], [37.53471808, 7.189986808000072], [37.546769528000084, 7.170417432000079], [37.660023599000056, 7.178714861000117]]]}}, {"type": "Feature", "properties": {"pcode": "ET0704", "area_name": "East Guraghe", "parent_pcode": "ET07", "level": "zone"}, "geometry": {"type": "Polygon", "coordinates": [[[38.55921819900004, 8.10181875800015], [38.59122424500009, 8.08084240800008], [38.59803778899999, 8.086922011000127], [38.583944895000116, 8.108104487000048], [38.58146253799998, 8.171877069000118], [38.542552826000076, 8.225849506000145], [38.54925865300004, 8.26268337099998], [38.59354445700018, 8.260199101000126], [38.63513376500015, 8.13233773100012], [38.67284312800018, 8.089863961000162], [38.68451186300007, 8.12245477200014], [38.68218734900012, 8.190427868000143], [38.71592177600007, 8.23115956800018], [38.65095223100013, 8.285082027000158], [38.667231758000014, 8.350485245000186], [38.65445164600004, 8.394637113000044], [38.61675172200006, 8.431138369], [38.590882148000105, 8.426018643000077], [38.575784188, 8.444891630000143], [38.526842520000116, 8.45761957000002], [38.501452516000086, 8.44396940900009], [38.47788344000003, 8.447359394000046], [38.468288238000184, 8.435005139000054], [38.42163361600012, 8.289022429000056], [38.347344031000034, 8.254240952000032], [38.325997156000085, 8.266985551000175], [38.25176204700006, 8.121657722000123], [38.27083004000008, 8.121548743000062], [38.26454351300015, 8.083989836000057], [38.28310834600012, 8.055404675000034], [38.33889300300012, 8.048922078000032], [38.38284411100011, 8.082269779000114], [38.40878998000005, 8.090756021000061], [38.427563073000044, 8.077739906000033], [38.43987008700009, 8.092735307000055], [38.46013065200003, 8.087882258000093], [38.453396921000035, 8.078256037000187], [38.46491795000003, 8.070765066000092], [38.446195268000054, 8.054460635000112], [38.49091852300006, 8.035139507000167], [38.50466282300005, 8.075095239000177], [38.51589288000008, 8.079083969000123], [38.51730172900005, 8.060170694000135], [38.534563611000124, 8.055568323999978], [38.55921819900004, 8.10181875800015]]]}}, {"type": "Feature", "properties": {"pcode": "ET0714", "area_name": "Halaba", "parent_pcode": "ET07", "level": "zone"}, "geometry": {"type": "Polygon", "coordinates": [[[38.07177377400012, 7.293766538000114], [38.10103366200008, 7.207848118000186], [38.26521009900006, 7.306723977000104], [38.28152741700012, 7.338683435000178], [38.279442839000126, 7.380599418000031], [38.31891194300016, 7.41416739500005], [38.327244892000124, 7.461681727000155], [38.34122879100016, 7.478579378], [38.42674865100014, 7.514721252000072], [38.42566291500003, 7.553869645000134], [38.40104308500008, 7.578700777000165], [38.420263009000166, 7.624342803000047], [38.412301550000166, 7.679911233000041], [38.36521901100019, 7.692360907000023], [38.363488013000165, 7.675040832000036], [38.32609546000009, 7.685027692000176], [38.32097935000007, 7.662932289000139], [38.33346849700018, 7.664409910000074], [38.33734038500012, 7.643600080999988], [38.32140981100008, 7.651056764000145], [38.320223372000044, 7.642568338], [38.358949125000095, 7.620399059000079], [38.34343582300016, 7.625510633000033], [38.291306544, 7.585272131000124], [38.249567923000086, 7.58888759700011], [38.217622508000034, 7.521440404000032], [38.21993988900016, 7.487986548000151], [38.199672293000106, 7.504466384000182], [38.191773876000184, 7.494614621000096], [38.21389324600017, 7.480656819000046], [38.20069762900005, 7.478691007000123], [38.19143726400006, 7.448635246000094], [38.1620648170001, 7.460531453000044], [38.1682239970001, 7.445152513000153], [38.148870260000194, 7.416275300000109], [38.12611976000005, 7.420551728000078], [38.118521519000126, 7.437459164000131], [38.103993799000136, 7.418346606000057], [38.03999275100017, 7.416744683000161], [38.03053235100009, 7.405269183000144], [38.055016979000186, 7.386439180000082], [38.01471922100018, 7.376109885000119], [38.004502331000026, 7.328012780000051], [37.981939337000085, 7.319774427000084], [37.96601157800018, 7.294204767000053], [37.971445946000074, 7.275814898000021], [38.02052271500003, 7.266997572000037], [38.03536837700017, 7.295458917000076], [38.04711244300006, 7.282219528000041], [38.06304378200008, 7.298604211999987], [38.07177377400012, 7.293766538000114]]]}}, {"type": "Feature", "properties": {"pcode": "ET0720", "area_name": "Siltie", "parent_pcode": "ET07", "level": "zone"}, "geometry": {"type": "Polygon", "coordinates": [[[38.25182383800012, 7.588077811000119], [38.2595093920001, 7.595892671000115], [38.291306544, 7.585272131000124], [38.34343582300016, 7.625510633000033], [38.358949125000095, 7.620399059000079], [38.320223372000044, 7.642568338], [38.32140981100008, 7.651056764000145], [38.33734038500012, 7.643600080999988], [38.33346849700018, 7.664409910000074], [38.32097935000007, 7.662932289000139], [38.32569654800011, 7.684519572000056], [38.363488013000165, 7.675040832000036], [38.36521901100019, 7.692360907000023], [38.412301550000166, 7.679911233000041], [38.43865298000003, 7.718867017999969], [38.44484742900016, 7.759533909000083], [38.49244288400013, 7.795393342000182], [38.51290808600004, 7.848910445000172], [38.549485231000176, 7.870874441000069], [38.43452821500006, 7.970403329000135], [38.45717260100014, 7.993907833000151], [38.43162295400015, 8.021585976999972], [38.46323151299998, 8.065809439000134], [38.45946173300018, 8.088325408000117], [38.43987008700009, 8.092735307000055], [38.427563073000044, 8.077739906000033], [38.406869026000095, 8.090657509000096], [38.33889300300012, 8.048922078000032], [38.28310834600012, 8.055404675000034], [38.26454351300015, 8.083989836000057], [38.27083004000008, 8.121548743000062], [38.22056211300014, 8.120658788000071], [38.21798297700008, 8.101849438000045], [38.189488216000086, 8.091390840000088], [38.145486341000094, 8.008697870000049], [38.12857678900002, 8.000452405000033], [38.129914954000185, 7.968565095000088], [38.090694961000054, 7.945395396000151], [38.04466780400003, 7.877115915000104], [38.001387309, 7.838627077000183], [38.0020387350001, 7.854922390000127], [37.97947608600009, 7.849571892000085], [37.984499252000035, 7.875803965000102], [37.94935235700018, 7.852171624999983], [37.91655696000015, 7.860369836000189], [37.93692438800008, 7.808720846000142], [37.916345675000116, 7.795508350999967], [37.91689624000014, 7.777377479000165], [37.893634292000115, 7.79029975300017], [37.897074616, 7.75826188100018], [37.858714623000026, 7.7426676770001], [37.85592783600009, 7.71572709600008], [37.88780370600017, 7.703084598000146], [37.879423447000136, 7.697851307000121], [37.88692490699998, 7.681740320000131], [37.93341283500007, 7.686849473], [37.933848991000104, 7.652353166000125], [37.959422572000165, 7.729920007000146], [38.002757206000126, 7.691462941000168], [38.027646001000164, 7.701771675000089], [38.023497549000126, 7.727060596000058], [38.054899103000025, 7.720194923000179], [38.04182093999998, 7.69501232500005], [38.05609174600005, 7.688081770999986], [38.05820552900002, 7.662513638000064], [38.04625797700004, 7.658697043000188], [38.04538424500004, 7.64195957600009], [38.100947033000125, 7.628086347000021], [38.10046024500019, 7.607031478000067], [38.111912903000075, 7.607454208000036], [38.11787575400007, 7.584491536000087], [38.112246503000165, 7.508161538000024], [38.08900709000011, 7.488548491000188], [38.12683367600016, 7.456395572000019], [38.118521519000126, 7.437459164000131], [38.127147690000186, 7.420114369999965], [38.148870260000194, 7.416275300000109], [38.1682239970001, 7.445152513000153], [38.1620648170001, 7.460531453000044], [38.194814813, 7.451481385000136], [38.20069762900005, 7.478691007000123], [38.21389324600017, 7.480656819000046], [38.191773876000184, 7.494614621000096], [38.200283769000066, 7.504467497000178], [38.21993988900016, 7.487986548000151], [38.217622508000034, 7.521440404000032], [38.25182383800012, 7.588077811000119]]]}}, {"type": "Feature", "properties": {"pcode": "ET0724", "area_name": "Yem", "parent_pcode": "ET07", "level": "zone"}, "geometry": {"type": "Polygon", "coordinates": [[[37.428004248000036, 7.610490998000159], [37.45497807800007, 7.562509588000125], [37.47459123900006, 7.594168015000037], [37.50740119700015, 7.608198725000079], [37.53556568000016, 7.663992033000056], [37.56275646900008, 7.775274241000034], [37.5964195950001, 7.851054245000114], [37.61541257400012, 7.950570368000058], [37.601539915000046, 7.98599230300016], [37.60282978400011, 7.964857662000043], [37.55751852300017, 7.948338], [37.53280868100006, 7.959608516], [37.51399882700014, 7.999670325000181], [37.490798981000125, 8.017061117000083], [37.391790293000156, 7.992900512], [37.3898147970001, 7.961972350000053], [37.43671401400019, 7.918528487], [37.404844578000166, 7.827260347000106], [37.40002468700004, 7.741052648000107], [37.40119467800014, 7.682667443000014], [37.428004248000036, 7.610490998000159]]]}}, {"type": "Feature", "properties": {"pcode": "ET0725", "area_name": "Mareko Special", "parent_pcode": "ET07", "level": "zone"}, "geometry": {"type": "Polygon", "coordinates": [[[38.612682218000145, 8.043301324000026], [38.62185218999997, 8.068412431000183], [38.59803778899999, 8.086922011000127], [38.59122424500009, 8.08084240800008], [38.55921819900004, 8.10181875800015], [38.55283562500006, 8.07445341100015], [38.54539832700004, 8.074183611000024], [38.54574609400015, 8.06405716400019], [38.534563611000124, 8.055568323999978], [38.51730172900005, 8.060170694000135], [38.51589288000008, 8.079083969000123], [38.50466282300005, 8.075095239000177], [38.488393986000176, 8.048503672000038], [38.49853650300014, 8.046886024000173], [38.49091852300006, 8.035139507000167], [38.47456689800009, 8.049526443000047], [38.44580674300016, 8.050363932000153], [38.446650809000175, 8.035082332000172], [38.441209988000026, 8.027141594000057], [38.435424288000036, 8.032241489], [38.43173319100009, 8.020716718000074], [38.44460352300007, 8.017147941000133], [38.437963518000174, 8.009314233000168], [38.45717260100014, 7.993907833000151], [38.43452821500006, 7.970403329000135], [38.44608946900007, 7.966289216000177], [38.45434398000015, 7.954721041000028], [38.450416918000144, 7.950265114000047], [38.462300110000115, 7.949519918000021], [38.48281486500014, 7.933026951000045], [38.47754070900004, 7.922967685000174], [38.51489452400011, 7.906113340000161], [38.549485231000176, 7.870874441000069], [38.563087169000084, 7.885196245000088], [38.56660236600004, 7.905365226000072], [38.58650728900005, 7.938259967000135], [38.597367683000186, 7.990588941000169], [38.62770176400011, 8.03359527900011], [38.612682218000145, 8.043301324000026]]]}}, {"type": "Feature", "properties": {"pcode": "ET0726", "area_name": "Tembaro Special", "parent_pcode": "ET07", "level": "zone"}, "geometry": {"type": "MultiPolygon", "coordinates": [[[[37.52976654600013, 7.193103754000049], [37.556243121000136, 7.187354870000092], [37.57816439400017, 7.192726637000021], [37.60660243500007, 7.220541840000124], [37.609591668000064, 7.235172305000162], [37.60083847700014, 7.255642255000055], [37.581219511000086, 7.24875983000004], [37.58100835900018, 7.285888341000089], [37.56386456300015, 7.291619424000089], [37.5848419510001, 7.312348736], [37.58451793500012, 7.286752214999979], [37.59189712700015, 7.290184815000146], [37.59932194100003, 7.305780160000097], [37.59268161500006, 7.32845810800012], [37.55997039600004, 7.330530512000166], [37.53854898100019, 7.321598818000098], [37.51973754000005, 7.333131736000098], [37.467155124000044, 7.341727182], [37.41142464500001, 7.320952299000169], [37.35379102100006, 7.325018300000067], [37.356799446000025, 7.27680087900012], [37.37428531600011, 7.251456135000126], [37.40264689500009, 7.246221451000054], [37.415378060000194, 7.229877349000105], [37.46433257000007, 7.199061273000154], [37.50862294400008, 7.215597063000132], [37.526294866000114, 7.205442196999968], [37.52976654600013, 7.193103754000049]]], [[[37.54652509400012, 7.332254915000078], [37.5648559010001, 7.339833810000016], [37.56494501100019, 7.35977651900015], [37.53468401300012, 7.364519678000079], [37.51299435800007, 7.349161425000091], [37.51975512300004, 7.33695761000007], [37.54652509400012, 7.332254915000078]]]]}}, {"type": "Feature", "properties": {"pcode": "ET0801", "area_name": "Wolayita", "parent_pcode": "ET08", "level": "zone"}, "geometry": {"type": "Polygon", "coordinates": [[[37.821862348000025, 6.575033878000056], [37.826261730000056, 6.545873918000041], [37.81305275700004, 6.508329764000109], [37.89277595400017, 6.596070541000074], [37.95266291200005, 6.549619914000175], [38.01884606200014, 6.573269380000113], [38.00959474899997, 6.617068244000109], [38.019388640000045, 6.665603544000135], [38.0499274070001, 6.693215047000024], [38.08000849800004, 6.796448477000183], [38.11844427800003, 6.871920474000035], [38.13659192200004, 6.939727871000116], [38.13071104800014, 6.973029833000055], [38.06415474100004, 7.043386989000112], [38.062799043000155, 7.076428912000097], [37.99445426800003, 7.060349946000031], [37.995464280000135, 7.088630294000154], [37.97753885700013, 7.108969376000118], [37.92967892300004, 7.117021458000011], [37.90232633800002, 7.099277866000079], [37.87099441100014, 7.115258951000101], [37.84704530800019, 7.099839219000046], [37.79685436900007, 7.096262855000077], [37.77450303100005, 7.117025707000096], [37.73676090999999, 7.120780221000075], [37.74599159000013, 7.135543920000146], [37.67771715600003, 7.174315598000021], [37.650168614999984, 7.181557291000104], [37.546769528000084, 7.170417432000079], [37.52773002500015, 7.189483715000108], [37.4936231260001, 7.150732506000054], [37.45544410200006, 7.13519806100004], [37.459723258999986, 7.09888169400017], [37.42113214400007, 6.961003137999967], [37.43497463799997, 6.894799343000102], [37.416474561000086, 6.871291499000165], [37.38862047200013, 6.86083908300003], [37.338039243000026, 6.874518833000025], [37.30760556900009, 6.863191847000053], [37.26774751100004, 6.777163616000166], [37.24394163500017, 6.761236353000129], [37.249416999, 6.742560857000171], [37.22490545900018, 6.721240484000077], [37.232800671000064, 6.671807544000046], [37.26457734000019, 6.709569011000099], [37.33000568600016, 6.706963472000098], [37.35762133200012, 6.685524317000159], [37.47526949100006, 6.663973911000028], [37.530440231, 6.62086301700009], [37.58831805500017, 6.620202757000186], [37.62260923500003, 6.637168056000121], [37.68207996900014, 6.626753391000022], [37.698497, 6.644647352000106], [37.719305072000054, 6.612254291000113], [37.73819237000015, 6.609646436999981], [37.758306312000116, 6.585289358000068], [37.821862348000025, 6.575033878000056]]]}}, {"type": "Feature", "properties": {"pcode": "ET0802", "area_name": "Gamo", "parent_pcode": "ET08", "level": "zone"}, "geometry": {"type": "Polygon", "coordinates": [[[37.064975201000095, 5.709967462000179], [37.0907453960001, 5.700762805000181], [37.16512913800011, 5.741267524000023], [37.23434588600014, 5.741572205000068], [37.30497182300013, 5.786843242000089], [37.40618947700011, 5.73999549600012], [37.42496515100004, 5.714976794000052], [37.454763905, 5.704848752000089], [37.48658087400008, 5.732367275000172], [37.504069089000154, 5.703951666000137], [37.54977038500016, 5.733960191000165], [37.54266981100011, 5.816648350999969], [37.64309292500002, 5.865475342000082], [37.67460281900003, 5.85639525], [37.68147879100013, 5.885122114000126], [37.719207206000135, 5.922386581000069], [37.78208435500011, 5.953785423000113], [37.78977580000014, 6.049442044000102], [37.77809593500018, 6.149596620000068], [37.84026560100011, 6.248251081000149], [37.85215556300017, 6.304783646999965], [37.84008568700017, 6.378747021000038], [37.79745598700009, 6.429239352000025], [37.82334615800005, 6.574941651000188], [37.758306312000116, 6.585289358000068], [37.73819237000015, 6.609646436999981], [37.719305072000054, 6.612254291000113], [37.698497, 6.644647352000106], [37.68207996900014, 6.626753391000022], [37.62260923500003, 6.637168056000121], [37.58831805500017, 6.620202757000186], [37.530440231, 6.62086301700009], [37.47526949100006, 6.663973911000028], [37.35762133200012, 6.685524317000159], [37.32926344800018, 6.707080568000038], [37.26457734000019, 6.709569011000099], [37.240093621000085, 6.684942542999977], [37.238903993000065, 6.654505381000149], [37.194401891000155, 6.654011448], [37.17657903000014, 6.589601653999978], [37.13199179500003, 6.527702037000097], [37.138298901000155, 6.496989238000026], [37.1816756500001, 6.475728248000053], [37.21382386200014, 6.409520107000162], [37.21294389500008, 6.292501866000123], [37.16233809400006, 6.250022486999967], [37.120983054000135, 6.234366229999978], [37.114919027000155, 6.211833323000178], [37.09277635400008, 6.199957007000023], [37.048957797000185, 6.005637996000075], [37.02733435400006, 5.976835300000062], [36.99518325800017, 5.968871448000186], [36.993021844000054, 5.955742868000129], [37.012810839, 5.864354988000116], [37.00230521200007, 5.697150954], [37.03086745900009, 5.669414690000167], [37.03140615500013, 5.631782409000152], [37.05159347800003, 5.651935936000086], [37.04529762600009, 5.686738748000039], [37.064975201000095, 5.709967462000179]]]}}, {"type": "Feature", "properties": {"pcode": "ET0803", "area_name": "Gofa", "parent_pcode": "ET08", "level": "zone"}, "geometry": {"type": "Polygon", "coordinates": [[[36.74248831000017, 6.157772237000188], [36.694940121, 6.102171761000022], [36.72212052300006, 6.090178066000021], [36.712256712000055, 6.060032921000072], [36.73250242000012, 6.002313066000113], [36.73321484700017, 5.929522531000032], [36.74603011200014, 5.912067666000098], [36.796001232000094, 5.912151842000128], [36.805418864000046, 5.930498728000089], [36.827915592000124, 5.931373352000151], [36.845097663000104, 5.967111395000131], [36.88573712900018, 6.006123165000133], [36.91385193200017, 6.016382229000044], [36.94212945200019, 6.015517130000148], [36.991140131, 5.967698905000077], [37.03020762600016, 5.979019421000032], [37.07792077800019, 6.099868155000024], [37.09277635400008, 6.199957007000023], [37.114919027000155, 6.211833323000178], [37.120983054000135, 6.234366229999978], [37.16233809400006, 6.250022486999967], [37.21294389500008, 6.292501866000123], [37.21382386200014, 6.409520107000162], [37.1816756500001, 6.475728248000053], [37.14029891100006, 6.494446223000068], [37.13279223600006, 6.514778717000183], [37.134801218, 6.537452442000074], [37.17657903000014, 6.589601653999978], [37.19604106200018, 6.645412809000106], [37.186975346000054, 6.663360505000071], [37.146612006000055, 6.669717504000175], [37.10442417500008, 6.633961711000154], [37.064836762000084, 6.626249720000033], [37.003502849000085, 6.58960011500011], [36.98805227000008, 6.603162614999974], [36.98913427100018, 6.679881381000087], [36.96846544300013, 6.693222842000068], [36.93229442, 6.703883515000086], [36.866842965000046, 6.66846283100017], [36.82028781100007, 6.681543685000122], [36.77980662700014, 6.710629277000066], [36.708785880000164, 6.710652776000188], [36.682050495000055, 6.691513721000149], [36.671804399000166, 6.656941226000129], [36.60023980200009, 6.627329890000055], [36.570636953000076, 6.582557839000117], [36.46177106700003, 6.528785681000045], [36.4177276800001, 6.476416473000029], [36.38850784200008, 6.461405669000101], [36.409789831000126, 6.435482837000166], [36.41153527400007, 6.378786787000138], [36.42719518000007, 6.375678011000105], [36.47297595200013, 6.290261848000057], [36.50034803200003, 6.314663002000032], [36.533377318000134, 6.37587212699998], [36.56513706100009, 6.372000455000091], [36.581635829000106, 6.383368488000031], [36.588058347000185, 6.372555807000083], [36.612362556, 6.395351317], [36.653409455000144, 6.390315348000172], [36.655634679, 6.352270326], [36.69560193500007, 6.346153399000059], [36.67729541600016, 6.26418287700011], [36.71438946800015, 6.230982717000074], [36.73231386800012, 6.19248469900009], [36.7457766980001, 6.195577676000141], [36.74248831000017, 6.157772237000188]]]}}, {"type": "Feature", "properties": {"pcode": "ET0804", "area_name": "Basketo", "parent_pcode": "ET08", "level": "zone"}, "geometry": {"type": "Polygon", "coordinates": [[[36.396694721000074, 6.136068051000052], [36.49706687300005, 6.200169953000056], [36.54486495300017, 6.178255573000172], [36.566434845000174, 6.216162341000029], [36.595687633000125, 6.229928829000073], [36.60395199499999, 6.245549635000089], [36.63867745600004, 6.241984814000091], [36.67857904500005, 6.273021729000106], [36.69560193500007, 6.346153399000059], [36.655634679, 6.352270326], [36.65122671299997, 6.391612003000091], [36.62894093500012, 6.385847816000023], [36.612362556, 6.395351317], [36.588058347000185, 6.372555807000083], [36.581635829000106, 6.383368488000031], [36.56513706100009, 6.372000455000091], [36.56432491000015, 6.378958989000125], [36.533377318000134, 6.37587212699998], [36.449902844000064, 6.245529365000039], [36.44846823400002, 6.227419234000024], [36.43561133500003, 6.222728621000158], [36.396694721000074, 6.136068051000052]]]}}, {"type": "Feature", "properties": {"pcode": "ET0805", "area_name": "Ari", "parent_pcode": "ET08", "level": "zone"}, "geometry": {"type": "Polygon", "coordinates": [[[36.67304305600004, 5.727081574000067], [36.71014687000013, 5.745249434000129], [36.70218043000017, 5.771243850000133], [36.71599607400003, 5.793144079000172], [36.717136912000115, 5.83459338199998], [36.6856086250001, 5.879314396999973], [36.691997362000166, 5.904180714000177], [36.73622179900008, 5.925472709000132], [36.73250242000012, 6.002313066000113], [36.712256712000055, 6.060032921000072], [36.72212052300006, 6.090178066000021], [36.694940121, 6.102171761000022], [36.70840923300017, 6.124048535000156], [36.72586375900016, 6.128169127000035], [36.74946083100019, 6.183622516000014], [36.72658501900014, 6.199895068000103], [36.71352538600007, 6.231839953000133], [36.688521353000056, 6.244047557000158], [36.67744872900016, 6.272745330000078], [36.63529189300016, 6.240199915000119], [36.60395199499999, 6.245549635000089], [36.566434845000174, 6.216162341000029], [36.54486495300017, 6.178255573000172], [36.49706687300005, 6.200169953000056], [36.40910129600013, 6.146505218000073], [36.39625093000018, 6.131027655000139], [36.393432857000164, 6.077474500000164], [36.3599404790001, 6.044739980000088], [36.33140231500016, 6.040792755000098], [36.30620740600017, 6.059121213000083], [36.32522986500015, 6.023736800000108], [36.41970321200017, 5.991855207000185], [36.44325651500003, 5.932983922000176], [36.43732591700012, 5.88954325200018], [36.383784494000054, 5.861634993], [36.35851918300011, 5.907607255000073], [36.33732888800017, 5.905115980000062], [36.31849858800018, 5.85951977600007], [36.267678501000034, 5.828339628000037], [36.282224459000076, 5.759284070000149], [36.23258538000016, 5.583348121000142], [36.27938456000004, 5.618941355000118], [36.28004454100005, 5.646133827000085], [36.31421393000005, 5.688377660000128], [36.369332985000085, 5.682257128000117], [36.42849826600008, 5.649888095000051], [36.44624429600009, 5.67652504400013], [36.58739225800002, 5.717929508999987], [36.607901813000126, 5.706177535], [36.61689771699997, 5.672566519999975], [36.62325249100019, 5.700917489000176], [36.67304305600004, 5.727081574000067]]]}}, {"type": "Feature", "properties": {"pcode": "ET0806", "area_name": "Alle Special", "parent_pcode": "ET08", "level": "zone"}, "geometry": {"type": "Polygon", "coordinates": [[[37.36149704600018, 5.512034500000027], [37.33538046800004, 5.523624549000033], [37.338469694000025, 5.539657362000128], [37.31355414200016, 5.57900980800008], [37.32235713600005, 5.594542844000102], [37.26819515100016, 5.589092103000041], [37.258072576000075, 5.626227107000034], [37.26817731799997, 5.65257431100008], [37.22985806400004, 5.70419041100007], [37.12385354000014, 5.7278205880001], [37.0964722490001, 5.70221710900006], [37.06816014800012, 5.710947013000123], [37.051590969000074, 5.700682481000115], [37.05159347800003, 5.651935936000086], [37.03002790700009, 5.631517956000039], [37.00976789400005, 5.562182067000151], [37.01777973399999, 5.529840604000015], [37.042937449000135, 5.518782570999974], [37.05349781000018, 5.470321545000104], [37.069321296000055, 5.449093937000157], [37.06954553700007, 5.41238606700017], [37.055506133000165, 5.391170745000181], [37.08499601400007, 5.389803127], [37.15228721600016, 5.451064228], [37.16421988999997, 5.441260694000164], [37.17987031100006, 5.456665802000032], [37.20383431500005, 5.442491475000111], [37.24690134100007, 5.482974731000013], [37.27488666700009, 5.465064578000067], [37.30250290900017, 5.492896528000188], [37.308696020000184, 5.477927442000123], [37.340455791000124, 5.479872219000185], [37.36149704600018, 5.512034500000027]]]}}, {"type": "Feature", "properties": {"pcode": "ET0807", "area_name": "Derashe", "parent_pcode": "ET08", "level": "zone"}, "geometry": {"type": "Polygon", "coordinates": [[[37.46239711599998, 5.51555775900016], [37.45759213600019, 5.554474488000039], [37.466189569000164, 5.563517365000166], [37.477515953000136, 5.551559199000167], [37.49710758300006, 5.58474237300004], [37.49080444500004, 5.603371941000091], [37.532300422, 5.627500815000076], [37.55750451200015, 5.705346234000046], [37.54977038500016, 5.733960191000165], [37.49636165300012, 5.702132624000114], [37.48244430000011, 5.73139176799998], [37.45193280000018, 5.705056482999964], [37.43650532300006, 5.719316889000027], [37.42496515100004, 5.714976794000052], [37.40618947700011, 5.73999549600012], [37.30497182300013, 5.786843242000089], [37.23434588600014, 5.741572205000068], [37.1938868580001, 5.73350017700011], [37.17181884200011, 5.742503063000186], [37.12604587700008, 5.727740726999969], [37.22985806400004, 5.70419041100007], [37.26817731799997, 5.65257431100008], [37.26114347600014, 5.599622008999972], [37.27582850400012, 5.587786743000038], [37.32251199900014, 5.594388572000128], [37.31355414200016, 5.57900980800008], [37.34649512700014, 5.513014639000062], [37.36115178000006, 5.512105584999972], [37.36201347100018, 5.523974935000069], [37.41380054900014, 5.507917257000031], [37.431770803, 5.511721325000167], [37.43052868100011, 5.520977673000061], [37.46239711599998, 5.51555775900016]]]}}, {"type": "Feature", "properties": {"pcode": "ET0808", "area_name": "Kore", "parent_pcode": "ET08", "level": "zone"}, "geometry": {"type": "Polygon", "coordinates": [[[37.9187807080001, 5.649543161999986], [37.943519996000134, 5.639464151000141], [38.00801470400012, 5.650154599000075], [38.07516384600012, 5.688940437000042], [38.08708369600015, 5.72125684700012], [38.088883692000024, 5.745607964000158], [38.01987416700018, 5.79004003700004], [37.96857460200016, 5.956017667000083], [37.95269470500011, 5.96334801200004], [37.903975012000046, 5.960507907000135], [37.842965438000135, 6.0109402490001], [37.803736092000065, 5.993178829999977], [37.78317581900018, 6.010600270000111], [37.78208435500011, 5.953785423000113], [37.719207206000135, 5.922386581000069], [37.68147879100013, 5.885122114000126], [37.67460281900003, 5.85639525], [37.64309292500002, 5.865475342000082], [37.54266981100011, 5.816648350999969], [37.55750451200015, 5.705346234000046], [37.53882158400012, 5.651560460000098], [37.574376808000125, 5.601334718000032], [37.599534745000085, 5.606556015000137], [37.58613146300007, 5.65777812000016], [37.604689797000106, 5.688068561000023], [37.65380812000012, 5.689182205000179], [37.69408120300017, 5.706615849000059], [37.72855679800011, 5.663835974000051], [37.73422702000016, 5.624177276000182], [37.80089597700015, 5.648072863000095], [37.84559904000008, 5.620915229], [37.88376183700012, 5.624311831], [37.89362925000006, 5.642812714], [37.9187807080001, 5.649543161999986]]]}}, {"type": "Feature", "properties": {"pcode": "ET0809", "area_name": "Konso", "parent_pcode": "ET08", "level": "zone"}, "geometry": {"type": "Polygon", "coordinates": [[[37.42838929100003, 5.172727025000142], [37.62973481100005, 5.266009696000026], [37.69356526500013, 5.444244999000034], [37.69131038400013, 5.460033527000064], [37.59794677700012, 5.530842680000148], [37.57684754700017, 5.583311095999989], [37.552079425000045, 5.587590621000174], [37.55876966300008, 5.619431618000078], [37.53937425100008, 5.650569752000024], [37.516438171, 5.609897869000065], [37.49080444500004, 5.603371941000091], [37.49710758300006, 5.58474237300004], [37.477515953000136, 5.551559199000167], [37.466189569000164, 5.563517365000166], [37.45759213600019, 5.554474488000039], [37.465804645000105, 5.515364329000136], [37.433154319000096, 5.521367429000179], [37.41380054900014, 5.507917257000031], [37.36201347100018, 5.523974935000069], [37.340455791000124, 5.479872219000185], [37.308696020000184, 5.477927442000123], [37.30250290900017, 5.492896528000188], [37.27488666700009, 5.465064578000067], [37.245279390000064, 5.482443638000063], [37.20383431500005, 5.442491475000111], [37.17987031100006, 5.456665802000032], [37.16421988999997, 5.441260694000164], [37.15228721600016, 5.451064228], [37.08499601400007, 5.389803127], [37.05050302100011, 5.390530872000113], [37.030525381000075, 5.353244409000069], [37.036784629000124, 5.268366006000122], [37.003311116000134, 5.199082903000033], [37.112230264000175, 5.186272328000086], [37.18182905900011, 5.193923041000119], [37.216908441000044, 5.21268475], [37.292357141000025, 5.1943630990001], [37.34073631300009, 5.159599949999972], [37.36717585100013, 5.155099544000109], [37.42838929100003, 5.172727025000142]]]}}, {"type": "Feature", "properties": {"pcode": "ET0810", "area_name": "Burji", "parent_pcode": "ET08", "level": "zone"}, "geometry": {"type": "Polygon", "coordinates": [[[37.88508552400015, 5.234310022000159], [37.90205956400018, 5.25429742700004], [37.90121237500017, 5.373247752000054], [37.935224497000036, 5.423033255], [37.94681445500015, 5.474285600000087], [37.94781448700007, 5.537688512000102], [37.93017464400009, 5.616672147000088], [37.943519996000134, 5.639464151000141], [37.9187807080001, 5.649543161999986], [37.89362925000006, 5.642812714], [37.88376183700012, 5.624311831], [37.84559904000008, 5.620915229], [37.80089597700015, 5.648072863000095], [37.73422702000016, 5.624177276000182], [37.72855679800011, 5.663835974000051], [37.69883742000013, 5.705703479000022], [37.604689797000106, 5.688068561000023], [37.58613146300007, 5.65777812000016], [37.599534745000085, 5.606556015000137], [37.574376808000125, 5.601334718000032], [37.562052441000105, 5.619816981999975], [37.54793762200012, 5.601996622000058], [37.552079425000045, 5.587590621000174], [37.57684754700017, 5.583311095999989], [37.599862414000086, 5.528645784000105], [37.69131038400013, 5.460033527000064], [37.68409691600016, 5.405937395000024], [37.64620169500006, 5.331530396000176], [37.64547815700007, 5.297185947], [37.700880053000105, 5.305883307000045], [37.74712925900019, 5.276610653000091], [37.77282881700012, 5.283351274000097], [37.81007817200003, 5.268299910000167], [37.852657442, 5.234646854000118], [37.88508552400015, 5.234310022000159]]]}}, {"type": "Feature", "properties": {"pcode": "ET0811", "area_name": "Gedeo", "parent_pcode": "ET08", "level": "zone"}, "geometry": {"type": "Polygon", "coordinates": [[[38.20888389300006, 5.879059612000162], [38.19839140400006, 5.849452678000034], [38.22338097500017, 5.8386116960001], [38.270430162000025, 5.868524416000128], [38.32532922300015, 5.868814446000101], [38.396085707000054, 5.920052383000041], [38.37480906600007, 5.943043287000023], [38.327529177000145, 5.95537227900013], [38.318949083, 5.975062712000124], [38.28225995100013, 5.970703664000041], [38.27171014100014, 5.986579348000021], [38.27924000300004, 6.006286885000179], [38.31388050500004, 6.027833492000127], [38.37697371000013, 6.164516717000083], [38.43468269200014, 6.19876580500005], [38.42434710600014, 6.368675131000145], [38.401403601000084, 6.355596820000073], [38.393861998000034, 6.368261250999979], [38.40446606200004, 6.396718149000151], [38.38927431500014, 6.416756544000179], [38.3093133700001, 6.419694531000175], [38.281051404000095, 6.441578183], [38.29315196700003, 6.397952940999971], [38.288230414000054, 6.359842237000066], [38.19757778500019, 6.319003268000131], [38.1737417810001, 6.266810420000184], [38.19792137500019, 6.206434972000181], [38.18739684100018, 6.182210307000162], [38.14138362000017, 6.154456615000129], [38.125063726000064, 6.155126650000057], [38.102301546000035, 6.180448387000013], [38.08672839300016, 6.161044785000058], [38.07986341200012, 6.116986871000108], [38.116492788000016, 6.050200836000045], [38.121592709000026, 6.016677806000075], [38.15034221200017, 6.000406334000104], [38.18097169200013, 5.941651025000112], [38.20373130500002, 5.935020423000026], [38.20888389300006, 5.879059612000162]]]}}, {"type": "Feature", "properties": {"pcode": "ET0812", "area_name": "South Omo", "parent_pcode": "ET08", "level": "zone"}, "geometry": {"type": "Polygon", "coordinates": [[[36.396669843000154, 4.441099760000156], [36.6475, 4.44667], [36.714253964000136, 4.433850543000176], [36.657532315000026, 4.580373675999965], [36.68084120200007, 4.604300630000125], [36.64640914100016, 4.710757126000146], [36.828479986000104, 4.709174806000135], [36.85473946500008, 4.736059609000165], [36.860708967, 4.978767301000175], [36.8821857910001, 5.074983650000149], [36.94896665400017, 5.19468654700006], [37.003311116000134, 5.199082903000033], [37.01695883400015, 5.221440799], [37.016128956000045, 5.242489157000023], [37.036784629000124, 5.268366006000122], [37.030525381000075, 5.353244409000069], [37.06954553700007, 5.41238606700017], [37.07138501900005, 5.436344040000108], [37.042937449000135, 5.518782570999974], [37.01047573500006, 5.544438012000057], [37.015921341000194, 5.598171654000168], [37.033902386000136, 5.624336637000113], [37.03266507700016, 5.665166032000172], [37.00230521200007, 5.697150954], [37.012810839, 5.864354988000116], [36.99674597800015, 5.966409250000027], [36.93795038300004, 6.016405090000092], [36.88573712900018, 6.006123165000133], [36.834048358000075, 5.956174845000078], [36.828798072000154, 5.932106225000098], [36.805418864000046, 5.930498728000089], [36.797017180000125, 5.912430456999971], [36.74603011200014, 5.912067666000098], [36.73622179900008, 5.925472709000132], [36.69252462100019, 5.905606553000098], [36.6856086250001, 5.879314396999973], [36.717136912000115, 5.83459338199998], [36.715780225, 5.791586059000053], [36.70218043000017, 5.771243850000133], [36.71014687000013, 5.745249434000129], [36.63255864900009, 5.709540035000032], [36.61689771699997, 5.672566519999975], [36.607901813000126, 5.706177535], [36.58739225800002, 5.717929508999987], [36.44624429600009, 5.67652504400013], [36.42849826600008, 5.649888095000051], [36.369332985000085, 5.682257128000117], [36.31421393000005, 5.688377660000128], [36.28004454100005, 5.646133827000085], [36.27938456000004, 5.618941355000118], [36.23258538000016, 5.583348121000142], [36.282224459000076, 5.759284070000149], [36.267678501000034, 5.828339628000037], [36.31849858800018, 5.85951977600007], [36.33732888800017, 5.905115980000062], [36.35851918300011, 5.907607255000073], [36.383784494000054, 5.861634993], [36.43732591700012, 5.88954325200018], [36.44325651500003, 5.932983922000176], [36.41970321200017, 5.991855207000185], [36.32522986500015, 6.023736800000108], [36.30620740600017, 6.059121213000083], [36.33140231500016, 6.040792755000098], [36.35754604500005, 6.043732436000028], [36.393432857000164, 6.077474500000164], [36.39604832600014, 6.136592163000103], [36.41977301600008, 6.193183155000156], [36.485678636000046, 6.291011649000041], [36.471759047000035, 6.291560492000031], [36.42719518000007, 6.375678011000105], [36.41153527400007, 6.378786787000138], [36.409789831000126, 6.435482837000166], [36.38850784200008, 6.461405669000101], [36.36114439199997, 6.469150391000142], [36.323350726, 6.458356873000071], [36.306703766000055, 6.426370729000098], [36.24880268200013, 6.38502139000019], [36.191637244000106, 6.441845138000133], [36.13227335500005, 6.435751549000031], [36.06887160400004, 6.354932694000013], [36.039131342000076, 6.347126189000107], [36.03533318400008, 6.331596133000176], [36.05907175200008, 6.307414026000117], [36.03939214500008, 6.271332981], [35.992205013000046, 6.25771196200003], [35.956721498000036, 6.225570251000079], [35.96761664600018, 6.207210981000173], [35.962271506000036, 6.180711116], [35.97774253300014, 6.166221135000058], [35.95288909700008, 6.166839686000174], [35.933929069000044, 6.131447797000078], [35.95036293900017, 6.122391318000098], [35.949252841000146, 6.098887010000112], [35.99482104100014, 6.084648610999977], [35.98213829200017, 6.052006639000126], [36.008553450000136, 5.997335860000078], [35.977710228000035, 5.948063972], [35.98769667300007, 5.896311113000138], [35.96842326400008, 5.869794396000032], [35.973435767000126, 5.840364029000057], [35.96089379600011, 5.834615714000051], [35.96228273700018, 5.782794836000164], [35.97850010500014, 5.759599739000066], [35.95903466800007, 5.700672012000041], [35.97023453000003, 5.694347645000164], [35.9582455310001, 5.683977357000117], [35.968193095000174, 5.682272794000028], [35.95157315000017, 5.651032429000054], [35.87741600600009, 5.673151982000149], [35.80685235200019, 5.665838864000079], [35.75395487200018, 5.600820458000101], [35.75369043800015, 5.382916995000073], [35.757041116000096, 5.345433895999975], [35.82166, 5.32861], [35.79624000000018, 5.23514], [35.83069, 5.168400000000133], [35.82361, 5.13667], [35.77999000000017, 5.08264], [35.77444000000014, 4.79861000000011], [35.92472, 4.64028], [35.94770000000017, 4.62933], [35.95111, 4.521110000000135], [36.04530000000011, 4.44708], [36.396669843000154, 4.441099760000156]]]}}, {"type": "Feature", "properties": {"pcode": "ET1101", "area_name": "Sheka", "parent_pcode": "ET11", "level": "zone"}, "geometry": {"type": "Polygon", "coordinates": [[[35.61388306200007, 7.19529041100003], [35.72400472600009, 7.213495963000014], [35.735695436000185, 7.219600053000079], [35.73173187100008, 7.240524213000128], [35.71351468300003, 7.241415820999975], [35.696536975000186, 7.224853946], [35.668945504000135, 7.241620393000062], [35.627315966000026, 7.228707593000081], [35.56828175400017, 7.281016438000165], [35.49430392400018, 7.265204549999964], [35.497122170000125, 7.383855113000038], [35.43900766200011, 7.422875051000062], [35.52825789900015, 7.481138422000186], [35.56505662100005, 7.487345710000056], [35.556691984999986, 7.513467793000018], [35.58605087900003, 7.535186494000186], [35.56329514300012, 7.651435872000093], [35.57009221800001, 7.673847016000025], [35.60285841300015, 7.692839811000056], [35.57604119800004, 7.716399889000058], [35.576655297000116, 7.738608535000139], [35.598063625000066, 7.742901887000073], [35.59368624700011, 7.804352634000168], [35.54440042500016, 7.83099382], [35.52072558400016, 7.8956067310001], [35.47431084800007, 7.873505752000085], [35.433531098000174, 7.882756181000161], [35.40057884100008, 7.829573682000103], [35.358051522000096, 7.84299441800016], [35.349859201000186, 7.834874142000103], [35.340877649000106, 7.776610678000054], [35.27556691600006, 7.74600805200015], [35.22273282400016, 7.703102542000181], [35.21232413900003, 7.651496985000051], [35.11603360700019, 7.645092153000178], [35.11563662700007, 7.630795768000098], [35.145658908000144, 7.63024023000014], [35.166305223000165, 7.61487082900004], [35.17191638400004, 7.532753644000138], [35.13808280500007, 7.512076175000175], [35.120718694000175, 7.483497270000157], [35.18925243500007, 7.455626145000053], [35.209512077000056, 7.471867610000174], [35.30955471200002, 7.479178306], [35.37364824200006, 7.427978167000049], [35.367835393, 7.414628042000061], [35.39229841000002, 7.396183099000098], [35.387543648000076, 7.35066745000006], [35.370291530000145, 7.277360543999976], [35.345808364000106, 7.238978042000156], [35.372857634000184, 7.231027526000105], [35.33398643000004, 7.17993301000007], [35.38616281500015, 7.112427627000159], [35.401894040000116, 7.127652480000165], [35.416614380000055, 7.11868510700009], [35.44413440500006, 7.125208380000117], [35.447182913, 7.142164880000109], [35.42768539200017, 7.156260439000107], [35.43819175200014, 7.163276873000143], [35.47611438600012, 7.173361133000185], [35.52598827400004, 7.154101482000101], [35.558375709000074, 7.182659859000012], [35.61388306200007, 7.19529041100003]]]}}, {"type": "Feature", "properties": {"pcode": "ET1102", "area_name": "Kefa", "parent_pcode": "ET11", "level": "zone"}, "geometry": {"type": "Polygon", "coordinates": [[[35.92686693100012, 7.114005766999981], [35.941110613000035, 7.117081823000149], [36.001010591000124, 7.053942261000032], [36.00191146700007, 7.000204042], [36.055685110000184, 6.864491861000147], [36.057036262000054, 6.804926737000187], [36.070435043000145, 6.794932679000169], [36.06446291600008, 6.730535851000127], [36.08414788700003, 6.722460571000056], [36.07541728500007, 6.697972652000146], [36.08546994700015, 6.667411179], [36.06724380900005, 6.643154312000036], [36.077600403000076, 6.612370378000037], [36.09477862300014, 6.610454105000031], [36.13237748300014, 6.572860233000085], [36.13780238600003, 6.537486658999967], [36.12331464800019, 6.514951978], [36.12946290100007, 6.499245413000097], [36.10305777000008, 6.483748056000138], [36.101861881, 6.467157359999987], [36.0412256570001, 6.461124933000121], [36.01798847900017, 6.413607663000107], [35.99223018200007, 6.396337010000138], [35.97311739600019, 6.336959718000116], [35.96853642000008, 6.283583802000123], [35.97956492000003, 6.266234877000102], [35.96808016000011, 6.235358928000039], [35.99708733500006, 6.260323814000117], [36.03939214500008, 6.271332981], [36.05907175200008, 6.307414026000117], [36.03533318400008, 6.331596133000176], [36.039131342000076, 6.347126189000107], [36.06887160400004, 6.354932694000013], [36.13227335500005, 6.435751549000031], [36.191637244000106, 6.441845138000133], [36.24880268200013, 6.38502139000019], [36.306703766000055, 6.426370729000098], [36.338039121000065, 6.500493832000132], [36.328929564000134, 6.57846729400012], [36.35886432200016, 6.631257496000103], [36.33853821800005, 6.682541724000032], [36.342082438000034, 6.703720581000084], [36.39430012900016, 6.747589761000029], [36.41548986900017, 6.783903178000173], [36.459096203, 6.784905339000034], [36.49050464800007, 6.816074801000127], [36.483054470000184, 6.878453544000081], [36.45777002000017, 6.922061665000172], [36.46400265500006, 6.968306855000037], [36.47922056800007, 6.986816710000085], [36.50414238500019, 6.982569131999981], [36.512881882000045, 7.008987956999988], [36.552503677000175, 7.004589126000099], [36.56847740100005, 7.048743890000083], [36.600955679000094, 7.050218408000035], [36.5915892110001, 7.122942059000081], [36.67688824100014, 7.132523386000116], [36.69325786700011, 7.166492219000077], [36.717191572, 7.149658322000164], [36.75589330600013, 7.161045089000027], [36.77453851100017, 7.24612479700005], [36.79107037200015, 7.252301885000065], [36.67256347200015, 7.328040718000011], [36.632953738000026, 7.377862983000057], [36.59833394100002, 7.369032600000139], [36.48391965400003, 7.416009775000077], [36.37463531100008, 7.415574806000052], [36.348665484000094, 7.445416163000118], [36.3017557660001, 7.449876385000039], [36.22469624500013, 7.484387976000107], [36.15655667800013, 7.542620626000144], [36.12761685700008, 7.555641226000091], [36.062197248000075, 7.557481339], [36.03532741700019, 7.572582032000071], [36.05190735200006, 7.653905677000068], [35.99723771599997, 7.745119799000122], [35.84861863200001, 7.838964073], [35.88687443500015, 7.89253824400015], [35.905128344000104, 7.946018852000066], [35.872718576000125, 8.058773906], [35.86086865400017, 8.077234741000098], [35.76576921200018, 8.081234959000142], [35.722852992000014, 8.022467005000067], [35.738512741000136, 7.988824024000053], [35.79527180700006, 7.948020420000091], [35.79972173300018, 7.932609052000032], [35.73953928500015, 7.866625353000074], [35.716439421000075, 7.855474859000083], [35.69372955400013, 7.86435527000009], [35.591544738000096, 7.808742366000104], [35.598063625000066, 7.742901887000073], [35.576655297000116, 7.738608535000139], [35.57604119800004, 7.716399889000058], [35.60285841300015, 7.692839811000056], [35.57009221800001, 7.673847016000025], [35.56329514300012, 7.651435872000093], [35.58605087900003, 7.535186494000186], [35.556691984999986, 7.513467793000018], [35.56505662100005, 7.487345710000056], [35.52825789900015, 7.481138422000186], [35.43900766200011, 7.422875051000062], [35.497122170000125, 7.383855113000038], [35.49430392400018, 7.265204549999964], [35.56828175400017, 7.281016438000165], [35.627315966000026, 7.228707593000081], [35.668945504000135, 7.241620393000062], [35.696536975000186, 7.224853946], [35.71351468300003, 7.241415820999975], [35.73173187100008, 7.240524213000128], [35.735695436000185, 7.219600053000079], [35.69331555000019, 7.203145318000111], [35.72472375900003, 7.102977993000081], [35.70885805100016, 7.07519905200013], [35.7211963420001, 7.066580300000055], [35.74418286200006, 7.082897985000045], [35.754037038000035, 7.076562036000098], [35.70980523700001, 7.030321024000045], [35.71250070700012, 7.004425939000043], [35.766245674000174, 7.032528754000111], [35.7882098340001, 7.007193118000089], [35.80686187400005, 7.07025341800005], [35.843600668000136, 7.081127344000038], [35.82066877100016, 7.03935806100003], [35.85799181200019, 7.011919639000098], [35.88024067200007, 7.052361704000077], [35.87834529700018, 7.090443599000025], [35.92686693100012, 7.114005766999981]]]}}, {"type": "Feature", "properties": {"pcode": "ET1103", "area_name": "Bench Sheko", "parent_pcode": "ET11", "level": "zone"}, "geometry": {"type": "Polygon", "coordinates": [[[35.19387026000015, 6.590567495000073], [35.185887290000096, 6.507163482000067], [35.22938698500013, 6.486715120000156], [35.232919936000144, 6.499094895000098], [35.25440621200016, 6.50131926], [35.25646174100012, 6.525986483000054], [35.276943049000124, 6.523071411999979], [35.31043779100003, 6.557079863000013], [35.32302438800002, 6.554239786000153], [35.30896457300014, 6.57059617699997], [35.31372698600012, 6.595448102000034], [35.36591456500008, 6.63365817000016], [35.37751043500009, 6.676410006000026], [35.41939365000013, 6.733182542000179], [35.44929179700006, 6.73244211500014], [35.495612543, 6.755757934000087], [35.51861411500016, 6.743689093000057], [35.54326015400005, 6.748771806000036], [35.60394258600007, 6.797945671000036], [35.63070673100003, 6.756600983999988], [35.656222359000026, 6.741272994000099], [35.69385224700011, 6.768391459000043], [35.686563917000115, 6.776891042000159], [35.70166891400015, 6.804242312000156], [35.725190501999975, 6.809253863000094], [35.739971116000106, 6.786785749000046], [35.776772033999976, 6.789983936000056], [35.84376082100016, 6.846563287000151], [35.87186387800011, 6.835185520000095], [35.884258191000185, 6.849319788000059], [35.86580957000007, 6.878774697999972], [35.86831145200017, 6.907680809999988], [35.846795396000175, 6.913190444000065], [35.844973974000084, 6.936243164000189], [35.86900181600009, 6.982208873000104], [35.85751265500005, 6.995833399000162], [35.844119125000134, 6.991982403], [35.83798763500016, 7.009978776000025], [35.85325518700006, 7.01140935899997], [35.82066877100016, 7.03935806100003], [35.845415446, 7.081051997000088], [35.80686187400005, 7.07025341800005], [35.7882098340001, 7.007193118000089], [35.766245674000174, 7.032528754000111], [35.71250070700012, 7.004425939000043], [35.70980523700001, 7.030321024000045], [35.75406090000007, 7.07784492900015], [35.7211963420001, 7.066580300000055], [35.70885805100016, 7.07519905200013], [35.72472375900003, 7.102977993000081], [35.68900515200005, 7.206177547000095], [35.63573454700003, 7.206442353000114], [35.558375709000074, 7.182659859000012], [35.52598827400004, 7.154101482000101], [35.47611438600012, 7.173361133000185], [35.43819175200014, 7.163276873000143], [35.42768539200017, 7.156260439000107], [35.447182913, 7.142164880000109], [35.444642782000074, 7.125710830000116], [35.416614380000055, 7.11868510700009], [35.40094247400009, 7.127409786000158], [35.389191836, 7.111401690000093], [35.33078149100015, 7.127092152000159], [35.299889315000144, 7.11577270700019], [35.264621891000104, 7.13623258299998], [35.23445990600004, 7.137931503000061], [35.20456386800015, 7.099613933000057], [35.11426640299999, 7.102144963000057], [35.083710156000166, 7.124841251000021], [35.053913519000105, 7.184263486000134], [35.02081333500013, 7.185781798000164], [34.97789468900015, 7.213275549000116], [34.9701597020001, 7.234028107000142], [34.94244919000005, 7.19290841000003], [34.89809304100004, 7.184790768000028], [34.89267251799998, 7.091504588000134], [34.877082333000146, 7.06979026900018], [34.88434041800019, 7.030759646000092], [34.90208104300018, 7.030915407000123], [34.91132545600004, 6.988154524000095], [34.997882971000024, 6.892863830000067], [34.99236460800006, 6.864031074000081], [34.968994400000156, 6.859264409000161], [34.933660998000164, 6.796293009000124], [35.07986179400007, 6.81079876900003], [35.14677620900011, 6.761095086000068], [35.179559546000064, 6.727364908000027], [35.197662145000095, 6.680216191999989], [35.18750019300006, 6.656492827000079], [35.19387026000015, 6.590567495000073]]]}}, {"type": "Feature", "properties": {"pcode": "ET1104", "area_name": "Dawuro", "parent_pcode": "ET11", "level": "zone"}, "geometry": {"type": "Polygon", "coordinates": [[[37.28505473000007, 6.830120763000025], [37.309084963000146, 6.864536816], [37.338039243000026, 6.874518833000025], [37.38862047200013, 6.86083908300003], [37.423853570000176, 6.876842609000107], [37.435778571000185, 6.897864449000053], [37.42256098100006, 6.977659949000156], [37.459723258999986, 7.09888169400017], [37.45544410200006, 7.13519806100004], [37.4936231260001, 7.150732506000054], [37.53042137300008, 7.189943259000131], [37.51318025500012, 7.213984946000096], [37.46433257000007, 7.199061273000154], [37.40264689500009, 7.246221451000054], [37.37428531600011, 7.251456135000126], [37.35645948700005, 7.278043709000144], [37.3494798860001, 7.35773547600013], [37.237830025, 7.312059669000178], [37.12859063800005, 7.228445968000017], [37.03951119000004, 7.240016542000092], [36.9646451700001, 7.224732706000111], [36.909598367, 7.235787181000035], [36.86964458400013, 7.226226246000067], [36.85564164700014, 7.14918308700004], [36.81938867700012, 7.076057714000115], [36.82415224600015, 6.978893367000069], [36.76471923100007, 6.932350039000028], [36.76294605700008, 6.900219316000118], [36.708414072000096, 6.832048866000093], [36.690088618000175, 6.78103658800012], [36.688431958000024, 6.712098378000064], [36.77980662700014, 6.710629277000066], [36.82028781100007, 6.681543685000122], [36.866842965000046, 6.66846283100017], [36.93229442, 6.703883515000086], [36.96846544300013, 6.693222842000068], [36.991493343000116, 6.67049496900006], [36.98911362100006, 6.600020974000188], [37.009195236000096, 6.589766373000032], [37.064836762000084, 6.626249720000033], [37.10442417500008, 6.633961711000154], [37.146612006000055, 6.669717504000175], [37.18203354000008, 6.666882897], [37.19987737400015, 6.648671170000114], [37.238903993000065, 6.654505381000149], [37.22490545900018, 6.721240484000077], [37.249416999, 6.742560857000171], [37.24394163500017, 6.761236353000129], [37.26774751100004, 6.777163616000166], [37.28505473000007, 6.830120763000025]]]}}, {"type": "Feature", "properties": {"pcode": "ET1105", "area_name": "West Omo", "parent_pcode": "ET11", "level": "zone"}, "geometry": {"type": "Polygon", "coordinates": [[[35.44371000000018, 5.425520000000176], [35.527920000000165, 5.42681000000016], [35.757041116000096, 5.345433895999975], [35.75384274400017, 5.600657981000097], [35.80685235200019, 5.665838864000079], [35.87741600600009, 5.673151982000149], [35.95157315000017, 5.651032429000054], [35.964752868000176, 5.669370752000077], [35.968193095000174, 5.682272794000028], [35.95794461200012, 5.685615538000036], [35.970285932000024, 5.695694881000065], [35.95942909900015, 5.703485127000022], [35.97850010500014, 5.759599739000066], [35.96228273700018, 5.782794836000164], [35.96089379600011, 5.834615714000051], [35.973435767000126, 5.840364029000057], [35.96842326400008, 5.869794396000032], [35.98769667300007, 5.896311113000138], [35.977710228000035, 5.948063972], [36.008553450000136, 5.997335860000078], [35.98213829200017, 6.052006639000126], [35.99482104100014, 6.084648610999977], [35.945089967000115, 6.10214261100009], [35.95036293900017, 6.122391318000098], [35.93332852200018, 6.134152808000124], [35.95288909700008, 6.166839686000174], [35.97774253300014, 6.166221135000058], [35.962271506000036, 6.180711116], [35.96761664600018, 6.207210981000173], [35.95557118000005, 6.221835531000124], [35.97956492000003, 6.266234877000102], [35.96853642000008, 6.283583802000123], [35.97311739600019, 6.336959718000116], [35.99223018200007, 6.396337010000138], [36.01798847900017, 6.413607663000107], [36.03987148900012, 6.459754563000047], [36.101861881, 6.467157359999987], [36.10305777000008, 6.483748056000138], [36.12946290100007, 6.499245413000097], [36.12331464800019, 6.514951978], [36.13780238600003, 6.537486658999967], [36.13237748300014, 6.572860233000085], [36.09477862300014, 6.610454105000031], [36.077600403000076, 6.612370378000037], [36.06724380900005, 6.643154312000036], [36.08546994700015, 6.667411179], [36.07541728500007, 6.697972652000146], [36.08414788700003, 6.722460571000056], [36.06446291600008, 6.730535851000127], [36.070435043000145, 6.794932679000169], [36.057036262000054, 6.804926737000187], [36.055685110000184, 6.864491861000147], [36.00191146700007, 7.000204042], [36.001010591000124, 7.053942261000032], [35.941110613000035, 7.117081823000149], [35.87834529700018, 7.090443599000025], [35.87974165700007, 7.050992578000148], [35.85799181200019, 7.011919639000098], [35.83798763500016, 7.009978776000025], [35.844119125000134, 6.991982403], [35.85751265500005, 6.995833399000162], [35.86900181600009, 6.982208873000104], [35.844973974000084, 6.936243164000189], [35.846795396000175, 6.913190444000065], [35.86831145200017, 6.907680809999988], [35.86580957000007, 6.878774697999972], [35.884258191000185, 6.849319788000059], [35.87186387800011, 6.835185520000095], [35.84376082100016, 6.846563287000151], [35.776772033999976, 6.789983936000056], [35.739971116000106, 6.786785749000046], [35.725190501999975, 6.809253863000094], [35.70166891400015, 6.804242312000156], [35.686563917000115, 6.776891042000159], [35.69385224700011, 6.768391459000043], [35.656222359000026, 6.741272994000099], [35.63070673100003, 6.756600983999988], [35.60394258600007, 6.797945671000036], [35.54326015400005, 6.748771806000036], [35.51861411500016, 6.743689093000057], [35.495612543, 6.755757934000087], [35.44929179700006, 6.73244211500014], [35.41939365000013, 6.733182542000179], [35.37751043500009, 6.676410006000026], [35.36591456500008, 6.63365817000016], [35.31372698600012, 6.595448102000034], [35.30896457300014, 6.57059617699997], [35.320885495000084, 6.55171320900007], [35.31043779100003, 6.557079863000013], [35.276943049000124, 6.523071411999979], [35.25646174100012, 6.525986483000054], [35.25440621200016, 6.50131926], [35.232919936000144, 6.499094895000098], [35.22938698500013, 6.486715120000156], [35.185887290000096, 6.507163482000067], [35.173851643000035, 6.466523021000171], [35.19946552100009, 6.410903987999973], [35.17849983100018, 6.379267700000014], [35.13150426100003, 6.395495062000123], [35.10610787900015, 6.318904831000054], [35.03826853400011, 6.304626489000157], [35.011289767000164, 6.28025950600005], [34.984970449000116, 6.298803941000131], [34.85292277500008, 6.33204939899997], [34.87055, 6.237500000000125], [34.92243000000013, 6.13229], [34.981380000000115, 6.06111], [34.98782, 6.01394], [34.975830000000144, 5.96472], [34.98638000000011, 5.87805], [35.10541, 5.68833], [35.10388000000012, 5.632500000000107], [35.28999, 5.50778], [35.2927, 5.487640000000113], [35.27041, 5.438330000000121], [35.32625000000013, 5.35708000000011], [35.352840000000185, 5.35069], [35.44371000000018, 5.425520000000176]]]}}, {"type": "Feature", "properties": {"pcode": "ET1106", "area_name": "Konta", "parent_pcode": "ET11", "level": "zone"}, "geometry": {"type": "Polygon", "coordinates": [[[36.70816298300019, 6.817631822000067], [36.71081086700008, 6.836166999000056], [36.76294605700008, 6.900219316000118], [36.76471923100007, 6.932350039000028], [36.82415224600015, 6.978893367000069], [36.81938867700012, 7.076057714000115], [36.85564164700014, 7.14918308700004], [36.86964458400013, 7.226226246000067], [36.909598367, 7.235787181000035], [36.96466491200016, 7.225026876000129], [36.95546430700017, 7.260490995000168], [36.87915457500014, 7.329694398000072], [36.8409362000001, 7.325989875000062], [36.791112613000166, 7.252283413000157], [36.77453851100017, 7.24612479700005], [36.75589330600013, 7.161045089000027], [36.717191572, 7.149658322000164], [36.69325786700011, 7.166492219000077], [36.67688824100014, 7.132523386000116], [36.5915892110001, 7.122942059000081], [36.600955679000094, 7.050218408000035], [36.56847740100005, 7.048743890000083], [36.552503677000175, 7.004589126000099], [36.512881882000045, 7.008987956999988], [36.50414238500019, 6.982569131999981], [36.47922056800007, 6.986816710000085], [36.46702248500003, 6.973252973000058], [36.45777002000017, 6.922061665000172], [36.483054470000184, 6.878453544000081], [36.49050464800007, 6.816074801000127], [36.459096203, 6.784905339000034], [36.41548986900017, 6.783903178000173], [36.39430012900016, 6.747589761000029], [36.342082438000034, 6.703720581000084], [36.33853821800005, 6.682541724000032], [36.35886432200016, 6.631257496000103], [36.328139252000085, 6.57536086500005], [36.33992632800016, 6.526827974000128], [36.325439142000164, 6.458933085000126], [36.36114439199997, 6.469150391000142], [36.38216449000015, 6.458236514000134], [36.41624340000004, 6.475197627000114], [36.46177106700003, 6.528785681000045], [36.570636953000076, 6.582557839000117], [36.60023980200009, 6.627329890000055], [36.671804399000166, 6.656941226000129], [36.69349450500016, 6.705677586000093], [36.690088618000175, 6.78103658800012], [36.70816298300019, 6.817631822000067]]]}}, {"type": "Feature", "properties": {"pcode": "ET1201", "area_name": "Nuwer", "parent_pcode": "ET12", "level": "zone"}, "geometry": {"type": "Polygon", "coordinates": [[[33.439160000000186, 7.744440000000111], [33.45387855000013, 7.744201289000159], [33.47596276900015, 7.79082737900012], [33.482765123000036, 7.883940990000042], [33.470698438, 7.889578851000124], [33.45544361900005, 7.877461933000177], [33.44040169500016, 7.906962919000023], [33.464802180000106, 7.961215250000123], [33.50375866000019, 7.975816337000026], [33.477065728000184, 8.040536970000119], [33.48834055600008, 8.131681406000098], [33.46125290800012, 8.243600978000188], [33.50584256500008, 8.293701164000026], [33.56745982000007, 8.272311868000031], [33.55513664000006, 8.214136279000058], [33.61442298100013, 8.127017672000022], [33.78288787300005, 8.175837204000118], [33.82215278399997, 8.170081804000176], [33.852504090000025, 8.136068911000109], [33.858882029000085, 8.209495640000057], [33.88637210899998, 8.269621591000146], [33.93105835700004, 8.230227360000129], [33.94405898800005, 8.181763225000054], [34.0209916660001, 8.174780263000173], [34.03353131200004, 8.181957113000124], [34.04042221999998, 8.234403720000046], [33.99956705400001, 8.24041883500007], [33.99696811300004, 8.28270360700003], [34.020571986000164, 8.32948605700011], [34.04295100800016, 8.344375958000114], [34.04612308800006, 8.385988656000052], [34.06092707000016, 8.385457861000134], [34.051941169000145, 8.420671455000104], [34.07526462900012, 8.479878582000026], [34.061848477000126, 8.477690146000157], [34.04987434100019, 8.504072541000141], [33.97076, 8.43757], [33.8524900000001, 8.42583000000019], [33.81874, 8.41153], [33.77133, 8.36775], [33.71527, 8.375070000000107], [33.63437, 8.46715], [33.50861000000015, 8.466200000000129], [33.38083000000012, 8.43792], [33.26354, 8.46153], [33.17125000000016, 8.399790000000166], [33.16083, 8.35653], [33.18592000000018, 8.14029], [33.162770000000194, 8.115], [33.12138, 8.10097], [33.03194, 7.99739], [32.9918, 7.92604], [32.9968300000001, 7.88722], [33.05222, 7.79069], [33.439160000000186, 7.744440000000111]]]}}, {"type": "Feature", "properties": {"pcode": "ET1202", "area_name": "Agnewak", "parent_pcode": "ET12", "level": "zone"}, "geometry": {"type": "Polygon", "coordinates": [[[34.88802569600011, 7.51087678000016], [34.86433186600004, 7.545254522000107], [34.90572093500003, 7.622160614000052], [34.998476021000045, 7.643559944000174], [35.000382965000085, 7.747008853000068], [34.93197755600016, 7.728168627000173], [34.944275153000035, 7.879393290000166], [34.95068663400002, 7.890286446000175], [35.00061526900015, 7.862321638000026], [35.0131013350001, 7.882457938000073], [35.008480071, 7.923502092000035], [35.048340566000036, 7.954436467000107], [35.10855797300019, 7.957113076000155], [35.14102409500009, 7.989027562000047], [35.117936250000184, 8.082588241000167], [35.08908772700005, 8.113922156000058], [35.1432712240001, 8.142853244000037], [35.15765929900016, 8.136710000000107], [35.11891349000018, 8.200608826000177], [35.07324599700007, 8.22018482700014], [35.01825891200008, 8.219643652], [34.964792083000134, 8.247346959000083], [34.85509482500004, 8.250647129000129], [34.826427111000044, 8.261935566000034], [34.785803330000135, 8.303639340000018], [34.79507204599997, 8.326909195999974], [34.7852504330001, 8.355242661000148], [34.728751828000156, 8.390022244000022], [34.57427349900007, 8.403479556999969], [34.55652675400012, 8.455134120000082], [34.52268710100003, 8.475544933000037], [34.38375869200013, 8.395130791000042], [34.35425250999998, 8.346951620000084], [34.35907366800012, 8.273202111000103], [34.38410662900003, 8.210642361000168], [34.35754148400002, 8.209741656000176], [34.37514076600007, 8.178064672], [34.45203510600015, 8.178122768000037], [34.4365723520001, 8.151668385000107], [34.43278409599998, 8.083300401000145], [34.38358996300008, 8.05902269600017], [34.353046537000125, 8.067545982000183], [34.32683378500002, 8.05400429499997], [34.31159463900019, 8.02873774000011], [34.24889486000012, 8.071551696000142], [34.199219702000164, 8.089513675000148], [34.19366259500015, 8.080750805000037], [34.13754432000002, 8.091999073000068], [34.09816111800018, 8.154336136000154], [34.07295138800009, 8.1533064730001], [34.03353131200004, 8.181957113000124], [34.0153207030001, 8.173550217000184], [34.00026335600012, 8.183542360000104], [33.94405898800005, 8.181763225000054], [33.93105835700004, 8.230227360000129], [33.88978345300018, 8.269661876000157], [33.858882029000085, 8.209495640000057], [33.852504090000025, 8.136068911000109], [33.82215278399997, 8.170081804000176], [33.78288787300005, 8.175837204000118], [33.61442298100013, 8.127017672000022], [33.55513664000006, 8.214136279000058], [33.56745982000007, 8.272311868000031], [33.50584256500008, 8.293701164000026], [33.46125290800012, 8.243600978000188], [33.48834055600008, 8.131681406000098], [33.477065728000184, 8.040536970000119], [33.50375866000019, 7.975816337000026], [33.464802180000106, 7.961215250000123], [33.44040169500016, 7.906962919000023], [33.45544361900005, 7.877461933000177], [33.470698438, 7.889578851000124], [33.482765123000036, 7.883940990000042], [33.47596276900015, 7.79082737900012], [33.453941863000125, 7.744200262000163], [33.71249, 7.658470000000136], [33.88555, 7.525420000000167], [34.02771000000013, 7.37868], [34.02708, 7.24812], [34.163330000000144, 7.17167000000012], [34.23569, 7.01972], [34.29957000000013, 6.964320000000157], [34.36097000000018, 6.959030000000155], [34.4718, 6.914310000000171], [34.52882, 6.74722], [34.65472000000017, 6.716670000000136], [34.70472, 6.67778], [34.756990000000144, 6.613780000000133], [34.850000000000136, 6.366660000000138], [34.85292277500008, 6.33204939899997], [34.984970449000116, 6.298803941000131], [35.011289767000164, 6.28025950600005], [35.03826853400011, 6.304626489000157], [35.10610787900015, 6.318904831000054], [35.13150426100003, 6.395495062000123], [35.17849983100018, 6.379267700000014], [35.19946552100009, 6.410903987999973], [35.173851643000035, 6.466523021000171], [35.185577749000174, 6.489749267000093], [35.195342608000146, 6.597440954999968], [35.18750019300006, 6.656492827000079], [35.197662145000095, 6.680216191999989], [35.179559546000064, 6.727364908000027], [35.07986179400007, 6.81079876900003], [34.933660998000164, 6.796293009000124], [34.968994400000156, 6.859264409000161], [34.99236460800006, 6.864031074000081], [34.997882971000024, 6.892863830000067], [34.91132545600004, 6.988154524000095], [34.90208104300018, 7.030915407000123], [34.88434041800019, 7.030759646000092], [34.877082333000146, 7.06979026900018], [34.89267251799998, 7.091504588000134], [34.89809304100004, 7.184790768000028], [34.94244919000005, 7.19290841000003], [34.9701597020001, 7.234028107000142], [34.98178688200005, 7.223678286999984], [34.96521323200011, 7.266741659000047], [34.96921684600005, 7.31952799700008], [34.98871762200008, 7.354425041000013], [34.92500220000011, 7.386278501], [34.92582243200013, 7.45092043600016], [34.88802569600011, 7.51087678000016]]]}}, {"type": "Feature", "properties": {"pcode": "ET1203", "area_name": "Majang", "parent_pcode": "ET12", "level": "zone"}, "geometry": {"type": "Polygon", "coordinates": [[[35.26497650900012, 7.477968664000116], [35.209512077000056, 7.471867610000174], [35.18925243500007, 7.455626145000053], [35.12240210599998, 7.478600811000092], [35.13808280500007, 7.512076175000175], [35.17191638400004, 7.532753644000138], [35.166305223000165, 7.61487082900004], [35.145658908000144, 7.63024023000014], [35.11563662700007, 7.630795768000098], [35.07709584100007, 7.731005248000145], [35.000382965000085, 7.747008853000068], [34.998476021000045, 7.643559944000174], [34.90981519300004, 7.626328680000142], [34.86433186600004, 7.545254522000107], [34.92113159800016, 7.463518069000031], [34.92500220000011, 7.386278501], [34.98871762200008, 7.354425041000013], [34.96808114000004, 7.306376888000102], [34.97789468900015, 7.213275549000116], [35.02081333500013, 7.185781798000164], [35.053913519000105, 7.184263486000134], [35.083710156000166, 7.124841251000021], [35.11426640299999, 7.102144963000057], [35.20456386800015, 7.099613933000057], [35.23445990600004, 7.137931503000061], [35.264621891000104, 7.13623258299998], [35.299889315000144, 7.11577270700019], [35.33078149100015, 7.127092152000159], [35.380350540000165, 7.122820944000068], [35.33398643000004, 7.17993301000007], [35.372857634000184, 7.231027526000105], [35.345808364000106, 7.238978042000156], [35.37491332500019, 7.289975546000164], [35.39229841000002, 7.396183099000098], [35.367835393, 7.414628042000061], [35.37364824200006, 7.427978167000049], [35.30955471200002, 7.479178306], [35.26497650900012, 7.477968664000116]]]}}, {"type": "Feature", "properties": {"pcode": "ET1204", "area_name": "Itang Special", "parent_pcode": "ET12", "level": "zone"}, "geometry": {"type": "Polygon", "coordinates": [[[34.070830000000115, 8.52333], [34.04987434100019, 8.504072541000141], [34.061848477000126, 8.477690146000157], [34.07526462900012, 8.479878582000026], [34.051941169000145, 8.420671455000104], [34.06092707000016, 8.385457861000134], [34.04612308800006, 8.385988656000052], [34.04295100800016, 8.344375958000114], [34.020571986000164, 8.32948605700011], [33.99696811300004, 8.28270360700003], [33.99956705400001, 8.24041883500007], [34.04042221999998, 8.234403720000046], [34.03353131200004, 8.181957113000124], [34.07295138800009, 8.1533064730001], [34.09816111800018, 8.154336136000154], [34.13754432000002, 8.091999073000068], [34.19366259500015, 8.080750805000037], [34.199219702000164, 8.089513675000148], [34.24889486000012, 8.071551696000142], [34.30595938700003, 8.027939028000105], [34.353046537000125, 8.067545982000183], [34.380618163000065, 8.058522333000099], [34.41978922200019, 8.072270683000056], [34.439694, 8.093785808], [34.4365723520001, 8.151668385000107], [34.45203510600015, 8.178122768000037], [34.37514076600007, 8.178064672], [34.35754148400002, 8.209741656000176], [34.38410662900003, 8.210642361000168], [34.35907366800012, 8.273202111000103], [34.35396076400019, 8.345947713000044], [34.38375869200013, 8.395130791000042], [34.34728014300015, 8.376647333000165], [34.31329640800004, 8.389928504000125], [34.358223376000126, 8.522043527999983], [34.345471368000176, 8.600099974000102], [34.31242902300011, 8.682099813000093], [34.279388977, 8.708837029000108], [34.18963902100012, 8.651632735000078], [34.12424570300004, 8.651479982000126], [34.12166, 8.579580000000135], [34.070830000000115, 8.52333]]]}}, {"type": "Feature", "properties": {"pcode": "ET1301", "area_name": "Harari", "parent_pcode": "ET13", "level": "zone"}, "geometry": {"type": "Polygon", "coordinates": [[[42.25632905000009, 9.252552392999974], [42.250309142000106, 9.28553235700008], [42.26604928300014, 9.309772269000064], [42.25851933300004, 9.334412256000121], [42.27031265900007, 9.361664396000094], [42.25299947600013, 9.383802192000132], [42.238079427000116, 9.38494224600015], [42.187439149, 9.361682445000042], [42.16857908200012, 9.362832511000022], [42.146619073000124, 9.387512541000092], [42.12914901400012, 9.388672600000064], [42.070468498000025, 9.303942920999987], [42.05887827800012, 9.249433034999981], [42.061332213000185, 9.226459058999978], [42.07368823800016, 9.220963026000106], [42.112408425000126, 9.230742891999967], [42.127348470000186, 9.226552852000054], [42.14855848700017, 9.206262811000158], [42.19745872100003, 9.219872631000044], [42.23371874200018, 9.185912564000091], [42.25944886800016, 9.19227247300006], [42.27203898800019, 9.21566739400015], [42.25632905000009, 9.252552392999974]]]}}, {"type": "Feature", "properties": {"pcode": "ET1401", "area_name": "Region 14", "parent_pcode": "ET14", "level": "zone"}, "geometry": {"type": "Polygon", "coordinates": [[[38.74371204200014, 8.90113806200003], [38.7455176040001, 8.86342367300017], [38.75646500000016, 8.853240602000028], [38.77299176000014, 8.857467391000114], [38.780594873000155, 8.835919558000057], [38.82439300400017, 8.841332266000109], [38.82600142900009, 8.880187270000135], [38.86380897200007, 8.882850647000112], [38.868717092000054, 8.873035683000182], [38.87944709200008, 8.918314232000114], [38.855555243000026, 8.938292853000178], [38.896759233000125, 8.937026941000056], [38.90624370900008, 8.977418691000025], [38.905000952000194, 9.009499839000057], [38.876320806000194, 9.081584122000095], [38.79131179199999, 9.077681516000155], [38.76521422400003, 9.09815030100009], [38.68540800500017, 9.073027127000103], [38.66703636400001, 9.01002778100002], [38.651942039000176, 9.010284438000042], [38.659386470000186, 8.985402486000112], [38.63940538700007, 8.97403583300013], [38.64281850800012, 8.965853421000077], [38.676227154, 8.957604862000153], [38.68064233900003, 8.941089926000075], [38.693844563000084, 8.941897666000102], [38.70196616200019, 8.925628316000086], [38.74371204200014, 8.90113806200003]]]}}, {"type": "Feature", "properties": {"pcode": "ET1501", "area_name": "Dire Dawa urban", "parent_pcode": "ET15", "level": "zone"}, "geometry": {"type": "Polygon", "coordinates": [[[41.886459006000166, 9.604565105000177], [41.87679990200019, 9.615808010000023], [41.883038995000106, 9.623910968000075], [41.87341914000001, 9.630592871000033], [41.86204019700011, 9.678193904000125], [41.80867856300006, 9.64055326600004], [41.77382847000001, 9.653703360000065], [41.76067970200012, 9.643972814000165], [41.76723179499999, 9.640683695000064], [41.773850650999975, 9.629090443000052], [41.77141803800009, 9.615051318000098], [41.80221349200008, 9.613631572999964], [41.824129890000165, 9.595264], [41.83053075000004, 9.600042295000037], [41.83575196600003, 9.58783280900002], [41.85731750200006, 9.5756984840001], [41.877267081000184, 9.574742652000054], [41.87650269500017, 9.581202641000175], [41.88719407200006, 9.589874511], [41.882981095000105, 9.592021538000154], [41.883084644000064, 9.598569893000047], [41.88935530200018, 9.599617077], [41.886459006000166, 9.604565105000177]]]}}, {"type": "Feature", "properties": {"pcode": "ET1502", "area_name": "Dire Dawa rural", "parent_pcode": "ET15", "level": "zone"}, "geometry": {"type": "Polygon", "coordinates": [[[41.8601833510001, 9.576509357000134], [41.80221349200008, 9.613631572999964], [41.77141803800009, 9.615051318000098], [41.762346348000165, 9.644212965000065], [41.748601873999974, 9.636353472000167], [41.72802773800015, 9.489033754000047], [41.73461770200004, 9.471483758000147], [41.77299792700012, 9.49105360700014], [41.81519805100004, 9.476743490000104], [41.859708268000134, 9.48801333], [41.91337842900003, 9.472463175000087], [41.98252383100004, 9.508492896], [42.03171901000002, 9.504402737000078], [42.074771083000144, 9.473716646000128], [42.15259966700006, 9.556372258000124], [42.124859761000096, 9.61452225000005], [42.200530191000155, 9.653141934000132], [42.25863541500007, 9.651581739000108], [42.339772808000134, 9.719617623000147], [42.25099084900012, 9.783491543000082], [42.213350694000155, 9.783741669000165], [42.18577054800005, 9.773561785000027], [42.03080939300003, 9.618482565000079], [41.906139095000015, 9.679302884000037], [41.87323897700014, 9.683882986000128], [41.86204019700011, 9.678193904000125], [41.88935530200018, 9.599617077], [41.877267081000184, 9.574742652000054], [41.8601833510001, 9.576509357000134]]]}}, {"type": "Feature", "properties": {"pcode": "ET1601", "area_name": "Hawassa town Admin", "parent_pcode": "ET16", "level": "zone"}, "geometry": {"type": "Polygon", "coordinates": [[[38.527422337000075, 6.956941040000117], [38.53799363200011, 6.975058476000129], [38.5356852700001, 6.984079118000068], [38.54956553400012, 6.997303852000073], [38.53616855400014, 7.023582175000172], [38.556818538000186, 7.070879525000066], [38.563471944000014, 7.109259329000054], [38.54611452500018, 7.090876842000057], [38.50510201700013, 7.087838642], [38.480022182000084, 7.090398776000143], [38.46391228700003, 7.099829213000135], [38.46023029200012, 7.11720843400002], [38.41386915600003, 6.980280045000029], [38.428882224000176, 6.972364324000125], [38.43393164600019, 6.976127892000136], [38.450759310000194, 6.963558065000086], [38.457536474000165, 6.966084368000111], [38.45764036600002, 6.959043504000022], [38.48748194600017, 6.929223273000105], [38.5344968870001, 6.912036052000133], [38.529477511000096, 6.92137474499998], [38.538487174000124, 6.916824235000092], [38.543389048000165, 6.925002259000109], [38.524030947000085, 6.947271880000187], [38.527422337000075, 6.956941040000117]]]}}, {"type": "Feature", "properties": {"pcode": "ET1602", "area_name": "Northern", "parent_pcode": "ET16", "level": "zone"}, "geometry": {"type": "Polygon", "coordinates": [[[38.543389048000165, 6.925002259000109], [38.529477511000096, 6.92137474499998], [38.5344968870001, 6.912036052000133], [38.510166724000044, 6.919237373999977], [38.47605910300018, 6.937572185000079], [38.457536474000165, 6.966084368000111], [38.41386915600003, 6.980280045000029], [38.460022326000114, 7.118190046000109], [38.40063270000013, 7.121470242000044], [38.34219310100019, 7.164452227000027], [38.32189493300007, 7.161742447], [38.237920596000095, 7.02005471300015], [38.19379390600017, 7.012345484000093], [38.130154270000105, 6.974009886000033], [38.13659192200004, 6.939727871000116], [38.10858896700006, 6.851293096000063], [38.1685539720001, 6.854692418000127], [38.20318108000009, 6.874460923000015], [38.23701487900007, 6.866793837000159], [38.26917683100015, 6.896829319000176], [38.31776498300013, 6.897373570000184], [38.33243055100013, 6.852661750000152], [38.358289555000056, 6.850867233000088], [38.3543853380001, 6.831021791000126], [38.41677984400019, 6.821618203000128], [38.46219916400014, 6.840894999000113], [38.47461167500012, 6.816909907000138], [38.50376763100002, 6.819231984000112], [38.52469833400016, 6.798473107000177], [38.55299247900007, 6.806757166000011], [38.59382548300016, 6.767391020000161], [38.59861386800014, 6.725632371000131], [38.609757887, 6.737215114000037], [38.631153500000096, 6.720923626000172], [38.61804307500006, 6.781679993000182], [38.635960160000025, 6.789344865000032], [38.63985344200012, 6.812686850000034], [38.714084698000136, 6.860577375000048], [38.69477071600011, 6.957492603000048], [38.714380616000085, 6.991414114000179], [38.71050065800006, 7.012985094000044], [38.67741279700016, 7.005354711000109], [38.68087087700013, 7.048356713000089], [38.63695117400016, 7.06609754699997], [38.64617113900016, 7.09554310600015], [38.61149138000019, 7.124180187000036], [38.58364155400017, 7.126290302000086], [38.563471944000014, 7.109259329000054], [38.53616855400014, 7.023582175000172], [38.54939849900006, 6.996633555000074], [38.52363243800011, 6.950511118000122], [38.543389048000165, 6.925002259000109]]]}}, {"type": "Feature", "properties": {"pcode": "ET1603", "area_name": "Central", "parent_pcode": "ET16", "level": "zone"}, "geometry": {"type": "Polygon", "coordinates": [[[38.21109112000016, 6.462196296000059], [38.22151562800008, 6.466742389000046], [38.231234427000174, 6.526780048999967], [38.221482593000076, 6.550362501000052], [38.24746904900013, 6.615402977999963], [38.27422423700017, 6.633751231000133], [38.279505844000084, 6.662095303000171], [38.44665812300008, 6.672554237000099], [38.44568714400009, 6.660326585], [38.477743511000085, 6.658898142000055], [38.53907198700011, 6.697675213000139], [38.54806721300008, 6.724857175000125], [38.569885577000036, 6.717487652000102], [38.59184165300019, 6.726431929000057], [38.608798640000145, 6.677175658000124], [38.60398233400008, 6.631049034000114], [38.61718293800004, 6.611699791000092], [38.67137092500013, 6.575846296000179], [38.693645666000066, 6.591930469000033], [38.68640959200019, 6.629593914000168], [38.71854629800015, 6.58891201400013], [38.73947075100011, 6.592487187000074], [38.748646377000114, 6.579099495000094], [38.75179329600013, 6.593816668000045], [38.76636956900012, 6.585471597000151], [38.79801549100017, 6.635709754000061], [38.82203591100006, 6.648265226000092], [38.833539606000045, 6.691660483000021], [38.81792971400006, 6.703611031000094], [38.74229019400008, 6.700940976000084], [38.70555046400011, 6.742042868], [38.635670932000096, 6.771714267], [38.635960160000025, 6.789344865000032], [38.61732647100007, 6.778797975000089], [38.63308951000005, 6.722993222000184], [38.609757887, 6.737215114000037], [38.59861386800014, 6.725632371000131], [38.6022341690001, 6.746364227000072], [38.57266511800003, 6.79744079000011], [38.55299247900007, 6.806757166000011], [38.52469833400016, 6.798473107000177], [38.48837808500019, 6.824248315000148], [38.47461167500012, 6.816909907000138], [38.46219916400014, 6.840894999000113], [38.41677984400019, 6.821618203000128], [38.3543853380001, 6.831021791000126], [38.358289555000056, 6.850867233000088], [38.33243055100013, 6.852661750000152], [38.33419962000005, 6.871979648000149], [38.31804386500011, 6.87816631600009], [38.31608495400013, 6.897756439000148], [38.26917683100015, 6.896829319000176], [38.23701487900007, 6.866793837000159], [38.20318108000009, 6.874460923000015], [38.1685539720001, 6.854692418000127], [38.10858896700006, 6.851293096000063], [38.0499274070001, 6.693215047000024], [38.019388640000045, 6.665603544000135], [38.01243348800011, 6.585484843000131], [38.05159517900006, 6.534738812000114], [38.09073151500007, 6.526068446000181], [38.11451055800018, 6.499561886000095], [38.13928038800009, 6.506002737000017], [38.14968371900011, 6.496589192000158], [38.143491266000126, 6.458191833000058], [38.15522208000016, 6.439255981999963], [38.21109112000016, 6.462196296000059]]]}}, {"type": "Feature", "properties": {"pcode": "ET1604", "area_name": "Southern", "parent_pcode": "ET16", "level": "zone"}, "geometry": {"type": "Polygon", "coordinates": [[[38.25602884300014, 6.457001056000081], [38.3093133700001, 6.419694531000175], [38.39425414500005, 6.413866506000147], [38.40446606200004, 6.396718149000151], [38.393861998000034, 6.368261250999979], [38.40723209500004, 6.355092728000159], [38.44103718900004, 6.405362953000065], [38.47528660000012, 6.430375209000147], [38.56654503800013, 6.440456127000061], [38.62674400800012, 6.417034019000141], [38.69790133600014, 6.430239363000112], [38.70012036300011, 6.464298895000184], [38.726452797000036, 6.460206219000156], [38.702547165, 6.487940024000068], [38.68519979000007, 6.470420102000105], [38.66906172600011, 6.472025223000173], [38.66992402200003, 6.492776826000011], [38.64370439099997, 6.496205596000038], [38.63724178900014, 6.523432141000114], [38.672422702000176, 6.547420396000064], [38.670317698000076, 6.565458875], [38.60442870600008, 6.630131875000131], [38.60606135800015, 6.697613448000084], [38.58922392000005, 6.726666391000094], [38.569885577000036, 6.717487652000102], [38.54806721300008, 6.724857175000125], [38.53907198700011, 6.697675213000139], [38.477743511000085, 6.658898142000055], [38.44568714400009, 6.660326585], [38.44665812300008, 6.672554237000099], [38.279505844000084, 6.662095303000171], [38.27422423700017, 6.633751231000133], [38.24746904900013, 6.615402977999963], [38.221482593000076, 6.550362501000052], [38.231328538000014, 6.527833224000176], [38.21589258500012, 6.463312023000071], [38.24559052900014, 6.468228601000078], [38.25602884300014, 6.457001056000081]]]}}, {"type": "Feature", "properties": {"pcode": "ET1605", "area_name": "Eastern", "parent_pcode": "ET16", "level": "zone"}, "geometry": {"type": "Polygon", "coordinates": [[[39.099893866000116, 6.217748759000017], [39.085967610000125, 6.252010342000062], [39.119546178000064, 6.298994291000042], [39.12738741700019, 6.344354499000076], [39.09539773400007, 6.472090315000059], [39.09661776400009, 6.521612558000072], [39.08621785500014, 6.545168636000085], [39.05256808600012, 6.556984197000133], [39.04844812400012, 6.569824785000094], [39.059308084, 6.608786533999989], [38.9596402250001, 6.60087935100006], [38.941678844000194, 6.61033670900008], [38.94942382099998, 6.643803218000073], [38.934424959000125, 6.655611414000077], [38.83601900500008, 6.681802309000034], [38.82203591100006, 6.648265226000092], [38.79801549100017, 6.635709754000061], [38.76636956900012, 6.585471597000151], [38.75179329600013, 6.593816668000045], [38.748646377000114, 6.579099495000094], [38.73947075100011, 6.592487187000074], [38.71854629800015, 6.58891201400013], [38.68062268100016, 6.630405179000036], [38.693645666000066, 6.591930469000033], [38.66639569600011, 6.57587857600015], [38.672422702000176, 6.547420396000064], [38.63724178900014, 6.523432141000114], [38.64370439099997, 6.496205596000038], [38.66992402200003, 6.492776826000011], [38.66906172600011, 6.472025223000173], [38.68519979000007, 6.470420102000105], [38.702547165, 6.487940024000068], [38.726452797000036, 6.460206219000156], [38.70098141100016, 6.464902602000109], [38.699020768000025, 6.430814449000081], [38.654726012000026, 6.421366567000121], [38.7071626340001, 6.392451803000085], [38.73865209300004, 6.408953289000124], [38.771491529000116, 6.399762461000137], [38.874109772000054, 6.300833539], [38.96059829700016, 6.159270747000164], [39.03448703000015, 6.137438774000088], [39.13185995300006, 6.158786172000134], [39.099893866000116, 6.217748759000017]]]}}, {"type": "Feature", "properties": {"pcode": "ET9901", "area_name": "Area 1", "parent_pcode": "ET99", "level": "zone"}, "geometry": {"type": "Polygon", "coordinates": [[[37.74581780000011, 13.57809753500004], [37.78710653200005, 13.65356587400015], [37.777146954000045, 13.684104058], [37.81107078500003, 13.758288035000078], [37.79968947300017, 13.774428735000129], [37.803038846000106, 13.810561402000019], [37.76556968500006, 13.831073581], [37.76792636400012, 13.857829878000075], [37.731398028, 13.895127006000166], [37.68664416900015, 13.892971670000179], [37.661861309000074, 13.91577807300007], [37.650389018000055, 13.95267299600016], [37.62963661400016, 13.953839487000153], [37.63236210000008, 13.976111776999971], [37.609512773000176, 14.008938292000096], [37.62370024100005, 14.03763884500006], [37.591078431000085, 14.051815997000176], [37.57560030200011, 14.095933886000182], [37.55959876100013, 14.091316816000074], [37.557245548000026, 14.104488940000124], [37.52942930700004, 14.113547544000028], [37.515639056000055, 14.16030405500004], [37.526516148000155, 14.183004165000114], [37.495588708000014, 14.182035757000108], [37.49617220300007, 14.194177798000112], [37.46540938700008, 14.215550736000182], [37.46913843900012, 14.251295503000165], [37.44609315900004, 14.250233584000114], [37.39547044800008, 14.29567139], [37.402662792000115, 14.335853682000106], [37.379702609000105, 14.342450927000186], [37.39148763600008, 14.365260928000168], [37.37183083600007, 14.372401465999985], [37.349539168000035, 14.413160842000025], [37.336695938, 14.41111368200012], [37.30790988000018, 14.442622822000033], [37.247851065000134, 14.429494461000104], [37.219015151000065, 14.438943632000075], [37.17969781000005, 14.414514492000137], [37.13384149000018, 14.405419887], [37.10252766800011, 14.343399381000097], [37.09375511800005, 14.271675081000069], [37.043557621000105, 14.266419265000081], [37.0175166840001, 14.250591909000036], [36.990331588000174, 14.259755383000083], [36.96923397400019, 14.28708814600003], [36.863263550000056, 14.317819457000155], [36.83220887700003, 14.306866767000031], [36.74648375200019, 14.317707394000024], [36.685778599000116, 14.295905838000067], [36.628806866000104, 14.307589914000118], [36.614275634000194, 14.292427712000062], [36.55273739800009, 14.278901204000135], [36.54282000000018, 14.262050000000102], [36.44639, 13.95694], [36.486940000000175, 13.83944], [36.45352451600007, 13.762965645000065], [36.483836159000134, 13.72710454100013], [36.47579642800008, 13.700421448999975], [36.50439169800012, 13.665134416000058], [36.526074354, 13.606487345000119], [36.519556105000106, 13.585511773000121], [36.55469238600017, 13.571281353000018], [36.564711750000185, 13.533001045000162], [36.601122891000045, 13.498425464000093], [36.57431031800013, 13.477864165000142], [36.56642194400007, 13.446200745000056], [36.60480770800018, 13.377627433000157], [36.63577966200006, 13.382451577000154], [36.6645955140001, 13.366565204000096], [36.68510106900004, 13.374785176000046], [36.73465985299998, 13.36307246600012], [36.766943716000185, 13.37812810700018], [36.82478994000019, 13.448246112000106], [36.8955402360001, 13.40691326800004], [36.91919201400003, 13.376823803999969], [37.03495555200004, 13.353264047000096], [37.0783740330001, 13.311815581000076], [37.098737854000035, 13.316356616], [37.15774619900003, 13.297806598000136], [37.20470911900014, 13.255712391000088], [37.250517199000114, 13.294993971000054], [37.28064718700011, 13.284943967000174], [37.32182724800009, 13.297177615000066], [37.365241889000174, 13.359850854000058], [37.395817856000065, 13.3577769690001], [37.41581665000007, 13.373968391000062], [37.44050583400008, 13.35409430600015], [37.51778052800017, 13.36647495200009], [37.637097256000175, 13.413895488000094], [37.694142437000096, 13.472426752000104], [37.71442554900017, 13.54201267700006], [37.74581780000011, 13.57809753500004]]]}}, {"type": "Feature", "properties": {"pcode": "ET9902", "area_name": "Area 2", "parent_pcode": "ET99", "level": "zone"}, "geometry": {"type": "MultiPolygon", "coordinates": [[[[38.25593949800009, 13.752691148], [38.22425021900011, 13.727345228000047], [38.058521939000116, 13.754017779000094], [38.01620094800012, 13.73965363300016], [37.99639879199998, 13.796709174], [37.96279443800012, 13.82831423400006], [37.91240151500011, 13.845320697000034], [37.89907672400011, 13.884870357000182], [37.86254643400008, 13.865287439999975], [37.83949010100008, 13.878629084000067], [37.76786425700004, 13.856612523000138], [37.76500328999998, 13.831792818999986], [37.803038846000106, 13.810561402000019], [37.79968947300017, 13.774428735000129], [37.81107078500003, 13.758288035000078], [37.777146954000045, 13.684104058], [37.78414945000003, 13.587719252000056], [37.769024663000096, 13.562598912999988], [37.79265930500003, 13.520614519000048], [37.80900596300006, 13.519093881000174], [37.81690553600009, 13.463175524000064], [37.86640019400005, 13.475127248999968], [37.904101474000186, 13.44704897300005], [37.946487353000066, 13.466415070000096], [37.96838889400004, 13.493693843000187], [38.00117941100007, 13.501097501000118], [38.05944101300014, 13.467191866000064], [38.12099078400007, 13.506304382000053], [38.145192748000056, 13.471678588000032], [38.17372022500007, 13.493443946000184], [38.20089763600015, 13.480138398000122], [38.24795795799997, 13.50166263900013], [38.259142031000124, 13.486203203000173], [38.278917156000034, 13.485519139000075], [38.31985645200007, 13.50215196500011], [38.327883107000105, 13.550325213], [38.34119673500015, 13.537642856000048], [38.35995090700004, 13.553004272000067], [38.37983954800012, 13.544477135000022], [38.39123411000003, 13.553355668000052], [38.40650815900017, 13.539411139000094], [38.44080570200015, 13.584405289000017], [38.451038580000045, 13.584599391000097], [38.442793750000135, 13.560540201000038], [38.45362252400014, 13.556946122000113], [38.46521463300013, 13.567644900000175], [38.47761991099998, 13.55234488300016], [38.553946141000154, 13.550308131], [38.54245895200012, 13.525802187000124], [38.49680460600007, 13.506789362000063], [38.49825668600016, 13.484455432000061], [38.46740284300017, 13.484901999000158], [38.46099123300007, 13.459561585000131], [38.56207545900003, 13.483329711000067], [38.59011241500008, 13.506124023000154], [38.61404523300018, 13.490686865000043], [38.66908442100009, 13.536098585000104], [38.59888693200003, 13.64925171700014], [38.48458833800004, 13.700974737000138], [38.47436476200005, 13.719319527999971], [38.414831729000184, 13.751766609000185], [38.36702883700019, 13.805330040000115], [38.3154075330001, 13.805792884000027], [38.290356208000105, 13.769604255000104], [38.25593949800009, 13.752691148]]], [[[38.61689057200016, 13.439081006000094], [38.622371244000135, 13.411227093000036], [38.648639953000156, 13.39652131000014], [38.70568553600009, 13.389298880000126], [38.72974897000017, 13.4034316420001], [38.680130078, 13.486166756000102], [38.63328093100017, 13.472711308000044], [38.61689057200016, 13.439081006000094]]]]}}, {"type": "Feature", "properties": {"pcode": "ET9903", "area_name": "Area 3", "parent_pcode": "ET99", "level": "zone"}, "geometry": {"type": "Polygon", "coordinates": [[[39.573264515000176, 12.562429370000132], [39.554619944000194, 12.608439710000141], [39.57017563000011, 12.614567583999985], [39.56010966600019, 12.659972450000168], [39.548230274000105, 12.670731839000041], [39.49749404500017, 12.666149739000161], [39.45906004100016, 12.637970580000172], [39.40775961200006, 12.638337676000162], [39.39798990200012, 12.69116660900005], [39.28552142900014, 12.704370101000052], [39.26566639900011, 12.677082273], [39.174401276000026, 12.643480484000065], [39.229773857000055, 12.501081519000024], [39.245529419000036, 12.352944384000068], [39.290874255, 12.296071961000052], [39.32170279400003, 12.3048661790001], [39.41951424100017, 12.296596725000143], [39.455564056000185, 12.32502717500006], [39.50744099200011, 12.332852040000091], [39.52266195200008, 12.326414029000091], [39.543273525000075, 12.265007941000022], [39.57254390300005, 12.255925598000033], [39.61421295900004, 12.275731232999988], [39.632274431000155, 12.307654083000045], [39.70626514400004, 12.306206621000172], [39.75855376100003, 12.319953055000155], [39.76154694300004, 12.303252023000141], [39.81761133000015, 12.324029795000172], [39.83087630400007, 12.357500495000181], [39.81492922400008, 12.407061931000044], [39.86311270800013, 12.463346011999988], [39.882572530000175, 12.457662647000063], [39.866285922000145, 12.47262432600013], [39.881065664000175, 12.484460752000189], [39.86345175600013, 12.506289292000076], [39.86319581200007, 12.531448593000164], [39.85237048300013, 12.547421673000144], [39.832764098000155, 12.549890952999988], [39.806736717000035, 12.596283054000082], [39.832573503000106, 12.63437755600006], [39.82007780500004, 12.658827258000088], [39.83495343400011, 12.706728690999967], [39.76278382200019, 12.719609177000109], [39.72828738900006, 12.699103760000128], [39.74343710800008, 12.664422913000067], [39.708814548000134, 12.666661729000054], [39.672077532, 12.652194109999982], [39.654360231000055, 12.635309525000139], [39.66565888200006, 12.554630988000042], [39.61583774100018, 12.549994879000053], [39.573264515000176, 12.562429370000132]]]}}]}