{"type": "FeatureCollection", "features": [{"type": "Feature", "properties": {"pcode": "XK01010101", "area_name": "Amani", "parent_pcode": "XK010101", "level": "village"}, "geometry": {"type": "Polygon", "coordinates": [[[-27.824309384987302, -15.488123938696702], [-27.82699492201969, -15.491042045345061], [-27.794682929, -15.654132659], [-27.7775378275935, -15.653875785775615], [-27.760730726059514, -15.648287965207965], [-27.74340684037148, -15.650850884735434], [-27.726312226, -15.649797728], [-27.701938675252656, -15.63339554600663], [-27.68353140103433, -15.611179497086825], [-27.660928195749957, -15.59305219342243], [-27.646032894, -15.567413886], [-27.64369008472968, -15.563598354748386], [-27.64228001554336, -15.559483605322907], [-27.641873710531762, -15.555046853564187], [-27.640719313254916, -15.55085008597889], [-27.689836370758165, -15.550394877999612], [-27.754574334133537, -15.512083185948214], [-27.824309384987302, -15.488123938696702]]]}}, {"type": "Feature", "properties": {"pcode": "XK01010102", "area_name": "Asha", "parent_pcode": "XK010101", "level": "village"}, "geometry": {"type": "Polygon", "coordinates": [[[-27.79468292916231, -15.654132659149775], [-27.775895272753377, -15.74896093016385], [-27.768458822, -15.800581626], [-27.70196247194606, -15.791837231882992], [-27.661208234, -15.780670916], [-27.657546106475387, -15.772026438103744], [-27.66184290824041, -15.762098996777231], [-27.65445066827595, -15.75405580552104], [-27.655404514, -15.744667242], [-27.669183829049164, -15.717999324486957], [-27.693293741980852, -15.699052739450034], [-27.7080988028159, -15.673151488526752], [-27.726312226, -15.649797728], [-27.74340684037148, -15.650850884735434], [-27.760730726059514, -15.648287965207965], [-27.7775378275935, -15.653875785775615], [-27.79468292916231, -15.654132659149775]]]}}, {"type": "Feature", "properties": {"pcode": "XK01010103", "area_name": "Asaante", "parent_pcode": "XK010101", "level": "village"}, "geometry": {"type": "Polygon", "coordinates": [[[-27.726312226, -15.649797728], [-27.7080988028159, -15.673151488526752], [-27.693293741980852, -15.699052739450034], [-27.669183829049164, -15.717999324486957], [-27.655404514, -15.744667242], [-27.642361402028, -15.728658781601334], [-27.62793486081674, -15.714189828730936], [-27.612580030288246, -15.700753894645844], [-27.59470546, -15.690121977], [-27.60041849060787, -15.656467227469207], [-27.61190339990749, -15.625226790802321], [-27.640191472558566, -15.601014931068583], [-27.646032894, -15.567413886], [-27.660928195749957, -15.59305219342243], [-27.68353140103433, -15.611179497086825], [-27.701938675252656, -15.63339554600663], [-27.726312226, -15.649797728]]]}}, {"type": "Feature", "properties": {"pcode": "XK01010104", "area_name": "Athari", "parent_pcode": "XK010101", "level": "village"}, "geometry": {"type": "Polygon", "coordinates": [[[-27.59470546, -15.690121977], [-27.576459987107686, -15.687253046956913], [-27.558218524442523, -15.684566079885219], [-27.540101624202634, -15.687531099135901], [-27.522011785648676, -15.691724050594386], [-27.523231267731845, -15.688875005110237], [-27.52341919114462, -15.634638396839195], [-27.54576714, -15.585103928], [-27.612010560745226, -15.551116153489483], [-27.640719313, -15.550850086], [-27.641873710531762, -15.555046853564187], [-27.64228001554336, -15.559483605322907], [-27.64369008472968, -15.563598354748386], [-27.646032894, -15.567413886], [-27.640191472558566, -15.601014931068583], [-27.61190339990749, -15.625226790802321], [-27.60041849060787, -15.656467227469207], [-27.59470546, -15.690121977]]]}}, {"type": "Feature", "properties": {"pcode": "XK01010105", "area_name": "Baadhi", "parent_pcode": "XK010101", "level": "village"}, "geometry": {"type": "Polygon", "coordinates": [[[-27.66120823425837, -15.780670915512292], [-27.63573835667086, -15.773692384512778], [-27.56797207109869, -15.808799733104808], [-27.501684215, -15.7928559], [-27.501933552980724, -15.738632323296203], [-27.522011786, -15.691724051], [-27.540101624202634, -15.687531099135901], [-27.558218524442523, -15.684566079885219], [-27.576459987107686, -15.687253046956913], [-27.59470546, -15.690121977], [-27.612580030288246, -15.700753894645844], [-27.62793486081674, -15.714189828730936], [-27.642361402028, -15.728658781601334], [-27.655404514, -15.744667242], [-27.65445066827595, -15.75405580552104], [-27.66184290824041, -15.762098996777231], [-27.657546106475387, -15.772026438103744], [-27.66120823425837, -15.780670915512292]]]}}, {"type": "Feature", "properties": {"pcode": "XK01010201", "area_name": "Balozi", "parent_pcode": "XK010102", "level": "village"}, "geometry": {"type": "Polygon", "coordinates": [[[-27.76845882162746, -15.800581626266993], [-27.745478176, -15.960103538], [-27.732088333121943, -15.959976615927083], [-27.720592914363962, -15.953130087735778], [-27.707250437736757, -15.95283515547672], [-27.69572976, -15.946078222], [-27.687708322392826, -15.930079571242006], [-27.672293834610635, -15.919878383987783], [-27.659780117483223, -15.90740247769259], [-27.652437748, -15.890871317], [-27.67387102596276, -15.866066804725266], [-27.70232542199684, -15.848137825045072], [-27.723884816772713, -15.823456814504745], [-27.744004373336015, -15.79736582056746], [-27.76845882162746, -15.800581626266993]]]}}, {"type": "Feature", "properties": {"pcode": "XK01010202", "area_name": "Bambi", "parent_pcode": "XK010102", "level": "village"}, "geometry": {"type": "Polygon", "coordinates": [[[-27.745478176439953, -15.960103538183274], [-27.73840442739178, -16.009206509982953], [-27.653118691, -16.066307756], [-27.621047321, -16.017408489], [-27.641137333404696, -16.001062029853884], [-27.659325902797004, -15.982724769218345], [-27.672065621606723, -15.958682588800936], [-27.69572976, -15.946078222], [-27.707250437736757, -15.95283515547672], [-27.720592914363962, -15.953130087735778], [-27.732088333121943, -15.959976615927083], [-27.745478176439953, -15.960103538183274]]]}}, {"type": "Feature", "properties": {"pcode": "XK01010203", "area_name": "Bandari", "parent_pcode": "XK010102", "level": "village"}, "geometry": {"type": "Polygon", "coordinates": [[[-27.652437748, -15.890871317], [-27.644527268760974, -15.888066730490271], [-27.636133597571014, -15.888654677158364], [-27.627789249130693, -15.888896324463932], [-27.61985891, -15.886231176], [-27.61678123058412, -15.86246617765495], [-27.601179206071844, -15.843458568084365], [-27.59643383654854, -15.820327043995675], [-27.586751010968438, -15.799071019443883], [-27.63573835667086, -15.773692384512778], [-27.70196247194606, -15.791837231882992], [-27.744004373, -15.797365821], [-27.723884816772713, -15.823456814504745], [-27.70232542199684, -15.848137825045072], [-27.67387102596276, -15.866066804725266], [-27.652437748, -15.890871317]]]}}, {"type": "Feature", "properties": {"pcode": "XK01010204", "area_name": "Bano", "parent_pcode": "XK010102", "level": "village"}, "geometry": {"type": "Polygon", "coordinates": [[[-27.69572976, -15.946078222], [-27.672065621606723, -15.958682588800936], [-27.659325902797004, -15.982724769218345], [-27.641137333404696, -16.001062029853884], [-27.62104732090957, -16.017408489221562], [-27.566021398, -15.933510381], [-27.57830680512736, -15.920353762201072], [-27.590283973499773, -15.906846147490338], [-27.606424559764278, -15.898079476725817], [-27.61985891, -15.886231176], [-27.627789249130693, -15.888896324463932], [-27.636133597571014, -15.888654677158364], [-27.644527268760974, -15.888066730490271], [-27.652437748, -15.890871317], [-27.659780117483223, -15.90740247769259], [-27.672293834610635, -15.919878383987783], [-27.687708322392826, -15.930079571242006], [-27.69572976, -15.946078222]]]}}, {"type": "Feature", "properties": {"pcode": "XK01010205", "area_name": "Baridi", "parent_pcode": "XK010102", "level": "village"}, "geometry": {"type": "Polygon", "coordinates": [[[-27.566021398310987, -15.933510381305023], [-27.556546384165067, -15.919063812819035], [-27.460929681, -15.832305558], [-27.470730997101253, -15.82204301480697], [-27.481708235009386, -15.812995289376358], [-27.4928528780566, -15.804120506343185], [-27.501684215, -15.7928559], [-27.56797207109869, -15.808799733104808], [-27.586751011, -15.799071019], [-27.59643383654854, -15.820327043995675], [-27.601179206071844, -15.843458568084365], [-27.61678123058412, -15.86246617765495], [-27.61985891, -15.886231176], [-27.606424559764278, -15.898079476725817], [-27.590283973499773, -15.906846147490338], [-27.57830680512736, -15.920353762201072], [-27.566021398310987, -15.933510381305023]]]}}, {"type": "Feature", "properties": {"pcode": "XK01010301", "area_name": "Basi", "parent_pcode": "XK010103", "level": "village"}, "geometry": {"type": "Polygon", "coordinates": [[[-27.71039552970196, -15.364345054174846], [-27.824309385, -15.488123939], [-27.754574334133537, -15.512083185948214], [-27.689836370758165, -15.550394877999612], [-27.612010560745226, -15.551116153489483], [-27.54576714, -15.585103928], [-27.511622807, -15.567765012], [-27.517657060039298, -15.526945501094051], [-27.54479986603311, -15.494676734865273], [-27.56597184432264, -15.45998927971354], [-27.571843154, -15.419103763], [-27.604302082479624, -15.399900285916889], [-27.640453738687164, -15.390040276018587], [-27.677647158934793, -15.382816173460359], [-27.71039552970196, -15.364345054174846]]]}}, {"type": "Feature", "properties": {"pcode": "XK01010302", "area_name": "Bauli", "parent_pcode": "XK010103", "level": "village"}, "geometry": {"type": "Polygon", "coordinates": [[[-27.541340212480268, -15.177710332842004], [-27.660339898613636, -15.309954566036934], [-27.71039553, -15.364345054], [-27.677647158934793, -15.382816173460359], [-27.640453738687164, -15.390040276018587], [-27.604302082479624, -15.399900285916889], [-27.571843154, -15.419103763], [-27.536743146205836, -15.388623421370713], [-27.518447025308383, -15.345885721107631], [-27.482229438284694, -15.316220581907528], [-27.465035570122737, -15.27267885900558], [-27.541340212480268, -15.177710332842004]]]}}, {"type": "Feature", "properties": {"pcode": "XK01010303", "area_name": "Bedui", "parent_pcode": "XK010103", "level": "village"}, "geometry": {"type": "Polygon", "coordinates": [[[-27.51162280741413, -15.567765012207605], [-27.48337586581858, -15.553420864742245], [-27.445618307971547, -15.492764750105824], [-27.38658042677568, -15.457137579270292], [-27.338373305522023, -15.408771763345385], [-27.35905374766357, -15.375392184654357], [-27.456866322180744, -15.282846280186595], [-27.46503557, -15.272678859], [-27.482229438284694, -15.316220581907528], [-27.518447025308383, -15.345885721107631], [-27.536743146205836, -15.388623421370713], [-27.571843154, -15.419103763], [-27.56597184432264, -15.45998927971354], [-27.54479986603311, -15.494676734865273], [-27.517657060039298, -15.526945501094051], [-27.51162280741413, -15.567765012207605]]]}}, {"type": "Feature", "properties": {"pcode": "XK01010401", "area_name": "Bendera", "parent_pcode": "XK010104", "level": "village"}, "geometry": {"type": "Polygon", "coordinates": [[[-27.385455811, -15.618154744], [-27.397888604555714, -15.584825231846265], [-27.409252265444405, -15.55114879491513], [-27.421034261174164, -15.517608104207167], [-27.429332836019974, -15.48293707201841], [-27.445618307971547, -15.492764750105824], [-27.48337586581858, -15.553420864742245], [-27.54576714, -15.585103928], [-27.52341919114462, -15.634638396839195], [-27.523239701, -15.686441033], [-27.492142169772663, -15.66261318111114], [-27.454212012462857, -15.652571783492151], [-27.42141372809195, -15.632175607090176], [-27.385455811, -15.618154744]]]}}, {"type": "Feature", "properties": {"pcode": "XK01010402", "area_name": "Beni", "parent_pcode": "XK010104", "level": "village"}, "geometry": {"type": "Polygon", "coordinates": [[[-27.46092968143262, -15.832305558434856], [-27.42815941502719, -15.802571306700667], [-27.32158109761798, -15.664998979754143], [-27.317487308, -15.662361789], [-27.33575727479199, -15.653274713303988], [-27.353205185736858, -15.642923723557374], [-27.36775167909202, -15.628111793022917], [-27.385455811, -15.618154744], [-27.42141372809195, -15.632175607090176], [-27.454212012462857, -15.652571783492151], [-27.492142169772663, -15.66261318111114], [-27.52323970115594, -15.68644103314125], [-27.523231267731845, -15.688875005110237], [-27.501933552980724, -15.738632323296203], [-27.501684215, -15.7928559], [-27.4928528780566, -15.804120506343185], [-27.481708235009386, -15.812995289376358], [-27.470730997101253, -15.82204301480697], [-27.46092968143262, -15.832305558434856]]]}}, {"type": "Feature", "properties": {"pcode": "XK01010403", "area_name": "Bere", "parent_pcode": "XK010104", "level": "village"}, "geometry": {"type": "Polygon", "coordinates": [[[-27.317487307778748, -15.662361789086063], [-27.17221879, -15.56878083], [-27.286781243464453, -15.492044707100463], [-27.338373306, -15.408771763], [-27.38658042677568, -15.457137579270292], [-27.429332836, -15.482937072], [-27.421034261174164, -15.517608104207167], [-27.409252265444405, -15.55114879491513], [-27.397888604555714, -15.584825231846265], [-27.385455811, -15.618154744], [-27.36775167909202, -15.628111793022917], [-27.353205185736858, -15.642923723557374], [-27.33575727479199, -15.653274713303988], [-27.317487307778748, -15.662361789086063]]]}}, {"type": "Feature", "properties": {"pcode": "XK01020101", "area_name": "Berio", "parent_pcode": "XK010201", "level": "village"}, "geometry": {"type": "Polygon", "coordinates": [[[-27.65311869123142, -16.066307756228774], [-27.519263915719126, -16.155927367218993], [-27.454610813, -16.2165826], [-27.448424543076694, -16.205658652729205], [-27.44038751081217, -16.196090645081558], [-27.433007225540514, -16.186041479345597], [-27.425136212, -16.17635184], [-27.412886053681937, -16.13866724045855], [-27.42215177461027, -16.099080772674455], [-27.407597546653484, -16.061599838380637], [-27.411535293356152, -16.02248433048338], [-27.462415507533404, -16.0243456964771], [-27.597763180096536, -15.98190712424054], [-27.65311869123142, -16.066307756228774]]]}}, {"type": "Feature", "properties": {"pcode": "XK01020102", "area_name": "Bertu", "parent_pcode": "XK010201", "level": "village"}, "geometry": {"type": "Polygon", "coordinates": [[[-27.425136212, -16.17635184], [-27.377292046163568, -16.16685578075425], [-27.32724324321162, -16.180936964362317], [-27.281087659512824, -16.153382553990348], [-27.231897352, -16.158282655], [-27.2237728854591, -16.125617275185487], [-27.21565173950333, -16.09295164009133], [-27.224515591732, -16.058980233854143], [-27.22172044624763, -16.025905146930878], [-27.319996912975487, -16.019135554714335], [-27.411535293, -16.02248433], [-27.407597546653484, -16.061599838380637], [-27.42215177461027, -16.099080772674455], [-27.412886053681937, -16.13866724045855], [-27.425136212, -16.17635184]]]}}, {"type": "Feature", "properties": {"pcode": "XK01020103", "area_name": "Beso", "parent_pcode": "XK010201", "level": "village"}, "geometry": {"type": "Polygon", "coordinates": [[[-27.45461081342551, -16.216582599862118], [-27.32693227960091, -16.336366042542007], [-27.323552269, -16.340155233], [-27.18063764, -16.235015166], [-27.198614109342213, -16.21928010894689], [-27.210909300441653, -16.199749780727476], [-27.219308192835282, -16.177616603377718], [-27.231897352, -16.158282655], [-27.281087659512824, -16.153382553990348], [-27.32724324321162, -16.180936964362317], [-27.377292046163568, -16.16685578075425], [-27.425136212, -16.17635184], [-27.433007225540514, -16.186041479345597], [-27.44038751081217, -16.196090645081558], [-27.448424543076694, -16.205658652729205], [-27.45461081342551, -16.216582599862118]]]}}, {"type": "Feature", "properties": {"pcode": "XK01020104", "area_name": "Bevu", "parent_pcode": "XK010201", "level": "village"}, "geometry": {"type": "Polygon", "coordinates": [[[-27.180637640364317, -16.235015166071676], [-27.000942649, -16.102816359], [-27.009862460100944, -16.091297320222044], [-27.024570328623184, -16.086136296824236], [-27.031635758018073, -16.072580272828347], [-27.043389693, -16.064174438], [-27.179784742656665, -16.028793810128455], [-27.221720446, -16.025905147], [-27.224515591732, -16.058980233854143], [-27.21565173950333, -16.09295164009133], [-27.2237728854591, -16.125617275185487], [-27.231897352, -16.158282655], [-27.219308192835282, -16.177616603377718], [-27.210909300441653, -16.199749780727476], [-27.198614109342213, -16.21928010894689], [-27.180637640364317, -16.235015166071676]]]}}, {"type": "Feature", "properties": {"pcode": "XK01020201", "area_name": "Bibi", "parent_pcode": "XK010202", "level": "village"}, "geometry": {"type": "Polygon", "coordinates": [[[-27.418256424473697, -15.789788430339966], [-27.42815941502719, -15.802571306700667], [-27.556546384165067, -15.919063812819035], [-27.59776318, -15.981907124], [-27.462415507533404, -16.0243456964771], [-27.335820623, -16.019714438], [-27.339551596274557, -15.980073664432567], [-27.326061257200976, -15.941341736285471], [-27.3223162832651, -15.902095501777985], [-27.327517233, -15.862377151], [-27.353422598473898, -15.8482558263623], [-27.374747047131795, -15.828408148095598], [-27.395999444136613, -15.808470401997148], [-27.418256424473697, -15.789788430339966]]]}}, {"type": "Feature", "properties": {"pcode": "XK01020202", "area_name": "Bicha", "parent_pcode": "XK010202", "level": "village"}, "geometry": {"type": "Polygon", "coordinates": [[[-27.251762207858384, -15.62002214123516], [-27.32158109761798, -15.664998979754143], [-27.418256424, -15.78978843], [-27.395999444136613, -15.808470401997148], [-27.374747047131795, -15.828408148095598], [-27.353422598473898, -15.8482558263623], [-27.327517233, -15.862377151], [-27.288856561991768, -15.85690995630603], [-27.256146055377084, -15.831888157524078], [-27.217657568002068, -15.82585509900597], [-27.179888984191088, -15.817456152041098], [-27.186683384926862, -15.724968021641162], [-27.251762207858384, -15.62002214123516]]]}}, {"type": "Feature", "properties": {"pcode": "XK01020203", "area_name": "Bidi", "parent_pcode": "XK010202", "level": "village"}, "geometry": {"type": "Polygon", "coordinates": [[[-27.327517233, -15.862377151], [-27.3223162832651, -15.902095501777985], [-27.326061257200976, -15.941341736285471], [-27.339551596274557, -15.980073664432567], [-27.3358206232915, -16.01971443821066], [-27.319996912975487, -16.019135554714335], [-27.179784742656665, -16.028793810128455], [-27.043389693, -16.064174438], [-27.120812146955647, -15.965019529123683], [-27.177062471279314, -15.855931788808427], [-27.179888984, -15.817456152], [-27.217657568002068, -15.82585509900597], [-27.256146055377084, -15.831888157524078], [-27.288856561991768, -15.85690995630603], [-27.327517233, -15.862377151]]]}}, {"type": "Feature", "properties": {"pcode": "XK01020301", "area_name": "Bieke", "parent_pcode": "XK010203", "level": "village"}, "geometry": {"type": "Polygon", "coordinates": [[[-26.86888866939192, -15.717628567462818], [-26.89420591917065, -15.694219385173868], [-26.943068143, -15.591799723], [-26.999897615818696, -15.581483777363822], [-27.056354636913387, -15.567460114178774], [-27.116043383785826, -15.585607939557356], [-27.17221879, -15.56878083], [-27.251762208, -15.620022141], [-27.186683384926862, -15.724968021641162], [-27.177782048, -15.846136613], [-27.117184992689662, -15.81871696882588], [-27.050206941761793, -15.815247232999193], [-26.983171456054556, -15.811993068187455], [-26.924174504, -15.778567727], [-26.911961830118756, -15.761873399080466], [-26.89916231727799, -15.745711469078588], [-26.88597601210642, -15.72990044868853], [-26.86888866939192, -15.717628567462818]]]}}, {"type": "Feature", "properties": {"pcode": "XK01020302", "area_name": "Bielu", "parent_pcode": "XK010203", "level": "village"}, "geometry": {"type": "Polygon", "coordinates": [[[-27.00094264916337, -16.1028163589047], [-26.999931654488268, -16.102072585864], [-26.90339834, -16.06077228], [-26.88999110065752, -15.988851698036575], [-26.92658737483102, -15.92061242165926], [-26.910944264616116, -15.84852723278417], [-26.924174504, -15.778567727], [-26.983171456054556, -15.811993068187455], [-27.050206941761793, -15.815247232999193], [-27.117184992689662, -15.81871696882588], [-27.177782048460795, -15.846136613224598], [-27.177062471279314, -15.855931788808427], [-27.120812146955647, -15.965019529123683], [-27.043389693, -16.064174438], [-27.031635758018073, -16.072580272828347], [-27.024570328623184, -16.086136296824236], [-27.009862460100944, -16.091297320222044], [-27.00094264916337, -16.1028163589047]]]}}, {"type": "Feature", "properties": {"pcode": "XK01020303", "area_name": "Bievu", "parent_pcode": "XK010203", "level": "village"}, "geometry": {"type": "Polygon", "coordinates": [[[-26.903398340124046, -16.060772279533474], [-26.707560768, -15.976986161], [-26.74422679540813, -15.867109605434296], [-26.808079161933623, -15.773855087224408], [-26.868888669, -15.717628567], [-26.88597601210642, -15.72990044868853], [-26.89916231727799, -15.745711469078588], [-26.911961830118756, -15.761873399080466], [-26.924174504, -15.778567727], [-26.910944264616116, -15.84852723278417], [-26.92658737483102, -15.92061242165926], [-26.88999110065752, -15.988851698036575], [-26.903398340124046, -16.060772279533474]]]}}, {"type": "Feature", "properties": {"pcode": "XK01030101", "area_name": "Bigeu", "parent_pcode": "XK010301", "level": "village"}, "geometry": {"type": "Polygon", "coordinates": [[[-27.363501902888242, -14.992138376204498], [-27.495721207884973, -15.127013978272972], [-27.541340212, -15.177710333], [-27.456866322180744, -15.282846280186595], [-27.413785488, -15.323607448], [-27.387395896761856, -15.280705609869688], [-27.33431638987382, -15.264180948404244], [-27.30745630838543, -15.221744087556456], [-27.275830652, -15.184016961], [-27.263181885144856, -15.14655179174421], [-27.276036464419988, -15.10780739803545], [-27.273463258838067, -15.069836847866416], [-27.26820566818407, -15.032000944065924], [-27.28830644575642, -15.020870137928995], [-27.363501902888242, -14.992138376204498]]]}}, {"type": "Feature", "properties": {"pcode": "XK01030102", "area_name": "Bigi", "parent_pcode": "XK010301", "level": "village"}, "geometry": {"type": "Polygon", "coordinates": [[[-27.413785488483988, -15.323607447545415], [-27.35905374766357, -15.375392184654357], [-27.317792039, -15.441991266], [-27.260798799974364, -15.398363586392822], [-27.19806670409047, -15.365438707920486], [-27.13765883698597, -15.328179210371188], [-27.068050007, -15.308079241], [-27.11955815081812, -15.2763317501948], [-27.172292989931297, -15.246638739926523], [-27.231300970210732, -15.22745204404889], [-27.275830652, -15.184016961], [-27.30745630838543, -15.221744087556456], [-27.33431638987382, -15.264180948404244], [-27.387395896761856, -15.280705609869688], [-27.413785488483988, -15.323607447545415]]]}}, {"type": "Feature", "properties": {"pcode": "XK01030103", "area_name": "Bigny", "parent_pcode": "XK010301", "level": "village"}, "geometry": {"type": "Polygon", "coordinates": [[[-27.275830652, -15.184016961], [-27.231300970210732, -15.22745204404889], [-27.172292989931297, -15.246638739926523], [-27.11955815081812, -15.2763317501948], [-27.068050007, -15.308079241], [-27.064405449449318, -15.30817658480406], [-27.060747229155698, -15.308671146082713], [-27.057164564393258, -15.306969078366283], [-27.05350238119482, -15.307578858806918], [-27.049690251455523, -15.242719621775707], [-27.073692958, -15.130113368], [-27.153111600102747, -15.110252175518658], [-27.21797412865435, -15.059816660470542], [-27.268205668, -15.032000944], [-27.273463258838067, -15.069836847866416], [-27.276036464419988, -15.10780739803545], [-27.263181885144856, -15.14655179174421], [-27.275830652, -15.184016961]]]}}, {"type": "Feature", "properties": {"pcode": "XK01030104", "area_name": "Bileh", "parent_pcode": "XK010301", "level": "village"}, "geometry": {"type": "Polygon", "coordinates": [[[-27.317792039320995, -15.441991265617927], [-27.286781243464453, -15.492044707100463], [-27.17221879, -15.56878083], [-27.116043383785826, -15.585607939557356], [-27.056354636913387, -15.567460114178774], [-26.999897615818696, -15.581483777363822], [-26.991386298, -15.583028791], [-27.03716704750495, -15.474380181160416], [-27.056639330158802, -15.360950630053937], [-27.053502381, -15.307578859], [-27.057164564393258, -15.306969078366283], [-27.060747229155698, -15.308671146082713], [-27.064405449449318, -15.30817658480406], [-27.068050007, -15.308079241], [-27.13765883698597, -15.328179210371188], [-27.19806670409047, -15.365438707920486], [-27.260798799974364, -15.398363586392822], [-27.317792039320995, -15.441991265617927]]]}}, {"type": "Feature", "properties": {"pcode": "XK01030201", "area_name": "Bilema", "parent_pcode": "XK010302", "level": "village"}, "geometry": {"type": "Polygon", "coordinates": [[[-27.24370996154857, -14.872802722536443], [-27.323435236764777, -14.951266767354241], [-27.363501903, -14.992138376], [-27.28830644575642, -15.020870137928995], [-27.21797412865435, -15.059816660470542], [-27.153111600102747, -15.110252175518658], [-27.073692958, -15.130113368], [-26.992042532754564, -15.110630601493309], [-26.980618393, -15.105279945], [-26.986232169588593, -15.063451569782158], [-26.997829684037786, -15.02333809831915], [-27.00379764475811, -14.981611230171232], [-27.026634259, -14.944718818], [-27.083959014929388, -14.93596368890723], [-27.1323214928268, -14.900156301147291], [-27.187789120396527, -14.885795508339948], [-27.24370996154857, -14.872802722536443]]]}}, {"type": "Feature", "properties": {"pcode": "XK01030202", "area_name": "Bileya", "parent_pcode": "XK010302", "level": "village"}, "geometry": {"type": "Polygon", "coordinates": [[[-26.97361454177169, -14.675526954400096], [-27.14802812679181, -14.778634546255532], [-27.243709962, -14.872802723], [-27.187789120396527, -14.885795508339948], [-27.1323214928268, -14.900156301147291], [-27.083959014929388, -14.93596368890723], [-27.026634259, -14.944718818], [-27.003710965063775, -14.90217746325717], [-26.96449644363163, -14.87148134877175], [-26.93462777041013, -14.833989931876362], [-26.913986230718393, -14.789789528916511], [-26.97361454177169, -14.675526954400096]]]}}, {"type": "Feature", "properties": {"pcode": "XK01030203", "area_name": "Bileza", "parent_pcode": "XK010302", "level": "village"}, "geometry": {"type": "Polygon", "coordinates": [[[-27.026634259, -14.944718818], [-27.00379764475811, -14.981611230171232], [-26.997829684037786, -15.02333809831915], [-26.986232169588593, -15.063451569782158], [-26.980618393355595, -15.105279945171036], [-26.91848693359483, -15.07617980236194], [-26.86429483852214, -15.005924211647134], [-26.78838916487155, -14.975818903470213], [-26.849045622476712, -14.919199950796218], [-26.91037854451416, -14.796702746924225], [-26.913986231, -14.789789529], [-26.93462777041013, -14.833989931876362], [-26.96449644363163, -14.87148134877175], [-27.003710965063775, -14.90217746325717], [-27.026634259, -14.944718818]]]}}, {"type": "Feature", "properties": {"pcode": "XK01030301", "area_name": "Bilicho", "parent_pcode": "XK010303", "level": "village"}, "geometry": {"type": "Polygon", "coordinates": [[[-27.05588743959357, -15.348158030712588], [-27.056639330158802, -15.360950630053937], [-27.03716704750495, -15.474380181160416], [-26.991386297845658, -15.583028790701922], [-26.943068143, -15.591799723], [-26.912774582, -15.478627478], [-26.947489463714117, -15.44923253644163], [-26.980979325958263, -15.418652812538427], [-26.999709746833823, -15.373798437511976], [-27.038643527, -15.34848382], [-27.042977429908323, -15.34961576796473], [-27.04727221741741, -15.348677349707103], [-27.05155475359984, -15.347090472443545], [-27.05588743959357, -15.348158030712588]]]}}, {"type": "Feature", "properties": {"pcode": "XK01030302", "area_name": "Biliha", "parent_pcode": "XK010303", "level": "village"}, "geometry": {"type": "Polygon", "coordinates": [[[-27.073692958, -15.130113368], [-27.049690251455523, -15.242719621775707], [-27.05588744, -15.348158031], [-27.05155475359984, -15.347090472443545], [-27.04727221741741, -15.348677349707103], [-27.042977429908323, -15.34961576796473], [-27.038643527, -15.34848382], [-27.011520524643416, -15.329936708767338], [-26.982607521101013, -15.315897068337298], [-26.95136673942805, -15.307719095509292], [-26.919482053, -15.301162564], [-26.915924588504076, -15.273964290400063], [-26.895996992609426, -15.253264527698738], [-26.894241629665864, -15.225350867258387], [-26.880236272, -15.202300132], [-26.901987126668708, -15.177162568490301], [-26.913934189474105, -15.145468600154041], [-26.932431585456243, -15.118155246650733], [-26.953586684034068, -15.09261926401757], [-26.992042532754564, -15.110630601493309], [-27.073692958, -15.130113368]]]}}, {"type": "Feature", "properties": {"pcode": "XK01030303", "area_name": "Biliki", "parent_pcode": "XK010303", "level": "village"}, "geometry": {"type": "Polygon", "coordinates": [[[-26.912774582204186, -15.478627477777552], [-26.90633893905917, -15.45458487053567], [-26.815906357, -15.400152925], [-26.84007877336622, -15.373604085117849], [-26.87421266416662, -15.35747814537752], [-26.89305264617925, -15.325349867316048], [-26.919482053, -15.301162564], [-26.95136673942805, -15.307719095509292], [-26.982607521101013, -15.315897068337298], [-27.011520524643416, -15.329936708767338], [-27.038643527, -15.34848382], [-26.999709746833823, -15.373798437511976], [-26.980979325958263, -15.418652812538427], [-26.947489463714117, -15.44923253644163], [-26.912774582204186, -15.478627477777552]]]}}, {"type": "Feature", "properties": {"pcode": "XK01030304", "area_name": "Bilili", "parent_pcode": "XK010303", "level": "village"}, "geometry": {"type": "Polygon", "coordinates": [[[-26.815906356752386, -15.400152924964193], [-26.77322015341821, -15.374459828103854], [-26.733011226565925, -15.239305952733492], [-26.71566201, -15.209467945], [-26.756840939400945, -15.208487953208724], [-26.798180202212286, -15.211189245051685], [-26.839428718498432, -15.211806980527713], [-26.880236272, -15.202300132], [-26.894241629665864, -15.225350867258387], [-26.895996992609426, -15.253264527698738], [-26.915924588504076, -15.273964290400063], [-26.919482053, -15.301162564], [-26.89305264617925, -15.325349867316048], [-26.87421266416662, -15.35747814537752], [-26.84007877336622, -15.373604085117849], [-26.815906356752386, -15.400152924964193]]]}}, {"type": "Feature", "properties": {"pcode": "XK01030305", "area_name": "Bililo", "parent_pcode": "XK010303", "level": "village"}, "geometry": {"type": "Polygon", "coordinates": [[[-26.880236272, -15.202300132], [-26.839428718498432, -15.211806980527713], [-26.798180202212286, -15.211189245051685], [-26.756840939400945, -15.208487953208724], [-26.71566201032455, -15.209467944688035], [-26.664256906, -15.121058999], [-26.74762968436674, -15.01386529109048], [-26.788389165, -14.975818903], [-26.86429483852214, -15.005924211647134], [-26.91848693359483, -15.07617980236194], [-26.953586684, -15.092619264], [-26.932431585456243, -15.118155246650733], [-26.913934189474105, -15.145468600154041], [-26.901987126668708, -15.177162568490301], [-26.880236272, -15.202300132]]]}}, {"type": "Feature", "properties": {"pcode": "XK01040101", "area_name": "Bilina", "parent_pcode": "XK010401", "level": "village"}, "geometry": {"type": "Polygon", "coordinates": [[[-26.792010199498403, -14.566753292000968], [-26.934577622242873, -14.652449607726636], [-26.973614542, -14.675526954], [-26.91037854451416, -14.796702746924225], [-26.879644619, -14.858086092], [-26.866439838340682, -14.853675163537407], [-26.853574512262046, -14.848215477313438], [-26.840657422097124, -14.842915718191197], [-26.826665064, -14.84093804], [-26.78596104975595, -14.79276315965048], [-26.732662616524372, -14.75477499507173], [-26.713225258847952, -14.689399052405367], [-26.668053652180408, -14.644837685457775], [-26.670819800283926, -14.642589142755764], [-26.721167935463033, -14.632171417841343], [-26.75730604816241, -14.600533063075215], [-26.792010199498403, -14.566753292000968]]]}}, {"type": "Feature", "properties": {"pcode": "XK01040102", "area_name": "Bilini", "parent_pcode": "XK010401", "level": "village"}, "geometry": {"type": "Polygon", "coordinates": [[[-26.879644619367113, -14.85808609161838], [-26.849045622476712, -14.919199950796218], [-26.74762968436674, -15.01386529109048], [-26.685340331, -15.093951704], [-26.672347343557664, -15.07476806345445], [-26.658476636200238, -15.056079292685634], [-26.65205796913947, -15.033188965754741], [-26.639975951, -15.013491709], [-26.657680878513574, -14.927954435683901], [-26.644918078, -14.905060577], [-26.687535861883745, -14.881039960083678], [-26.736032534428244, -14.873682287977546], [-26.77811284967342, -14.8481382861532], [-26.826665064, -14.84093804], [-26.840657422097124, -14.842915718191197], [-26.853574512262046, -14.848215477313438], [-26.866439838340682, -14.853675163537407], [-26.879644619367113, -14.85808609161838]]]}}, {"type": "Feature", "properties": {"pcode": "XK01040103", "area_name": "Bilino", "parent_pcode": "XK010401", "level": "village"}, "geometry": {"type": "Polygon", "coordinates": [[[-26.826665064, -14.84093804], [-26.77811284967342, -14.8481382861532], [-26.736032534428244, -14.873682287977546], [-26.687535861883745, -14.881039960083678], [-26.64491807827228, -14.905060577034096], [-26.610660360821758, -14.843609224184453], [-26.656941628811623, -14.757545654537235], [-26.633700671, -14.67276249], [-26.668053652, -14.644837685], [-26.713225258847952, -14.689399052405367], [-26.732662616524372, -14.75477499507173], [-26.78596104975595, -14.79276315965048], [-26.826665064, -14.84093804]]]}}, {"type": "Feature", "properties": {"pcode": "XK01040201", "area_name": "Bilita", "parent_pcode": "XK010402", "level": "village"}, "geometry": {"type": "Polygon", "coordinates": [[[-26.662872057204872, -14.453414597585107], [-26.722056947612806, -14.52470486435723], [-26.792010199, -14.566753292], [-26.75730604816241, -14.600533063075215], [-26.721167935463033, -14.632171417841343], [-26.686601249, -14.639323743], [-26.681235758726395, -14.59670958917551], [-26.683024916101065, -14.552635170227616], [-26.658199495235923, -14.513992792421126], [-26.652344028, -14.471478643], [-26.656052549065766, -14.467590042093104], [-26.65869994997892, -14.463083002528686], [-26.660780217451215, -14.458245428064016], [-26.662872057204872, -14.453414597585107]]]}}, {"type": "Feature", "properties": {"pcode": "XK01040202", "area_name": "Bilivu", "parent_pcode": "XK010402", "level": "village"}, "geometry": {"type": "Polygon", "coordinates": [[[-26.68660124854864, -14.639323743030667], [-26.670819800283926, -14.642589142755764], [-26.633700671, -14.67276249], [-26.604478045, -14.667012838], [-26.601665592892267, -14.632343006270693], [-26.597800537314836, -14.597981874176801], [-26.58293104338066, -14.566848041067265], [-26.566137274, -14.536278545], [-26.589680778955003, -14.522728388802962], [-26.60445964906489, -14.497518172996683], [-26.627769476639013, -14.483657143358991], [-26.652344028, -14.471478643], [-26.658199495235923, -14.513992792421126], [-26.683024916101065, -14.552635170227616], [-26.681235758726395, -14.59670958917551], [-26.68660124854864, -14.639323743030667]]]}}, {"type": "Feature", "properties": {"pcode": "XK01040203", "area_name": "Biliwa", "parent_pcode": "XK010402", "level": "village"}, "geometry": {"type": "Polygon", "coordinates": [[[-26.546071640922786, -14.31898199339524], [-26.563013213618735, -14.333131134191936], [-26.662872057, -14.453414598], [-26.660780217451215, -14.458245428064016], [-26.65869994997892, -14.463083002528686], [-26.656052549065766, -14.467590042093104], [-26.652344028, -14.471478643], [-26.627769476639013, -14.483657143358991], [-26.60445964906489, -14.497518172996683], [-26.589680778955003, -14.522728388802962], [-26.566137274, -14.536278545], [-26.53635927070333, -14.530039543438356], [-26.50669689861102, -14.522999352690592], [-26.476353267233012, -14.520679493065103], [-26.445927416145324, -14.51892932128142], [-26.48593626949857, -14.460087651701864], [-26.526931883780676, -14.394257113751587], [-26.546071640922786, -14.31898199339524]]]}}, {"type": "Feature", "properties": {"pcode": "XK01040204", "area_name": "Bilixi", "parent_pcode": "XK010402", "level": "village"}, "geometry": {"type": "Polygon", "coordinates": [[[-26.604478044724214, -14.667012837975008], [-26.578868985697472, -14.661974167709657], [-26.53066425859611, -14.63196854373114], [-26.479039368909323, -14.611880938582916], [-26.424384089, -14.600581064], [-26.442030477029107, -14.524660612848903], [-26.445927416, -14.518929321], [-26.476353267233012, -14.520679493065103], [-26.50669689861102, -14.522999352690592], [-26.53635927070333, -14.530039543438356], [-26.566137274, -14.536278545], [-26.58293104338066, -14.566848041067265], [-26.597800537314836, -14.597981874176801], [-26.601665592892267, -14.632343006270693], [-26.604478044724214, -14.667012837975008]]]}}, {"type": "Feature", "properties": {"pcode": "XK01040301", "area_name": "Biliyo", "parent_pcode": "XK010403", "level": "village"}, "geometry": {"type": "Polygon", "coordinates": [[[-26.633700671, -14.67276249], [-26.656941628811623, -14.757545654537235], [-26.610660360821758, -14.843609224184453], [-26.62887371, -14.876280255], [-26.599386971833685, -14.860046296976156], [-26.56826709449776, -14.84685232367103], [-26.537235720621688, -14.833493606802996], [-26.510271213, -14.812564677], [-26.52168677080367, -14.772184479538444], [-26.534959053763334, -14.732511534575766], [-26.55261455975213, -14.69450822037696], [-26.569786690857274, -14.65632078182358], [-26.578868985697472, -14.661974167709657], [-26.633700671, -14.67276249]]]}}, {"type": "Feature", "properties": {"pcode": "XK01040302", "area_name": "Biliza", "parent_pcode": "XK010403", "level": "village"}, "geometry": {"type": "Polygon", "coordinates": [[[-26.628873709740642, -14.876280254664065], [-26.657680878513574, -14.927954435683901], [-26.639975951, -15.013491709], [-26.54931806783177, -14.935985475692673], [-26.441413424269363, -14.88911449311323], [-26.393004304, -14.879651058], [-26.397063551571062, -14.867272579804869], [-26.40236307529312, -14.855608899032797], [-26.409117016898616, -14.844783430101124], [-26.41847371, -14.835457982], [-26.442859695394166, -14.83549516862134], [-26.463042495218165, -14.818678434850385], [-26.48828742444694, -14.822159811781265], [-26.510271213, -14.812564677], [-26.537235720621688, -14.833493606802996], [-26.56826709449776, -14.84685232367103], [-26.599386971833685, -14.860046296976156], [-26.628873709740642, -14.876280254664065]]]}}, {"type": "Feature", "properties": {"pcode": "XK01040303", "area_name": "Bilizo", "parent_pcode": "XK010403", "level": "village"}, "geometry": {"type": "Polygon", "coordinates": [[[-26.510271213, -14.812564677], [-26.48828742444694, -14.822159811781265], [-26.463042495218165, -14.818678434850385], [-26.442859695394166, -14.83549516862134], [-26.41847371, -14.835457982], [-26.41200450767866, -14.820932308375463], [-26.405689086743394, -14.806366913267542], [-26.409319398963625, -14.789232551366311], [-26.402786076, -14.77472344], [-26.424163323181254, -14.734731937485927], [-26.432897376562014, -14.687558539068604], [-26.464508340537005, -14.653380242448211], [-26.49234656317237, -14.617058860814005], [-26.53066425859611, -14.63196854373114], [-26.569786691, -14.656320782], [-26.55261455975213, -14.69450822037696], [-26.534959053763334, -14.732511534575766], [-26.52168677080367, -14.772184479538444], [-26.510271213, -14.812564677]]]}}, {"type": "Feature", "properties": {"pcode": "XK01040304", "area_name": "Bilkou", "parent_pcode": "XK010403", "level": "village"}, "geometry": {"type": "Polygon", "coordinates": [[[-26.402786076, -14.77472344], [-26.377302829438626, -14.750163289630011], [-26.353691537828393, -14.723536413915046], [-26.32988326238394, -14.697127017516275], [-26.297910572259077, -14.67973151492135], [-26.308991121832992, -14.662203249276985], [-26.304571445, -14.636408364], [-26.332918276438416, -14.622079697083109], [-26.362133403074687, -14.610654758424506], [-26.39644467019037, -14.616272188714541], [-26.424384089, -14.600581064], [-26.479039368909323, -14.611880938582916], [-26.492346563, -14.617058861], [-26.464508340537005, -14.653380242448211], [-26.432897376562014, -14.687558539068604], [-26.424163323181254, -14.734731937485927], [-26.402786076, -14.77472344]]]}}, {"type": "Feature", "properties": {"pcode": "XK01040305", "area_name": "Bilkua", "parent_pcode": "XK010403", "level": "village"}, "geometry": {"type": "Polygon", "coordinates": [[[-26.393004303862934, -14.879651058272948], [-26.320435891253116, -14.865464755393866], [-26.2320848879378, -14.783860833896824], [-26.297910572, -14.679731515], [-26.32988326238394, -14.697127017516275], [-26.353691537828393, -14.723536413915046], [-26.377302829438626, -14.750163289630011], [-26.402786076, -14.77472344], [-26.409319398963625, -14.789232551366311], [-26.405689086743394, -14.806366913267542], [-26.41200450767866, -14.820932308375463], [-26.41847371, -14.835457982], [-26.409117016898616, -14.844783430101124], [-26.40236307529312, -14.855608899032797], [-26.397063551571062, -14.867272579804869], [-26.393004303862934, -14.879651058272948]]]}}, {"type": "Feature", "properties": {"pcode": "XK01040401", "area_name": "Billah", "parent_pcode": "XK010404", "level": "village"}, "geometry": {"type": "Polygon", "coordinates": [[[-26.46936194850657, -14.25491614411987], [-26.546071641, -14.318981993], [-26.526931883780676, -14.394257113751587], [-26.48593626949857, -14.460087651701864], [-26.46980551, -14.483811422], [-26.456981996418673, -14.469937775059782], [-26.443649319609452, -14.45656425401763], [-26.431625255713985, -14.441905347125012], [-26.416874896, -14.429924346], [-26.421862690913134, -14.383732821107836], [-26.432671057314185, -14.339286955222997], [-26.4517858140676, -14.297332275155055], [-26.46936194850657, -14.25491614411987]]]}}, {"type": "Feature", "properties": {"pcode": "XK01040402", "area_name": "Billi", "parent_pcode": "XK010404", "level": "village"}, "geometry": {"type": "Polygon", "coordinates": [[[-26.466643562984547, -14.252645822464405], [-26.469361949, -14.254916144], [-26.4517858140676, -14.297332275155055], [-26.432671057314185, -14.339286955222997], [-26.421862690913134, -14.383732821107836], [-26.416874896, -14.429924346], [-26.379692762146803, -14.417293790713398], [-26.34299586241843, -14.402169191952114], [-26.302852919604664, -14.404756829060085], [-26.264099818191948, -14.400200854249302], [-26.262338539909983, -14.389921377139993], [-26.275439938, -14.326851219], [-26.326978263946277, -14.317930007488826], [-26.37528121199287, -14.300672259719187], [-26.421478329143323, -14.277988457817948], [-26.466643562984547, -14.252645822464405]]]}}, {"type": "Feature", "properties": {"pcode": "XK01040403", "area_name": "Billio", "parent_pcode": "XK010404", "level": "village"}, "geometry": {"type": "Polygon", "coordinates": [[[-26.46980550983424, -14.483811421584878], [-26.442030477029107, -14.524660612848903], [-26.424384089, -14.600581064], [-26.39644467019037, -14.616272188714541], [-26.362133403074687, -14.610654758424506], [-26.332918276438416, -14.622079697083109], [-26.304571444546436, -14.636408363844685], [-26.264099818, -14.400200854], [-26.302852919604664, -14.404756829060085], [-26.34299586241843, -14.402169191952114], [-26.379692762146803, -14.417293790713398], [-26.416874896, -14.429924346], [-26.431625255713985, -14.441905347125012], [-26.443649319609452, -14.45656425401763], [-26.456981996418673, -14.469937775059782], [-26.46980550983424, -14.483811421584878]]]}}, {"type": "Feature", "properties": {"pcode": "XK01040404", "area_name": "Billsi", "parent_pcode": "XK010404", "level": "village"}, "geometry": {"type": "Polygon", "coordinates": [[[-26.314608937466083, -14.138291581909494], [-26.371907746237532, -14.173525044868148], [-26.466643563, -14.252645822], [-26.421478329143323, -14.277988457817948], [-26.37528121199287, -14.300672259719187], [-26.326978263946277, -14.317930007488826], [-26.275439938400165, -14.32685121939383], [-26.314608937466083, -14.138291581909494]]]}}, {"type": "Feature", "properties": {"pcode": "XK01040501", "area_name": "Billyu", "parent_pcode": "XK010405", "level": "village"}, "geometry": {"type": "Polygon", "coordinates": [[[-26.68534033071929, -15.093951704324624], [-26.664256906, -15.121058999], [-26.524681617366404, -15.13546391838322], [-26.416886853, -15.123843021], [-26.41984283515662, -15.10380656922072], [-26.4236666674991, -15.083838345127687], [-26.41978543165806, -15.063264372504452], [-26.423221594, -15.043265671], [-26.44848083543264, -15.01254269019303], [-26.483207752759373, -14.990931943215395], [-26.50306716250795, -14.955011854956222], [-26.533208904267614, -14.928988072245913], [-26.54931806783177, -14.935985475692673], [-26.639975951, -15.013491709], [-26.65205796913947, -15.033188965754741], [-26.658476636200238, -15.056079292685634], [-26.672347343557664, -15.07476806345445], [-26.68534033071929, -15.093951704324624]]]}}, {"type": "Feature", "properties": {"pcode": "XK01040502", "area_name": "Bilosa", "parent_pcode": "XK010405", "level": "village"}, "geometry": {"type": "Polygon", "coordinates": [[[-26.327232443303114, -14.866793404353478], [-26.441413424269363, -14.88911449311323], [-26.533208904, -14.928988072], [-26.50306716250795, -14.955011854956222], [-26.483207752759373, -14.990931943215395], [-26.44848083543264, -15.01254269019303], [-26.423221594, -15.043265671], [-26.395469443444203, -15.018665256703356], [-26.367890255061706, -14.99387406309695], [-26.341121377551357, -14.968189087075963], [-26.313327482, -14.943634718], [-26.314623692654234, -14.924029898243539], [-26.3224482108112, -14.90560642035249], [-26.319051740145856, -14.885152427835472], [-26.327232443303114, -14.866793404353478]]]}}, {"type": "Feature", "properties": {"pcode": "XK01040503", "area_name": "Bilosi", "parent_pcode": "XK010405", "level": "village"}, "geometry": {"type": "Polygon", "coordinates": [[[-26.416886852764065, -15.123843021029446], [-26.38386196178295, -15.120282747303474], [-26.277984059, -15.14181638], [-26.257561725434137, -15.108447161396946], [-26.246285362198098, -15.071971048137026], [-26.241953060549957, -15.033136030674891], [-26.22888144, -14.997269768], [-26.24906396552974, -14.982398359267437], [-26.26862807171249, -14.966553276302264], [-26.28842774992695, -14.951079091204884], [-26.313327482, -14.943634718], [-26.341121377551357, -14.968189087075963], [-26.367890255061706, -14.99387406309695], [-26.395469443444203, -15.018665256703356], [-26.423221594, -15.043265671], [-26.41978543165806, -15.063264372504452], [-26.4236666674991, -15.083838345127687], [-26.41984283515662, -15.10380656922072], [-26.416886852764065, -15.123843021029446]]]}}, {"type": "Feature", "properties": {"pcode": "XK01040504", "area_name": "Bilota", "parent_pcode": "XK010405", "level": "village"}, "geometry": {"type": "Polygon", "coordinates": [[[-26.143229504738187, -14.977020901010214], [-26.162373881776904, -14.894136323950217], [-26.232084888, -14.783860834], [-26.320435891253116, -14.865464755393866], [-26.327232443, -14.866793404], [-26.319051740145856, -14.885152427835472], [-26.3224482108112, -14.90560642035249], [-26.314623692654234, -14.924029898243539], [-26.313327482, -14.943634718], [-26.28842774992695, -14.951079091204884], [-26.26862807171249, -14.966553276302264], [-26.24906396552974, -14.982398359267437], [-26.22888144, -14.997269768], [-26.207892525639213, -14.990413753910099], [-26.18709898207546, -14.982731328801346], [-26.16602674123745, -14.976227782531565], [-26.143229504738187, -14.977020901010214]]]}}, {"type": "Feature", "properties": {"pcode": "XK01040505", "area_name": "Biloti", "parent_pcode": "XK010405", "level": "village"}, "geometry": {"type": "Polygon", "coordinates": [[[-26.277984058931725, -15.141816379612766], [-26.244869763065907, -15.148551222787338], [-26.104522471, -15.144600975], [-26.143229505, -14.977020901], [-26.16602674123745, -14.976227782531565], [-26.18709898207546, -14.982731328801346], [-26.207892525639213, -14.990413753910099], [-26.22888144, -14.997269768], [-26.241953060549957, -15.033136030674891], [-26.246285362198098, -15.071971048137026], [-26.257561725434137, -15.108447161396946], [-26.277984058931725, -15.141816379612766]]]}}, {"type": "Feature", "properties": {"pcode": "XK01050101", "area_name": "Biloto", "parent_pcode": "XK010501", "level": "village"}, "geometry": {"type": "Polygon", "coordinates": [[[-26.829490280724222, -15.408329175065884], [-26.90633893905917, -15.45458487053567], [-26.941703842, -15.586702899], [-26.905551124761008, -15.586419988392626], [-26.87058975130861, -15.576578713927098], [-26.835999136400897, -15.563762777476198], [-26.799166227, -15.56893717], [-26.79500117896989, -15.550148257919354], [-26.786349715881965, -15.533228175218449], [-26.774589924969664, -15.517602875609436], [-26.770025498, -15.498980326], [-26.785803563650006, -15.476915701043634], [-26.79546365731149, -15.450837846550911], [-26.820768279787828, -15.435022393592533], [-26.829490280724222, -15.408329175065884]]]}}, {"type": "Feature", "properties": {"pcode": "XK01050102", "area_name": "Bilova", "parent_pcode": "XK010501", "level": "village"}, "geometry": {"type": "Polygon", "coordinates": [[[-26.941703842450067, -15.58670289871332], [-26.943068143, -15.591799723], [-26.89420591917065, -15.694219385173868], [-26.808079161933623, -15.773855087224408], [-26.798604992, -15.787691836], [-26.745819436821275, -15.709584342187151], [-26.721521459, -15.696194699], [-26.7329669430257, -15.65952012849646], [-26.752218675202563, -15.627608453606332], [-26.777555757713206, -15.599409687638587], [-26.799166227, -15.56893717], [-26.835999136400897, -15.563762777476198], [-26.87058975130861, -15.576578713927098], [-26.905551124761008, -15.586419988392626], [-26.941703842450067, -15.58670289871332]]]}}, {"type": "Feature", "properties": {"pcode": "XK01050103", "area_name": "Bilovi", "parent_pcode": "XK010501", "level": "village"}, "geometry": {"type": "Polygon", "coordinates": [[[-26.745105215626815, -15.279957360722337], [-26.77322015341821, -15.374459828103854], [-26.829490281, -15.408329175], [-26.820768279787828, -15.435022393592533], [-26.79546365731149, -15.450837846550911], [-26.785803563650006, -15.476915701043634], [-26.770025498, -15.498980326], [-26.72616641536439, -15.480846854875026], [-26.676635292504603, -15.49774775765348], [-26.63440111269607, -15.46957778273963], [-26.587626901872873, -15.469450122920643], [-26.61620434931812, -15.438348858706007], [-26.65730962165081, -15.383989593063424], [-26.709758187462445, -15.339148249446932], [-26.745105215626815, -15.279957360722337]]]}}, {"type": "Feature", "properties": {"pcode": "XK01050104", "area_name": "Bilovu", "parent_pcode": "XK010501", "level": "village"}, "geometry": {"type": "Polygon", "coordinates": [[[-26.721521459046787, -15.696194699388228], [-26.655751830072333, -15.659951689901641], [-26.647657285924137, -15.547710627704172], [-26.57010592, -15.48851847], [-26.587626902, -15.469450123], [-26.63440111269607, -15.46957778273963], [-26.676635292504603, -15.49774775765348], [-26.72616641536439, -15.480846854875026], [-26.770025498, -15.498980326], [-26.774589924969664, -15.517602875609436], [-26.786349715881965, -15.533228175218449], [-26.79500117896989, -15.550148257919354], [-26.799166227, -15.56893717], [-26.777555757713206, -15.599409687638587], [-26.752218675202563, -15.627608453606332], [-26.7329669430257, -15.65952012849646], [-26.721521459046787, -15.696194699388228]]]}}, {"type": "Feature", "properties": {"pcode": "XK01050201", "area_name": "Bilowa", "parent_pcode": "XK010502", "level": "village"}, "geometry": {"type": "Polygon", "coordinates": [[[-26.70756076765072, -15.97698616079308], [-26.635413050309186, -15.946118860232152], [-26.491203667, -15.901082784], [-26.507668237290222, -15.856212859974779], [-26.53736002030327, -15.817789187817032], [-26.547720924564718, -15.769944656112859], [-26.574525061, -15.730113696], [-26.604132728149345, -15.721685995268484], [-26.626025740066417, -15.698626228477183], [-26.652061745648595, -15.68342430564235], [-26.681102548445775, -15.673921455898912], [-26.745819436821275, -15.709584342187151], [-26.79860499174503, -15.787691836345099], [-26.74422679540813, -15.867109605434296], [-26.70756076765072, -15.97698616079308]]]}}, {"type": "Feature", "properties": {"pcode": "XK01050202", "area_name": "Bilowi", "parent_pcode": "XK010502", "level": "village"}, "geometry": {"type": "Polygon", "coordinates": [[[-26.369831329135312, -15.545307510406701], [-26.372220641753685, -15.539465678250373], [-26.415983956, -15.498959707], [-26.454755857757636, -15.499912835692951], [-26.493546628554583, -15.501144488223465], [-26.53149359038558, -15.489920768361484], [-26.57010592, -15.48851847], [-26.647657285924137, -15.547710627704172], [-26.655751830072333, -15.659951689901641], [-26.681102548, -15.673921456], [-26.652061745648595, -15.68342430564235], [-26.626025740066417, -15.698626228477183], [-26.604132728149345, -15.721685995268484], [-26.574525061, -15.730113696], [-26.524760430200644, -15.6823517418841], [-26.477152991917052, -15.63220045331868], [-26.415724927625455, -15.597357069631267], [-26.369831329135312, -15.545307510406701]]]}}, {"type": "Feature", "properties": {"pcode": "XK01050203", "area_name": "Bilowu", "parent_pcode": "XK010502", "level": "village"}, "geometry": {"type": "Polygon", "coordinates": [[[-26.491203667451135, -15.901082783965972], [-26.472055997, -15.895103035], [-26.435687079444673, -15.823819072179532], [-26.38427557095082, -15.759169268345413], [-26.38947560452902, -15.669552357973371], [-26.343092319, -15.602684982], [-26.343060967322966, -15.602191267073676], [-26.342984893686555, -15.601702978194213], [-26.34280524642897, -15.601227255743634], [-26.342854369023467, -15.600723777168469], [-26.34841177222379, -15.597677993606695], [-26.369831329, -15.54530751], [-26.415724927625455, -15.597357069631267], [-26.477152991917052, -15.63220045331868], [-26.524760430200644, -15.6823517418841], [-26.574525061, -15.730113696], [-26.547720924564718, -15.769944656112859], [-26.53736002030327, -15.817789187817032], [-26.507668237290222, -15.856212859974779], [-26.491203667451135, -15.901082783965972]]]}}, {"type": "Feature", "properties": {"pcode": "XK01050204", "area_name": "Biloxa", "parent_pcode": "XK010502", "level": "village"}, "geometry": {"type": "Polygon", "coordinates": [[[-26.472055996556865, -15.895103034593054], [-26.290245755, -15.838324344], [-26.291234179706592, -15.776673217083959], [-26.315052251583847, -15.72014206842648], [-26.341939278014454, -15.664299190615774], [-26.343092319, -15.602684982], [-26.38947560452902, -15.669552357973371], [-26.38427557095082, -15.759169268345413], [-26.435687079444673, -15.823819072179532], [-26.472055996556865, -15.895103034593054]]]}}, {"type": "Feature", "properties": {"pcode": "XK01050205", "area_name": "Biloxi", "parent_pcode": "XK010502", "level": "village"}, "geometry": {"type": "Polygon", "coordinates": [[[-26.290245754607987, -15.838324344052214], [-26.252744476710173, -15.826612828629202], [-26.21574778, -15.806086765], [-26.22860399884275, -15.774413380677052], [-26.22985506566797, -15.738916892542441], [-26.24858181076442, -15.70917744508332], [-26.258433097, -15.676514141], [-26.293138679382597, -15.62797089687746], [-26.342854369, -15.600723777], [-26.34280524642897, -15.601227255743634], [-26.342984893686555, -15.601702978194213], [-26.343060967322966, -15.602191267073676], [-26.343092319, -15.602684982], [-26.341939278014454, -15.664299190615774], [-26.315052251583847, -15.72014206842648], [-26.291234179706592, -15.776673217083959], [-26.290245754607987, -15.838324344052214]]]}}, {"type": "Feature", "properties": {"pcode": "XK01050301", "area_name": "Biloxo", "parent_pcode": "XK010503", "level": "village"}, "geometry": {"type": "Polygon", "coordinates": [[[-26.514739844515077, -15.13439213792852], [-26.524681617366404, -15.13546391838322], [-26.664256906, -15.121058999], [-26.733011226565925, -15.239305952733492], [-26.745105216, -15.279957361], [-26.709758187462445, -15.339148249446932], [-26.660437922, -15.381315027], [-26.645557645439343, -15.378013762041752], [-26.63381770408595, -15.367226316857437], [-26.617917935154882, -15.366355398699852], [-26.605112886, -15.358107042], [-26.579875758452776, -15.334389561278998], [-26.55379170979035, -15.311563762519295], [-26.523822965189485, -15.292827970764108], [-26.504669282, -15.262705528], [-26.504843001193265, -15.230443219888375], [-26.521649416805477, -15.199486314253816], [-26.505927905280785, -15.16597648300883], [-26.514739844515077, -15.13439213792852]]]}}, {"type": "Feature", "properties": {"pcode": "XK01050302", "area_name": "Biloza", "parent_pcode": "XK010503", "level": "village"}, "geometry": {"type": "Polygon", "coordinates": [[[-26.660437921519765, -15.381315026710874], [-26.65730962165081, -15.383989593063424], [-26.61620434931812, -15.438348858706007], [-26.57010592, -15.48851847], [-26.53149359038558, -15.489920768361484], [-26.493546628554583, -15.501144488223465], [-26.454755857757636, -15.499912835692951], [-26.415983956, -15.498959707], [-26.404400913, -15.472054466], [-26.450253948505328, -15.435949440395092], [-26.501546028900545, -15.409424986186728], [-26.552266482308152, -15.381893643217957], [-26.605112886, -15.358107042], [-26.617917935154882, -15.366355398699852], [-26.63381770408595, -15.367226316857437], [-26.645557645439343, -15.378013762041752], [-26.660437921519765, -15.381315026710874]]]}}, {"type": "Feature", "properties": {"pcode": "XK01050303", "area_name": "Bilozo", "parent_pcode": "XK010503", "level": "village"}, "geometry": {"type": "Polygon", "coordinates": [[[-26.504669282, -15.262705528], [-26.523822965189485, -15.292827970764108], [-26.55379170979035, -15.311563762519295], [-26.579875758452776, -15.334389561278998], [-26.605112886, -15.358107042], [-26.552266482308152, -15.381893643217957], [-26.501546028900545, -15.409424986186728], [-26.450253948505328, -15.435949440395092], [-26.40440091316616, -15.472054465547922], [-26.37795585612683, -15.410627545604369], [-26.377740255, -15.338645406], [-26.407844090270583, -15.316938626044518], [-26.439015821966592, -15.297016771977596], [-26.474011220862806, -15.283485952108729], [-26.504669282, -15.262705528]]]}}, {"type": "Feature", "properties": {"pcode": "XK01050304", "area_name": "Biluba", "parent_pcode": "XK010503", "level": "village"}, "geometry": {"type": "Polygon", "coordinates": [[[-26.268318809949417, -15.143782114786566], [-26.38386196178295, -15.120282747303474], [-26.514739845, -15.134392138], [-26.505927905280785, -15.16597648300883], [-26.521649416805477, -15.199486314253816], [-26.504843001193265, -15.230443219888375], [-26.504669282, -15.262705528], [-26.474011220862806, -15.283485952108729], [-26.439015821966592, -15.297016771977596], [-26.407844090270583, -15.316938626044518], [-26.377740255230037, -15.338645405792088], [-26.377644316916236, -15.306614717516066], [-26.29005253560711, -15.23888866534688], [-26.268318809949417, -15.143782114786566]]]}}, {"type": "Feature", "properties": {"pcode": "XK01050401", "area_name": "Bilubi", "parent_pcode": "XK010504", "level": "village"}, "geometry": {"type": "Polygon", "coordinates": [[[-26.258433097, -15.676514141], [-26.17050689744384, -15.570353856661749], [-26.153120516, -15.507913719], [-26.217373861764173, -15.505114707105024], [-26.28080752213899, -15.494281430907238], [-26.34641328034835, -15.50473828421625], [-26.408616742524803, -15.481847048416014], [-26.415983956, -15.498959707], [-26.372220641753685, -15.539465678250373], [-26.34841177222379, -15.597677993606695], [-26.293138679382597, -15.62797089687746], [-26.258433097, -15.676514141]]]}}, {"type": "Feature", "properties": {"pcode": "XK01050402", "area_name": "Bilubu", "parent_pcode": "XK010504", "level": "village"}, "geometry": {"type": "Polygon", "coordinates": [[[-26.170965152, -15.347310993], [-26.171264242970295, -15.296916256850066], [-26.1957124125381, -15.24845677234303], [-26.17845474352287, -15.196655077808792], [-26.187023778976744, -15.146923076156996], [-26.244869763065907, -15.148551222787338], [-26.26831881, -15.143782115], [-26.29005253560711, -15.23888866534688], [-26.377644316916236, -15.306614717516066], [-26.37781794, -15.364581912], [-26.32602720138789, -15.361192893608758], [-26.2759653117382, -15.337097552183469], [-26.222129063642722, -15.358207481388176], [-26.170965152, -15.347310993]]]}}, {"type": "Feature", "properties": {"pcode": "XK01050403", "area_name": "Biluca", "parent_pcode": "XK010504", "level": "village"}, "geometry": {"type": "Polygon", "coordinates": [[[-26.15312051630588, -15.507913718649839], [-26.130843359904716, -15.427909219199131], [-26.106985281, -15.412530638], [-26.11984190050884, -15.393147036033074], [-26.134241613743228, -15.375277194797318], [-26.157565461143296, -15.366161846976954], [-26.170965152, -15.347310993], [-26.222129063642722, -15.358207481388176], [-26.2759653117382, -15.337097552183469], [-26.32602720138789, -15.361192893608758], [-26.377817940251816, -15.36458191246813], [-26.37795585612683, -15.410627545604369], [-26.408616743, -15.481847048], [-26.34641328034835, -15.50473828421625], [-26.28080752213899, -15.494281430907238], [-26.217373861764173, -15.505114707105024], [-26.15312051630588, -15.507913718649839]]]}}, {"type": "Feature", "properties": {"pcode": "XK01050404", "area_name": "Biluch", "parent_pcode": "XK010504", "level": "village"}, "geometry": {"type": "Polygon", "coordinates": [[[-26.106985281017778, -15.412530637999135], [-26.007480007278694, -15.34839094178654], [-25.927463639469707, -15.23628396699537], [-25.962608287875508, -15.199108472501864], [-26.049870489989612, -15.199753907386786], [-26.104522471, -15.144600975], [-26.187023779, -15.146923076], [-26.17845474352287, -15.196655077808792], [-26.1957124125381, -15.24845677234303], [-26.171264242970295, -15.296916256850066], [-26.170965152, -15.347310993], [-26.157565461143296, -15.366161846976954], [-26.134241613743228, -15.375277194797318], [-26.11984190050884, -15.393147036033074], [-26.106985281017778, -15.412530637999135]]]}}, {"type": "Feature", "properties": {"pcode": "XK01050501", "area_name": "Biluci", "parent_pcode": "XK010505", "level": "village"}, "geometry": {"type": "Polygon", "coordinates": [[[-26.21574777992593, -15.806086765068573], [-26.195414455, -15.794805674], [-26.188130616816615, -15.742413406802243], [-26.14742281455168, -15.704599515154852], [-26.13098842375987, -15.656198402091102], [-26.113960742, -15.608056062], [-26.114106140305815, -15.606777652192573], [-26.114585119043383, -15.605610449713117], [-26.11486076909888, -15.604375462563814], [-26.115553159, -15.603279406], [-26.13043639306667, -15.59686546806231], [-26.146096548148982, -15.5918928504919], [-26.156880214460326, -15.577873518461544], [-26.17239854711726, -15.572637795558375], [-26.258433097, -15.676514141], [-26.24858181076442, -15.70917744508332], [-26.22985506566797, -15.738916892542441], [-26.22860399884275, -15.774413380677052], [-26.21574777992593, -15.806086765068573]]]}}, {"type": "Feature", "properties": {"pcode": "XK01050502", "area_name": "Bilucu", "parent_pcode": "XK010505", "level": "village"}, "geometry": {"type": "Polygon", "coordinates": [[[-26.19541445503792, -15.794805673638054], [-26.030520954, -15.703321439], [-26.048475264606477, -15.676960144083601], [-26.064327384375186, -15.648757609848554], [-26.08945816373754, -15.628681946191236], [-26.113960742, -15.608056062], [-26.13098842375987, -15.656198402091102], [-26.14742281455168, -15.704599515154852], [-26.188130616816615, -15.742413406802243], [-26.19541445503792, -15.794805673638054]]]}}, {"type": "Feature", "properties": {"pcode": "XK01050503", "area_name": "Biludu", "parent_pcode": "XK010505", "level": "village"}, "geometry": {"type": "Polygon", "coordinates": [[[-25.985302302, -15.515562743], [-25.996581566689247, -15.478035958243309], [-26.03050345373369, -15.45341408940768], [-26.045723494618123, -15.418133307108867], [-26.060940145745363, -15.382850593138553], [-26.130843359904716, -15.427909219199131], [-26.17050689744384, -15.570353856661749], [-26.172398547, -15.572637796], [-26.156880214460326, -15.577873518461544], [-26.146096548148982, -15.5918928504919], [-26.13043639306667, -15.59686546806231], [-26.115553159, -15.603279406], [-26.077208650754493, -15.589935651472409], [-26.05355327787563, -15.554779935515157], [-26.013186758255618, -15.544438674531952], [-25.985302302, -15.515562743]]]}}, {"type": "Feature", "properties": {"pcode": "XK01050504", "area_name": "Bilufa", "parent_pcode": "XK010505", "level": "village"}, "geometry": {"type": "Polygon", "coordinates": [[[-26.030520954486715, -15.703321439443116], [-25.906284803, -15.634394228], [-25.890696681, -15.547663437], [-25.91353170766202, -15.53723227180128], [-25.93538396356704, -15.52390473190841], [-25.96178224887794, -15.523975031172146], [-25.985302302, -15.515562743], [-26.013186758255618, -15.544438674531952], [-26.05355327787563, -15.554779935515157], [-26.077208650754493, -15.589935651472409], [-26.115553159, -15.603279406], [-26.11486076909888, -15.604375462563814], [-26.114585119043383, -15.605610449713117], [-26.114106140305815, -15.606777652192573], [-26.113960742, -15.608056062], [-26.08945816373754, -15.628681946191236], [-26.064327384375186, -15.648757609848554], [-26.048475264606477, -15.676960144083601], [-26.030520954486715, -15.703321439443116]]]}}, {"type": "Feature", "properties": {"pcode": "XK01050505", "area_name": "Bilufi", "parent_pcode": "XK010505", "level": "village"}, "geometry": {"type": "Polygon", "coordinates": [[[-25.890696680511056, -15.547663436911792], [-25.845465498, -15.296001555], [-25.908915957217047, -15.255903433705903], [-25.927463639, -15.236283967], [-26.007480007278694, -15.34839094178654], [-26.060940146, -15.382850593], [-26.045723494618123, -15.418133307108867], [-26.03050345373369, -15.45341408940768], [-25.996581566689247, -15.478035958243309], [-25.985302302, -15.515562743], [-25.96178224887794, -15.523975031172146], [-25.93538396356704, -15.52390473190841], [-25.91353170766202, -15.53723227180128], [-25.890696680511056, -15.547663436911792]]]}}, {"type": "Feature", "properties": {"pcode": "XK01060101", "area_name": "Bilufo", "parent_pcode": "XK010601", "level": "village"}, "geometry": {"type": "Polygon", "coordinates": [[[-26.30066889636931, -14.205398965211636], [-26.262338539909983, -14.389921377139993], [-26.28897947, -14.545407784], [-26.27674423907748, -14.544681399442462], [-26.264819403642544, -14.541976950168978], [-26.25296845407907, -14.538801646642844], [-26.240769706, -14.537842767], [-26.22286055671715, -14.520903863458466], [-26.202245103138665, -14.507570938709886], [-26.184384675276444, -14.490567116966139], [-26.162415682, -14.479037698], [-26.16453668737593, -14.427011780474777], [-26.17255850243894, -14.37489837457665], [-26.170729197601354, -14.322931026337908], [-26.15933277548667, -14.27110552536005], [-26.168510630320412, -14.266541162337006], [-26.2387921806114, -14.245226230700043], [-26.30066889636931, -14.205398965211636]]]}}, {"type": "Feature", "properties": {"pcode": "XK01060102", "area_name": "Bilufu", "parent_pcode": "XK010601", "level": "village"}, "geometry": {"type": "Polygon", "coordinates": [[[-26.2889794700567, -14.545407784040028], [-26.308991121832992, -14.662203249276985], [-26.214224066, -14.812114778], [-26.16148530853831, -14.773634249525964], [-26.101871475059387, -14.750665643573898], [-26.040589967471114, -14.731459735155854], [-26.011925364, -14.720530787], [-26.06285413825137, -14.666989238151793], [-26.113491175726256, -14.613082244921127], [-26.17128999637321, -14.568146466976277], [-26.240769706, -14.537842767], [-26.25296845407907, -14.538801646642844], [-26.264819403642544, -14.541976950168978], [-26.27674423907748, -14.544681399442462], [-26.2889794700567, -14.545407784040028]]]}}, {"type": "Feature", "properties": {"pcode": "XK01060103", "area_name": "Biluga", "parent_pcode": "XK010601", "level": "village"}, "geometry": {"type": "Polygon", "coordinates": [[[-26.016243526855, -14.474898920338878], [-26.011876907826792, -14.420096848704345], [-26.035493622, -14.325791909], [-26.103280271007613, -14.29898175389361], [-26.159332775, -14.271105525], [-26.170729197601354, -14.322931026337908], [-26.17255850243894, -14.37489837457665], [-26.16453668737593, -14.427011780474777], [-26.162415682, -14.479037698], [-26.125606867315074, -14.487389600499181], [-26.089539566959914, -14.469552916042398], [-26.05302763085206, -14.467419747493041], [-26.016243526855, -14.474898920338878]]]}}, {"type": "Feature", "properties": {"pcode": "XK01060104", "area_name": "Bilugi", "parent_pcode": "XK010601", "level": "village"}, "geometry": {"type": "Polygon", "coordinates": [[[-26.240769706, -14.537842767], [-26.17128999637321, -14.568146466976277], [-26.113491175726256, -14.613082244921127], [-26.06285413825137, -14.666989238151793], [-26.011925364319506, -14.7205307872349], [-25.980885272, -14.708696137], [-25.994506828228978, -14.612965725745823], [-26.019748934659045, -14.518892593325804], [-26.016243527, -14.47489892], [-26.05302763085206, -14.467419747493041], [-26.089539566959914, -14.469552916042398], [-26.125606867315074, -14.487389600499181], [-26.162415682, -14.479037698], [-26.184384675276444, -14.490567116966139], [-26.202245103138665, -14.507570938709886], [-26.22286055671715, -14.520903863458466], [-26.240769706, -14.537842767]]]}}, {"type": "Feature", "properties": {"pcode": "XK01060201", "area_name": "Bilugo", "parent_pcode": "XK010602", "level": "village"}, "geometry": {"type": "Polygon", "coordinates": [[[-26.036912460623466, -13.952581626792615], [-26.15772228753912, -13.984312062915581], [-26.248354675311916, -14.09755134417134], [-26.314608937, -14.138291582], [-26.300668896, -14.205398965], [-26.2387921806114, -14.245226230700043], [-26.168510630320412, -14.266541162337006], [-26.103280271007613, -14.29898175389361], [-26.065924986, -14.313756064], [-26.051609577785168, -14.252569833674967], [-26.04432489964243, -14.18891610260222], [-26.00895036191545, -14.135120771555727], [-25.983169588, -14.077958419], [-26.00371583048495, -14.049662153514674], [-26.00781595497093, -14.014316244974502], [-26.02525179778962, -13.984686703915791], [-26.036912460623466, -13.952581626792615]]]}}, {"type": "Feature", "properties": {"pcode": "XK01060202", "area_name": "Bilugu", "parent_pcode": "XK010602", "level": "village"}, "geometry": {"type": "Polygon", "coordinates": [[[-25.983169588, -14.077958419], [-26.00895036191545, -14.135120771555727], [-26.04432489964243, -14.18891610260222], [-26.051609577785168, -14.252569833674967], [-26.06592498566748, -14.313756064302433], [-26.035493622, -14.325791909], [-25.94837360513518, -14.302451609734977], [-25.866975583466296, -14.25943041587284], [-25.776577835818664, -14.247363924404791], [-25.68914622441712, -14.2250953613873], [-25.70267123, -14.153676268], [-25.771835938475572, -14.131190906384354], [-25.835972507882982, -14.090078698245156], [-25.917219350956895, -14.112351857384247], [-25.983169588, -14.077958419]]]}}, {"type": "Feature", "properties": {"pcode": "XK01060203", "area_name": "Biluh", "parent_pcode": "XK010602", "level": "village"}, "geometry": {"type": "Polygon", "coordinates": [[[-25.7604115790486, -13.848777058625092], [-25.892552986902476, -13.87771841743374], [-26.01842067259352, -13.947724799216052], [-26.036912461, -13.952581627], [-26.02525179778962, -13.984686703915791], [-26.00781595497093, -14.014316244974502], [-26.00371583048495, -14.049662153514674], [-25.983169588, -14.077958419], [-25.917219350956895, -14.112351857384247], [-25.835972507882982, -14.090078698245156], [-25.771835938475572, -14.131190906384354], [-25.702671229671186, -14.153676267938888], [-25.7604115790486, -13.848777058625092]]]}}, {"type": "Feature", "properties": {"pcode": "XK01060301", "area_name": "Biluha", "parent_pcode": "XK010603", "level": "village"}, "geometry": {"type": "Polygon", "coordinates": [[[-26.21422406621668, -14.812114777951322], [-26.162373881776904, -14.894136323950217], [-26.161819928, -14.89653464], [-26.12693082685134, -14.874394115830057], [-26.087126944351105, -14.863067943915228], [-26.04741119592496, -14.85154784416217], [-26.012794739, -14.828807401], [-26.01292742047216, -14.800846716330335], [-26.017968115550353, -14.772513507188027], [-25.999056531544568, -14.745998306480617], [-26.004357397677666, -14.717645349998643], [-26.040589967471114, -14.731459735155854], [-26.101871475059387, -14.750665643573898], [-26.16148530853831, -14.773634249525964], [-26.21422406621668, -14.812114777951322]]]}}, {"type": "Feature", "properties": {"pcode": "XK01060302", "area_name": "Biluhi", "parent_pcode": "XK010603", "level": "village"}, "geometry": {"type": "Polygon", "coordinates": [[[-26.16181992754748, -14.896534639754565], [-26.136150999, -15.007666921], [-26.094871096112286, -14.98350017659439], [-26.052212131951446, -14.96263907477558], [-26.00676270728152, -14.948466772994498], [-25.961159439, -14.934663238], [-25.974700896554975, -14.908507869874416], [-25.97666329669628, -14.876704366320345], [-25.998651388771012, -14.854669172573223], [-26.012794739, -14.828807401], [-26.04741119592496, -14.85154784416217], [-26.087126944351105, -14.863067943915228], [-26.12693082685134, -14.874394115830057], [-26.16181992754748, -14.896534639754565]]]}}, {"type": "Feature", "properties": {"pcode": "XK01060303", "area_name": "Biluho", "parent_pcode": "XK010603", "level": "village"}, "geometry": {"type": "Polygon", "coordinates": [[[-26.13615099894222, -15.007666920879599], [-26.104522471, -15.144600975], [-26.063588361, -15.185910296], [-26.028170433590297, -15.127500667769581], [-25.986190878608614, -15.074662251636813], [-25.936887409782088, -15.02804227398854], [-25.888968067, -14.980247091], [-25.903968000426815, -14.964024138381196], [-25.929434571714495, -14.964377251576813], [-25.944549371112355, -14.948336212760815], [-25.961159439, -14.934663238], [-26.00676270728152, -14.948466772994498], [-26.052212131951446, -14.96263907477558], [-26.094871096112286, -14.98350017659439], [-26.13615099894222, -15.007666920879599]]]}}, {"type": "Feature", "properties": {"pcode": "XK01060304", "area_name": "Biluhu", "parent_pcode": "XK010603", "level": "village"}, "geometry": {"type": "Polygon", "coordinates": [[[-26.06358836086052, -15.185910295670494], [-26.049870489989612, -15.199753907386786], [-25.962608287875508, -15.199108472501864], [-25.908915957217047, -15.255903433705903], [-25.845465497956834, -15.296001555412095], [-25.826685849735384, -15.191513427055373], [-25.804444066, -14.98258927], [-25.82553626801669, -14.980603583795814], [-25.84682706070269, -14.985784590628901], [-25.867931178974892, -14.984228935431167], [-25.888968067, -14.980247091], [-25.936887409782088, -15.02804227398854], [-25.986190878608614, -15.074662251636813], [-26.028170433590297, -15.127500667769581], [-26.06358836086052, -15.185910295670494]]]}}, {"type": "Feature", "properties": {"pcode": "XK01060305", "area_name": "Biluja", "parent_pcode": "XK010603", "level": "village"}, "geometry": {"type": "Polygon", "coordinates": [[[-25.804444065549617, -14.982589269678709], [-25.779782597, -14.750936247], [-25.830251931537443, -14.741298250903577], [-25.878893809509933, -14.722959841771813], [-25.929902231493752, -14.71588840924556], [-25.980885272, -14.708696137], [-26.004357398, -14.71764535], [-25.999056531544568, -14.745998306480617], [-26.017968115550353, -14.772513507188027], [-26.01292742047216, -14.800846716330335], [-26.012794739, -14.828807401], [-25.998651388771012, -14.854669172573223], [-25.97666329669628, -14.876704366320345], [-25.974700896554975, -14.908507869874416], [-25.961159439, -14.934663238], [-25.944549371112355, -14.948336212760815], [-25.929434571714495, -14.964377251576813], [-25.903968000426815, -14.964024138381196], [-25.888968067, -14.980247091], [-25.867931178974892, -14.984228935431167], [-25.84682706070269, -14.985784590628901], [-25.82553626801669, -14.980603583795814], [-25.804444065549617, -14.982589269678709]]]}}, {"type": "Feature", "properties": {"pcode": "XK01060401", "area_name": "Biluji", "parent_pcode": "XK010604", "level": "village"}, "geometry": {"type": "Polygon", "coordinates": [[[-26.02519693596261, -14.366908058722979], [-26.011876907826792, -14.420096848704345], [-26.019748934659045, -14.518892593325804], [-25.994506828228978, -14.612965725745823], [-25.980885272, -14.708696137], [-25.948031399, -14.713330894], [-25.916582276712486, -14.654949122458007], [-25.866234071263566, -14.606906844298843], [-25.8449483478831, -14.5429647820883], [-25.820723512, -14.480630678], [-25.868131898837323, -14.445529493637707], [-25.921379622915737, -14.420927445595659], [-25.970447618216674, -14.388810239513493], [-26.02519693596261, -14.366908058722979]]]}}, {"type": "Feature", "properties": {"pcode": "XK01060402", "area_name": "Bilujo", "parent_pcode": "XK010604", "level": "village"}, "geometry": {"type": "Polygon", "coordinates": [[[-25.71200087862246, -14.46443102421588], [-25.706558777, -14.441647397], [-25.72643890217221, -14.388845928723725], [-25.77835989163343, -14.355949390387183], [-25.797297366695375, -14.302562314174956], [-25.82337408504538, -14.25361039134368], [-25.866975583466296, -14.25943041587284], [-25.94837360513518, -14.302451609734977], [-26.035493622, -14.325791909], [-26.025196936, -14.366908059], [-25.970447618216674, -14.388810239513493], [-25.921379622915737, -14.420927445595659], [-25.868131898837323, -14.445529493637707], [-25.820723512, -14.480630678], [-25.792497805550827, -14.483594518733643], [-25.766759216186355, -14.469866279622375], [-25.73810739203849, -14.475689973916449], [-25.71200087862246, -14.46443102421588]]]}}, {"type": "Feature", "properties": {"pcode": "XK01060403", "area_name": "Biluju", "parent_pcode": "XK010604", "level": "village"}, "geometry": {"type": "Polygon", "coordinates": [[[-25.779782597123493, -14.750936247293351], [-25.779257569201345, -14.746004492919079], [-25.712000879, -14.464431024], [-25.73810739203849, -14.475689973916449], [-25.766759216186355, -14.469866279622375], [-25.792497805550827, -14.483594518733643], [-25.820723512, -14.480630678], [-25.8449483478831, -14.5429647820883], [-25.866234071263566, -14.606906844298843], [-25.916582276712486, -14.654949122458007], [-25.948031399497953, -14.713330893833042], [-25.929902231493752, -14.71588840924556], [-25.878893809509933, -14.722959841771813], [-25.830251931537443, -14.741298250903577], [-25.779782597123493, -14.750936247293351]]]}}, {"type": "Feature", "properties": {"pcode": "XK01060404", "area_name": "Biluka", "parent_pcode": "XK010604", "level": "village"}, "geometry": {"type": "Polygon", "coordinates": [[[-25.70655877712786, -14.441647396569623], [-25.673972206467894, -14.305222103340142], [-25.689146224, -14.225095361], [-25.776577835818664, -14.247363924404791], [-25.823374085, -14.253610391], [-25.797297366695375, -14.302562314174956], [-25.77835989163343, -14.355949390387183], [-25.72643890217221, -14.388845928723725], [-25.70655877712786, -14.441647396569623]]]}}, {"type": "Feature", "properties": {"pcode": "XK02010101", "area_name": "Biluki", "parent_pcode": "XK020101", "level": "village"}, "geometry": {"type": "Polygon", "coordinates": [[[-27.323552269392472, -16.340155233241692], [-27.16223873859433, -16.52099721091009], [-27.043964076, -16.651595651], [-26.953812143258, -16.587426611783634], [-26.868545752, -16.572623194], [-26.87348977777853, -16.514955400507933], [-26.905825144634882, -16.46433936550397], [-26.911868321085556, -16.40695454264339], [-26.925468827, -16.351515315], [-26.98097061971057, -16.318308947260164], [-27.04346678662782, -16.29490020211016], [-27.086009037029903, -16.243540286858675], [-27.135340737726683, -16.201690939985017], [-27.323552269392472, -16.340155233241692]]]}}, {"type": "Feature", "properties": {"pcode": "XK02010102", "area_name": "Biluko", "parent_pcode": "XK020101", "level": "village"}, "geometry": {"type": "Polygon", "coordinates": [[[-26.680431222186208, -16.1207507130409], [-26.719892284957236, -16.067212802918082], [-26.741343458217596, -15.991439569742226], [-26.999931654488268, -16.102072585864], [-27.135340738, -16.20169094], [-27.086009037029903, -16.243540286858675], [-27.04346678662782, -16.29490020211016], [-26.98097061971057, -16.318308947260164], [-26.925468827, -16.351515315], [-26.87702068718755, -16.280220514752685], [-26.781452432844883, -16.258960251482623], [-26.741459220892317, -16.17868757830646], [-26.680431222186208, -16.1207507130409]]]}}, {"type": "Feature", "properties": {"pcode": "XK02010103", "area_name": "Biluku", "parent_pcode": "XK020101", "level": "village"}, "geometry": {"type": "Polygon", "coordinates": [[[-26.868545751900832, -16.572623194274573], [-26.84192204320062, -16.56800095250668], [-26.75521667213131, -16.496737901354138], [-26.651330379, -16.460838113], [-26.65302936720639, -16.41250090059806], [-26.630446945711967, -16.369015482028633], [-26.634689887646207, -16.3201699490984], [-26.61444055, -16.276218345], [-26.649640624754678, -16.20657188753788], [-26.67254718506959, -16.131447203224237], [-26.680431222, -16.120750713], [-26.741459220892317, -16.17868757830646], [-26.781452432844883, -16.258960251482623], [-26.87702068718755, -16.280220514752685], [-26.925468827, -16.351515315], [-26.911868321085556, -16.40695454264339], [-26.905825144634882, -16.46433936550397], [-26.87348977777853, -16.514955400507933], [-26.868545751900832, -16.572623194274573]]]}}, {"type": "Feature", "properties": {"pcode": "XK02010201", "area_name": "Bilula", "parent_pcode": "XK020102", "level": "village"}, "geometry": {"type": "Polygon", "coordinates": [[[-27.04396407587453, -16.651595651142788], [-26.99615868788347, -16.70438218177228], [-26.903574606, -16.904716508], [-26.861295260295616, -16.87090554698075], [-26.821396848641555, -16.83312163006871], [-26.75982051351555, -16.831510673844036], [-26.719512256, -16.794410648], [-26.723222908463228, -16.775259481889453], [-26.72326158029516, -16.755349361046203], [-26.729218367538806, -16.736662444285823], [-26.735304942, -16.718002353], [-26.801162026153882, -16.697039852020524], [-26.854062978061645, -16.644538200652818], [-26.929780452368483, -16.647578876085337], [-26.99016939194671, -16.613305255251213], [-27.04396407587453, -16.651595651142788]]]}}, {"type": "Feature", "properties": {"pcode": "XK02010202", "area_name": "Biluli", "parent_pcode": "XK020102", "level": "village"}, "geometry": {"type": "Polygon", "coordinates": [[[-26.614118744879594, -16.494691563760917], [-26.651330379, -16.460838113], [-26.75521667213131, -16.496737901354138], [-26.84192204320062, -16.56800095250668], [-26.953812143258, -16.587426611783634], [-26.990169392, -16.613305255], [-26.929780452368483, -16.647578876085337], [-26.854062978061645, -16.644538200652818], [-26.801162026153882, -16.697039852020524], [-26.735304942, -16.718002353], [-26.710946240526408, -16.65895230723021], [-26.664614708645704, -16.611826467031886], [-26.633637755734195, -16.55636801093021], [-26.614118744879594, -16.494691563760917]]]}}, {"type": "Feature", "properties": {"pcode": "XK02010203", "area_name": "Bilulo", "parent_pcode": "XK020102", "level": "village"}, "geometry": {"type": "Polygon", "coordinates": [[[-26.903574606028137, -16.90471650770055], [-26.892219831430243, -16.92928607807973], [-26.769557734, -17.134278523], [-26.62098621458587, -16.894547297923072], [-26.596395517, -16.878235141], [-26.628156250378343, -16.858720661617642], [-26.660376946431448, -16.83988174975202], [-26.689366833115514, -16.81629760532238], [-26.719512256, -16.794410648], [-26.75982051351555, -16.831510673844036], [-26.821396848641555, -16.83312163006871], [-26.861295260295616, -16.87090554698075], [-26.903574606028137, -16.90471650770055]]]}}, {"type": "Feature", "properties": {"pcode": "XK02010204", "area_name": "Bilulu", "parent_pcode": "XK020102", "level": "village"}, "geometry": {"type": "Polygon", "coordinates": [[[-26.59639551745132, -16.87823514054161], [-26.428329091, -16.766748834], [-26.481552500797484, -16.68842909776065], [-26.520257385527163, -16.599525718753256], [-26.579861431993812, -16.525857307550282], [-26.614118745, -16.494691564], [-26.633637755734195, -16.55636801093021], [-26.664614708645704, -16.611826467031886], [-26.710946240526408, -16.65895230723021], [-26.735304942, -16.718002353], [-26.729218367538806, -16.736662444285823], [-26.72326158029516, -16.755349361046203], [-26.723222908463228, -16.775259481889453], [-26.719512256, -16.794410648], [-26.689366833115514, -16.81629760532238], [-26.660376946431448, -16.83988174975202], [-26.628156250378343, -16.858720661617642], [-26.59639551745132, -16.87823514054161]]]}}, {"type": "Feature", "properties": {"pcode": "XK02010301", "area_name": "Biluma", "parent_pcode": "XK020103", "level": "village"}, "geometry": {"type": "Polygon", "coordinates": [[[-26.42832909138276, -16.766748834179932], [-26.390382885461143, -16.74157734432772], [-26.281761979, -16.640107749], [-26.29372147402715, -16.59366511433849], [-26.31435408220808, -16.551236249086283], [-26.344432230655496, -16.51317861938743], [-26.361007034, -16.468871871], [-26.422906644870274, -16.427740150738867], [-26.48742387410147, -16.393145896153424], [-26.56663490792179, -16.39524921543152], [-26.631169427131738, -16.360698142190405], [-26.630446945711967, -16.369015482028633], [-26.65302936720639, -16.41250090059806], [-26.651330379, -16.460838113], [-26.579861431993812, -16.525857307550282], [-26.520257385527163, -16.599525718753256], [-26.481552500797484, -16.68842909776065], [-26.42832909138276, -16.766748834179932]]]}}, {"type": "Feature", "properties": {"pcode": "XK02010302", "area_name": "Bilumi", "parent_pcode": "XK020103", "level": "village"}, "geometry": {"type": "Polygon", "coordinates": [[[-26.19199718386929, -16.267881758465197], [-26.29678235711667, -16.224206396838376], [-26.45542875488495, -16.261178513304678], [-26.61444055, -16.276218345], [-26.634689887646207, -16.3201699490984], [-26.631169427, -16.360698142], [-26.56663490792179, -16.39524921543152], [-26.48742387410147, -16.393145896153424], [-26.422906644870274, -16.427740150738867], [-26.361007034, -16.468871871], [-26.30822751079226, -16.427476404797233], [-26.28435162296689, -16.361776265058463], [-26.240251222683945, -16.313082642534685], [-26.19199718386929, -16.267881758465197]]]}}, {"type": "Feature", "properties": {"pcode": "XK02010303", "area_name": "Bilumo", "parent_pcode": "XK020103", "level": "village"}, "geometry": {"type": "Polygon", "coordinates": [[[-26.281761979217325, -16.640107749246162], [-26.191133379082537, -16.555445894760773], [-25.977066078, -16.384986545], [-25.977567873, -16.265607887], [-26.13640632172383, -16.291052508029335], [-26.191997184, -16.267881758], [-26.240251222683945, -16.313082642534685], [-26.28435162296689, -16.361776265058463], [-26.30822751079226, -16.427476404797233], [-26.361007034, -16.468871871], [-26.344432230655496, -16.51317861938743], [-26.31435408220808, -16.551236249086283], [-26.29372147402715, -16.59366511433849], [-26.281761979217325, -16.640107749246162]]]}}, {"type": "Feature", "properties": {"pcode": "XK02010401", "area_name": "Bilumu", "parent_pcode": "XK020104", "level": "village"}, "geometry": {"type": "Polygon", "coordinates": [[[-26.54238080920899, -15.917065222928077], [-26.635413050309186, -15.946118860232152], [-26.741343458, -15.99143957], [-26.719892284957236, -16.067212802918082], [-26.67254718506959, -16.131447203224237], [-26.649640624754678, -16.20657188753788], [-26.61444055, -16.276218345], [-26.537016377, -16.268895325], [-26.537898938093868, -16.1809308079331], [-26.515244566737834, -16.09260741800995], [-26.546758000995563, -16.005109936694833], [-26.54238080920899, -15.917065222928077]]]}}, {"type": "Feature", "properties": {"pcode": "XK02010402", "area_name": "Biluna", "parent_pcode": "XK020104", "level": "village"}, "geometry": {"type": "Polygon", "coordinates": [[[-26.3582734669409, -15.859569156145023], [-26.542380809, -15.917065223], [-26.546758000995563, -16.005109936694833], [-26.515244566737834, -16.09260741800995], [-26.537898938093868, -16.1809308079331], [-26.5370163771855, -16.26889532517347], [-26.45542875488495, -16.261178513304678], [-26.319129821, -16.229414413], [-26.320248017715056, -16.155350603320127], [-26.32036122695508, -16.081345734529524], [-26.313331269582353, -16.007759800902626], [-26.301829821, -15.934436113], [-26.318503774922384, -15.917651700973774], [-26.328158983104775, -15.895575720867484], [-26.347516645470122, -15.880814608510322], [-26.3582734669409, -15.859569156145023]]]}}, {"type": "Feature", "properties": {"pcode": "XK02010403", "area_name": "Biluni", "parent_pcode": "XK020104", "level": "village"}, "geometry": {"type": "Polygon", "coordinates": [[[-25.977567873452674, -16.26560788717112], [-25.97778955397484, -16.212869419610865], [-26.055363539117177, -16.04596878438551], [-26.047027311, -15.982750649], [-26.109729168424984, -15.965404674296845], [-26.171332130261252, -15.942263314241481], [-26.2371802121891, -15.941509983631034], [-26.301829821, -15.934436113], [-26.313331269582353, -16.007759800902626], [-26.32036122695508, -16.081345734529524], [-26.320248017715056, -16.155350603320127], [-26.319129820834263, -16.22941441317481], [-26.29678235711667, -16.224206396838376], [-26.13640632172383, -16.291052508029335], [-25.977567873452674, -16.26560788717112]]]}}, {"type": "Feature", "properties": {"pcode": "XK02010404", "area_name": "Biluno", "parent_pcode": "XK020104", "level": "village"}, "geometry": {"type": "Polygon", "coordinates": [[[-26.047027311024063, -15.982750648589693], [-26.032455883411867, -15.87224761541483], [-26.023597166017367, -15.699480066170496], [-26.252744476710173, -15.826612828629202], [-26.358273467, -15.859569156], [-26.347516645470122, -15.880814608510322], [-26.328158983104775, -15.895575720867484], [-26.318503774922384, -15.917651700973774], [-26.301829821, -15.934436113], [-26.2371802121891, -15.941509983631034], [-26.171332130261252, -15.942263314241481], [-26.109729168424984, -15.965404674296845], [-26.047027311024063, -15.982750648589693]]]}}, {"type": "Feature", "properties": {"pcode": "XK02020101", "area_name": "Bilunu", "parent_pcode": "XK020201", "level": "village"}, "geometry": {"type": "Polygon", "coordinates": [[[-26.76955773384572, -17.134278523186637], [-26.765002649668205, -17.141890963065002], [-26.546271392, -17.203097927], [-26.548412156819115, -17.155893673318186], [-26.54411648889752, -17.108360653528525], [-26.557098747176997, -17.06171017174984], [-26.555913149, -17.014336011], [-26.584374785975108, -17.002766251947087], [-26.59658574951353, -16.969488633472448], [-26.6268169614483, -16.96028269550117], [-26.65107470702392, -16.943097324162565], [-26.76955773384572, -17.134278523186637]]]}}, {"type": "Feature", "properties": {"pcode": "XK02020102", "area_name": "Bilupa", "parent_pcode": "XK020201", "level": "village"}, "geometry": {"type": "Polygon", "coordinates": [[[-26.387830959720254, -16.96951165341344], [-26.388240220716146, -16.891743082892532], [-26.479073877926115, -16.800410220041993], [-26.62098621458587, -16.894547297923072], [-26.651074707, -16.943097324], [-26.6268169614483, -16.96028269550117], [-26.59658574951353, -16.969488633472448], [-26.584374785975108, -17.002766251947087], [-26.555913149, -17.014336011], [-26.516343419440567, -16.993939855637354], [-26.47187254316956, -16.991921999588932], [-26.43235568938126, -16.971327570882213], [-26.387830959720254, -16.96951165341344]]]}}, {"type": "Feature", "properties": {"pcode": "XK02020103", "area_name": "Bilupi", "parent_pcode": "XK020201", "level": "village"}, "geometry": {"type": "Polygon", "coordinates": [[[-26.546271392100966, -17.20309792686638], [-26.544726978451234, -17.203530095873248], [-26.510368349, -17.20585604], [-26.487338659262903, -17.178417399676537], [-26.450194241105816, -17.16850716362885], [-26.424801673985993, -17.144002867402286], [-26.400870852, -17.1176833], [-26.39556463708288, -17.10041134681362], [-26.390826403411108, -17.08288063316183], [-26.37717619211167, -17.06941003152513], [-26.37115765424121, -17.052462597971203], [-26.387464264634232, -17.039191766942828], [-26.38783096, -16.969511653], [-26.43235568938126, -16.971327570882213], [-26.47187254316956, -16.991921999588932], [-26.516343419440567, -16.993939855637354], [-26.555913149, -17.014336011], [-26.557098747176997, -17.06171017174984], [-26.54411648889752, -17.108360653528525], [-26.548412156819115, -17.155893673318186], [-26.546271392100966, -17.20309792686638]]]}}, {"type": "Feature", "properties": {"pcode": "XK02020104", "area_name": "Bilupo", "parent_pcode": "XK020201", "level": "village"}, "geometry": {"type": "Polygon", "coordinates": [[[-26.51036834899227, -17.205856040219423], [-26.316512004243698, -17.218979353813086], [-26.295098195, -17.220572838], [-26.323476414497957, -17.19683973189503], [-26.356316830304774, -17.177693859524588], [-26.36886178759636, -17.13768381948543], [-26.400870852, -17.1176833], [-26.424801673985993, -17.144002867402286], [-26.450194241105816, -17.16850716362885], [-26.487338659262903, -17.178417399676537], [-26.51036834899227, -17.205856040219423]]]}}, {"type": "Feature", "properties": {"pcode": "XK02020105", "area_name": "Bilupu", "parent_pcode": "XK020201", "level": "village"}, "geometry": {"type": "Polygon", "coordinates": [[[-26.29509819524838, -17.220572837711646], [-26.213482131, -17.226646203], [-26.28451488136927, -17.122975204263998], [-26.371157654, -17.052462598], [-26.37717619211167, -17.06941003152513], [-26.390826403411108, -17.08288063316183], [-26.39556463708288, -17.10041134681362], [-26.400870852, -17.1176833], [-26.36886178759636, -17.13768381948543], [-26.356316830304774, -17.177693859524588], [-26.323476414497957, -17.19683973189503], [-26.29509819524838, -17.220572837711646]]]}}, {"type": "Feature", "properties": {"pcode": "XK02020201", "area_name": "Biluqa", "parent_pcode": "XK020202", "level": "village"}, "geometry": {"type": "Polygon", "coordinates": [[[-26.17994899589245, -16.738803696895427], [-26.214274702301253, -16.70473728143797], [-26.28207155679721, -16.640396945062726], [-26.390382885461143, -16.74157734432772], [-26.479073878, -16.80041022], [-26.404470987, -16.875423115], [-26.366521867967293, -16.865664747257476], [-26.328104832250716, -16.88230720528658], [-26.29011728614904, -16.874716972145148], [-26.252030584, -16.872721328], [-26.227676303645687, -16.84265115297743], [-26.21386961695142, -16.80690370234211], [-26.204452610097192, -16.768793492663644], [-26.17994899589245, -16.738803696895427]]]}}, {"type": "Feature", "properties": {"pcode": "XK02020202", "area_name": "Biluqi", "parent_pcode": "XK020202", "level": "village"}, "geometry": {"type": "Polygon", "coordinates": [[[-26.404470987014218, -16.87542311519256], [-26.388240220716146, -16.891743082892532], [-26.387464264634232, -17.039191766942828], [-26.325211109, -17.089855338], [-26.294421713399906, -17.058564398585407], [-26.26000908490025, -17.030422337576063], [-26.24321189580926, -16.986971054584423], [-26.210246027, -16.957571644], [-26.217847653939554, -16.9349582842796], [-26.238173977444607, -16.918611204215107], [-26.24434700620646, -16.89529433100412], [-26.252030584, -16.872721328], [-26.29011728614904, -16.874716972145148], [-26.328104832250716, -16.88230720528658], [-26.366521867967293, -16.865664747257476], [-26.404470987014218, -16.87542311519256]]]}}, {"type": "Feature", "properties": {"pcode": "XK02020203", "area_name": "Biluqo", "parent_pcode": "XK020202", "level": "village"}, "geometry": {"type": "Polygon", "coordinates": [[[-26.100985468, -17.003255394], [-26.12666363395102, -16.98791935162475], [-26.159277940922887, -16.989172285531886], [-26.180087653885668, -16.962192499047166], [-26.210246027, -16.957571644], [-26.24321189580926, -16.986971054584423], [-26.26000908490025, -17.030422337576063], [-26.294421713399906, -17.058564398585407], [-26.32521110873793, -17.089855337910116], [-26.28451488136927, -17.122975204263998], [-26.215450336, -17.223773644], [-26.176634955126932, -17.173938182765728], [-26.177432094173128, -17.10354096819038], [-26.141518343389386, -17.052199351773215], [-26.100985468, -17.003255394]]]}}, {"type": "Feature", "properties": {"pcode": "XK02020204", "area_name": "Biluqu", "parent_pcode": "XK020202", "level": "village"}, "geometry": {"type": "Polygon", "coordinates": [[[-26.007713960066162, -16.98897732744164], [-25.999233929433625, -16.94834273697981], [-25.982040825, -16.857986758], [-26.04987295351887, -16.793695060006662], [-26.14771951094122, -16.770789725420297], [-26.179948996, -16.738803697], [-26.204452610097192, -16.768793492663644], [-26.21386961695142, -16.80690370234211], [-26.227676303645687, -16.84265115297743], [-26.252030584, -16.872721328], [-26.24434700620646, -16.89529433100412], [-26.238173977444607, -16.918611204215107], [-26.217847653939554, -16.9349582842796], [-26.210246027, -16.957571644], [-26.180087653885668, -16.962192499047166], [-26.159277940922887, -16.989172285531886], [-26.12666363395102, -16.98791935162475], [-26.100985468, -17.003255394], [-26.078104034160976, -16.996834811221227], [-26.05349224436504, -17.00171778301169], [-26.03056720981663, -16.99558202197481], [-26.007713960066162, -16.98897732744164]]]}}, {"type": "Feature", "properties": {"pcode": "XK02020205", "area_name": "Bilura", "parent_pcode": "XK020202", "level": "village"}, "geometry": {"type": "Polygon", "coordinates": [[[-26.21348213050946, -17.226646203312363], [-26.087597278217714, -17.236013779742176], [-26.018386651, -17.222642683], [-26.022056922411835, -17.130207218740328], [-26.018056422112064, -17.03853631228653], [-26.00771396, -16.988977327], [-26.03056720981663, -16.99558202197481], [-26.05349224436504, -17.00171778301169], [-26.078104034160976, -16.996834811221227], [-26.100985468, -17.003255394], [-26.141518343389386, -17.052199351773215], [-26.177432094173128, -17.10354096819038], [-26.176634955126932, -17.173938182765728], [-26.215450335710706, -17.22377364386513], [-26.21348213050946, -17.226646203312363]]]}}, {"type": "Feature", "properties": {"pcode": "XK02020301", "area_name": "Biluri", "parent_pcode": "XK020203", "level": "village"}, "geometry": {"type": "Polygon", "coordinates": [[[-26.010348111619038, -16.411488648687616], [-26.191133379082537, -16.555445894760773], [-26.282071557, -16.640396945], [-26.214274702301253, -16.70473728143797], [-26.151053132, -16.767481286], [-26.11844194639178, -16.721797691420218], [-26.0649933136898, -16.697541222499307], [-26.03817074448175, -16.64590519956113], [-25.992679515, -16.613466141], [-25.995807091321552, -16.562858958675807], [-25.98708712097385, -16.51121537608015], [-25.995695452853816, -16.461087639560823], [-26.010348111619038, -16.411488648687616]]]}}, {"type": "Feature", "properties": {"pcode": "XK02020302", "area_name": "Biluro", "parent_pcode": "XK020203", "level": "village"}, "geometry": {"type": "Polygon", "coordinates": [[[-25.982040825, -16.857986758], [-25.907858649921018, -16.80392016280186], [-25.8183555047307, -16.772910228332993], [-25.787612661, -16.747121639], [-25.840639074766592, -16.716407662394612], [-25.90125597030688, -16.69733971787146], [-25.933298658018252, -16.634430532301735], [-25.992679515, -16.613466141], [-26.03817074448175, -16.64590519956113], [-26.0649933136898, -16.697541222499307], [-26.11844194639178, -16.721797691420218], [-26.151053132385353, -16.767481285624733], [-26.14771951094122, -16.770789725420297], [-26.04987295351887, -16.793695060006662], [-25.982040825, -16.857986758]]]}}, {"type": "Feature", "properties": {"pcode": "XK02020303", "area_name": "Biluru", "parent_pcode": "XK020203", "level": "village"}, "geometry": {"type": "Polygon", "coordinates": [[[-25.78761266122133, -16.747121639215486], [-25.74765535133781, -16.7136035085158], [-25.676511313205047, -16.65496479495505], [-25.722544470269867, -16.63427185293616], [-25.828564735217007, -16.48571185765111], [-25.977066078, -16.384986545], [-26.010348112, -16.411488649], [-25.995695452853816, -16.461087639560823], [-25.98708712097385, -16.51121537608015], [-25.995807091321552, -16.562858958675807], [-25.992679515, -16.613466141], [-25.933298658018252, -16.634430532301735], [-25.90125597030688, -16.69733971787146], [-25.840639074766592, -16.716407662394612], [-25.78761266122133, -16.747121639215486]]]}}, {"type": "Feature", "properties": {"pcode": "XK02020401", "area_name": "Bilusa", "parent_pcode": "XK020204", "level": "village"}, "geometry": {"type": "Polygon", "coordinates": [[[-26.018386650875897, -17.222642683451582], [-25.868334913, -17.193653548], [-25.84362111195314, -17.134786245316967], [-25.79036706928397, -17.098604225492778], [-25.750126167550405, -17.05207867785573], [-25.715362413, -17.001199606], [-25.71872529035123, -16.993463318050626], [-25.72603282245366, -16.988009765445074], [-25.726514961539753, -16.978606420815485], [-25.732152166, -16.972186265], [-25.800175387191256, -16.962342829526136], [-25.85576109735508, -16.91698576601928], [-25.926521317567026, -16.914957460512564], [-25.986801083298765, -16.88300363615847], [-25.999233929433625, -16.94834273697981], [-26.018056422112064, -17.03853631228653], [-26.022056922411835, -17.130207218740328], [-26.018386650875897, -17.222642683451582]]]}}, {"type": "Feature", "properties": {"pcode": "XK02020402", "area_name": "Bilusi", "parent_pcode": "XK020204", "level": "village"}, "geometry": {"type": "Polygon", "coordinates": [[[-25.65882563529108, -16.662914905899196], [-25.676511313, -16.654964795], [-25.74765535133781, -16.7136035085158], [-25.8183555047307, -16.772910228332993], [-25.907858649921018, -16.80392016280186], [-25.982040825, -16.857986758], [-25.986801083, -16.883003636], [-25.926521317567026, -16.914957460512564], [-25.85576109735508, -16.91698576601928], [-25.800175387191256, -16.962342829526136], [-25.732152166, -16.972186265], [-25.726762258692194, -16.891800013629545], [-25.706920418578004, -16.814840235704164], [-25.690960455161257, -16.736960086254847], [-25.65882563529108, -16.662914905899196]]]}}, {"type": "Feature", "properties": {"pcode": "XK02020403", "area_name": "Biluso", "parent_pcode": "XK020204", "level": "village"}, "geometry": {"type": "Polygon", "coordinates": [[[-25.868334912615094, -17.193653548142247], [-25.86221714446435, -17.19247163041994], [-25.697023494, -17.357239601], [-25.63313316293781, -17.232758121001577], [-25.55125219861672, -17.11735289611069], [-25.537723294, -17.070141431], [-25.58161503603622, -17.051571171630336], [-25.62225647557595, -17.024626012525157], [-25.669863919350583, -17.015629824965732], [-25.715362413, -17.001199606], [-25.750126167550405, -17.05207867785573], [-25.79036706928397, -17.098604225492778], [-25.84362111195314, -17.134786245316967], [-25.868334912615094, -17.193653548142247]]]}}, {"type": "Feature", "properties": {"pcode": "XK02020404", "area_name": "Bilusu", "parent_pcode": "XK020204", "level": "village"}, "geometry": {"type": "Polygon", "coordinates": [[[-25.53772329437384, -17.070141430707135], [-25.512016520497042, -16.980433170249896], [-25.444936197, -16.857561038], [-25.552481957903385, -16.71071878667636], [-25.658825635, -16.662914906], [-25.690960455161257, -16.736960086254847], [-25.706920418578004, -16.814840235704164], [-25.726762258692194, -16.891800013629545], [-25.732152166, -16.972186265], [-25.726514961539753, -16.978606420815485], [-25.72603282245366, -16.988009765445074], [-25.71872529035123, -16.993463318050626], [-25.715362413, -17.001199606], [-25.669863919350583, -17.015629824965732], [-25.62225647557595, -17.024626012525157], [-25.58161503603622, -17.051571171630336], [-25.53772329437384, -17.070141430707135]]]}}, {"type": "Feature", "properties": {"pcode": "XK02030101", "area_name": "Biluta", "parent_pcode": "XK020301", "level": "village"}, "geometry": {"type": "Polygon", "coordinates": [[[-25.734071419476006, -15.76480956040861], [-25.906284803, -15.634394228], [-26.023597166, -15.699480066], [-26.032455883411867, -15.87224761541483], [-26.049473913, -16.001304555], [-25.993504579506446, -16.01281487854782], [-25.938520803665, -15.998011648385084], [-25.883318723291186, -15.989036964147976], [-25.827632233, -15.992995614], [-25.8122756708653, -15.932655147989118], [-25.788193434366363, -15.875892381762714], [-25.74285379582984, -15.827845572551642], [-25.734071419476006, -15.76480956040861]]]}}, {"type": "Feature", "properties": {"pcode": "XK02030102", "area_name": "Biluti", "parent_pcode": "XK020301", "level": "village"}, "geometry": {"type": "Polygon", "coordinates": [[[-26.049473912627, -16.001304554582337], [-26.055363539117177, -16.04596878438551], [-25.97778955397484, -16.212869419610865], [-25.977549397, -16.270003387], [-25.91742145114264, -16.23993904330891], [-25.846218211285617, -16.24905916335829], [-25.78532596503681, -16.221698919529132], [-25.72335463, -16.198156499], [-25.688155002, -16.149666573], [-25.7297093775363, -16.116450253665324], [-25.767238446367806, -16.07965038166272], [-25.78238681258717, -16.022925959200347], [-25.827632233, -15.992995614], [-25.883318723291186, -15.989036964147976], [-25.938520803665, -15.998011648385084], [-25.993504579506446, -16.01281487854782], [-26.049473912627, -16.001304554582337]]]}}, {"type": "Feature", "properties": {"pcode": "XK02030103", "area_name": "Biluto", "parent_pcode": "XK020301", "level": "village"}, "geometry": {"type": "Polygon", "coordinates": [[[-25.524775662695085, -15.868447217747908], [-25.643712666579617, -15.83323726651293], [-25.734071419, -15.76480956], [-25.74285379582984, -15.827845572551642], [-25.788193434366363, -15.875892381762714], [-25.8122756708653, -15.932655147989118], [-25.827632233, -15.992995614], [-25.78238681258717, -16.022925959200347], [-25.767238446367806, -16.07965038166272], [-25.7297093775363, -16.116450253665324], [-25.68815500166031, -16.149666572778987], [-25.666619341389428, -16.11999970903889], [-25.624539577400753, -16.033016115866676], [-25.569151280134857, -15.954048053171679], [-25.524775662695085, -15.868447217747908]]]}}, {"type": "Feature", "properties": {"pcode": "XK02030201", "area_name": "Bilutu", "parent_pcode": "XK020302", "level": "village"}, "geometry": {"type": "Polygon", "coordinates": [[[-25.661904432424592, -16.226927113515746], [-25.72335463, -16.198156499], [-25.78532596503681, -16.221698919529132], [-25.846218211285617, -16.24905916335829], [-25.91742145114264, -16.23993904330891], [-25.97754939743864, -16.270003386863223], [-25.977066078, -16.384986545], [-25.920578268, -16.423301029], [-25.857507826300168, -16.372102559548818], [-25.79536207576433, -16.319686039265864], [-25.728362479045295, -16.27366325519559], [-25.661904432424592, -16.226927113515746]]]}}, {"type": "Feature", "properties": {"pcode": "XK02030202", "area_name": "Biluva", "parent_pcode": "XK020302", "level": "village"}, "geometry": {"type": "Polygon", "coordinates": [[[-25.631689760630376, -16.24107344191191], [-25.661904432, -16.226927114], [-25.728362479045295, -16.27366325519559], [-25.79536207576433, -16.319686039265864], [-25.857507826300168, -16.372102559548818], [-25.92057826801898, -16.423301028995134], [-25.828564735217007, -16.48571185765111], [-25.749405857, -16.596632564], [-25.73618554651022, -16.58308374507189], [-25.72090949729193, -16.571794864268032], [-25.70850695157885, -16.557347050847138], [-25.693492133, -16.545770991], [-25.67418061770542, -16.470379721818052], [-25.660061603262726, -16.39393524800642], [-25.65006492249217, -16.31665463356961], [-25.631689760630376, -16.24107344191191]]]}}, {"type": "Feature", "properties": {"pcode": "XK02030203", "area_name": "Biluvi", "parent_pcode": "XK020302", "level": "village"}, "geometry": {"type": "Polygon", "coordinates": [[[-25.411539847, -16.453316975], [-25.48514777614765, -16.384216181355853], [-25.587758256185566, -16.350557491653763], [-25.629253606842138, -16.242214034526874], [-25.631689761, -16.241073442], [-25.65006492249217, -16.31665463356961], [-25.660061603262726, -16.39393524800642], [-25.67418061770542, -16.470379721818052], [-25.693492133, -16.545770991], [-25.627316172841176, -16.556152172917592], [-25.563039884026743, -16.54216638307583], [-25.497959108114358, -16.538499701565343], [-25.433605165863256, -16.525509965518626], [-25.411539847, -16.453316975]]]}}, {"type": "Feature", "properties": {"pcode": "XK02030204", "area_name": "Biluvo", "parent_pcode": "XK020302", "level": "village"}, "geometry": {"type": "Polygon", "coordinates": [[[-25.749405856612196, -16.596632563595055], [-25.722544470269867, -16.63427185293616], [-25.552481957903385, -16.71071878667636], [-25.454011839, -16.845169218], [-25.41733491429747, -16.75003062628446], [-25.421137729624522, -16.650504525691765], [-25.440861989275735, -16.549252735204355], [-25.433605166, -16.525509966], [-25.497959108114358, -16.538499701565343], [-25.563039884026743, -16.54216638307583], [-25.627316172841176, -16.556152172917592], [-25.693492133, -16.545770991], [-25.70850695157885, -16.557347050847138], [-25.72090949729193, -16.571794864268032], [-25.73618554651022, -16.58308374507189], [-25.749405856612196, -16.596632563595055]]]}}, {"type": "Feature", "properties": {"pcode": "XK02030301", "area_name": "Biluvu", "parent_pcode": "XK020303", "level": "village"}, "geometry": {"type": "Polygon", "coordinates": [[[-25.53160668593167, -15.881624302754696], [-25.569151280134857, -15.954048053171679], [-25.624539577400753, -16.033016115866676], [-25.666619341389428, -16.11999970903889], [-25.72335463, -16.198156499], [-25.674521008, -16.221020109], [-25.64151273954656, -16.21078860662341], [-25.606748002072436, -16.210193471486964], [-25.574932066540278, -16.19342057397802], [-25.539513654, -16.196411641], [-25.51409935300194, -16.174442601071714], [-25.493934758603338, -16.14854831748837], [-25.474609136430434, -16.122026728294077], [-25.460916128, -16.091293593], [-25.4675076086701, -16.035140228369215], [-25.477016410620244, -15.979970446356326], [-25.512111787172604, -15.933427245927893], [-25.53160668593167, -15.881624302754696]]]}}, {"type": "Feature", "properties": {"pcode": "XK02030302", "area_name": "Biluwa", "parent_pcode": "XK020303", "level": "village"}, "geometry": {"type": "Polygon", "coordinates": [[[-25.674521007661625, -16.22102010854301], [-25.629253606842138, -16.242214034526874], [-25.587758256185566, -16.350557491653763], [-25.48514777614765, -16.384216181355853], [-25.411539847, -16.453316975], [-25.404770998, -16.449507732], [-25.405532688341477, -16.427181034333238], [-25.415418920983807, -16.405812252796693], [-25.414288856643168, -16.38328695422868], [-25.414077645, -16.360858119], [-25.435651442452926, -16.312282569278324], [-25.478904525836157, -16.28024348259398], [-25.50970075425228, -16.23870259209621], [-25.539513654, -16.196411641], [-25.574932066540278, -16.19342057397802], [-25.606748002072436, -16.210193471486964], [-25.64151273954656, -16.21078860662341], [-25.674521007661625, -16.22102010854301]]]}}, {"type": "Feature", "properties": {"pcode": "XK02030303", "area_name": "Biluwi", "parent_pcode": "XK020303", "level": "village"}, "geometry": {"type": "Polygon", "coordinates": [[[-25.539513654, -16.196411641], [-25.50970075425228, -16.23870259209621], [-25.478904525836157, -16.28024348259398], [-25.435651442452926, -16.312282569278324], [-25.414077645, -16.360858119], [-25.39369361331818, -16.30842787500252], [-25.3939938364326, -16.24794757992326], [-25.354057062729957, -16.203127016506837], [-25.332468019, -16.151165748], [-25.368195326631742, -16.143953834422703], [-25.39096026370266, -16.108932800116502], [-25.426834892824072, -16.102036946095822], [-25.460916128, -16.091293593], [-25.474609136430434, -16.122026728294077], [-25.493934758603338, -16.14854831748837], [-25.51409935300194, -16.174442601071714], [-25.539513654, -16.196411641]]]}}, {"type": "Feature", "properties": {"pcode": "XK02030304", "area_name": "Biluwo", "parent_pcode": "XK020303", "level": "village"}, "geometry": {"type": "Polygon", "coordinates": [[[-25.130133596659796, -16.101857897453396], [-25.308384853777405, -15.932507262820895], [-25.524775663, -15.868447218], [-25.531606686, -15.881624303], [-25.512111787172604, -15.933427245927893], [-25.477016410620244, -15.979970446356326], [-25.4675076086701, -16.035140228369215], [-25.460916128, -16.091293593], [-25.426834892824072, -16.102036946095822], [-25.39096026370266, -16.108932800116502], [-25.368195326631742, -16.143953834422703], [-25.332468019, -16.151165748], [-25.285189509936387, -16.125276345120326], [-25.228120026452764, -16.139564137350806], [-25.182681989141564, -16.106122371496877], [-25.130133596659796, -16.101857897453396]]]}}, {"type": "Feature", "properties": {"pcode": "XK02030305", "area_name": "Biluwu", "parent_pcode": "XK020303", "level": "village"}, "geometry": {"type": "Polygon", "coordinates": [[[-25.06754102192264, -16.16134169461204], [-25.067643447281025, -16.161227725339614], [-25.130133597, -16.101857897], [-25.182681989141564, -16.106122371496877], [-25.228120026452764, -16.139564137350806], [-25.285189509936387, -16.125276345120326], [-25.332468019, -16.151165748], [-25.354057062729957, -16.203127016506837], [-25.3939938364326, -16.24794757992326], [-25.39369361331818, -16.30842787500252], [-25.414077645, -16.360858119], [-25.414288856643168, -16.38328695422868], [-25.415418920983807, -16.405812252796693], [-25.405532688341477, -16.427181034333238], [-25.40477099804882, -16.449507732178834], [-25.31141181054714, -16.396968841542353], [-25.254695467036264, -16.289474010448853], [-25.16924664109605, -16.21583115543712], [-25.06754102192264, -16.16134169461204]]]}}, {"type": "Feature", "properties": {"pcode": "XK02030401", "area_name": "Biluxa", "parent_pcode": "XK020304", "level": "village"}, "geometry": {"type": "Polygon", "coordinates": [[[-25.444936197, -16.857561038], [-25.315509711758992, -16.787601847299282], [-25.245479162, -16.792986713], [-25.256704964360846, -16.710918143505886], [-25.291673950774914, -16.631680450366375], [-25.27645721434569, -16.546459163121813], [-25.284699761, -16.464034903], [-25.29856706130617, -16.451089726800433], [-25.317894103499288, -16.444370342161807], [-25.329051723729005, -16.428335294004526], [-25.3417238831878, -16.41402728765837], [-25.411539847, -16.453316975], [-25.440861989275735, -16.549252735204355], [-25.421137729624522, -16.650504525691765], [-25.41733491429747, -16.75003062628446], [-25.45401183873405, -16.845169218431845], [-25.444936197, -16.857561038]]]}}, {"type": "Feature", "properties": {"pcode": "XK02030402", "area_name": "Biluxi", "parent_pcode": "XK020304", "level": "village"}, "geometry": {"type": "Polygon", "coordinates": [[[-25.245479162103084, -16.79298671348727], [-25.165462617305224, -16.799139433816876], [-25.066750171, -16.776941915], [-25.077871870265582, -16.71352085474099], [-25.057470508839653, -16.647906768181905], [-25.063024600860413, -16.58409837532103], [-25.084527985, -16.521399558], [-25.134204284794183, -16.505779003275915], [-25.18653259665154, -16.4994125435108], [-25.233113360815537, -16.472990235254585], [-25.284699761, -16.464034903], [-25.27645721434569, -16.546459163121813], [-25.291673950774914, -16.631680450366375], [-25.256704964360846, -16.710918143505886], [-25.245479162103084, -16.79298671348727]]]}}, {"type": "Feature", "properties": {"pcode": "XK02030403", "area_name": "Biluxo", "parent_pcode": "XK020304", "level": "village"}, "geometry": {"type": "Polygon", "coordinates": [[[-24.855656630136053, -16.39710664924902], [-25.067541022, -16.161341695], [-25.16924664109605, -16.21583115543712], [-25.254695467036264, -16.289474010448853], [-25.31141181054714, -16.396968841542353], [-25.341723883, -16.414027288], [-25.329051723729005, -16.428335294004526], [-25.317894103499288, -16.444370342161807], [-25.29856706130617, -16.451089726800433], [-25.284699761, -16.464034903], [-25.233113360815537, -16.472990235254585], [-25.18653259665154, -16.4994125435108], [-25.134204284794183, -16.505779003275915], [-25.084527985, -16.521399558], [-25.02582379187038, -16.493063284479796], [-24.97906420415211, -16.442732369049345], [-24.913892994393667, -16.426304376303584], [-24.855656630136053, -16.39710664924902]]]}}, {"type": "Feature", "properties": {"pcode": "XK02030404", "area_name": "Biluxu", "parent_pcode": "XK020304", "level": "village"}, "geometry": {"type": "Polygon", "coordinates": [[[-25.06675017097143, -16.776941915161736], [-25.02625535686672, -16.767835825454604], [-24.891835009729355, -16.717613376178985], [-24.842681611, -16.411544026], [-24.85565663, -16.397106649], [-24.913892994393667, -16.426304376303584], [-24.97906420415211, -16.442732369049345], [-25.02582379187038, -16.493063284479796], [-25.084527985, -16.521399558], [-25.063024600860413, -16.58409837532103], [-25.057470508839653, -16.647906768181905], [-25.077871870265582, -16.71352085474099], [-25.06675017097143, -16.776941915161736]]]}}, {"type": "Feature", "properties": {"pcode": "XK02040101", "area_name": "Biluya", "parent_pcode": "XK020401", "level": "village"}, "geometry": {"type": "Polygon", "coordinates": [[[-25.69702349381851, -17.35723960139335], [-25.696858384722333, -17.357404285027737], [-25.54547635420055, -17.535251918732815], [-25.51399932, -17.54738895], [-25.490239090825337, -17.49872047440026], [-25.47685259004331, -17.446015182501053], [-25.44179124610821, -17.40174440486876], [-25.435707874, -17.346197185], [-25.44263380675702, -17.33583667440937], [-25.451175394022915, -17.326495191845975], [-25.4570075327337, -17.31544480183929], [-25.46229175, -17.304048826], [-25.508309731551744, -17.293800274851815], [-25.549393843082374, -17.266014401470795], [-25.60117681990125, -17.276257387237404], [-25.643550255928858, -17.253054387103653], [-25.69702349381851, -17.35723960139335]]]}}, {"type": "Feature", "properties": {"pcode": "XK02040102", "area_name": "Biluyi", "parent_pcode": "XK020401", "level": "village"}, "geometry": {"type": "Polygon", "coordinates": [[[-25.46229175, -17.304048826], [-25.439170241862573, -17.255234747995168], [-25.4018221914487, -17.213126760886546], [-25.390830187273167, -17.158595091459013], [-25.370170911656693, -17.108620369349012], [-25.37081343595493, -17.10844168217767], [-25.413050182225387, -17.06176357783269], [-25.477069215795062, -17.05682730955141], [-25.522025159896607, -17.015360058951757], [-25.55125219861672, -17.11735289611069], [-25.63313316293781, -17.232758121001577], [-25.643550256, -17.253054387], [-25.60117681990125, -17.276257387237404], [-25.549393843082374, -17.266014401470795], [-25.508309731551744, -17.293800274851815], [-25.46229175, -17.304048826]]]}}, {"type": "Feature", "properties": {"pcode": "XK02040103", "area_name": "Biluyo", "parent_pcode": "XK020401", "level": "village"}, "geometry": {"type": "Polygon", "coordinates": [[[-25.51399932040347, -17.54738894973415], [-25.328621756, -17.618867516], [-25.308077757403645, -17.531951758571065], [-25.296545546849266, -17.441881085093073], [-25.242141605, -17.378472329], [-25.289710920588067, -17.365472188197085], [-25.34056777438931, -17.37218865984735], [-25.388672467299067, -17.362399379719974], [-25.435707874, -17.346197185], [-25.44179124610821, -17.40174440486876], [-25.47685259004331, -17.446015182501053], [-25.490239090825337, -17.49872047440026], [-25.51399932040347, -17.54738894973415]]]}}, {"type": "Feature", "properties": {"pcode": "XK02040104", "area_name": "Biluyu", "parent_pcode": "XK020401", "level": "village"}, "geometry": {"type": "Polygon", "coordinates": [[[-25.242141605168037, -17.378472328737022], [-25.23445289409406, -17.36951099997819], [-25.211225815, -17.283534556], [-25.24077503361748, -17.246479648581566], [-25.274402347360002, -17.21202763117865], [-25.276429731238714, -17.157406603634605], [-25.312658152, -17.124614772], [-25.370170912, -17.108620369], [-25.390830187273167, -17.158595091459013], [-25.4018221914487, -17.213126760886546], [-25.439170241862573, -17.255234747995168], [-25.46229175, -17.304048826], [-25.4570075327337, -17.31544480183929], [-25.451175394022915, -17.326495191845975], [-25.44263380675702, -17.33583667440937], [-25.435707874, -17.346197185], [-25.388672467299067, -17.362399379719974], [-25.34056777438931, -17.37218865984735], [-25.289710920588067, -17.365472188197085], [-25.242141605168037, -17.378472328737022]]]}}, {"type": "Feature", "properties": {"pcode": "XK02040201", "area_name": "Biluza", "parent_pcode": "XK020402", "level": "village"}, "geometry": {"type": "Polygon", "coordinates": [[[-25.37053218669455, -16.817343270082063], [-25.444936197, -16.857561038], [-25.512016520497042, -16.980433170249896], [-25.52202516, -17.015360059], [-25.477069215795062, -17.05682730955141], [-25.413050182225387, -17.06176357783269], [-25.37081343595493, -17.10844168217767], [-25.312658152, -17.124614772], [-25.300130669, -17.117230304], [-25.316206082151293, -17.04190054420726], [-25.359293200781185, -16.972912055806272], [-25.360785860036525, -16.89415884686603], [-25.37053218669455, -16.817343270082063]]]}}, {"type": "Feature", "properties": {"pcode": "XK02040202", "area_name": "Biluzi", "parent_pcode": "XK020402", "level": "village"}, "geometry": {"type": "Polygon", "coordinates": [[[-25.19897629872109, -16.79656246289807], [-25.315509711758992, -16.787601847299282], [-25.370532187, -16.81734327], [-25.360785860036525, -16.89415884686603], [-25.359293200781185, -16.972912055806272], [-25.316206082151293, -17.04190054420726], [-25.300130669071734, -17.117230303785895], [-25.201342326619397, -17.058998384497663], [-25.115375472, -16.962597099], [-25.12730808989901, -16.916573130049013], [-25.16414972887994, -16.883091211433896], [-25.18057908018542, -16.839331412421405], [-25.19897629872109, -16.79656246289807]]]}}, {"type": "Feature", "properties": {"pcode": "XK02040203", "area_name": "Biluzo", "parent_pcode": "XK020402", "level": "village"}, "geometry": {"type": "Polygon", "coordinates": [[[-24.903315124583433, -16.81470420041175], [-24.898705709407373, -16.76039598409802], [-24.89183501, -16.717613376], [-25.02625535686672, -16.767835825454604], [-25.165462617305224, -16.799139433816876], [-25.198976299, -16.796562463], [-25.18057908018542, -16.839331412421405], [-25.16414972887994, -16.883091211433896], [-25.12730808989901, -16.916573130049013], [-25.11537547219745, -16.962597098762686], [-25.11427110899114, -16.961358690846957], [-24.999825782497158, -16.899875881139284], [-24.903315124583433, -16.81470420041175]]]}}, {"type": "Feature", "properties": {"pcode": "XK02040301", "area_name": "Biluzu", "parent_pcode": "XK020403", "level": "village"}, "geometry": {"type": "Polygon", "coordinates": [[[-25.075220321, -17.149016713], [-25.115579101621606, -17.13446020076696], [-25.149233817897596, -17.10584142123545], [-25.19482593407356, -17.102262214653734], [-25.229377098767223, -17.075523801854107], [-25.312658152, -17.124614772], [-25.276429731238714, -17.157406603634605], [-25.274402347360002, -17.21202763117865], [-25.24077503361748, -17.246479648581566], [-25.211225815, -17.283534556], [-25.131830097428534, -17.261545056564017], [-25.077437665, -17.251390439], [-25.076964107896284, -17.225795257885057], [-25.083500314827695, -17.20004825013615], [-25.078021110410837, -17.17456148787504], [-25.075220321, -17.149016713]]]}}, {"type": "Feature", "properties": {"pcode": "XK02040302", "area_name": "Bimaba", "parent_pcode": "XK020403", "level": "village"}, "geometry": {"type": "Polygon", "coordinates": [[[-25.08133860356148, -16.943666548873512], [-25.11427110899114, -16.961358690846957], [-25.201342326619397, -17.058998384497663], [-25.229377099, -17.075523802], [-25.19482593407356, -17.102262214653734], [-25.149233817897596, -17.10584142123545], [-25.115579101621606, -17.13446020076696], [-25.075220321, -17.149016713], [-25.057852525768645, -17.1334369408783], [-25.038425008175803, -17.1200331114975], [-25.027470698832836, -17.09767797084864], [-25.007467317, -17.084882499], [-25.01856341968213, -17.04572230138389], [-25.056824943679796, -17.020772571030694], [-25.054289637974865, -16.974481665578995], [-25.08133860356148, -16.943666548873512]]]}}, {"type": "Feature", "properties": {"pcode": "XK02040303", "area_name": "Bimaca", "parent_pcode": "XK020403", "level": "village"}, "geometry": {"type": "Polygon", "coordinates": [[[-24.889907541537454, -17.26664613125027], [-24.92819874143654, -17.107883442269916], [-24.926447564, -17.087251041], [-24.946693655431222, -17.086356285967767], [-24.967080567246107, -17.09027851653319], [-24.987102841446255, -17.081727736495292], [-25.007467317, -17.084882499], [-25.027470698832836, -17.09767797084864], [-25.038425008175803, -17.1200331114975], [-25.057852525768645, -17.1334369408783], [-25.075220321, -17.149016713], [-25.078021110410837, -17.17456148787504], [-25.083500314827695, -17.20004825013615], [-25.076964107896284, -17.225795257885057], [-25.077437665198406, -17.251390439107578], [-25.052061345443114, -17.24665288998536], [-24.970809586052432, -17.259976343176305], [-24.889907541537454, -17.26664613125027]]]}}, {"type": "Feature", "properties": {"pcode": "XK02040304", "area_name": "Bimada", "parent_pcode": "XK020403", "level": "village"}, "geometry": {"type": "Polygon", "coordinates": [[[-24.92644756437929, -17.087251040865034], [-24.903315125, -16.8147042], [-24.999825782497158, -16.899875881139284], [-25.081338604, -16.943666549], [-25.054289637974865, -16.974481665578995], [-25.056824943679796, -17.020772571030694], [-25.01856341968213, -17.04572230138389], [-25.007467317, -17.084882499], [-24.987102841446255, -17.081727736495292], [-24.967080567246107, -17.09027851653319], [-24.946693655431222, -17.086356285967767], [-24.92644756437929, -17.087251040865034]]]}}, {"type": "Feature", "properties": {"pcode": "XK02040401", "area_name": "Bimaea", "parent_pcode": "XK020404", "level": "village"}, "geometry": {"type": "Polygon", "coordinates": [[[-25.328621756266088, -17.618867515537197], [-25.32752334490535, -17.619291045046552], [-25.146822071, -17.670872433], [-25.132171849, -17.664112328], [-25.131351944304054, -17.629366364776846], [-25.157302403828243, -17.600762779401634], [-25.163985608451526, -17.56773838156676], [-25.162302361, -17.532794327], [-25.197565008854372, -17.523702495105642], [-25.23621592656014, -17.5283479629092], [-25.26874626375858, -17.508178332611948], [-25.30371974026375, -17.497914091901016], [-25.308077757403645, -17.531951758571065], [-25.328621756266088, -17.618867515537197]]]}}, {"type": "Feature", "properties": {"pcode": "XK02040402", "area_name": "Bimafa", "parent_pcode": "XK020404", "level": "village"}, "geometry": {"type": "Polygon", "coordinates": [[[-25.162302361, -17.532794327], [-25.143728315685873, -17.5097452493755], [-25.129740206694606, -17.483108437353486], [-25.11094903427705, -17.460229225667526], [-25.089350969, -17.439545942], [-25.119500145833918, -17.401100884456223], [-25.163282443286235, -17.373700698053273], [-25.180128104614457, -17.32447779891379], [-25.21235558882594, -17.287716482434256], [-25.23445289409406, -17.36951099997819], [-25.296545546849266, -17.441881085093073], [-25.30371974, -17.497914092], [-25.26874626375858, -17.508178332611948], [-25.23621592656014, -17.5283479629092], [-25.197565008854372, -17.523702495105642], [-25.162302361, -17.532794327]]]}}, {"type": "Feature", "properties": {"pcode": "XK02040403", "area_name": "Bimaga", "parent_pcode": "XK020404", "level": "village"}, "geometry": {"type": "Polygon", "coordinates": [[[-25.13217184893809, -17.664112327521686], [-25.06737907776109, -17.634214762451485], [-24.98619560664586, -17.60588120537021], [-24.943346353, -17.609739753], [-24.96607977617059, -17.56909984395128], [-24.991643096785126, -17.5298525171123], [-24.994501867153357, -17.479432363915], [-25.025473854, -17.442846622], [-25.041534665323727, -17.443792855692], [-25.057721233952005, -17.44717283449252], [-25.073377563929753, -17.440291256505684], [-25.089350969, -17.439545942], [-25.11094903427705, -17.460229225667526], [-25.129740206694606, -17.483108437353486], [-25.143728315685873, -17.5097452493755], [-25.162302361, -17.532794327], [-25.163985608451526, -17.56773838156676], [-25.157302403828243, -17.600762779401634], [-25.131351944304054, -17.629366364776846], [-25.13217184893809, -17.664112327521686]]]}}, {"type": "Feature", "properties": {"pcode": "XK02040404", "area_name": "Bimaha", "parent_pcode": "XK020404", "level": "village"}, "geometry": {"type": "Polygon", "coordinates": [[[-24.88243053739017, -17.29764723176688], [-24.889907542, -17.266646131], [-24.970809586052432, -17.259976343176305], [-25.052061345443114, -17.24665288998536], [-25.131830097428534, -17.261545056564017], [-25.211225815, -17.283534556], [-25.212355589, -17.287716482], [-25.180128104614457, -17.32447779891379], [-25.163282443286235, -17.373700698053273], [-25.119500145833918, -17.401100884456223], [-25.089350969, -17.439545942], [-25.073377563929753, -17.440291256505684], [-25.057721233952005, -17.44717283449252], [-25.041534665323727, -17.443792855692], [-25.025473854, -17.442846622], [-24.985121459571182, -17.411070159297967], [-24.956050562820796, -17.36817971844044], [-24.920056955150088, -17.33210919282274], [-24.88243053739017, -17.29764723176688]]]}}, {"type": "Feature", "properties": {"pcode": "XK02040405", "area_name": "Bimaia", "parent_pcode": "XK020404", "level": "village"}, "geometry": {"type": "Polygon", "coordinates": [[[-24.943346353075825, -17.609739753309373], [-24.897416346838344, -17.613875721060218], [-24.812985954979986, -17.60107108099603], [-24.845778134420666, -17.449615151689287], [-24.882430537, -17.297647232], [-24.920056955150088, -17.33210919282274], [-24.956050562820796, -17.36817971844044], [-24.985121459571182, -17.411070159297967], [-25.025473854, -17.442846622], [-24.994501867153357, -17.479432363915], [-24.991643096785126, -17.5298525171123], [-24.96607977617059, -17.56909984395128], [-24.943346353075825, -17.609739753309373]]]}}, {"type": "Feature", "properties": {"pcode": "XK02040501", "area_name": "Bimaja", "parent_pcode": "XK020405", "level": "village"}, "geometry": {"type": "Polygon", "coordinates": [[[-25.125697646805882, -17.85909076397844], [-25.13311308591973, -17.916239106593245], [-25.183828688744853, -18.14547752518302], [-25.168668496, -18.184091613], [-25.08919592906502, -18.066007389329418], [-24.954766055572495, -18.003532798382363], [-24.921546808, -17.975921984], [-24.939428266950774, -17.943899989104565], [-24.958816510910015, -17.91281025690364], [-24.972044197005378, -17.877908927001943], [-24.998658011, -17.851289726], [-25.03033524760266, -17.854586302652287], [-25.062616247317557, -17.84805061775061], [-25.09364400561337, -17.86192392633169], [-25.125697646805882, -17.85909076397844]]]}}, {"type": "Feature", "properties": {"pcode": "XK02040502", "area_name": "Bimaka", "parent_pcode": "XK020405", "level": "village"}, "geometry": {"type": "Polygon", "coordinates": [[[-25.146822071364987, -17.67087243329211], [-25.102901653838796, -17.683409567446947], [-25.125697647, -17.859090764], [-25.09364400561337, -17.86192392633169], [-25.062616247317557, -17.84805061775061], [-25.03033524760266, -17.854586302652287], [-24.998658011, -17.851289726], [-24.997085413646232, -17.84877371380945], [-24.996753979751535, -17.84563900923575], [-24.994378865826256, -17.843523033709598], [-24.99338781, -17.840717136], [-24.99114195527783, -17.82942313460909], [-24.995912194694824, -17.817658858858504], [-24.993509217560018, -17.806375389059752], [-24.990333119, -17.79514374], [-25.004322359581604, -17.752750945122315], [-25.02133471781302, -17.711672562740535], [-25.04910632640472, -17.675272163407463], [-25.061235245993384, -17.632070525383316], [-25.06737907776109, -17.634214762451485], [-25.146822071364987, -17.67087243329211]]]}}, {"type": "Feature", "properties": {"pcode": "XK02040503", "area_name": "Bimala", "parent_pcode": "XK020405", "level": "village"}, "geometry": {"type": "Polygon", "coordinates": [[[-24.990333119, -17.79514374], [-24.963326169392147, -17.740729748898048], [-24.92265539572046, -17.69679805823244], [-24.8763267586315, -17.657206837986436], [-24.845196466307673, -17.605956099231825], [-24.897416346838344, -17.613875721060218], [-24.98619560664586, -17.60588120537021], [-25.061235246, -17.632070525], [-25.04910632640472, -17.675272163407463], [-25.02133471781302, -17.711672562740535], [-25.004322359581604, -17.752750945122315], [-24.990333119, -17.79514374]]]}}, {"type": "Feature", "properties": {"pcode": "XK02040504", "area_name": "Bimama", "parent_pcode": "XK020405", "level": "village"}, "geometry": {"type": "Polygon", "coordinates": [[[-24.921546808318645, -17.97592198405231], [-24.84706344054103, -17.91401370471445], [-24.771695922, -17.791775707], [-24.778003498, -17.762643159], [-24.826599489212224, -17.7966451773918], [-24.883778386320234, -17.80696935391671], [-24.93789947550067, -17.825729169075842], [-24.99338781, -17.840717136], [-24.994378865826256, -17.843523033709598], [-24.996753979751535, -17.84563900923575], [-24.997085413646232, -17.84877371380945], [-24.998658011, -17.851289726], [-24.972044197005378, -17.877908927001943], [-24.958816510910015, -17.91281025690364], [-24.939428266950774, -17.943899989104565], [-24.921546808318645, -17.97592198405231]]]}}, {"type": "Feature", "properties": {"pcode": "XK02040505", "area_name": "Bimana", "parent_pcode": "XK020405", "level": "village"}, "geometry": {"type": "Polygon", "coordinates": [[[-24.778003497734623, -17.76264315892385], [-24.812985955, -17.601071081], [-24.845196466, -17.605956099], [-24.8763267586315, -17.657206837986436], [-24.92265539572046, -17.69679805823244], [-24.963326169392147, -17.740729748898048], [-24.990333119, -17.79514374], [-24.993509217560018, -17.806375389059752], [-24.995912194694824, -17.817658858858504], [-24.99114195527783, -17.82942313460909], [-24.99338781, -17.840717136], [-24.93789947550067, -17.825729169075842], [-24.883778386320234, -17.80696935391671], [-24.826599489212224, -17.7966451773918], [-24.778003497734623, -17.76264315892385]]]}}, {"type": "Feature", "properties": {"pcode": "XK03010101", "area_name": "Bimapa", "parent_pcode": "XK030101", "level": "village"}, "geometry": {"type": "Polygon", "coordinates": [[[-25.739681770359834, -13.958241278430387], [-25.682020827, -14.262721183], [-25.555958126169386, -14.274382140492422], [-25.43370756644759, -14.265412694469468], [-25.342642734, -14.17878194], [-25.375872860537637, -14.142678111520919], [-25.402379233807075, -14.102457176888214], [-25.415821191539795, -14.054236605229258], [-25.443204172, -14.014552437], [-25.516177025527018, -13.994438096021016], [-25.594520352032294, -14.002599232886825], [-25.664470818251758, -13.966572057842933], [-25.739681770359834, -13.958241278430387]]]}}, {"type": "Feature", "properties": {"pcode": "XK03010102", "area_name": "Bimaqa", "parent_pcode": "XK030101", "level": "village"}, "geometry": {"type": "Polygon", "coordinates": [[[-25.3353538442341, -13.70205593820725], [-25.35473068524298, -13.710297636259577], [-25.47321273638378, -13.792355238194931], [-25.610979221989357, -13.834685392007557], [-25.75314410778345, -13.847185350946688], [-25.760411579, -13.848777059], [-25.73968177, -13.958241278], [-25.664470818251758, -13.966572057842933], [-25.594520352032294, -14.002599232886825], [-25.516177025527018, -13.994438096021016], [-25.443204172, -14.014552437], [-25.411212876434167, -13.938163846597519], [-25.37215433161399, -13.86421434000102], [-25.343163914291235, -13.786790071746658], [-25.3353538442341, -13.70205593820725]]]}}, {"type": "Feature", "properties": {"pcode": "XK03010103", "area_name": "Bimara", "parent_pcode": "XK030101", "level": "village"}, "geometry": {"type": "Polygon", "coordinates": [[[-25.239229089422963, -13.661170470646038], [-25.335353844, -13.702055938], [-25.343163914291235, -13.786790071746658], [-25.37215433161399, -13.86421434000102], [-25.411212876434167, -13.938163846597519], [-25.443204172, -14.014552437], [-25.415821191539795, -14.054236605229258], [-25.402379233807075, -14.102457176888214], [-25.375872860537637, -14.142678111520919], [-25.342642733797916, -14.17878193984294], [-25.328324420477173, -14.165160805845726], [-25.202753407, -14.174160868], [-25.19487186373438, -14.04470446734983], [-25.246248990265382, -13.91946159663684], [-25.237021799655746, -13.789909515044315], [-25.239229089422963, -13.661170470646038]]]}}, {"type": "Feature", "properties": {"pcode": "XK03010201", "area_name": "Bimasa", "parent_pcode": "XK030102", "level": "village"}, "geometry": {"type": "Polygon", "coordinates": [[[-25.75801565641876, -14.657074172194058], [-25.779257569201345, -14.746004492919079], [-25.814494865, -15.076999623], [-25.695369392, -15.086236535], [-25.634217512859887, -15.027926620363688], [-25.61903419028353, -14.934804016901197], [-25.53490802760843, -14.893892877503758], [-25.493958842, -14.820283155], [-25.511651261832935, -14.762474280698024], [-25.54105583885576, -14.7090043206776], [-25.54447190128899, -14.645906592238353], [-25.577825453355697, -14.593899579184331], [-25.75801565641876, -14.657074172194058]]]}}, {"type": "Feature", "properties": {"pcode": "XK03010202", "area_name": "Bimata", "parent_pcode": "XK030102", "level": "village"}, "geometry": {"type": "Polygon", "coordinates": [[[-25.695369392272113, -15.086236534994095], [-25.607845137729466, -15.093023108999185], [-25.404147962905324, -15.083531955903124], [-25.309225948, -15.042918765], [-25.310971245763866, -15.000068695904789], [-25.337582742323427, -14.963801418716255], [-25.34920520145262, -14.923566115891948], [-25.352086052, -14.88101666], [-25.390643019665465, -14.873048616391243], [-25.417681963884444, -14.838174598532532], [-25.46088643133704, -14.84106306256852], [-25.493958842, -14.820283155], [-25.53490802760843, -14.893892877503758], [-25.61903419028353, -14.934804016901197], [-25.634217512859887, -15.027926620363688], [-25.695369392272113, -15.086236534994095]]]}}, {"type": "Feature", "properties": {"pcode": "XK03010203", "area_name": "Bimaua", "parent_pcode": "XK030102", "level": "village"}, "geometry": {"type": "Polygon", "coordinates": [[[-25.493958842, -14.820283155], [-25.46088643133704, -14.84106306256852], [-25.417681963884444, -14.838174598532532], [-25.390643019665465, -14.873048616391243], [-25.352086052, -14.88101666], [-25.30721834079583, -14.860859627781654], [-25.26768468876186, -14.83430034965553], [-25.249944281171913, -14.781583560784387], [-25.206498545, -14.759719792], [-25.204210100207813, -14.728526097287268], [-25.20539920843407, -14.697173002070203], [-25.202085500601665, -14.666026302311918], [-25.200772045627843, -14.634787916977348], [-25.327886574508945, -14.657542356455272], [-25.550137516170118, -14.584192202572043], [-25.577825453, -14.593899579], [-25.54447190128899, -14.645906592238353], [-25.54105583885576, -14.7090043206776], [-25.511651261832935, -14.762474280698024], [-25.493958842, -14.820283155]]]}}, {"type": "Feature", "properties": {"pcode": "XK03010204", "area_name": "Bimava", "parent_pcode": "XK030102", "level": "village"}, "geometry": {"type": "Polygon", "coordinates": [[[-25.30922594818209, -15.042918765265043], [-25.20901390293175, -15.000042190111733], [-25.006137698, -14.983456582], [-24.998185418, -14.937601941], [-25.055092845231375, -14.898786689576145], [-25.092059019456848, -14.836618758901949], [-25.15966562747043, -14.810333037943115], [-25.206498545, -14.759719792], [-25.249944281171913, -14.781583560784387], [-25.26768468876186, -14.83430034965553], [-25.30721834079583, -14.860859627781654], [-25.352086052, -14.88101666], [-25.34920520145262, -14.923566115891948], [-25.337582742323427, -14.963801418716255], [-25.310971245763866, -15.000068695904789], [-25.30922594818209, -15.042918765265043]]]}}, {"type": "Feature", "properties": {"pcode": "XK03010205", "area_name": "Bimawa", "parent_pcode": "XK030102", "level": "village"}, "geometry": {"type": "Polygon", "coordinates": [[[-24.99818541821386, -14.937601940626987], [-24.958991737753294, -14.711602326687231], [-24.906079611, -14.573339438], [-25.11656311007733, -14.61971389558616], [-25.200772046, -14.634787917], [-25.202085500601665, -14.666026302311918], [-25.20539920843407, -14.697173002070203], [-25.204210100207813, -14.728526097287268], [-25.206498545, -14.759719792], [-25.15966562747043, -14.810333037943115], [-25.092059019456848, -14.836618758901949], [-25.055092845231375, -14.898786689576145], [-24.99818541821386, -14.937601940626987]]]}}, {"type": "Feature", "properties": {"pcode": "XK03010301", "area_name": "Bimaxa", "parent_pcode": "XK030103", "level": "village"}, "geometry": {"type": "Polygon", "coordinates": [[[-25.68202082679075, -14.262721183301892], [-25.673972206467894, -14.305222103340142], [-25.758015656, -14.657074172], [-25.550137516170118, -14.584192202572043], [-25.495365824, -14.60226867], [-25.495433935047128, -14.60010511095181], [-25.494825236151275, -14.598096488315434], [-25.494536991228095, -14.596014506844433], [-25.493496901, -14.594104639], [-25.546987272692064, -14.520829062967332], [-25.584881608037026, -14.441220287905043], [-25.57569628616317, -14.342493524606683], [-25.625958403158194, -14.26790702747907], [-25.68202082679075, -14.262721183301892]]]}}, {"type": "Feature", "properties": {"pcode": "XK03010302", "area_name": "Bimaya", "parent_pcode": "XK030103", "level": "village"}, "geometry": {"type": "Polygon", "coordinates": [[[-25.493496901, -14.594104639], [-25.460757607718183, -14.543149846916753], [-25.399835712775847, -14.517108650516178], [-25.372317944215073, -14.461537998005488], [-25.334910677, -14.414709724], [-25.34800108899175, -14.368620244977432], [-25.37898030463578, -14.329400216244633], [-25.384014512562533, -14.280217087449588], [-25.403336758683206, -14.236520685131818], [-25.43370756644759, -14.265412694469468], [-25.555958126169386, -14.274382140492422], [-25.625958403, -14.267907027], [-25.57569628616317, -14.342493524606683], [-25.584881608037026, -14.441220287905043], [-25.546987272692064, -14.520829062967332], [-25.493496901, -14.594104639]]]}}, {"type": "Feature", "properties": {"pcode": "XK03010303", "area_name": "Bimaza", "parent_pcode": "XK030103", "level": "village"}, "geometry": {"type": "Polygon", "coordinates": [[[-25.495365824431374, -14.602268670493634], [-25.327886574508945, -14.657542356455272], [-25.149876745, -14.625677282], [-25.15336616763469, -14.583845873441588], [-25.15348336145275, -14.541332264017065], [-25.171899288867305, -14.502520482845322], [-25.182944584, -14.462217625], [-25.22202972081654, -14.453838850627342], [-25.256853710247277, -14.431829713593157], [-25.29976664487407, -14.435695123151469], [-25.334910677, -14.414709724], [-25.372317944215073, -14.461537998005488], [-25.399835712775847, -14.517108650516178], [-25.460757607718183, -14.543149846916753], [-25.493496901, -14.594104639], [-25.494536991228095, -14.596014506844433], [-25.494825236151275, -14.598096488315434], [-25.495433935047128, -14.60010511095181], [-25.495365824431374, -14.602268670493634]]]}}, {"type": "Feature", "properties": {"pcode": "XK03010304", "area_name": "Bimbi", "parent_pcode": "XK030103", "level": "village"}, "geometry": {"type": "Polygon", "coordinates": [[[-25.059231246779778, -14.317168406733474], [-25.13204617621832, -14.263068576618238], [-25.202753407, -14.174160868], [-25.328324420477173, -14.165160805845726], [-25.403336759, -14.236520685], [-25.384014512562533, -14.280217087449588], [-25.37898030463578, -14.329400216244633], [-25.34800108899175, -14.368620244977432], [-25.334910677, -14.414709724], [-25.29976664487407, -14.435695123151469], [-25.256853710247277, -14.431829713593157], [-25.22202972081654, -14.453838850627342], [-25.182944584, -14.462217625], [-25.153866962923694, -14.424376836274408], [-25.12556914448616, -14.385870949260285], [-25.084567110170564, -14.358200563201736], [-25.059231246779778, -14.317168406733474]]]}}, {"type": "Feature", "properties": {"pcode": "XK03010305", "area_name": "Bimbaa", "parent_pcode": "XK030103", "level": "village"}, "geometry": {"type": "Polygon", "coordinates": [[[-25.149876745475115, -14.625677282361229], [-25.11656311007733, -14.61971389558616], [-24.90607961119259, -14.573339438307547], [-24.865325467, -14.466846163], [-24.946277005925694, -14.389748804449944], [-25.042152873208465, -14.329857248375934], [-25.059231247, -14.317168407], [-25.084567110170564, -14.358200563201736], [-25.12556914448616, -14.385870949260285], [-25.153866962923694, -14.424376836274408], [-25.182944584, -14.462217625], [-25.171899288867305, -14.502520482845322], [-25.15348336145275, -14.541332264017065], [-25.15336616763469, -14.583845873441588], [-25.149876745475115, -14.625677282361229]]]}}, {"type": "Feature", "properties": {"pcode": "XK03010401", "area_name": "Bimbea", "parent_pcode": "XK030104", "level": "village"}, "geometry": {"type": "Polygon", "coordinates": [[[-25.245659793297797, -13.911189122722728], [-25.246248990265382, -13.91946159663684], [-25.19487186373438, -14.04470446734983], [-25.202753407, -14.174160868], [-25.157579599, -14.230962693], [-25.093448037443864, -14.21466318665992], [-25.046767006817074, -14.167792209121991], [-24.99009762763379, -14.138419754204687], [-24.936025503, -14.104497186], [-24.959312220144124, -14.056329797371976], [-24.943241930518663, -13.998751267307558], [-24.971396941505663, -13.951747996727878], [-24.98464326, -13.901179724], [-25.05058791162974, -13.885675326946036], [-25.114745901692793, -13.916761959761304], [-25.179747722430747, -13.925843899067765], [-25.245659793297797, -13.911189122722728]]]}}, {"type": "Feature", "properties": {"pcode": "XK03010402", "area_name": "Bimbee", "parent_pcode": "XK030104", "level": "village"}, "geometry": {"type": "Polygon", "coordinates": [[[-24.981422439555445, -13.585141973668378], [-25.082283141421374, -13.6220554179892], [-25.222441051893213, -13.654029887919064], [-25.239229089, -13.661170471], [-25.237021799655746, -13.789909515044315], [-25.245659793, -13.911189123], [-25.179747722430747, -13.925843899067765], [-25.114745901692793, -13.916761959761304], [-25.05058791162974, -13.885675326946036], [-24.98464326, -13.901179724], [-24.962228675198734, -13.854947331205588], [-24.904855590924335, -13.838942579838431], [-24.889428031600946, -13.786668700596621], [-24.854791063907435, -13.751004662381773], [-24.981422439555445, -13.585141973668378]]]}}, {"type": "Feature", "properties": {"pcode": "XK03010403", "area_name": "Bimbei", "parent_pcode": "XK030104", "level": "village"}, "geometry": {"type": "Polygon", "coordinates": [[[-25.157579599344555, -14.230962692704571], [-25.13204617621832, -14.263068576618238], [-25.042152873208465, -14.329857248375934], [-24.946277005925694, -14.389748804449944], [-24.86532546735245, -14.46684616338097], [-24.860174875449292, -14.453387325876516], [-24.730399710963965, -14.203344200252623], [-24.73011638, -14.186938664], [-24.78117692963031, -14.165287450237333], [-24.834672127964602, -14.149717112165057], [-24.888532892168946, -14.135059825987614], [-24.936025503, -14.104497186], [-24.99009762763379, -14.138419754204687], [-25.046767006817074, -14.167792209121991], [-25.093448037443864, -14.21466318665992], [-25.157579599344555, -14.230962692704571]]]}}, {"type": "Feature", "properties": {"pcode": "XK03010404", "area_name": "Bimbel", "parent_pcode": "XK030104", "level": "village"}, "geometry": {"type": "Polygon", "coordinates": [[[-24.730116379989767, -14.186938664347748], [-24.72551201989498, -13.920335286206047], [-24.854791064, -13.751004662], [-24.889428031600946, -13.786668700596621], [-24.904855590924335, -13.838942579838431], [-24.962228675198734, -13.854947331205588], [-24.98464326, -13.901179724], [-24.971396941505663, -13.951747996727878], [-24.943241930518663, -13.998751267307558], [-24.959312220144124, -14.056329797371976], [-24.936025503, -14.104497186], [-24.888532892168946, -14.135059825987614], [-24.834672127964602, -14.149717112165057], [-24.78117692963031, -14.165287450237333], [-24.730116379989767, -14.186938664347748]]]}}, {"type": "Feature", "properties": {"pcode": "XK03020101", "area_name": "Bimben", "parent_pcode": "XK030201", "level": "village"}, "geometry": {"type": "Polygon", "coordinates": [[[-25.814494864567436, -15.076999623327119], [-25.826685849735384, -15.191513427055373], [-25.906284803, -15.634394228], [-25.87905773, -15.655012996], [-25.787215440758626, -15.621641576090033], [-25.728798991415093, -15.537711251696372], [-25.64190550995983, -15.49685441628359], [-25.562013853, -15.445406835], [-25.60770670423549, -15.362350588742839], [-25.624253050545303, -15.272056424625989], [-25.63089975848515, -15.179303894761851], [-25.65033912927372, -15.089728152479875], [-25.814494864567436, -15.076999623327119]]]}}, {"type": "Feature", "properties": {"pcode": "XK03020102", "area_name": "Bimbeo", "parent_pcode": "XK030201", "level": "village"}, "geometry": {"type": "Polygon", "coordinates": [[[-25.87905773009185, -15.655012995781975], [-25.643712666579617, -15.83323726651293], [-25.472813049, -15.88383016], [-25.41636940655847, -15.845666629978806], [-25.37271939753396, -15.792283014218695], [-25.30505385832315, -15.76746973626542], [-25.265325257, -15.709420975], [-25.211102623, -15.576281842], [-25.24371985020807, -15.55749876585861], [-25.274580435261278, -15.536303502306925], [-25.29635437763423, -15.50263063481381], [-25.332111308, -15.488158939], [-25.387661511130535, -15.467116756526377], [-25.444131379143652, -15.45102013876819], [-25.503619873969704, -15.45115640598566], [-25.562013853, -15.445406835], [-25.64190550995983, -15.49685441628359], [-25.728798991415093, -15.537711251696372], [-25.787215440758626, -15.621641576090033], [-25.87905773009185, -15.655012995781975]]]}}, {"type": "Feature", "properties": {"pcode": "XK03020103", "area_name": "Bimbeu", "parent_pcode": "XK030201", "level": "village"}, "geometry": {"type": "Polygon", "coordinates": [[[-25.562013853, -15.445406835], [-25.503619873969704, -15.45115640598566], [-25.444131379143652, -15.45102013876819], [-25.387661511130535, -15.467116756526377], [-25.332111308, -15.488158939], [-25.34489001773345, -15.382912505912648], [-25.337824865198527, -15.276242205534478], [-25.32540631117286, -15.169187779668327], [-25.362425616108627, -15.065680695273407], [-25.404147962905324, -15.083531955903124], [-25.607845137729466, -15.093023108999185], [-25.650339129, -15.089728152], [-25.63089975848515, -15.179303894761851], [-25.624253050545303, -15.272056424625989], [-25.60770670423549, -15.362350588742839], [-25.562013853, -15.445406835]]]}}, {"type": "Feature", "properties": {"pcode": "XK03020104", "area_name": "Bimbey", "parent_pcode": "XK030201", "level": "village"}, "geometry": {"type": "Polygon", "coordinates": [[[-25.21110262264304, -15.576281842152303], [-25.195168701662936, -15.537157435023925], [-25.196508837562302, -15.350563487697896], [-25.116146166904873, -15.180345605884067], [-25.121710686733916, -14.9929049463367], [-25.20901390293175, -15.000042190111733], [-25.362425616, -15.065680695], [-25.32540631117286, -15.169187779668327], [-25.337824865198527, -15.276242205534478], [-25.34489001773345, -15.382912505912648], [-25.332111308, -15.488158939], [-25.29635437763423, -15.50263063481381], [-25.274580435261278, -15.536303502306925], [-25.24371985020807, -15.55749876585861], [-25.21110262264304, -15.576281842152303]]]}}, {"type": "Feature", "properties": {"pcode": "XK03020201", "area_name": "Bimbez", "parent_pcode": "XK030202", "level": "village"}, "geometry": {"type": "Polygon", "coordinates": [[[-24.883573182, -15.609590713], [-24.878231028769594, -15.600359339378876], [-24.873096429335217, -15.590963796934844], [-24.863476245432008, -15.585116217170235], [-24.857382852, -15.576479052], [-24.88080194710413, -15.52212677285713], [-24.90788051558741, -15.468870182285654], [-24.919731715612915, -15.411054341826835], [-24.92482911, -15.351216334], [-24.99133143349036, -15.35205000861661], [-25.057123448035853, -15.340175809946668], [-25.12410205334814, -15.34953046558927], [-25.189824093844006, -15.336404389861944], [-25.196508837562302, -15.350563487697896], [-25.195168701662936, -15.537157435023925], [-25.221677736, -15.602248147], [-25.13747240653268, -15.618856143956204], [-25.05291860592836, -15.619418023199083], [-24.96839699124637, -15.621461973820043], [-24.883573182, -15.609590713]]]}}, {"type": "Feature", "properties": {"pcode": "XK03020202", "area_name": "Jaromwa", "parent_pcode": "XK030202", "level": "village"}, "geometry": {"type": "Polygon", "coordinates": [[[-25.265325257, -15.709420975], [-25.092036147169434, -15.7571475275159], [-24.92505089817637, -15.840454135471576], [-24.875663849, -15.834572194], [-24.874975826321798, -15.778233121870601], [-24.874046666783066, -15.721885572458005], [-24.887193081834326, -15.666032856691732], [-24.883573182, -15.609590713], [-24.96839699124637, -15.621461973820043], [-25.05291860592836, -15.619418023199083], [-25.13747240653268, -15.618856143956204], [-25.221677736167983, -15.602248146836207], [-25.265325257, -15.709420975]]]}}, {"type": "Feature", "properties": {"pcode": "XK03020203", "area_name": "Linda", "parent_pcode": "XK030202", "level": "village"}, "geometry": {"type": "Polygon", "coordinates": [[[-24.778474819762796, -15.201982659910666], [-24.833652271, -15.10224787], [-24.876226549873767, -15.07175568872776], [-24.915827097252073, -15.036945637387662], [-24.967393499186446, -15.019510054893477], [-25.006137698, -14.983456582], [-25.121710687, -14.992904946], [-25.116146166904873, -15.180345605884067], [-25.189824094, -15.33640439], [-25.12410205334814, -15.34953046558927], [-25.057123448035853, -15.340175809946668], [-24.99133143349036, -15.35205000861661], [-24.92482911, -15.351216334], [-24.890284654830293, -15.311903238321365], [-24.856562305613124, -15.271783898785271], [-24.806126576135163, -15.248055463768278], [-24.778474819762796, -15.201982659910666]]]}}, {"type": "Feature", "properties": {"pcode": "XK03020204", "area_name": "Kehi", "parent_pcode": "XK030202", "level": "village"}, "geometry": {"type": "Polygon", "coordinates": [[[-24.709293906355935, -15.560462181157229], [-24.71581304050795, -15.315245582522738], [-24.77847482, -15.20198266], [-24.806126576135163, -15.248055463768278], [-24.856562305613124, -15.271783898785271], [-24.890284654830293, -15.311903238321365], [-24.92482911, -15.351216334], [-24.919731715612915, -15.411054341826835], [-24.90788051558741, -15.468870182285654], [-24.88080194710413, -15.52212677285713], [-24.857382852, -15.576479052], [-24.820558200639464, -15.570647999592428], [-24.784157265186156, -15.560899350414278], [-24.74553421374876, -15.571695963414573], [-24.709293906355935, -15.560462181157229]]]}}, {"type": "Feature", "properties": {"pcode": "XK03020205", "area_name": "Zore", "parent_pcode": "XK030202", "level": "village"}, "geometry": {"type": "Polygon", "coordinates": [[[-24.87566384873376, -15.834572193738191], [-24.739388173381144, -15.818341914927283], [-24.560471016694024, -15.834302821706606], [-24.56872354573051, -15.770078616937012], [-24.709187998372013, -15.56444589969716], [-24.709293906, -15.560462181], [-24.74553421374876, -15.571695963414573], [-24.784157265186156, -15.560899350414278], [-24.820558200639464, -15.570647999592428], [-24.857382852, -15.576479052], [-24.863476245432008, -15.585116217170235], [-24.873096429335217, -15.590963796934844], [-24.878231028769594, -15.600359339378876], [-24.883573182, -15.609590713], [-24.887193081834326, -15.666032856691732], [-24.874046666783066, -15.721885572458005], [-24.874975826321798, -15.778233121870601], [-24.87566384873376, -15.834572193738191]]]}}, {"type": "Feature", "properties": {"pcode": "XK03020301", "area_name": "Mavami", "parent_pcode": "XK030203", "level": "village"}, "geometry": {"type": "Polygon", "coordinates": [[[-25.472813049085726, -15.88383016024244], [-25.308384853777405, -15.932507262820895], [-25.193734773, -16.04143252], [-25.157498623347788, -15.975760192797704], [-25.145363883382768, -15.896838422742949], [-25.085770077686195, -15.844006669305577], [-25.049200629422078, -15.778517568912225], [-25.092036147169434, -15.7571475275159], [-25.265325257, -15.709420975], [-25.30505385832315, -15.76746973626542], [-25.37271939753396, -15.792283014218695], [-25.41636940655847, -15.845666629978806], [-25.472813049085726, -15.88383016024244]]]}}, {"type": "Feature", "properties": {"pcode": "XK03020302", "area_name": "Mbuya", "parent_pcode": "XK030203", "level": "village"}, "geometry": {"type": "Polygon", "coordinates": [[[-25.193734772789266, -16.041432519730574], [-25.067643447281025, -16.161227725339614], [-24.972718645, -16.266851086], [-24.931908915195777, -16.15731461489707], [-24.92988506655569, -16.03374738098383], [-24.828589907947908, -15.94609146743305], [-24.813671200336604, -15.827188939425865], [-24.92505089817637, -15.840454135471576], [-25.049200629, -15.778517569], [-25.085770077686195, -15.844006669305577], [-25.145363883382768, -15.896838422742949], [-25.157498623347788, -15.975760192797704], [-25.193734772789266, -16.041432519730574]]]}}, {"type": "Feature", "properties": {"pcode": "XK03020303", "area_name": "Ranjonya", "parent_pcode": "XK030203", "level": "village"}, "geometry": {"type": "Polygon", "coordinates": [[[-24.97271864542543, -16.266851086324852], [-24.842681611, -16.411544026], [-24.537722018, -16.011343865], [-24.560471017, -15.834302822], [-24.739388173381144, -15.818341914927283], [-24.8136712, -15.827188939], [-24.828589907947908, -15.94609146743305], [-24.92988506655569, -16.03374738098383], [-24.931908915195777, -16.15731461489707], [-24.97271864542543, -16.266851086324852]]]}}, {"type": "Feature", "properties": {"pcode": "XK03030101", "area_name": "Pati", "parent_pcode": "XK030301", "level": "village"}, "geometry": {"type": "Polygon", "coordinates": [[[-25.006137698, -14.983456582], [-24.967393499186446, -15.019510054893477], [-24.915827097252073, -15.036945637387662], [-24.876226549873767, -15.07175568872776], [-24.833652271, -15.10224787], [-24.827808785, -15.102156491], [-24.836911677583497, -15.049293321817897], [-24.84067042693798, -14.996301951246377], [-24.818768894737122, -14.942695012639469], [-24.832899377, -14.889952451], [-24.87224122912672, -14.886946663045913], [-24.909180137883844, -14.874777482364536], [-24.9478500256078, -14.869209222985104], [-24.983091521606564, -14.850567123635809], [-25.006137698, -14.983456582]]]}}, {"type": "Feature", "properties": {"pcode": "XK03030102", "area_name": "Nichuta", "parent_pcode": "XK030301", "level": "village"}, "geometry": {"type": "Polygon", "coordinates": [[[-24.832899377, -14.889952451], [-24.802510790648167, -14.873646963885598], [-24.777120573135633, -14.850575068330025], [-24.755941707474772, -14.821802167579744], [-24.723087693, -14.808834188], [-24.776486832714173, -14.772304363131154], [-24.83276475530213, -14.740932168863432], [-24.896814167304, -14.72348338368034], [-24.94813148115566, -14.683223757475679], [-24.958991737753294, -14.711602326687231], [-24.983091522, -14.850567124], [-24.9478500256078, -14.869209222985104], [-24.909180137883844, -14.874777482364536], [-24.87224122912672, -14.886946663045913], [-24.832899377, -14.889952451]]]}}, {"type": "Feature", "properties": {"pcode": "XK03030103", "area_name": "Newapa", "parent_pcode": "XK030301", "level": "village"}, "geometry": {"type": "Polygon", "coordinates": [[[-24.656538400163843, -14.79240467948214], [-24.640732541, -14.733274745], [-24.71126260238678, -14.702854859728626], [-24.78954830552704, -14.687717342192544], [-24.837011833832253, -14.611845223291054], [-24.914178951879947, -14.59450355153063], [-24.948131481, -14.683223757], [-24.896814167304, -14.72348338368034], [-24.83276475530213, -14.740932168863432], [-24.776486832714173, -14.772304363131154], [-24.723087693, -14.808834188], [-24.705536658567365, -14.808427885031087], [-24.688670946355337, -14.805245619052016], [-24.67230971916001, -14.800019888402739], [-24.656538400163843, -14.79240467948214]]]}}, {"type": "Feature", "properties": {"pcode": "XK03030104", "area_name": "Nape", "parent_pcode": "XK030301", "level": "village"}, "geometry": {"type": "Polygon", "coordinates": [[[-24.827808784957746, -15.102156491132131], [-24.663041915, -15.099579911], [-24.678329433242567, -15.006732870279734], [-24.68458679929364, -14.914435800079179], [-24.664908755992514, -14.823718294680836], [-24.6565384, -14.792404679], [-24.67230971916001, -14.800019888402739], [-24.688670946355337, -14.805245619052016], [-24.705536658567365, -14.808427885031087], [-24.723087693, -14.808834188], [-24.755941707474772, -14.821802167579744], [-24.777120573135633, -14.850575068330025], [-24.802510790648167, -14.873646963885598], [-24.832899377, -14.889952451], [-24.818768894737122, -14.942695012639469], [-24.84067042693798, -14.996301951246377], [-24.836911677583497, -15.049293321817897], [-24.827808784957746, -15.102156491132131]]]}}, {"type": "Feature", "properties": {"pcode": "XK03030201", "area_name": "Mbabagi", "parent_pcode": "XK030302", "level": "village"}, "geometry": {"type": "Polygon", "coordinates": [[[-24.635774279301675, -14.239759913346077], [-24.638079184071437, -14.238892691317732], [-24.72941679577557, -14.146431076587305], [-24.730399710963965, -14.203344200252623], [-24.860174875449292, -14.453387325876516], [-24.883608613, -14.514621233], [-24.816934032510805, -14.509124982705663], [-24.75180053611365, -14.514955245290599], [-24.69006458202164, -14.545756440270567], [-24.624694659, -14.549849037], [-24.639477543348985, -14.472755985005318], [-24.650569582915438, -14.395531057512581], [-24.635851707111318, -14.317383930457185], [-24.635774279301675, -14.239759913346077]]]}}, {"type": "Feature", "properties": {"pcode": "XK03030202", "area_name": "Numbeho", "parent_pcode": "XK030302", "level": "village"}, "geometry": {"type": "Polygon", "coordinates": [[[-24.883608612820957, -14.51462123251971], [-24.914178952, -14.594503552], [-24.837011833832253, -14.611845223291054], [-24.78954830552704, -14.687717342192544], [-24.71126260238678, -14.702854859728626], [-24.640732541, -14.733274745], [-24.582969444496502, -14.685333673267326], [-24.515908887, -14.680778915], [-24.54243382738307, -14.64748851379107], [-24.58148844241372, -14.624608649506689], [-24.597646138666835, -14.582704411078799], [-24.624694659, -14.549849037], [-24.69006458202164, -14.545756440270567], [-24.75180053611365, -14.514955245290599], [-24.816934032510805, -14.509124982705663], [-24.883608612820957, -14.51462123251971]]]}}, {"type": "Feature", "properties": {"pcode": "XK03030203", "area_name": "Nyagi", "parent_pcode": "XK030302", "level": "village"}, "geometry": {"type": "Polygon", "coordinates": [[[-24.378391903, -14.606004619], [-24.36840342765609, -14.581013849449592], [-24.36580392910147, -14.554082391714337], [-24.361489625746568, -14.527601321293881], [-24.351252945, -14.502675742], [-24.428706162464547, -14.395475447794066], [-24.50633496747381, -14.288461544764258], [-24.635774279, -14.239759913], [-24.635851707111318, -14.317383930457185], [-24.650569582915438, -14.395531057512581], [-24.639477543348985, -14.472755985005318], [-24.624694659, -14.549849037], [-24.597646138666835, -14.582704411078799], [-24.58148844241372, -14.624608649506689], [-24.54243382738307, -14.64748851379107], [-24.515908887239057, -14.680778915345108], [-24.50453304826125, -14.680006267535054], [-24.437748273624692, -14.650661490719681], [-24.378391903, -14.606004619]]]}}, {"type": "Feature", "properties": {"pcode": "XK03030301", "area_name": "Kinje", "parent_pcode": "XK030303", "level": "village"}, "geometry": {"type": "Polygon", "coordinates": [[[-24.498797156184253, -14.677485955476616], [-24.50453304826125, -14.680006267535054], [-24.582969444496502, -14.685333673267326], [-24.640732541, -14.733274745], [-24.664908755992514, -14.823718294680836], [-24.68043255, -14.895284345], [-24.61699091069275, -14.906596466916179], [-24.553972849096283, -14.895741925551098], [-24.4907721452321, -14.894445416977462], [-24.427622948, -14.890453464], [-24.457141526450254, -14.841130116272621], [-24.460092600033143, -14.78292785022409], [-24.493419139100872, -14.734877131276177], [-24.498797156184253, -14.677485955476616]]]}}, {"type": "Feature", "properties": {"pcode": "XK03030302", "area_name": "Nyapo", "parent_pcode": "XK030303", "level": "village"}, "geometry": {"type": "Polygon", "coordinates": [[[-24.663041914638324, -15.099579910660017], [-24.48414748357489, -15.09678240716489], [-24.402944161, -15.086932577], [-24.421854999604648, -15.039437330793033], [-24.427015523407963, -14.990226837373177], [-24.43387820551588, -14.94122867525846], [-24.427438753, -14.890571173], [-24.42749141115966, -14.890552088376413], [-24.42752322628049, -14.890500387865021], [-24.427576068626717, -14.890481591462768], [-24.427622948, -14.890453464], [-24.4907721452321, -14.894445416977462], [-24.553972849096283, -14.895741925551098], [-24.61699091069275, -14.906596466916179], [-24.680432549596286, -14.89528434464336], [-24.68458679929364, -14.914435800079179], [-24.678329433242567, -15.006732870279734], [-24.663041914638324, -15.099579910660017]]]}}, {"type": "Feature", "properties": {"pcode": "XK03030303", "area_name": "Rive", "parent_pcode": "XK030303", "level": "village"}, "geometry": {"type": "Polygon", "coordinates": [[[-24.254762255550666, -14.811615838113005], [-24.32656747939951, -14.720254944766612], [-24.378391903, -14.606004619], [-24.437748273624692, -14.650661490719681], [-24.498797156, -14.677485955], [-24.493419139100872, -14.734877131276177], [-24.460092600033143, -14.78292785022409], [-24.457141526450254, -14.841130116272621], [-24.427622948, -14.890453464], [-24.427576068626717, -14.890481591462768], [-24.42752322628049, -14.890500387865021], [-24.42749141115966, -14.890552088376413], [-24.427438753, -14.890571173], [-24.385600857015046, -14.867920923149805], [-24.339940285920335, -14.853630920863898], [-24.295696660578777, -14.836242037050944], [-24.254762255550666, -14.811615838113005]]]}}, {"type": "Feature", "properties": {"pcode": "XK03030304", "area_name": "Lunga", "parent_pcode": "XK030303", "level": "village"}, "geometry": {"type": "Polygon", "coordinates": [[[-24.402944161111268, -15.086932577113934], [-24.14382539055612, -15.055501894531657], [-24.094899525, -15.00946794], [-24.187826731704238, -14.924098370222852], [-24.250281232027085, -14.817317238237909], [-24.254762256, -14.811615838], [-24.295696660578777, -14.836242037050944], [-24.339940285920335, -14.853630920863898], [-24.385600857015046, -14.867920923149805], [-24.427438753, -14.890571173], [-24.43387820551588, -14.94122867525846], [-24.427015523407963, -14.990226837373177], [-24.421854999604648, -15.039437330793033], [-24.402944161111268, -15.086932577113934]]]}}, {"type": "Feature", "properties": {"pcode": "XK03030401", "area_name": "Nuyiyu", "parent_pcode": "XK030304", "level": "village"}, "geometry": {"type": "Polygon", "coordinates": [[[-24.28939764763807, -14.067607316326107], [-24.661235719874195, -14.004524847343166], [-24.72551202, -13.920335286], [-24.729416796, -14.146431077], [-24.638079184071437, -14.238892691317732], [-24.541277946, -14.275314225], [-24.49595593402473, -14.232483140762406], [-24.444850607509537, -14.200388324609987], [-24.374621822972404, -14.203794702560254], [-24.329231268, -14.161090863], [-24.314210278146096, -14.139877158853356], [-24.304425094631412, -14.116432461908477], [-24.2969309640778, -14.092011540419495], [-24.28939764763807, -14.067607316326107]]]}}, {"type": "Feature", "properties": {"pcode": "XK03030402", "area_name": "Nife", "parent_pcode": "XK030304", "level": "village"}, "geometry": {"type": "Polygon", "coordinates": [[[-24.329231268, -14.161090863], [-24.374621822972404, -14.203794702560254], [-24.444850607509537, -14.200388324609987], [-24.49595593402473, -14.232483140762406], [-24.541277946452887, -14.275314224534718], [-24.50633496747381, -14.288461544764258], [-24.428706162464547, -14.395475447794066], [-24.351252945, -14.502675742], [-24.270534432855783, -14.440359364134647], [-24.243248226, -14.425490882], [-24.257756188169736, -14.357118441114817], [-24.30587791833957, -14.299677217393166], [-24.31003501330613, -14.227938668393342], [-24.329231268, -14.161090863]]]}}, {"type": "Feature", "properties": {"pcode": "XK03030403", "area_name": "Yukuchu", "parent_pcode": "XK030304", "level": "village"}, "geometry": {"type": "Polygon", "coordinates": [[[-24.018991349492197, -14.266623946737132], [-24.093276350241275, -14.100879368285517], [-24.289397648, -14.067607316], [-24.2969309640778, -14.092011540419495], [-24.304425094631412, -14.116432461908477], [-24.314210278146096, -14.139877158853356], [-24.329231268, -14.161090863], [-24.31003501330613, -14.227938668393342], [-24.30587791833957, -14.299677217393166], [-24.257756188169736, -14.357118441114817], [-24.243248226263194, -14.425490881596456], [-24.180426778009423, -14.391258948212254], [-24.104792173117, -14.32178656826101], [-24.018991349492197, -14.266623946737132]]]}}, {"type": "Feature", "properties": {"pcode": "XK03030501", "area_name": "Ranyo", "parent_pcode": "XK030305", "level": "village"}, "geometry": {"type": "Polygon", "coordinates": [[[-24.155644147, -14.676536229], [-24.189117261260993, -14.620821960002319], [-24.231837956882696, -14.570311218854538], [-24.263173178022065, -14.51339397732117], [-24.283086107534587, -14.450049519234753], [-24.351252945, -14.502675742], [-24.361489625746568, -14.527601321293881], [-24.36580392910147, -14.554082391714337], [-24.36840342765609, -14.581013849449592], [-24.378391903, -14.606004619], [-24.32656747939951, -14.720254944766612], [-24.296109504, -14.759007945], [-24.26305309881876, -14.734881548025786], [-24.23349874283422, -14.70479048080454], [-24.185874152927376, -14.705476533086548], [-24.155644147, -14.676536229]]]}}, {"type": "Feature", "properties": {"pcode": "XK03030502", "area_name": "Mwanjona", "parent_pcode": "XK030305", "level": "village"}, "geometry": {"type": "Polygon", "coordinates": [[[-24.023982253, -14.627535977], [-24.052291692979278, -14.560022807960893], [-24.08117509356704, -14.492785656061455], [-24.114952311407468, -14.427901936471095], [-24.1507267258115, -14.363978666735266], [-24.180426778009423, -14.391258948212254], [-24.270534432855783, -14.440359364134647], [-24.283086108, -14.450049519], [-24.263173178022065, -14.51339397732117], [-24.231837956882696, -14.570311218854538], [-24.189117261260993, -14.620821960002319], [-24.155644147, -14.676536229], [-24.131626346379587, -14.678874436876177], [-24.107560770804735, -14.68300090629937], [-24.08367574526103, -14.680369217984012], [-24.059891156, -14.673978105], [-24.04908492615474, -14.663781753044532], [-24.04210140988058, -14.650629691333014], [-24.034404846415928, -14.638028955400493], [-24.023982253, -14.627535977]]]}}, {"type": "Feature", "properties": {"pcode": "XK03030503", "area_name": "Sicha", "parent_pcode": "XK030305", "level": "village"}, "geometry": {"type": "Polygon", "coordinates": [[[-24.094899524906978, -15.009467940280947], [-23.975053667, -14.896705935], [-24.00093457534331, -14.842803375215722], [-24.029680547134333, -14.789992123997278], [-24.032959324777057, -14.727480366095781], [-24.059891156, -14.673978105], [-24.08367574526103, -14.680369217984012], [-24.107560770804735, -14.68300090629937], [-24.131626346379587, -14.678874436876177], [-24.155644147, -14.676536229], [-24.185874152927376, -14.705476533086548], [-24.23349874283422, -14.70479048080454], [-24.26305309881876, -14.734881548025786], [-24.296109503539007, -14.759007945383894], [-24.250281232027085, -14.817317238237909], [-24.187826731704238, -14.924098370222852], [-24.094899524906978, -15.009467940280947]]]}}, {"type": "Feature", "properties": {"pcode": "XK03030504", "area_name": "Jichu", "parent_pcode": "XK030305", "level": "village"}, "geometry": {"type": "Polygon", "coordinates": [[[-23.886907898744266, -14.561328337021791], [-24.018991349, -14.266623947], [-24.104792173117, -14.32178656826101], [-24.150726726, -14.363978667], [-24.114952311407468, -14.427901936471095], [-24.08117509356704, -14.492785656061455], [-24.052291692979278, -14.560022807960893], [-24.023982253, -14.627535977], [-23.992341212280945, -14.605544069219123], [-23.95166961563263, -14.602248759297106], [-23.92458953130182, -14.570813981319665], [-23.886907898744266, -14.561328337021791]]]}}, {"type": "Feature", "properties": {"pcode": "XK03030505", "area_name": "Sikachu", "parent_pcode": "XK030305", "level": "village"}, "geometry": {"type": "Polygon", "coordinates": [[[-23.975053666975406, -14.896705934581904], [-23.86111868483767, -14.789505424469397], [-23.516606413415275, -14.764567768762978], [-23.856547425620242, -14.62906857772163], [-23.886907899, -14.561328337], [-23.92458953130182, -14.570813981319665], [-23.95166961563263, -14.602248759297106], [-23.992341212280945, -14.605544069219123], [-24.023982253, -14.627535977], [-24.034404846415928, -14.638028955400493], [-24.04210140988058, -14.650629691333014], [-24.04908492615474, -14.663781753044532], [-24.059891156, -14.673978105], [-24.032959324777057, -14.727480366095781], [-24.029680547134333, -14.789992123997278], [-24.00093457534331, -14.842803375215722], [-23.975053666975406, -14.896705934581904]]]}}, {"type": "Feature", "properties": {"pcode": "XK03040101", "area_name": "Mwahamba", "parent_pcode": "XK030401", "level": "village"}, "geometry": {"type": "Polygon", "coordinates": [[[-24.833652271, -15.10224787], [-24.71581304050795, -15.315245582522738], [-24.709187998372013, -15.56444589969716], [-24.688849871, -15.59421987], [-24.503160101, -15.568434986], [-24.483719326575596, -15.536232873508093], [-24.468041655316725, -15.502800397501085], [-24.475726627958892, -15.461729399931517], [-24.457602821, -15.429096699], [-24.540589639280963, -15.355560154192535], [-24.608894250740526, -15.268867776890637], [-24.66556435740849, -15.171750427508194], [-24.75162159161543, -15.100965096070583], [-24.833652271, -15.10224787]]]}}, {"type": "Feature", "properties": {"pcode": "XK03040102", "area_name": "Jande", "parent_pcode": "XK030401", "level": "village"}, "geometry": {"type": "Polygon", "coordinates": [[[-24.457602821, -15.429096699], [-24.447796574744608, -15.414197839293555], [-24.431644064896883, -15.405628120544824], [-24.42263649860106, -15.389932735769627], [-24.408245705, -15.379606054], [-24.422389145771575, -15.30558895263055], [-24.393647201992454, -15.233243367338687], [-24.385786394150173, -15.160083911428607], [-24.39680935458228, -15.08618843512722], [-24.48414748357489, -15.09678240716489], [-24.751621592, -15.100965096], [-24.66556435740849, -15.171750427508194], [-24.608894250740526, -15.268867776890637], [-24.540589639280963, -15.355560154192535], [-24.457602821, -15.429096699]]]}}, {"type": "Feature", "properties": {"pcode": "XK03040103", "area_name": "Bimi", "parent_pcode": "XK030401", "level": "village"}, "geometry": {"type": "Polygon", "coordinates": [[[-24.408245705, -15.379606054], [-24.33283230729464, -15.354581141440061], [-24.249960848299363, -15.372417731649975], [-24.17546625452754, -15.342112449861201], [-24.098551117220964, -15.32571804054879], [-24.18551123363585, -15.216592993863767], [-24.231869232619143, -15.066181468409221], [-24.396809355, -15.086188435], [-24.385786394150173, -15.160083911428607], [-24.393647201992454, -15.233243367338687], [-24.422389145771575, -15.30558895263055], [-24.408245705, -15.379606054]]]}}, {"type": "Feature", "properties": {"pcode": "XK03040104", "area_name": "Gako", "parent_pcode": "XK030401", "level": "village"}, "geometry": {"type": "Polygon", "coordinates": [[[-24.503160100942733, -15.56843498635674], [-24.494656247640332, -15.567254141187648], [-24.30091153895013, -15.609688775277478], [-24.106934247456447, -15.616167063842669], [-23.91280555740658, -15.599239694827295], [-23.908357287, -15.58106992], [-23.99090989798562, -15.453399998060135], [-24.090174116099423, -15.336230223330462], [-24.098551117, -15.325718041], [-24.17546625452754, -15.342112449861201], [-24.249960848299363, -15.372417731649975], [-24.33283230729464, -15.354581141440061], [-24.408245705, -15.379606054], [-24.42263649860106, -15.389932735769627], [-24.431644064896883, -15.405628120544824], [-24.447796574744608, -15.414197839293555], [-24.457602821, -15.429096699], [-24.475726627958892, -15.461729399931517], [-24.468041655316725, -15.502800397501085], [-24.483719326575596, -15.536232873508093], [-24.503160100942733, -15.56843498635674]]]}}, {"type": "Feature", "properties": {"pcode": "XK03040201", "area_name": "Micha", "parent_pcode": "XK030402", "level": "village"}, "geometry": {"type": "Polygon", "coordinates": [[[-24.688849871079213, -15.594219869553166], [-24.56872354573051, -15.770078616937012], [-24.562702553, -15.816936185], [-24.51459826200543, -15.761452353180168], [-24.46892712727288, -15.703874049386906], [-24.405135521318183, -15.661893929611878], [-24.371074726709573, -15.594321391985948], [-24.494656247640332, -15.567254141187648], [-24.688849871079213, -15.594219869553166]]]}}, {"type": "Feature", "properties": {"pcode": "XK03040202", "area_name": "Shejoshu", "parent_pcode": "XK030402", "level": "village"}, "geometry": {"type": "Polygon", "coordinates": [[[-24.562702553355344, -15.81693618510535], [-24.537722017517112, -16.011343865432224], [-24.515774766211006, -15.982542366202726], [-24.233176758, -15.879186531], [-24.231683349753965, -15.808633531164134], [-24.2651656748852, -15.745416208941446], [-24.289733473265994, -15.68032918770173], [-24.289621110476293, -15.610065843402902], [-24.30091153895013, -15.609688775277478], [-24.371074727, -15.594321392], [-24.405135521318183, -15.661893929611878], [-24.46892712727288, -15.703874049386906], [-24.51459826200543, -15.761452353180168], [-24.562702553355344, -15.81693618510535]]]}}, {"type": "Feature", "properties": {"pcode": "XK03040203", "area_name": "Shucha", "parent_pcode": "XK030402", "level": "village"}, "geometry": {"type": "Polygon", "coordinates": [[[-24.23317675773812, -15.879186530874424], [-23.95657493092097, -15.77802370591855], [-23.912805557, -15.599239695], [-24.106934247456447, -15.616167063842669], [-24.28962111, -15.610065843], [-24.289733473265994, -15.68032918770173], [-24.2651656748852, -15.745416208941446], [-24.231683349753965, -15.808633531164134], [-24.23317675773812, -15.879186530874424]]]}}, {"type": "Feature", "properties": {"pcode": "XK03040301", "area_name": "Kiteya", "parent_pcode": "XK030403", "level": "village"}, "geometry": {"type": "Polygon", "coordinates": [[[-24.055071777650163, -14.971994332592999], [-24.14382539055612, -15.055501894531657], [-24.231869233, -15.066181468], [-24.18551123363585, -15.216592993863767], [-24.121188169, -15.297311118], [-24.07619181269015, -15.25427220450618], [-24.01286577393668, -15.234803929728931], [-23.96654768344628, -15.193464670276859], [-23.925603525, -15.145214925], [-23.947739377854937, -15.094262782375226], [-23.98746923536118, -15.056460722077142], [-24.02518117826119, -15.017150435327716], [-24.055071777650163, -14.971994332592999]]]}}, {"type": "Feature", "properties": {"pcode": "XK03040302", "area_name": "Vini", "parent_pcode": "XK030403", "level": "village"}, "geometry": {"type": "Polygon", "coordinates": [[[-23.908357286783364, -15.58106991992346], [-23.80909752260333, -15.175625259532247], [-23.800860283, -15.170110952], [-23.832369201819596, -15.165505901531805], [-23.865235875225075, -15.167703973059073], [-23.895382150363496, -15.156271303449838], [-23.925603525, -15.145214925], [-23.96654768344628, -15.193464670276859], [-24.01286577393668, -15.234803929728931], [-24.07619181269015, -15.25427220450618], [-24.12118816888144, -15.297311117684577], [-24.090174116099423, -15.336230223330462], [-23.99090989798562, -15.453399998060135], [-23.908357286783364, -15.58106991992346]]]}}, {"type": "Feature", "properties": {"pcode": "XK03040303", "area_name": "Labi", "parent_pcode": "XK030403", "level": "village"}, "geometry": {"type": "Polygon", "coordinates": [[[-23.80086028253041, -15.170110952061975], [-23.732538861, -15.124374113], [-23.754691702391796, -15.040660181058804], [-23.735597152841404, -14.950785846755482], [-23.765574966350336, -14.868240594229222], [-23.78339264031048, -14.783879194352602], [-23.86111868483767, -14.789505424469397], [-24.055071778, -14.971994333], [-24.02518117826119, -15.017150435327716], [-23.98746923536118, -15.056460722077142], [-23.947739377854937, -15.094262782375226], [-23.925603525, -15.145214925], [-23.895382150363496, -15.156271303449838], [-23.865235875225075, -15.167703973059073], [-23.832369201819596, -15.165505901531805], [-23.80086028253041, -15.170110952061975]]]}}, {"type": "Feature", "properties": {"pcode": "XK03040304", "area_name": "Rimisu", "parent_pcode": "XK030403", "level": "village"}, "geometry": {"type": "Polygon", "coordinates": [[[-23.732538861099624, -15.124374112873094], [-23.353717499, -14.870777344], [-23.353323838681156, -14.858546291433349], [-23.360085817856383, -14.84807494200453], [-23.36322868701933, -14.836713586972431], [-23.36497295, -14.825008289], [-23.516606413, -14.764567769], [-23.78339264, -14.783879194], [-23.765574966350336, -14.868240594229222], [-23.735597152841404, -14.950785846755482], [-23.754691702391796, -15.040660181058804], [-23.732538861099624, -15.124374112873094]]]}}, {"type": "Feature", "properties": {"pcode": "XK04010101", "area_name": "Chinja", "parent_pcode": "XK040101", "level": "village"}, "geometry": {"type": "Polygon", "coordinates": [[[-25.168668496014664, -18.184091612890885], [-25.0980328697505, -18.364005570213667], [-25.06887317, -18.462334175], [-25.015240526616104, -18.44344857791441], [-24.977024217010204, -18.39958159688957], [-24.933361341579364, -18.36454049846318], [-24.879748459, -18.34562288], [-24.86773306771127, -18.272897841617063], [-24.903144259137168, -18.20026730682646], [-24.89832972219944, -18.127556617075978], [-24.880327922, -18.05481965], [-24.895813305274828, -18.039100730999913], [-24.912695091437733, -18.02438877358263], [-24.913712961229393, -17.99823717043336], [-24.931347630324357, -17.98406812519192], [-24.954766055572495, -18.003532798382363], [-25.08919592906502, -18.066007389329418], [-25.168668496014664, -18.184091612890885]]]}}, {"type": "Feature", "properties": {"pcode": "XK04010102", "area_name": "Dagambe", "parent_pcode": "XK040101", "level": "village"}, "geometry": {"type": "Polygon", "coordinates": [[[-25.06887317048302, -18.46233417456209], [-25.031285141907198, -18.589083711865822], [-25.026842186, -18.597953822], [-24.762244425, -18.656553748], [-24.709081430451146, -18.48113940490087], [-24.681504591, -18.429370265], [-24.732240788233298, -18.41121538247626], [-24.778711986989794, -18.382964545373696], [-24.828730246590876, -18.363110186105793], [-24.879748459, -18.34562288], [-24.933361341579364, -18.36454049846318], [-24.977024217010204, -18.39958159688957], [-25.015240526616104, -18.44344857791441], [-25.06887317048302, -18.46233417456209]]]}}, {"type": "Feature", "properties": {"pcode": "XK04010103", "area_name": "Ganyu", "parent_pcode": "XK040101", "level": "village"}, "geometry": {"type": "Polygon", "coordinates": [[[-24.681504590795218, -18.42937026519964], [-24.62490092393816, -18.323109969470107], [-24.456575182117895, -18.212242832170872], [-24.454442041, -18.203584622], [-24.56044812352987, -18.165061062282366], [-24.665429085208135, -18.123602776122425], [-24.783904957742266, -18.12077785856801], [-24.880327922, -18.05481965], [-24.89832972219944, -18.127556617075978], [-24.903144259137168, -18.20026730682646], [-24.86773306771127, -18.272897841617063], [-24.879748459, -18.34562288], [-24.828730246590876, -18.363110186105793], [-24.778711986989794, -18.382964545373696], [-24.732240788233298, -18.41121538247626], [-24.681504590795218, -18.42937026519964]]]}}, {"type": "Feature", "properties": {"pcode": "XK04010104", "area_name": "Huzeke", "parent_pcode": "XK040101", "level": "village"}, "geometry": {"type": "Polygon", "coordinates": [[[-24.45444204127439, -18.203584622186842], [-24.412151233, -18.031930369], [-24.45498253934821, -17.97461843266844], [-24.468891777854918, -17.906054077475655], [-24.48702107288631, -17.83913157734988], [-24.512140335859844, -17.774928593517178], [-24.771695922, -17.791775707], [-24.84706344054103, -17.91401370471445], [-24.93134763, -17.984068125], [-24.913712961229393, -17.99823717043336], [-24.912695091437733, -18.02438877358263], [-24.895813305274828, -18.039100730999913], [-24.880327922, -18.05481965], [-24.783904957742266, -18.12077785856801], [-24.665429085208135, -18.123602776122425], [-24.56044812352987, -18.165061062282366], [-24.45444204127439, -18.203584622186842]]]}}, {"type": "Feature", "properties": {"pcode": "XK04010201", "area_name": "Ponu", "parent_pcode": "XK040102", "level": "village"}, "geometry": {"type": "Polygon", "coordinates": [[[-24.417511915, -18.462503076], [-24.433445662194135, -18.401844682629935], [-24.419490872100805, -18.335654993670335], [-24.45948523504878, -18.279449356770773], [-24.463038303449167, -18.216499743515904], [-24.62490092393816, -18.323109969470107], [-24.709081430451146, -18.48113940490087], [-24.73952193, -18.581579577], [-24.66698762374123, -18.530262628526046], [-24.578799630769687, -18.521276818865015], [-24.49993185786134, -18.48708700860645], [-24.417511915, -18.462503076]]]}}, {"type": "Feature", "properties": {"pcode": "XK04010202", "area_name": "Woja", "parent_pcode": "XK040102", "level": "village"}, "geometry": {"type": "Polygon", "coordinates": [[[-24.762244424900064, -18.656553747794955], [-24.688132405242275, -18.672967185438598], [-24.351224675553716, -18.691148746563275], [-24.243622974, -18.634937557], [-24.280957785737755, -18.58563974495481], [-24.32002506206589, -18.53808901058919], [-24.377155334280925, -18.508753630877937], [-24.417511915, -18.462503076], [-24.49993185786134, -18.48708700860645], [-24.578799630769687, -18.521276818865015], [-24.66698762374123, -18.530262628526046], [-24.73952193041176, -18.58157957674051], [-24.762244424900064, -18.656553747794955]]]}}, {"type": "Feature", "properties": {"pcode": "XK04010203", "area_name": "Nima", "parent_pcode": "XK040102", "level": "village"}, "geometry": {"type": "Polygon", "coordinates": [[[-24.24362297428297, -18.634937557144948], [-24.046861521, -18.532149263], [-24.064230956068034, -18.447545291386398], [-24.117709965016225, -18.37360265127825], [-24.103196325901262, -18.279585219832466], [-24.144337917, -18.201999964], [-24.204994805830044, -18.14956738599111], [-24.286054577414625, -18.129263794274284], [-24.351571060629468, -18.08448375454897], [-24.412151233, -18.031930369], [-24.456575182117895, -18.212242832170872], [-24.463038303, -18.216499744], [-24.45948523504878, -18.279449356770773], [-24.419490872100805, -18.335654993670335], [-24.433445662194135, -18.401844682629935], [-24.417511915, -18.462503076], [-24.377155334280925, -18.508753630877937], [-24.32002506206589, -18.53808901058919], [-24.280957785737755, -18.58563974495481], [-24.24362297428297, -18.634937557144948]]]}}, {"type": "Feature", "properties": {"pcode": "XK04010301", "area_name": "Bunoshi", "parent_pcode": "XK040103", "level": "village"}, "geometry": {"type": "Polygon", "coordinates": [[[-24.160066874017783, -17.72052402523418], [-24.33450405724333, -17.7633986604149], [-24.512140336, -17.774928594], [-24.48702107288631, -17.83913157734988], [-24.468891777854918, -17.906054077475655], [-24.45498253934821, -17.97461843266844], [-24.431892957, -18.00551426], [-24.375211866062426, -17.955214752577394], [-24.300738130561626, -17.936158020987573], [-24.2376987520255, -17.89702327063163], [-24.174172509, -17.858743424], [-24.177726784939793, -17.823465972686787], [-24.165654601818318, -17.789783240562446], [-24.155759619756836, -17.75587831963034], [-24.160066874017783, -17.72052402523418]]]}}, {"type": "Feature", "properties": {"pcode": "XK04010302", "area_name": "Veshata", "parent_pcode": "XK040103", "level": "village"}, "geometry": {"type": "Polygon", "coordinates": [[[-24.144337917, -18.201999964], [-24.028835960663795, -18.096449276655594], [-24.025180531, -18.093896729], [-24.0505665298141, -18.027592700598717], [-24.100593312656112, -17.976900951819825], [-24.146577527736497, -17.92364785198102], [-24.174172509, -17.858743424], [-24.2376987520255, -17.89702327063163], [-24.300738130561626, -17.936158020987573], [-24.375211866062426, -17.955214752577394], [-24.431892957288227, -18.005514260271408], [-24.412151233, -18.031930369], [-24.351571060629468, -18.08448375454897], [-24.286054577414625, -18.129263794274284], [-24.204994805830044, -18.14956738599111], [-24.144337917, -18.201999964]]]}}, {"type": "Feature", "properties": {"pcode": "XK04010303", "area_name": "Njidamo", "parent_pcode": "XK040103", "level": "village"}, "geometry": {"type": "Polygon", "coordinates": [[[-24.025180531121784, -18.093896728858688], [-23.90378959745238, -18.009130723457318], [-23.833930115, -18.009690653], [-23.847633833515474, -17.922607336680354], [-23.868927614566314, -17.836530446302575], [-23.89049012951056, -17.750489189460158], [-23.88026741039629, -17.660233279018673], [-23.898858646954775, -17.65632207451219], [-24.160066874, -17.720524025], [-24.155759619756836, -17.75587831963034], [-24.165654601818318, -17.789783240562446], [-24.177726784939793, -17.823465972686787], [-24.174172509, -17.858743424], [-24.146577527736497, -17.92364785198102], [-24.100593312656112, -17.976900951819825], [-24.0505665298141, -18.027592700598717], [-24.025180531121784, -18.093896728858688]]]}}, {"type": "Feature", "properties": {"pcode": "XK04010304", "area_name": "Veve", "parent_pcode": "XK040103", "level": "village"}, "geometry": {"type": "Polygon", "coordinates": [[[-23.833930114706195, -18.00969065325094], [-23.732313034655263, -18.01050512293243], [-23.60822815754355, -17.92134989738855], [-23.517987898757365, -17.736449256050154], [-23.88026741, -17.660233279], [-23.89049012951056, -17.750489189460158], [-23.868927614566314, -17.836530446302575], [-23.847633833515474, -17.922607336680354], [-23.833930114706195, -18.00969065325094]]]}}, {"type": "Feature", "properties": {"pcode": "XK04010401", "area_name": "Gawanji", "parent_pcode": "XK040104", "level": "village"}, "geometry": {"type": "Polygon", "coordinates": [[[-24.046861520995893, -18.53214926254607], [-24.020373846679327, -18.518312086507898], [-23.888133646, -18.532819629], [-23.889989158730348, -18.470574553709053], [-23.90009068820456, -18.407869934036924], [-23.87620385471655, -18.347059460558043], [-23.874324099, -18.285022549], [-23.924883168177708, -18.245784243633427], [-23.99550846139494, -18.24008017198306], [-24.04537833655508, -18.199690100683068], [-24.092395625315294, -18.15453284947247], [-24.144337917, -18.201999964], [-24.103196325901262, -18.279585219832466], [-24.117709965016225, -18.37360265127825], [-24.064230956068034, -18.447545291386398], [-24.046861520995893, -18.53214926254607]]]}}, {"type": "Feature", "properties": {"pcode": "XK04010402", "area_name": "Nisha", "parent_pcode": "XK040104", "level": "village"}, "geometry": {"type": "Polygon", "coordinates": [[[-23.651132030038312, -18.218105608031077], [-23.636058837485116, -18.138719741480248], [-23.612650453411906, -17.93041110081644], [-23.608228158, -17.921349897], [-23.732313034655263, -18.01050512293243], [-23.90378959745238, -18.009130723457318], [-24.028835960663795, -18.096449276655594], [-24.092395625, -18.154532849], [-24.04537833655508, -18.199690100683068], [-23.99550846139494, -18.24008017198306], [-23.924883168177708, -18.245784243633427], [-23.874324099, -18.285022549], [-23.817271085110207, -18.272479178979907], [-23.757825137816887, -18.267917102625226], [-23.70543574298804, -18.23981888548142], [-23.651132030038312, -18.218105608031077]]]}}, {"type": "Feature", "properties": {"pcode": "XK04010403", "area_name": "Siwo", "parent_pcode": "XK040104", "level": "village"}, "geometry": {"type": "Polygon", "coordinates": [[[-23.888133646116838, -18.532819629314755], [-23.682868577, -18.555338438], [-23.675016467869156, -18.343897591885163], [-23.65113203, -18.218105608], [-23.70543574298804, -18.23981888548142], [-23.757825137816887, -18.267917102625226], [-23.817271085110207, -18.272479178979907], [-23.874324099, -18.285022549], [-23.87620385471655, -18.347059460558043], [-23.90009068820456, -18.407869934036924], [-23.889989158730348, -18.470574553709053], [-23.888133646116838, -18.532819629314755]]]}}, {"type": "Feature", "properties": {"pcode": "XK04020101", "area_name": "Gipu", "parent_pcode": "XK040201", "level": "village"}, "geometry": {"type": "Polygon", "coordinates": [[[-25.026842185832415, -18.597953821992633], [-24.927557956201667, -18.796169162377954], [-24.835594535555224, -19.008740190815995], [-24.804737755, -19.038033873], [-24.760924027152523, -18.99753648932508], [-24.701783392588307, -18.980318853327564], [-24.657422182429283, -18.940653030143366], [-24.608077362, -18.908556718], [-24.604266470042393, -18.847500803385152], [-24.588105439953985, -18.790232115730753], [-24.55950570693462, -18.736777813842256], [-24.53831210732398, -18.681052387006506], [-24.688132405242275, -18.672967185438598], [-25.026842185832415, -18.597953821992633]]]}}, {"type": "Feature", "properties": {"pcode": "XK04020102", "area_name": "Nirime", "parent_pcode": "XK040201", "level": "village"}, "geometry": {"type": "Polygon", "coordinates": [[[-24.804737755409025, -19.038033873381263], [-24.667667925367397, -19.16816022070236], [-24.494951968592787, -19.322378541966653], [-24.492029038, -19.326915148], [-24.427912095559286, -19.27793863155317], [-24.381935689533233, -19.207557366800213], [-24.31670320342472, -19.159897125180546], [-24.306199644, -19.153738663], [-24.365122197777723, -19.07207000823194], [-24.480679076565764, -19.060131776699514], [-24.526937353867023, -18.962870363325855], [-24.608077362, -18.908556718], [-24.657422182429283, -18.940653030143366], [-24.701783392588307, -18.980318853327564], [-24.760924027152523, -18.99753648932508], [-24.804737755409025, -19.038033873381263]]]}}, {"type": "Feature", "properties": {"pcode": "XK04020103", "area_name": "Jeshi", "parent_pcode": "XK040201", "level": "village"}, "geometry": {"type": "Polygon", "coordinates": [[[-24.306199643684778, -19.15373866256727], [-24.246141363, -19.118525203], [-24.268264668477418, -19.007221553903978], [-24.25182986095497, -18.890392193821754], [-24.30159337603553, -18.78304962575336], [-24.310441329561453, -18.66984350355945], [-24.351224675553716, -18.691148746563275], [-24.538312107, -18.681052387], [-24.55950570693462, -18.736777813842256], [-24.588105439953985, -18.790232115730753], [-24.604266470042393, -18.847500803385152], [-24.608077362, -18.908556718], [-24.526937353867023, -18.962870363325855], [-24.480679076565764, -19.060131776699514], [-24.365122197777723, -19.07207000823194], [-24.306199643684778, -19.15373866256727]]]}}, {"type": "Feature", "properties": {"pcode": "XK04020201", "area_name": "Mbobo", "parent_pcode": "XK040202", "level": "village"}, "geometry": {"type": "Polygon", "coordinates": [[[-24.49202903798719, -19.32691514795436], [-24.364045206210285, -19.525555586580232], [-24.295978022, -19.598366734], [-24.262414573113908, -19.588140792157496], [-24.227702103505035, -19.58052115606714], [-24.19681054128723, -19.564234615442913], [-24.168473071, -19.542154668], [-24.12564312131888, -19.45778364527244], [-24.126815933992763, -19.35657963821301], [-24.049562393233202, -19.285377147147052], [-24.03398122690642, -19.19058227077681], [-24.050815761566753, -19.189661752551675], [-24.1440169015351, -19.13355214172908], [-24.246141363, -19.118525203], [-24.31670320342472, -19.159897125180546], [-24.381935689533233, -19.207557366800213], [-24.427912095559286, -19.27793863155317], [-24.49202903798719, -19.32691514795436]]]}}, {"type": "Feature", "properties": {"pcode": "XK04020202", "area_name": "Pusha", "parent_pcode": "XK040202", "level": "village"}, "geometry": {"type": "Polygon", "coordinates": [[[-24.29597802165164, -19.5983667340468], [-24.198988207872695, -19.702116282079434], [-24.118591800030977, -19.929049187244143], [-24.057455423, -20.11978756], [-24.04540419668456, -20.106078188790196], [-24.043249337124458, -20.085998138656173], [-24.027150589536014, -20.07489431543248], [-24.018373727, -20.059077108], [-23.838040346727173, -19.72257984025531], [-23.854515819, -19.638091203], [-23.930984025785097, -19.607492895064635], [-24.00296631436772, -19.56221418876438], [-24.094106047540972, -19.579629206591406], [-24.168473071, -19.542154668], [-24.19681054128723, -19.564234615442913], [-24.227702103505035, -19.58052115606714], [-24.262414573113908, -19.588140792157496], [-24.29597802165164, -19.5983667340468]]]}}, {"type": "Feature", "properties": {"pcode": "XK04020203", "area_name": "Tandi", "parent_pcode": "XK040202", "level": "village"}, "geometry": {"type": "Polygon", "coordinates": [[[-24.168473071, -19.542154668], [-24.094106047540972, -19.579629206591406], [-24.00296631436772, -19.56221418876438], [-23.930984025785097, -19.607492895064635], [-23.854515819263668, -19.638091203488763], [-23.916626544953953, -19.319578303143764], [-23.843579756, -19.205963202], [-23.946664372941658, -19.19535678679747], [-24.033981227, -19.190582271], [-24.049562393233202, -19.285377147147052], [-24.126815933992763, -19.35657963821301], [-24.12564312131888, -19.45778364527244], [-24.168473071, -19.542154668]]]}}, {"type": "Feature", "properties": {"pcode": "XK04020301", "area_name": "Mbotiya", "parent_pcode": "XK040203", "level": "village"}, "geometry": {"type": "Polygon", "coordinates": [[[-24.246141363, -19.118525203], [-24.1440169015351, -19.13355214172908], [-24.050815761566753, -19.189661752551675], [-23.946664372941658, -19.19535678679747], [-23.85775822, -19.204504374], [-23.87251568771521, -19.11488729845055], [-23.93207914758439, -19.045943027702943], [-23.978680440850386, -18.971018209999126], [-24.004482107, -18.88649676], [-24.069648714399776, -18.852553644976833], [-24.147223707039874, -18.87567008611798], [-24.211417303995045, -18.83725261419528], [-24.281570481631896, -18.826240081692195], [-24.25182986095497, -18.890392193821754], [-24.268264668477418, -19.007221553903978], [-24.246141363, -19.118525203]]]}}, {"type": "Feature", "properties": {"pcode": "XK04020302", "area_name": "Shezi", "parent_pcode": "XK040203", "level": "village"}, "geometry": {"type": "Polygon", "coordinates": [[[-23.719996174810905, -18.551265317933133], [-24.020373846679327, -18.518312086507898], [-24.31044133, -18.669843504], [-24.30159337603553, -18.78304962575336], [-24.281570482, -18.826240082], [-24.211417303995045, -18.83725261419528], [-24.147223707039874, -18.87567008611798], [-24.069648714399776, -18.852553644976833], [-24.004482107, -18.88649676], [-23.934202041929566, -18.8019748508342], [-23.831023910489375, -18.74537107791589], [-23.782376679653886, -18.642490995147956], [-23.719996174810905, -18.551265317933133]]]}}, {"type": "Feature", "properties": {"pcode": "XK04020303", "area_name": "Mamwu", "parent_pcode": "XK040203", "level": "village"}, "geometry": {"type": "Polygon", "coordinates": [[[-23.85775822003831, -19.204504374368003], [-23.84357975624817, -19.20596320184957], [-23.70538569914831, -18.991019710508745], [-23.649405635, -18.622581921], [-23.65426255169678, -18.604024927133494], [-23.66924625900561, -18.590507413552345], [-23.678627435914063, -18.574201865481054], [-23.682868577, -18.555338438], [-23.719996175, -18.551265318], [-23.782376679653886, -18.642490995147956], [-23.831023910489375, -18.74537107791589], [-23.934202041929566, -18.8019748508342], [-24.004482107, -18.88649676], [-23.978680440850386, -18.971018209999126], [-23.93207914758439, -19.045943027702943], [-23.87251568771521, -19.11488729845055], [-23.85775822003831, -19.204504374368003]]]}}, {"type": "Feature", "properties": {"pcode": "XK04030101", "area_name": "Yichu", "parent_pcode": "XK040301", "level": "village"}, "geometry": {"type": "Polygon", "coordinates": [[[-23.92569073586632, -19.88613312372096], [-24.018373727, -20.059077108], [-23.867332022, -19.925742648], [-23.879252108875033, -19.911907022709098], [-23.89973220599868, -19.91068329323235], [-23.913851338834014, -19.90008763351817], [-23.92569073586632, -19.88613312372096]]]}}, {"type": "Feature", "properties": {"pcode": "XK04030102", "area_name": "Lorundi", "parent_pcode": "XK040301", "level": "village"}, "geometry": {"type": "Polygon", "coordinates": [[[-23.863910829606976, -19.770853469857986], [-23.925690736, -19.886133124], [-23.913851338834014, -19.90008763351817], [-23.89973220599868, -19.91068329323235], [-23.879252108875033, -19.911907022709098], [-23.86733202234637, -19.925742648284995], [-23.804827867, -19.870566114], [-23.81936622881637, -19.84550026097433], [-23.825207445802885, -19.815281068657118], [-23.85207757848609, -19.797522188274247], [-23.863910829606976, -19.770853469857986]]]}}, {"type": "Feature", "properties": {"pcode": "XK04030103", "area_name": "Tutowo", "parent_pcode": "XK040301", "level": "village"}, "geometry": {"type": "Polygon", "coordinates": [[[-23.85272642834403, -19.749983676031423], [-23.86391083, -19.77085347], [-23.85207757848609, -19.797522188274247], [-23.825207445802885, -19.815281068657118], [-23.81936622881637, -19.84550026097433], [-23.804827867105615, -19.870566114174228], [-23.728159711, -19.802886083], [-23.761008028730984, -19.793679019625426], [-23.7950921198531, -19.78738177156964], [-23.82075655063699, -19.761259160055676], [-23.85272642834403, -19.749983676031423]]]}}, {"type": "Feature", "properties": {"pcode": "XK04030104", "area_name": "Shawoze", "parent_pcode": "XK040301", "level": "village"}, "geometry": {"type": "Polygon", "coordinates": [[[-23.84412851839756, -19.691358804033587], [-23.838040346727173, -19.72257984025531], [-23.852726428, -19.749983676], [-23.82075655063699, -19.761259160055676], [-23.7950921198531, -19.78738177156964], [-23.761008028730984, -19.793679019625426], [-23.728159710562917, -19.802886083328392], [-23.678037843, -19.75864021], [-23.719094372236636, -19.74066914790964], [-23.759332909761564, -19.72067879395813], [-23.80012616165943, -19.702057806226964], [-23.84412851839756, -19.691358804033587]]]}}, {"type": "Feature", "properties": {"pcode": "XK04030201", "area_name": "Ngachi", "parent_pcode": "XK040302", "level": "village"}, "geometry": {"type": "Polygon", "coordinates": [[[-23.91233512206911, -19.312903534075932], [-23.916626544953953, -19.319578303143764], [-23.854031415, -19.640575296], [-23.827360858702722, -19.607646897796602], [-23.79705167609201, -19.578720388755986], [-23.762550960685775, -19.554403874868743], [-23.730069877, -19.527866099], [-23.72712972591242, -19.499879649468244], [-23.731078138551794, -19.47237676982302], [-23.7423994028676, -19.445391456566075], [-23.737832147, -19.417290786], [-23.788574086850346, -19.40309003661315], [-23.832731118540284, -19.377881371584515], [-23.868286007503954, -19.338292602967105], [-23.91233512206911, -19.312903534075932]]]}}, {"type": "Feature", "properties": {"pcode": "XK04030202", "area_name": "Viha", "parent_pcode": "XK040302", "level": "village"}, "geometry": {"type": "Polygon", "coordinates": [[[-23.848744844213147, -19.21399684717104], [-23.912335122, -19.312903534], [-23.868286007503954, -19.338292602967105], [-23.832731118540284, -19.377881371584515], [-23.788574086850346, -19.40309003661315], [-23.737832147, -19.417290786], [-23.70371183559667, -19.392622512267316], [-23.66546602512756, -19.3734781664786], [-23.63272836771101, -19.34695855770194], [-23.60291229426266, -19.316527030440838], [-23.718135558901842, -19.288256112767517], [-23.848744844213147, -19.21399684717104]]]}}, {"type": "Feature", "properties": {"pcode": "XK04030203", "area_name": "Nuku", "parent_pcode": "XK040302", "level": "village"}, "geometry": {"type": "Polygon", "coordinates": [[[-23.854031415305858, -19.640575296158644], [-23.844128518, -19.691358804], [-23.80012616165943, -19.702057806226964], [-23.759332909761564, -19.72067879395813], [-23.719094372236636, -19.74066914790964], [-23.678037842915924, -19.758640209891077], [-23.66532773939953, -19.747420164478044], [-23.507430754, -19.62720605], [-23.51878446991878, -19.60643210900919], [-23.53658720190058, -19.5906078563997], [-23.54713387656197, -19.569214502664998], [-23.564400797, -19.552979009], [-23.605507567261157, -19.544652424456768], [-23.64588973413791, -19.531545654102402], [-23.687143531680977, -19.52418900392875], [-23.730069877, -19.527866099], [-23.762550960685775, -19.554403874868743], [-23.79705167609201, -19.578720388755986], [-23.827360858702722, -19.607646897796602], [-23.854031415305858, -19.640575296158644]]]}}, {"type": "Feature", "properties": {"pcode": "XK04030204", "area_name": "Kevi", "parent_pcode": "XK040302", "level": "village"}, "geometry": {"type": "Polygon", "coordinates": [[[-23.540030327461583, -19.334613373701025], [-23.5691684917353, -19.324806332943012], [-23.602912294, -19.31652703], [-23.63272836771101, -19.34695855770194], [-23.66546602512756, -19.3734781664786], [-23.70371183559667, -19.392622512267316], [-23.737832147, -19.417290786], [-23.7423994028676, -19.445391456566075], [-23.731078138551794, -19.47237676982302], [-23.72712972591242, -19.499879649468244], [-23.730069877, -19.527866099], [-23.687143531680977, -19.52418900392875], [-23.64588973413791, -19.531545654102402], [-23.605507567261157, -19.544652424456768], [-23.564400797, -19.552979009], [-23.570856846003085, -19.4969871193522], [-23.55318127634731, -19.443688413952813], [-23.54580407144909, -19.389240370245812], [-23.540030327461583, -19.334613373701025]]]}}, {"type": "Feature", "properties": {"pcode": "XK04030205", "area_name": "Yofa", "parent_pcode": "XK040302", "level": "village"}, "geometry": {"type": "Polygon", "coordinates": [[[-23.507430754106487, -19.62720604981281], [-23.309502714, -19.476514483], [-23.425885006232875, -19.373031298972872], [-23.540030327, -19.334613374], [-23.54580407144909, -19.389240370245812], [-23.55318127634731, -19.443688413952813], [-23.570856846003085, -19.4969871193522], [-23.564400797, -19.552979009], [-23.54713387656197, -19.569214502664998], [-23.53658720190058, -19.5906078563997], [-23.51878446991878, -19.60643210900919], [-23.507430754106487, -19.62720604981281]]]}}, {"type": "Feature", "properties": {"pcode": "XK04030301", "area_name": "Mwelaje", "parent_pcode": "XK040303", "level": "village"}, "geometry": {"type": "Polygon", "coordinates": [[[-23.730730973198007, -19.030441099615345], [-23.848744844, -19.213996847], [-23.718135558901842, -19.288256112767517], [-23.602517449, -19.316623909], [-23.593356593314823, -19.271239617652594], [-23.580567233976293, -19.2270621048062], [-23.55615836809554, -19.186749041889346], [-23.544504945, -19.142193736], [-23.555123194156106, -19.127995711728722], [-23.558027198098966, -19.110009840280153], [-23.57061820268912, -19.096780477996642], [-23.575224701, -19.079630565], [-23.611476207203644, -19.059034397904725], [-23.6523771081497, -19.05313670422135], [-23.695207522805806, -19.053338924082947], [-23.730730973198007, -19.030441099615345]]]}}, {"type": "Feature", "properties": {"pcode": "XK04030302", "area_name": "Ndazu", "parent_pcode": "XK040303", "level": "village"}, "geometry": {"type": "Polygon", "coordinates": [[[-23.66347602876201, -18.715187473602757], [-23.70538569914831, -18.991019710508745], [-23.730730973, -19.0304411], [-23.695207522805806, -19.053338924082947], [-23.6523771081497, -19.05313670422135], [-23.611476207203644, -19.059034397904725], [-23.575224701, -19.079630565], [-23.564873323317844, -19.039676165251226], [-23.527614001160266, -19.015098721460674], [-23.51382695122932, -18.97710768910716], [-23.496184839, -18.941319691], [-23.552709767796028, -18.895663180891646], [-23.59955057742617, -18.842842420413064], [-23.615450435341273, -18.767131738715772], [-23.66347602876201, -18.715187473602757]]]}}, {"type": "Feature", "properties": {"pcode": "XK04030303", "area_name": "Yulo", "parent_pcode": "XK040303", "level": "village"}, "geometry": {"type": "Polygon", "coordinates": [[[-23.33624838300378, -18.782595211673076], [-23.357088209794387, -18.775676516151886], [-23.649405635, -18.622581921], [-23.663476029, -18.715187474], [-23.615450435341273, -18.767131738715772], [-23.59955057742617, -18.842842420413064], [-23.552709767796028, -18.895663180891646], [-23.496184839, -18.941319691], [-23.45324828432614, -18.928477467779476], [-23.40844545906152, -18.923143452746107], [-23.368700258686896, -18.897462066439395], [-23.32240687269827, -18.898124736560696], [-23.33624838300378, -18.782595211673076]]]}}, {"type": "Feature", "properties": {"pcode": "XK04030304", "area_name": "Komi", "parent_pcode": "XK040303", "level": "village"}, "geometry": {"type": "Polygon", "coordinates": [[[-23.345119456348637, -19.161679300491624], [-23.356502278160082, -19.1213659218409], [-23.316346534543655, -18.948707944043644], [-23.322406873, -18.898124737], [-23.368700258686896, -18.897462066439395], [-23.40844545906152, -18.923143452746107], [-23.45324828432614, -18.928477467779476], [-23.496184839, -18.941319691], [-23.51382695122932, -18.97710768910716], [-23.527614001160266, -19.015098721460674], [-23.564873323317844, -19.039676165251226], [-23.575224701, -19.079630565], [-23.57061820268912, -19.096780477996642], [-23.558027198098966, -19.110009840280153], [-23.555123194156106, -19.127995711728722], [-23.544504945, -19.142193736], [-23.49350880276156, -19.135300137729885], [-23.444662893179245, -19.150408735013592], [-23.394206414630997, -19.149037230369473], [-23.345119456348637, -19.161679300491624]]]}}, {"type": "Feature", "properties": {"pcode": "XK04030305", "area_name": "Kalana", "parent_pcode": "XK040303", "level": "village"}, "geometry": {"type": "Polygon", "coordinates": [[[-23.602517448546212, -19.31662390888616], [-23.5691684917353, -19.324806332943012], [-23.425885006232875, -19.373031298972872], [-23.309502714455814, -19.47651448266401], [-23.29464921426814, -19.465205841299333], [-23.263750209, -19.447820923], [-23.310405040168188, -19.284623806458868], [-23.345119456, -19.1616793], [-23.394206414630997, -19.149037230369473], [-23.444662893179245, -19.150408735013592], [-23.49350880276156, -19.135300137729885], [-23.544504945, -19.142193736], [-23.55615836809554, -19.186749041889346], [-23.580567233976293, -19.2270621048062], [-23.593356593314823, -19.271239617652594], [-23.602517448546212, -19.31662390888616]]]}}, {"type": "Feature", "properties": {"pcode": "XK04030401", "area_name": "Nyapimwu", "parent_pcode": "XK040304", "level": "village"}, "geometry": {"type": "Polygon", "coordinates": [[[-23.116724185515967, -18.855475907797956], [-23.336248383, -18.782595212], [-23.316346534543655, -18.948707944043644], [-23.350647787, -19.096193318], [-23.335784194637117, -19.095288757000752], [-23.32072617431759, -19.09600464620992], [-23.306569668303652, -19.089206908934653], [-23.291609214, -19.089109639], [-23.257309925605398, -19.02364845219639], [-23.194348772006023, -18.97964192040948], [-23.15325535578786, -18.91926643432885], [-23.116724185515967, -18.855475907797956]]]}}, {"type": "Feature", "properties": {"pcode": "XK04030402", "area_name": "Gagi", "parent_pcode": "XK040304", "level": "village"}, "geometry": {"type": "Polygon", "coordinates": [[[-23.350647786990113, -19.096193318486954], [-23.356502278160082, -19.1213659218409], [-23.310405040168188, -19.284623806458868], [-23.263750208861353, -19.447820922803157], [-23.092268109, -19.351338778], [-23.100123924372433, -19.29988356143257], [-23.125322965039864, -19.2517719498183], [-23.131747627603104, -19.20004082092544], [-23.131652469, -19.147052734], [-23.170552923370632, -19.12956142511934], [-23.20707914190967, -19.105515840263543], [-23.249652088269354, -19.09816275172834], [-23.291609214, -19.089109639], [-23.306569668303652, -19.089206908934653], [-23.32072617431759, -19.09600464620992], [-23.335784194637117, -19.095288757000752], [-23.350647786990113, -19.096193318486954]]]}}, {"type": "Feature", "properties": {"pcode": "XK04030403", "area_name": "Filo", "parent_pcode": "XK040304", "level": "village"}, "geometry": {"type": "Polygon", "coordinates": [[[-23.044604188905847, -18.87936809657087], [-23.045088744847188, -18.87925843755809], [-23.116724186, -18.855475908], [-23.15325535578786, -18.91926643432885], [-23.194348772006023, -18.97964192040948], [-23.257309925605398, -19.02364845219639], [-23.291609214, -19.089109639], [-23.249652088269354, -19.09816275172834], [-23.20707914190967, -19.105515840263543], [-23.170552923370632, -19.12956142511934], [-23.131652469, -19.147052734], [-23.108890732225053, -19.13599742310784], [-23.0842612270787, -19.1278899870823], [-23.0658662147826, -19.109942730948067], [-23.046693515, -19.093222889], [-23.059759211709633, -19.03962643820844], [-23.044240488885507, -18.98630925247504], [-23.05289897727218, -18.932755859380947], [-23.044604188905847, -18.87936809657087]]]}}, {"type": "Feature", "properties": {"pcode": "XK04030404", "area_name": "Tindizi", "parent_pcode": "XK040304", "level": "village"}, "geometry": {"type": "Polygon", "coordinates": [[[-23.092268109092764, -19.351338777543717], [-22.89097656882823, -19.238084743137165], [-22.887857182, -19.237202237], [-22.892297583286116, -19.15673813224858], [-22.88581709, -19.137774651], [-22.924269192140123, -19.120256058166717], [-22.96902962757412, -19.12551685861593], [-23.004758419889082, -19.098164393244918], [-23.046693515, -19.093222889], [-23.0658662147826, -19.109942730948067], [-23.0842612270787, -19.1278899870823], [-23.108890732225053, -19.13599742310784], [-23.131652469, -19.147052734], [-23.131747627603104, -19.20004082092544], [-23.125322965039864, -19.2517719498183], [-23.100123924372433, -19.29988356143257], [-23.092268109092764, -19.351338777543717]]]}}, {"type": "Feature", "properties": {"pcode": "XK04030405", "area_name": "Wale", "parent_pcode": "XK040304", "level": "village"}, "geometry": {"type": "Polygon", "coordinates": [[[-22.884730283975415, -18.91554888208745], [-23.044604189, -18.879368097], [-23.05289897727218, -18.932755859380947], [-23.044240488885507, -18.98630925247504], [-23.059759211709633, -19.03962643820844], [-23.046693515, -19.093222889], [-23.004758419889082, -19.098164393244918], [-22.96902962757412, -19.12551685861593], [-22.924269192140123, -19.120256058166717], [-22.885817089833385, -19.13777465097209], [-22.864905897836202, -19.07658347767638], [-22.874935641957894, -18.99606503708589], [-22.884730283975415, -18.91554888208745]]]}}, {"type": "Feature", "properties": {"pcode": "XK04030501", "area_name": "Fakenji", "parent_pcode": "XK040305", "level": "village"}, "geometry": {"type": "Polygon", "coordinates": [[[-22.865827271029346, -19.069186725394996], [-22.864905897836202, -19.07658347767638], [-22.892297583286116, -19.15673813224858], [-22.88785718197382, -19.23720223740348], [-22.690515543, -19.181372314], [-22.692890053576726, -19.161793037730114], [-22.703105047737573, -19.14463404642791], [-22.712157901182547, -19.127116313005434], [-22.713414352, -19.107191902], [-22.75245899841454, -19.10146598976802], [-22.7911554964232, -19.094343891043216], [-22.829409492426176, -19.085447217703226], [-22.865827271029346, -19.069186725394996]]]}}, {"type": "Feature", "properties": {"pcode": "XK04030502", "area_name": "Goli", "parent_pcode": "XK040305", "level": "village"}, "geometry": {"type": "Polygon", "coordinates": [[[-22.65796900295295, -18.98611320624495], [-22.72106351715739, -18.95258802358469], [-22.884730284, -18.915548882], [-22.874935641957894, -18.99606503708589], [-22.865827271, -19.069186725], [-22.829409492426176, -19.085447217703226], [-22.7911554964232, -19.094343891043216], [-22.75245899841454, -19.10146598976802], [-22.713414352, -19.107191902], [-22.695479380196367, -19.07878766012792], [-22.688108588263496, -19.04554578241085], [-22.668557203933755, -19.017881741413063], [-22.65796900295295, -18.98611320624495]]]}}, {"type": "Feature", "properties": {"pcode": "XK04030503", "area_name": "Pujufi", "parent_pcode": "XK040305", "level": "village"}, "geometry": {"type": "Polygon", "coordinates": [[[-22.429477264, -19.107521975], [-22.657969003, -18.986113206], [-22.668557203933755, -19.017881741413063], [-22.688108588263496, -19.04554578241085], [-22.695479380196367, -19.07878766012792], [-22.713414352, -19.107191902], [-22.712157901182547, -19.127116313005434], [-22.703105047737573, -19.14463404642791], [-22.692890053576726, -19.161793037730114], [-22.690515542774552, -19.181372314339626], [-22.429477264, -19.107521975]]]}}, {"type": "Feature", "properties": {"pcode": "XK04040101", "area_name": "Mwamwi", "parent_pcode": "XK040401", "level": "village"}, "geometry": {"type": "Polygon", "coordinates": [[[-23.67577345428085, -18.364281649813968], [-23.682868577, -18.555338438], [-23.678627435914063, -18.574201865481054], [-23.66924625900561, -18.590507413552345], [-23.65426255169678, -18.604024927133494], [-23.649405635, -18.622581921], [-23.488203605, -18.707007813], [-23.452022322751535, -18.660326189361786], [-23.407912240491456, -18.62170979378794], [-23.358849343656416, -18.588131434114747], [-23.321256972, -18.54288518], [-23.32103733326689, -18.54208817128572], [-23.320970975442407, -18.54125759910713], [-23.32059360899852, -18.540495127560195], [-23.32055064, -18.539659434], [-23.361718360885146, -18.50080615466353], [-23.386282789929272, -18.44869799975406], [-23.435372410404955, -18.416168996011844], [-23.460424893, -18.364450468], [-23.51425466225617, -18.355005635142042], [-23.568091150370172, -18.354131549270097], [-23.621930200162353, -18.356525205641777], [-23.67577345428085, -18.364281649813968]]]}}, {"type": "Feature", "properties": {"pcode": "XK04040102", "area_name": "Niga", "parent_pcode": "XK040401", "level": "village"}, "geometry": {"type": "Polygon", "coordinates": [[[-23.560715862177037, -17.823998072050376], [-23.612650453411906, -17.93041110081644], [-23.636058837485116, -18.138719741480248], [-23.675016467869156, -18.343897591885163], [-23.675773454, -18.36428165], [-23.621930200162353, -18.356525205641777], [-23.568091150370172, -18.354131549270097], [-23.51425466225617, -18.355005635142042], [-23.460424893, -18.364450468], [-23.399953650932968, -18.310829026988447], [-23.350163354908204, -18.248486299262343], [-23.318741430994073, -18.171145289640375], [-23.25858956932655, -18.117263065846274], [-23.404598892914297, -17.979995002168373], [-23.560715862177037, -17.823998072050376]]]}}, {"type": "Feature", "properties": {"pcode": "XK04040103", "area_name": "Ndanya", "parent_pcode": "XK040401", "level": "village"}, "geometry": {"type": "Polygon", "coordinates": [[[-23.488203605311575, -18.70700781335128], [-23.357088209794387, -18.775676516151886], [-23.163983976, -18.839785945], [-23.21134391144939, -18.769820561301483], [-23.24832063588178, -18.69435502773052], [-23.284370817217543, -18.618398689736303], [-23.321256972, -18.54288518], [-23.358849343656416, -18.588131434114747], [-23.407912240491456, -18.62170979378794], [-23.452022322751535, -18.660326189361786], [-23.488203605311575, -18.70700781335128]]]}}, {"type": "Feature", "properties": {"pcode": "XK04040104", "area_name": "Sotira", "parent_pcode": "XK040401", "level": "village"}, "geometry": {"type": "Polygon", "coordinates": [[[-23.460424893, -18.364450468], [-23.435372410404955, -18.416168996011844], [-23.386282789929272, -18.44869799975406], [-23.361718360885146, -18.50080615466353], [-23.32055064, -18.539659434], [-23.25114557717858, -18.52781784221842], [-23.19958074518282, -18.469514229243444], [-23.129324334951548, -18.45988983531014], [-23.06275184057553, -18.44067127211417], [-23.13601905531631, -18.32649038013503], [-23.243150227864707, -18.131778087591822], [-23.258589569, -18.117263066], [-23.318741430994073, -18.171145289640375], [-23.350163354908204, -18.248486299262343], [-23.399953650932968, -18.310829026988447], [-23.460424893, -18.364450468]]]}}, {"type": "Feature", "properties": {"pcode": "XK04040105", "area_name": "Shubo", "parent_pcode": "XK040401", "level": "village"}, "geometry": {"type": "Polygon", "coordinates": [[[-23.163983975964445, -18.839785945363477], [-23.162800868, -18.84017873], [-23.116724978565465, -18.762380044619295], [-23.059155908023897, -18.689682877309767], [-23.04620930462585, -18.59717898108914], [-23.017070041, -18.511862577], [-23.062751841, -18.440671272], [-23.129324334951548, -18.45988983531014], [-23.19958074518282, -18.469514229243444], [-23.25114557717858, -18.52781784221842], [-23.32055064, -18.539659434], [-23.32059360899852, -18.540495127560195], [-23.320970975442407, -18.54125759910713], [-23.32103733326689, -18.54208817128572], [-23.321256972, -18.54288518], [-23.284370817217543, -18.618398689736303], [-23.24832063588178, -18.69435502773052], [-23.21134391144939, -18.769820561301483], [-23.163983975964445, -18.839785945363477]]]}}, {"type": "Feature", "properties": {"pcode": "XK04040201", "area_name": "Lichi", "parent_pcode": "XK040402", "level": "village"}, "geometry": {"type": "Polygon", "coordinates": [[[-23.18155278116685, -17.754241867662735], [-23.459292015417308, -17.748797633346594], [-23.517987899, -17.736449256], [-23.560715862, -17.823998072], [-23.404598892914297, -17.979995002168373], [-23.256941085, -18.118812859], [-23.22424441314659, -18.030534018604808], [-23.206965364299364, -17.939067024245524], [-23.21413677504666, -17.84254400862741], [-23.18155278116685, -17.754241867662735]]]}}, {"type": "Feature", "properties": {"pcode": "XK04040202", "area_name": "Chaja", "parent_pcode": "XK040402", "level": "village"}, "geometry": {"type": "Polygon", "coordinates": [[[-22.794008950821844, -17.955109764707615], [-23.021373861, -17.757381689], [-23.181552781, -17.754241868], [-23.21413677504666, -17.84254400862741], [-23.206965364299364, -17.939067024245524], [-23.22424441314659, -18.030534018604808], [-23.256941084509673, -18.11881285947078], [-23.243150227864707, -18.131778087591822], [-23.19910979, -18.211822154], [-23.08009847588539, -18.17563222976605], [-22.97776075968187, -18.113130803663246], [-22.91304124742943, -17.99126657843096], [-22.794008950821844, -17.955109764707615]]]}}, {"type": "Feature", "properties": {"pcode": "XK04040203", "area_name": "Chonjuwi", "parent_pcode": "XK040402", "level": "village"}, "geometry": {"type": "Polygon", "coordinates": [[[-22.561516865273525, -18.23536540911701], [-22.603102460674723, -18.12113174631994], [-22.794008951, -17.955109765], [-22.91304124742943, -17.99126657843096], [-22.97776075968187, -18.113130803663246], [-23.08009847588539, -18.17563222976605], [-23.19910978988227, -18.21182215357358], [-23.13601905531631, -18.32649038013503], [-23.017070041, -18.511862577], [-22.916661932794153, -18.420528504350106], [-22.778083783818833, -18.392082899695602], [-22.664992943108068, -18.321644733917978], [-22.561516865273525, -18.23536540911701]]]}}, {"type": "Feature", "properties": {"pcode": "XK04040301", "area_name": "Zishe", "parent_pcode": "XK040403", "level": "village"}, "geometry": {"type": "Polygon", "coordinates": [[[-22.85167548705799, -18.407188892319052], [-22.916661932794153, -18.420528504350106], [-23.017070041, -18.511862577], [-23.04620930462585, -18.59717898108914], [-23.059155908023897, -18.689682877309767], [-23.116724978565465, -18.762380044619295], [-23.16280086783148, -18.840178729925963], [-23.045088744847188, -18.87925843755809], [-22.857968829, -18.92160522], [-22.831636402118978, -18.859353267850008], [-22.784201414343677, -18.812181476459433], [-22.741071570172885, -18.761933174214388], [-22.704571446, -18.706947189], [-22.744955630556117, -18.633778298085122], [-22.78330355767117, -18.55961012974875], [-22.83434326763817, -18.491670354633523], [-22.85167548705799, -18.407188892319052]]]}}, {"type": "Feature", "properties": {"pcode": "XK04040302", "area_name": "Pime", "parent_pcode": "XK040403", "level": "village"}, "geometry": {"type": "Polygon", "coordinates": [[[-22.704571446, -18.706947189], [-22.741071570172885, -18.761933174214388], [-22.784201414343677, -18.812181476459433], [-22.831636402118978, -18.859353267850008], [-22.857968829247273, -18.921605220387637], [-22.72106351715739, -18.95258802358469], [-22.536137454, -19.050848231], [-22.515679194881553, -19.029227676915163], [-22.515045694583645, -18.99644084118991], [-22.487525332952575, -18.978798011441764], [-22.479449222, -18.950203221], [-22.503236139235568, -18.89278081976775], [-22.53635640440015, -18.83810861783626], [-22.54486863782943, -18.77618532099368], [-22.549324722, -18.713066824], [-22.58830043244682, -18.71569811673646], [-22.626848973193486, -18.707492701639662], [-22.665871035415318, -18.711299875163395], [-22.704571446, -18.706947189]]]}}, {"type": "Feature", "properties": {"pcode": "XK04040303", "area_name": "Kangangi", "parent_pcode": "XK040403", "level": "village"}, "geometry": {"type": "Polygon", "coordinates": [[[-22.420828537738462, -18.621829587653572], [-22.561516865, -18.235365409], [-22.664992943108068, -18.321644733917978], [-22.778083783818833, -18.392082899695602], [-22.851675487, -18.407188892], [-22.83434326763817, -18.491670354633523], [-22.78330355767117, -18.55961012974875], [-22.744955630556117, -18.633778298085122], [-22.704571446, -18.706947189], [-22.665871035415318, -18.711299875163395], [-22.626848973193486, -18.707492701639662], [-22.58830043244682, -18.71569811673646], [-22.549324722, -18.713066824], [-22.515450457583306, -18.692722477745168], [-22.487707733374734, -18.66374262746447], [-22.459269438881808, -18.635742400538902], [-22.420828537738462, -18.621829587653572]]]}}, {"type": "Feature", "properties": {"pcode": "XK04040304", "area_name": "Lase", "parent_pcode": "XK040403", "level": "village"}, "geometry": {"type": "Polygon", "coordinates": [[[-22.277869402189697, -18.907840306144656], [-22.414961302276744, -18.63794660587261], [-22.420828538, -18.621829588], [-22.459269438881808, -18.635742400538902], [-22.487707733374734, -18.66374262746447], [-22.515450457583306, -18.692722477745168], [-22.549324722, -18.713066824], [-22.54486863782943, -18.77618532099368], [-22.53635640440015, -18.83810861783626], [-22.503236139235568, -18.89278081976775], [-22.479449222, -18.950203221], [-22.43058236304617, -18.932341195505423], [-22.37455075484653, -18.94857193400777], [-22.328656019697075, -18.916567345814137], [-22.277869402189697, -18.907840306144656]]]}}, {"type": "Feature", "properties": {"pcode": "XK04040305", "area_name": "Tuya", "parent_pcode": "XK040403", "level": "village"}, "geometry": {"type": "Polygon", "coordinates": [[[-22.176701647815786, -19.10700991105094], [-22.277869402, -18.907840306], [-22.328656019697075, -18.916567345814137], [-22.37455075484653, -18.94857193400777], [-22.43058236304617, -18.932341195505423], [-22.479449222, -18.950203221], [-22.487525332952575, -18.978798011441764], [-22.515045694583645, -18.99644084118991], [-22.515679194881553, -19.029227676915163], [-22.536137453656718, -19.050848231079357], [-22.429477264, -19.107521975], [-22.366311499652177, -19.093503082248105], [-22.30307314839824, -19.115316038458047], [-22.23991031272263, -19.099851433994157], [-22.176701647815786, -19.10700991105094]]]}}, {"type": "Feature", "properties": {"pcode": "XK04050101", "area_name": "Kaye", "parent_pcode": "XK040501", "level": "village"}, "geometry": {"type": "Polygon", "coordinates": [[[-24.057455422551, -20.119787559616412], [-24.045106922018395, -20.158313442076473], [-23.81608379041454, -20.22732785720215], [-23.60888015295667, -20.346831986540856], [-23.594795582, -20.357845856], [-23.57726995573101, -20.34069723227456], [-23.554181432669484, -20.328852640948007], [-23.545282306694496, -20.303478943352832], [-23.52715497, -20.28690403], [-23.528052848853708, -20.178663452965548], [-23.46340974519564, -20.08575644758727], [-23.465756170636926, -19.977176977358873], [-23.431304624157637, -19.877206537824936], [-23.432316402039795, -19.876351590223518], [-23.598261181792665, -19.861454960339767], [-23.75932512134994, -19.830397843836014], [-24.018373727, -20.059077108], [-24.027150589536014, -20.07489431543248], [-24.043249337124458, -20.085998138656173], [-24.04540419668456, -20.106078188790196], [-24.057455422551, -20.119787559616412]]]}}, {"type": "Feature", "properties": {"pcode": "XK04050102", "area_name": "Ndinyo", "parent_pcode": "XK040501", "level": "village"}, "geometry": {"type": "Polygon", "coordinates": [[[-23.594795582191313, -20.35784585606784], [-23.419363227870225, -20.4950306587497], [-23.193281497644666, -20.577289777374357], [-23.106897357, -20.511729299], [-23.12718351949504, -20.45613272229446], [-23.174303271289556, -20.41458214586043], [-23.17725101189713, -20.349909799386598], [-23.215721098, -20.303831569], [-23.2939707284485, -20.30679631430459], [-23.371168329151107, -20.290405753606144], [-23.44811945682067, -20.269480567347234], [-23.52715497, -20.28690403], [-23.545282306694496, -20.303478943352832], [-23.554181432669484, -20.328852640948007], [-23.57726995573101, -20.34069723227456], [-23.594795582191313, -20.35784585606784]]]}}, {"type": "Feature", "properties": {"pcode": "XK04050103", "area_name": "Tila", "parent_pcode": "XK040501", "level": "village"}, "geometry": {"type": "Polygon", "coordinates": [[[-23.52715497, -20.28690403], [-23.44811945682067, -20.269480567347234], [-23.371168329151107, -20.290405753606144], [-23.2939707284485, -20.30679631430459], [-23.215721098, -20.303831569], [-23.19650317354199, -20.236990938600552], [-23.12845783933892, -20.19788120571565], [-23.099024424254797, -20.136842331442377], [-23.082160993391135, -20.068664497355392], [-23.134541029, -20.019097085], [-23.2965270439387, -19.991092965829285], [-23.431304624, -19.877206538], [-23.465756170636926, -19.977176977358873], [-23.46340974519564, -20.08575644758727], [-23.528052848853708, -20.178663452965548], [-23.52715497, -20.28690403]]]}}, {"type": "Feature", "properties": {"pcode": "XK04050104", "area_name": "Yinja", "parent_pcode": "XK040501", "level": "village"}, "geometry": {"type": "Polygon", "coordinates": [[[-23.106897357266146, -20.511729299111156], [-23.004982986878264, -20.434382290328692], [-22.914624203, -20.350510039], [-22.95093982793329, -20.255272143924557], [-22.999581691361467, -20.168213613033878], [-23.060413637458765, -20.08924409694155], [-23.082160993, -20.068664497], [-23.099024424254797, -20.136842331442377], [-23.12845783933892, -20.19788120571565], [-23.19650317354199, -20.236990938600552], [-23.215721098, -20.303831569], [-23.17725101189713, -20.349909799386598], [-23.174303271289556, -20.41458214586043], [-23.12718351949504, -20.45613272229446], [-23.106897357266146, -20.511729299111156]]]}}, {"type": "Feature", "properties": {"pcode": "XK04050201", "area_name": "Wawa", "parent_pcode": "XK040502", "level": "village"}, "geometry": {"type": "Polygon", "coordinates": [[[-23.548984097005647, -19.658842488491292], [-23.66532773939953, -19.747420164478044], [-23.759325121, -19.830397844], [-23.598261181792665, -19.861454960339767], [-23.432316402039795, -19.876351590223518], [-23.2965270439387, -19.991092965829285], [-23.134541029, -20.019097085], [-23.123573596, -19.896426785], [-23.15133166655937, -19.871940312280927], [-23.163970180031665, -19.83532763012272], [-23.192925600071572, -19.81180145739718], [-23.214841507, -19.782629444], [-23.29904168087003, -19.753476484971493], [-23.38412547017731, -19.726708700926736], [-23.460142709147114, -19.67546725091569], [-23.548984097005647, -19.658842488491292]]]}}, {"type": "Feature", "properties": {"pcode": "XK04050202", "area_name": "Vonyi", "parent_pcode": "XK040502", "level": "village"}, "geometry": {"type": "Polygon", "coordinates": [[[-23.229896129212925, -19.428773370699048], [-23.29464921426814, -19.465205841299333], [-23.548984097, -19.658842488], [-23.460142709147114, -19.67546725091569], [-23.38412547017731, -19.726708700926736], [-23.29904168087003, -19.753476484971493], [-23.214841507, -19.782629444], [-23.211629697501298, -19.693868658231107], [-23.21621763874607, -19.605439708788044], [-23.237708858432963, -19.517729900506946], [-23.229896129212925, -19.428773370699048]]]}}, {"type": "Feature", "properties": {"pcode": "XK04050203", "area_name": "Hinyimbe", "parent_pcode": "XK040502", "level": "village"}, "geometry": {"type": "Polygon", "coordinates": [[[-23.012106584481597, -19.30623695133451], [-23.229896129, -19.428773371], [-23.237708858432963, -19.517729900506946], [-23.21621763874607, -19.605439708788044], [-23.211629697501298, -19.693868658231107], [-23.214841507, -19.782629444], [-23.192925600071572, -19.81180145739718], [-23.163970180031665, -19.83532763012272], [-23.15133166655937, -19.871940312280927], [-23.12357359568213, -19.896426785294906], [-23.118385638766554, -19.838399696253543], [-23.00793076568142, -19.673898338532066], [-23.078755815491576, -19.47826197172432], [-23.012106584481597, -19.30623695133451]]]}}, {"type": "Feature", "properties": {"pcode": "XK04050301", "area_name": "Hizo", "parent_pcode": "XK040503", "level": "village"}, "geometry": {"type": "Polygon", "coordinates": [[[-22.838391638, -19.886531619], [-22.89057416138693, -19.84530290381019], [-22.94605643331102, -19.807377134480483], [-22.96737047358177, -19.735250025862257], [-23.025315152768883, -19.699789050269512], [-23.118385638766554, -19.838399696253543], [-23.134541029, -20.019097085], [-23.060413637458765, -20.08924409694155], [-23.041780894, -20.113432354], [-22.981973706497755, -20.064738620679087], [-22.923999536487866, -20.01440180733904], [-22.887896451588762, -19.944460193121657], [-22.838391638, -19.886531619]]]}}, {"type": "Feature", "properties": {"pcode": "XK04050302", "area_name": "Mili", "parent_pcode": "XK040503", "level": "village"}, "geometry": {"type": "Polygon", "coordinates": [[[-22.70952508636473, -19.50861710592464], [-22.786460520759913, -19.369740875015676], [-22.896009150452965, -19.24091625891638], [-23.012106584, -19.306236951], [-23.078755815491576, -19.47826197172432], [-23.022833725, -19.632732666], [-22.946777446924035, -19.62418966176408], [-22.881697682258952, -19.58165280982547], [-22.806158459658167, -19.57150850430023], [-22.73734078, -19.540547834], [-22.730775866507205, -19.532226275187565], [-22.725473406631565, -19.522804959942892], [-22.715301834751735, -19.51762525577456], [-22.70952508636473, -19.50861710592464]]]}}, {"type": "Feature", "properties": {"pcode": "XK04050303", "area_name": "Dashi", "parent_pcode": "XK040503", "level": "village"}, "geometry": {"type": "Polygon", "coordinates": [[[-22.914624202651794, -20.35051003946137], [-22.83172911971805, -20.27356569751382], [-22.727333924307597, -20.06093976213625], [-22.636299346, -19.932916274], [-22.654365604129335, -19.91969668735491], [-22.67474757326494, -19.910505859861736], [-22.693004378385734, -19.897617777421466], [-22.713464157, -19.888562319], [-22.744787299308417, -19.89366964786245], [-22.776125649443404, -19.8997125533563], [-22.807078304468575, -19.88202772038379], [-22.838391638, -19.886531619], [-22.887896451588762, -19.944460193121657], [-22.923999536487866, -20.01440180733904], [-22.981973706497755, -20.064738620679087], [-23.041780894105848, -20.113432353613447], [-22.999581691361467, -20.168213613033878], [-22.95093982793329, -20.255272143924557], [-22.914624202651794, -20.35051003946137]]]}}, {"type": "Feature", "properties": {"pcode": "XK04050304", "area_name": "Njata", "parent_pcode": "XK040503", "level": "village"}, "geometry": {"type": "Polygon", "coordinates": [[[-22.73734078, -19.540547834], [-22.806158459658167, -19.57150850430023], [-22.881697682258952, -19.58165280982547], [-22.946777446924035, -19.62418966176408], [-23.022833725128216, -19.632732665529797], [-23.00793076568142, -19.673898338532066], [-23.025315153, -19.69978905], [-22.96737047358177, -19.735250025862257], [-22.94605643331102, -19.807377134480483], [-22.89057416138693, -19.84530290381019], [-22.838391638, -19.886531619], [-22.807078304468575, -19.88202772038379], [-22.776125649443404, -19.8997125533563], [-22.744787299308417, -19.89366964786245], [-22.713464157, -19.888562319], [-22.706653526903903, -19.800681900542354], [-22.752757774164984, -19.71643187286499], [-22.74921946238295, -19.628775962047367], [-22.73734078, -19.540547834]]]}}, {"type": "Feature", "properties": {"pcode": "XK04050305", "area_name": "Rakihi", "parent_pcode": "XK040503", "level": "village"}, "geometry": {"type": "Polygon", "coordinates": [[[-22.636299346459467, -19.932916273540542], [-22.590065563357584, -19.867896911188414], [-22.471112215, -19.766955559], [-22.54575796221939, -19.609938890426154], [-22.703290086352908, -19.519871910790126], [-22.709525086, -19.508617106], [-22.715301834751735, -19.51762525577456], [-22.725473406631565, -19.522804959942892], [-22.730775866507205, -19.532226275187565], [-22.73734078, -19.540547834], [-22.74921946238295, -19.628775962047367], [-22.752757774164984, -19.71643187286499], [-22.706653526903903, -19.800681900542354], [-22.713464157, -19.888562319], [-22.693004378385734, -19.897617777421466], [-22.67474757326494, -19.910505859861736], [-22.654365604129335, -19.91969668735491], [-22.636299346459467, -19.932916273540542]]]}}, {"type": "Feature", "properties": {"pcode": "XK04050401", "area_name": "Mbicha", "parent_pcode": "XK040504", "level": "village"}, "geometry": {"type": "Polygon", "coordinates": [[[-22.585966887581183, -19.15179445434232], [-22.89097656882823, -19.238084743137165], [-22.89600915, -19.240916259], [-22.786460520759913, -19.369740875015676], [-22.703290086352908, -19.519871910790126], [-22.618248018, -19.568493627], [-22.589763050846194, -19.5166728903799], [-22.558002762826792, -19.467189778211168], [-22.525261794050355, -19.418406586267253], [-22.481782515, -19.377287418], [-22.519218155678583, -19.326176482468657], [-22.51705160949837, -19.25676817333362], [-22.57118479635272, -19.213371994609325], [-22.585966887581183, -19.15179445434232]]]}}, {"type": "Feature", "properties": {"pcode": "XK04050402", "area_name": "Minyi", "parent_pcode": "XK040504", "level": "village"}, "geometry": {"type": "Polygon", "coordinates": [[[-22.24632903922934, -19.101422976270978], [-22.30307314839824, -19.115316038458047], [-22.366311499652177, -19.093503082248105], [-22.429477264, -19.107521975], [-22.585966888, -19.151794454], [-22.57118479635272, -19.213371994609325], [-22.51705160949837, -19.25676817333362], [-22.519218155678583, -19.326176482468657], [-22.481782515, -19.377287418], [-22.43901757663944, -19.371501621799954], [-22.396049018075725, -19.37596052056458], [-22.353222810500984, -19.373257347799317], [-22.310330506, -19.373879694], [-22.3093331768486, -19.302241224760273], [-22.269327661037778, -19.239765976708632], [-22.27324555169983, -19.166972897367906], [-22.24632903922934, -19.101422976270978]]]}}, {"type": "Feature", "properties": {"pcode": "XK04050403", "area_name": "Ngiya", "parent_pcode": "XK040504", "level": "village"}, "geometry": {"type": "Polygon", "coordinates": [[[-22.47111221504181, -19.766955558997488], [-22.404645159082662, -19.71055298942159], [-22.21017235016635, -19.564545583340124], [-22.208251082, -19.564487905], [-22.21435224147003, -19.535888810665202], [-22.21938255205037, -19.507121160115734], [-22.22743380548796, -19.47882901894732], [-22.226412252, -19.449108779], [-22.245282451487785, -19.427948506315044], [-22.27435581251028, -19.418169888760843], [-22.290688446062017, -19.39417895420139], [-22.310330506, -19.373879694], [-22.353222810500984, -19.373257347799317], [-22.396049018075725, -19.37596052056458], [-22.43901757663944, -19.371501621799954], [-22.481782515, -19.377287418], [-22.525261794050355, -19.418406586267253], [-22.558002762826792, -19.467189778211168], [-22.589763050846194, -19.5166728903799], [-22.618248018399335, -19.568493626803352], [-22.54575796221939, -19.609938890426154], [-22.47111221504181, -19.766955558997488]]]}}, {"type": "Feature", "properties": {"pcode": "XK04050404", "area_name": "Choya", "parent_pcode": "XK040504", "level": "village"}, "geometry": {"type": "Polygon", "coordinates": [[[-22.011244867539823, -19.318925265495288], [-22.171228014007013, -19.117785888928893], [-22.176701648, -19.107009911], [-22.23991031272263, -19.099851433994157], [-22.246329039, -19.101422976], [-22.27324555169983, -19.166972897367906], [-22.269327661037778, -19.239765976708632], [-22.3093331768486, -19.302241224760273], [-22.310330506, -19.373879694], [-22.290688446062017, -19.39417895420139], [-22.27435581251028, -19.418169888760843], [-22.245282451487785, -19.427948506315044], [-22.226412252, -19.449108779], [-22.17065554156365, -19.419810429528013], [-22.13108211640001, -19.363764337199324], [-22.062263642102607, -19.356054478266994], [-22.011244867539823, -19.318925265495288]]]}}, {"type": "Feature", "properties": {"pcode": "XK04050405", "area_name": "Nguva", "parent_pcode": "XK040504", "level": "village"}, "geometry": {"type": "Polygon", "coordinates": [[[-22.20825108208972, -19.564487904800323], [-21.96676712259018, -19.55723829588892], [-21.837291383, -19.537628899], [-22.011244868, -19.318925265], [-22.062263642102607, -19.356054478266994], [-22.13108211640001, -19.363764337199324], [-22.17065554156365, -19.419810429528013], [-22.226412252, -19.449108779], [-22.22743380548796, -19.47882901894732], [-22.21938255205037, -19.507121160115734], [-22.21435224147003, -19.535888810665202], [-22.20825108208972, -19.564487904800323]]]}}, {"type": "Feature", "properties": {"pcode": "XK05010101", "area_name": "Zanami", "parent_pcode": "XK050101", "level": "village"}, "geometry": {"type": "Polygon", "coordinates": [[[-24.919168416181567, -17.001487980243066], [-24.92819874143654, -17.107883442269916], [-24.877214392, -17.319274375], [-24.714762120075978, -17.251841970723145], [-24.569501049, -17.169785541], [-24.597560960363975, -17.132916849744717], [-24.615537262308248, -17.09104909703339], [-24.62806573849711, -17.046480524147498], [-24.650332725, -17.006739926], [-24.717223982779572, -16.989166360691435], [-24.784584526976754, -16.99561454624517], [-24.85165732613825, -16.987333689363943], [-24.919168416181567, -17.001487980243066]]]}}, {"type": "Feature", "properties": {"pcode": "XK05010102", "area_name": "Kizu", "parent_pcode": "XK050101", "level": "village"}, "geometry": {"type": "Polygon", "coordinates": [[[-24.879336437254562, -16.639787019214566], [-24.898705709407373, -16.76039598409802], [-24.919168416, -17.00148798], [-24.85165732613825, -16.987333689363943], [-24.784584526976754, -16.99561454624517], [-24.717223982779572, -16.989166360691435], [-24.650332725, -17.006739926], [-24.641400576768778, -16.95732309496773], [-24.616282464130446, -16.914800074100924], [-24.599497294379308, -16.868727945813692], [-24.573584674, -16.826543316], [-24.636998713576087, -16.75853190451678], [-24.71308633996723, -16.711269306189973], [-24.796832030422284, -16.676544258812296], [-24.879336437254562, -16.639787019214566]]]}}, {"type": "Feature", "properties": {"pcode": "XK05010103", "area_name": "Mwawa", "parent_pcode": "XK050101", "level": "village"}, "geometry": {"type": "Polygon", "coordinates": [[[-24.759289441560266, -16.302108020991195], [-24.842681611, -16.411544026], [-24.879336437, -16.639787019], [-24.796832030422284, -16.676544258812296], [-24.71308633996723, -16.711269306189973], [-24.636998713576087, -16.75853190451678], [-24.573584674, -16.826543316], [-24.529750264888634, -16.81516414888439], [-24.48921210272941, -16.797024086518377], [-24.451931146483663, -16.772203205539636], [-24.413991122807904, -16.748734129762713], [-24.461931199242535, -16.61671924078621], [-24.63557565789195, -16.477546117139784], [-24.759289441560266, -16.302108020991195]]]}}, {"type": "Feature", "properties": {"pcode": "XK05010104", "area_name": "Biye", "parent_pcode": "XK050101", "level": "village"}, "geometry": {"type": "Polygon", "coordinates": [[[-24.650332725, -17.006739926], [-24.62806573849711, -17.046480524147498], [-24.615537262308248, -17.09104909703339], [-24.597560960363975, -17.132916849744717], [-24.56950104897642, -17.16978554069256], [-24.56206227348312, -17.165583455741935], [-24.416158881069254, -17.066205045511495], [-24.254724346, -16.996807999], [-24.385698996056156, -16.82664351685211], [-24.413991123, -16.74873413], [-24.451931146483663, -16.772203205539636], [-24.48921210272941, -16.797024086518377], [-24.529750264888634, -16.81516414888439], [-24.573584674, -16.826543316], [-24.599497294379308, -16.868727945813692], [-24.616282464130446, -16.914800074100924], [-24.641400576768778, -16.95732309496773], [-24.650332725, -17.006739926]]]}}, {"type": "Feature", "properties": {"pcode": "XK05010201", "area_name": "Tupo", "parent_pcode": "XK050102", "level": "village"}, "geometry": {"type": "Polygon", "coordinates": [[[-24.482352912213006, -17.111291437767203], [-24.56206227348312, -17.165583455741935], [-24.714762120075978, -17.251841970723145], [-24.877214391604685, -17.319274375344687], [-24.845778134420666, -17.449615151689287], [-24.813666693, -17.597926984], [-24.714172156586187, -17.586900504228336], [-24.63962328454864, -17.51195232921487], [-24.54987184971156, -17.475959764743923], [-24.453351295, -17.457312644], [-24.443198235704337, -17.431324503657905], [-24.436227449508074, -17.404297988156475], [-24.42799117614255, -17.377684400898463], [-24.418787595, -17.351386446], [-24.440640397690743, -17.29294099815636], [-24.446960457128753, -17.230383245950527], [-24.462862976363404, -17.170362456506588], [-24.482352912213006, -17.111291437767203]]]}}, {"type": "Feature", "properties": {"pcode": "XK05010202", "area_name": "Sefu", "parent_pcode": "XK050102", "level": "village"}, "geometry": {"type": "Polygon", "coordinates": [[[-24.771695922, -17.791775707], [-24.33450405724333, -17.7633986604149], [-24.292315098, -17.753029104], [-24.330961833563645, -17.678221982870678], [-24.38296152446251, -17.610686385098205], [-24.396696789338005, -17.52231340259851], [-24.453351295, -17.457312644], [-24.54987184971156, -17.475959764743923], [-24.63962328454864, -17.51195232921487], [-24.714172156586187, -17.586900504228336], [-24.813666692863432, -17.597926984125678], [-24.771695922, -17.791775707]]]}}, {"type": "Feature", "properties": {"pcode": "XK05010203", "area_name": "Yingucha", "parent_pcode": "XK050102", "level": "village"}, "geometry": {"type": "Polygon", "coordinates": [[[-24.04774704260522, -17.39637682339692], [-24.05143032276571, -17.369733616069684], [-23.994687475, -17.282034436], [-24.07941041597842, -17.20657581178385], [-24.17891027686816, -17.15524387314118], [-24.28194273802283, -17.10967970859219], [-24.375567831415434, -17.048755873563447], [-24.416158881069254, -17.066205045511495], [-24.482352912, -17.111291438], [-24.462862976363404, -17.170362456506588], [-24.446960457128753, -17.230383245950527], [-24.440640397690743, -17.29294099815636], [-24.418787595, -17.351386446], [-24.32539691187158, -17.357433865721333], [-24.23289099068752, -17.3707780138125], [-24.140146044285565, -17.382150894830477], [-24.04774704260522, -17.39637682339692]]]}}, {"type": "Feature", "properties": {"pcode": "XK05010204", "area_name": "Janyo", "parent_pcode": "XK050102", "level": "village"}, "geometry": {"type": "Polygon", "coordinates": [[[-24.292315098001005, -17.753029103906243], [-24.008099135, -17.683172119], [-24.047747043, -17.396376823], [-24.140146044285565, -17.382150894830477], [-24.23289099068752, -17.3707780138125], [-24.32539691187158, -17.357433865721333], [-24.418787595, -17.351386446], [-24.42799117614255, -17.377684400898463], [-24.436227449508074, -17.404297988156475], [-24.443198235704337, -17.431324503657905], [-24.453351295, -17.457312644], [-24.396696789338005, -17.52231340259851], [-24.38296152446251, -17.610686385098205], [-24.330961833563645, -17.678221982870678], [-24.292315098001005, -17.753029103906243]]]}}, {"type": "Feature", "properties": {"pcode": "XK05010205", "area_name": "Nyaka", "parent_pcode": "XK050102", "level": "village"}, "geometry": {"type": "Polygon", "coordinates": [[[-23.994687474570394, -17.28203443627471], [-23.86882173544484, -17.08750204256047], [-23.864755593, -17.060928534], [-23.96502902324357, -17.061813378766995], [-24.06054675797616, -17.033774998734565], [-24.15564559684793, -17.003188974698837], [-24.254724346, -16.996807999], [-24.375567831, -17.048755874], [-24.28194273802283, -17.10967970859219], [-24.17891027686816, -17.15524387314118], [-24.07941041597842, -17.20657581178385], [-23.994687474570394, -17.28203443627471]]]}}, {"type": "Feature", "properties": {"pcode": "XK05010301", "area_name": "Homoki", "parent_pcode": "XK050103", "level": "village"}, "geometry": {"type": "Polygon", "coordinates": [[[-24.41749665135775, -16.223449556603523], [-24.42378337023798, -16.219284193605446], [-24.58692965049481, -16.07591931424472], [-24.759289442, -16.302108021], [-24.63557565789195, -16.477546117139784], [-24.626875843, -16.484518873], [-24.589133797573208, -16.407540046909492], [-24.52230374456315, -16.353889981233994], [-24.46977148499962, -16.288772997557242], [-24.41749665135775, -16.223449556603523]]]}}, {"type": "Feature", "properties": {"pcode": "XK05010302", "area_name": "Tangi", "parent_pcode": "XK050103", "level": "village"}, "geometry": {"type": "Polygon", "coordinates": [[[-24.143690887280925, -16.3545504817762], [-24.24666445438771, -16.336637075513742], [-24.417496651, -16.223449557], [-24.46977148499962, -16.288772997557242], [-24.52230374456315, -16.353889981233994], [-24.589133797573208, -16.407540046909492], [-24.626875843407937, -16.484518872655862], [-24.461931199242535, -16.61671924078621], [-24.426220142, -16.715058493], [-24.38841083942903, -16.67551368187881], [-24.345661399762196, -16.643863252243264], [-24.29920622082618, -16.618134625770168], [-24.246410869, -16.60253765], [-24.238169847129004, -16.533317375141124], [-24.17984310606669, -16.48484335185357], [-24.174654771030465, -16.414358608598008], [-24.143690887280925, -16.3545504817762]]]}}, {"type": "Feature", "properties": {"pcode": "XK05010303", "area_name": "Mapu", "parent_pcode": "XK050103", "level": "village"}, "geometry": {"type": "Polygon", "coordinates": [[[-23.864755593087573, -17.060928533954982], [-23.836136816, -16.873895898], [-23.955860551135483, -16.83199379124578], [-24.052699986221864, -16.75549227724886], [-24.133317314629124, -16.654464110738175], [-24.246410869, -16.60253765], [-24.29920622082618, -16.618134625770168], [-24.345661399762196, -16.643863252243264], [-24.38841083942903, -16.67551368187881], [-24.426220141804738, -16.715058493317702], [-24.385698996056156, -16.82664351685211], [-24.254724346, -16.996807999], [-24.15564559684793, -17.003188974698837], [-24.06054675797616, -17.033774998734565], [-23.96502902324357, -17.061813378766995], [-23.864755593087573, -17.060928533954982]]]}}, {"type": "Feature", "properties": {"pcode": "XK05010304", "area_name": "Chinga", "parent_pcode": "XK050103", "level": "village"}, "geometry": {"type": "Polygon", "coordinates": [[[-23.83613681586504, -16.873895898109787], [-23.822750455696266, -16.78641185896756], [-23.841416345, -16.476380141], [-24.027031747897546, -16.374844646742204], [-24.143690887, -16.354550482], [-24.174654771030465, -16.414358608598008], [-24.17984310606669, -16.48484335185357], [-24.238169847129004, -16.533317375141124], [-24.246410869, -16.60253765], [-24.133317314629124, -16.654464110738175], [-24.052699986221864, -16.75549227724886], [-23.955860551135483, -16.83199379124578], [-23.83613681586504, -16.873895898109787]]]}}, {"type": "Feature", "properties": {"pcode": "XK05020101", "area_name": "Gasa", "parent_pcode": "XK050201", "level": "village"}, "geometry": {"type": "Polygon", "coordinates": [[[-24.369256789875934, -15.928955690498404], [-24.515774766211006, -15.982542366202726], [-24.58692965, -16.075919314], [-24.42378337023798, -16.219284193605446], [-24.278796123, -16.31534774], [-24.266915830479928, -16.29040021263916], [-24.263054332320053, -16.26138191440502], [-24.247943586549614, -16.23807433868883], [-24.228780224, -16.216824089], [-24.248909723411376, -16.137542211200397], [-24.319692900043083, -16.08297876257157], [-24.352541839803422, -16.009903829708858], [-24.369256789875934, -15.928955690498404]]]}}, {"type": "Feature", "properties": {"pcode": "XK05020102", "area_name": "Gipa", "parent_pcode": "XK050201", "level": "village"}, "geometry": {"type": "Polygon", "coordinates": [[[-24.120811971089893, -15.838090854198315], [-24.36925679, -15.92895569], [-24.352541839803422, -16.009903829708858], [-24.319692900043083, -16.08297876257157], [-24.248909723411376, -16.137542211200397], [-24.228780224, -16.216824089], [-24.20022595999989, -16.18810534071879], [-24.15393481138394, -16.188308285686283], [-24.128973108155424, -16.153731522152462], [-24.094584819, -16.134525712], [-24.093366417794407, -16.089405862460726], [-24.068732741232218, -16.05116063881339], [-24.06500184485578, -16.006778447238492], [-24.045415089, -15.967051469], [-24.07102850515266, -15.938766005303616], [-24.091964290903423, -15.907745762873029], [-24.099026480671718, -15.868614316264285], [-24.120811971089893, -15.838090854198315]]]}}, {"type": "Feature", "properties": {"pcode": "XK05020103", "area_name": "Huna", "parent_pcode": "XK050201", "level": "village"}, "geometry": {"type": "Polygon", "coordinates": [[[-24.278796123449098, -16.315347740341515], [-24.24666445438771, -16.336637075513742], [-24.027031747897546, -16.374844646742204], [-23.841416345, -16.476380141], [-23.810497221, -16.47104872], [-23.806785041275575, -16.290831502546272], [-23.807010144, -16.279056808], [-23.879530289754793, -16.244170540295418], [-23.94553751937063, -16.196325471379218], [-24.019159626868767, -16.163631785748493], [-24.094584819, -16.134525712], [-24.128973108155424, -16.153731522152462], [-24.15393481138394, -16.188308285686283], [-24.20022595999989, -16.18810534071879], [-24.228780224, -16.216824089], [-24.247943586549614, -16.23807433868883], [-24.263054332320053, -16.26138191440502], [-24.266915830479928, -16.29040021263916], [-24.278796123449098, -16.315347740341515]]]}}, {"type": "Feature", "properties": {"pcode": "XK05020104", "area_name": "Mambi", "parent_pcode": "XK050201", "level": "village"}, "geometry": {"type": "Polygon", "coordinates": [[[-23.930154120599475, -15.670103074063844], [-23.95657493092097, -15.77802370591855], [-24.120811971, -15.838090854], [-24.099026480671718, -15.868614316264285], [-24.091964290903423, -15.907745762873029], [-24.07102850515266, -15.938766005303616], [-24.045415089, -15.967051469], [-23.985416357377126, -15.966968769744327], [-23.92541646901455, -15.968241371786318], [-23.865416507894533, -15.96959922052862], [-23.805420055057514, -15.966846635140204], [-23.804197785363268, -15.930346079765583], [-23.802897742, -15.750103436], [-23.835428940801314, -15.731244041150058], [-23.8587129202546, -15.697675117235127], [-23.8955891077806, -15.685727285259105], [-23.930154120599475, -15.670103074063844]]]}}, {"type": "Feature", "properties": {"pcode": "XK05020105", "area_name": "Jisha", "parent_pcode": "XK050201", "level": "village"}, "geometry": {"type": "Polygon", "coordinates": [[[-24.045415089, -15.967051469], [-24.06500184485578, -16.006778447238492], [-24.068732741232218, -16.05116063881339], [-24.093366417794407, -16.089405862460726], [-24.094584819, -16.134525712], [-24.019159626868767, -16.163631785748493], [-23.94553751937063, -16.196325471379218], [-23.879530289754793, -16.244170540295418], [-23.807010143528334, -16.27905680767675], [-23.810231779282244, -16.11053882299276], [-23.805420055, -15.966846635], [-23.865416507894533, -15.96959922052862], [-23.92541646901455, -15.968241371786318], [-23.985416357377126, -15.966968769744327], [-24.045415089, -15.967051469]]]}}, {"type": "Feature", "properties": {"pcode": "XK05020201", "area_name": "Mweve", "parent_pcode": "XK050202", "level": "village"}, "geometry": {"type": "Polygon", "coordinates": [[[-23.829083853129163, -15.257263081580247], [-23.930154121, -15.670103074], [-23.8955891077806, -15.685727285259105], [-23.8587129202546, -15.697675117235127], [-23.835428940801314, -15.731244041150058], [-23.802897742, -15.750103436], [-23.704518751027052, -15.747111624465994], [-23.608328587527822, -15.717584788682872], [-23.50907160447397, -15.72523682251221], [-23.411060801203664, -15.717781495962443], [-23.459291109291037, -15.60343754630268], [-23.446365131, -15.542931087], [-23.523570822037822, -15.483491977387692], [-23.572084372155892, -15.391771968051284], [-23.660681866760576, -15.345149527283844], [-23.736947898, -15.284653227], [-23.758208577951187, -15.271840570824986], [-23.780338469941423, -15.261951801373302], [-23.804961288564847, -15.260448828203206], [-23.829083853129163, -15.257263081580247]]]}}, {"type": "Feature", "properties": {"pcode": "XK05020202", "area_name": "Dane", "parent_pcode": "XK050202", "level": "village"}, "geometry": {"type": "Polygon", "coordinates": [[[-23.389244033052883, -14.89456009530826], [-23.80909752260333, -15.175625259532247], [-23.829083853, -15.257263082], [-23.804961288564847, -15.260448828203206], [-23.780338469941423, -15.261951801373302], [-23.758208577951187, -15.271840570824986], [-23.736947898, -15.284653227], [-23.64792056790469, -15.254810802440916], [-23.56709438158271, -15.202931537977346], [-23.475973191037195, -15.178715410042107], [-23.385139880149392, -15.15372573737631], [-23.389244033052883, -14.89456009530826]]]}}, {"type": "Feature", "properties": {"pcode": "XK05020203", "area_name": "Wizefe", "parent_pcode": "XK050202", "level": "village"}, "geometry": {"type": "Polygon", "coordinates": [[[-23.446365130872582, -15.542931086515491], [-23.383627084367312, -15.249254510158377], [-23.38513988, -15.153725737], [-23.475973191037195, -15.178715410042107], [-23.56709438158271, -15.202931537977346], [-23.64792056790469, -15.254810802440916], [-23.736947898, -15.284653227], [-23.660681866760576, -15.345149527283844], [-23.572084372155892, -15.391771968051284], [-23.523570822037822, -15.483491977387692], [-23.446365130872582, -15.542931086515491]]]}}, {"type": "Feature", "properties": {"pcode": "XK05020301", "area_name": "Ngama", "parent_pcode": "XK050203", "level": "village"}, "geometry": {"type": "Polygon", "coordinates": [[[-23.564208932, -15.992613374], [-23.571763786733804, -15.969417274744995], [-23.568478019455902, -15.945382727219057], [-23.576085938072577, -15.922190732093943], [-23.571522197, -15.898057342], [-23.59961238191143, -15.856514160336273], [-23.643216525330864, -15.82810254216401], [-23.677175079565433, -15.791526555966119], [-23.70036677834386, -15.74583712184397], [-23.704518751027052, -15.747111624465994], [-23.802897742, -15.750103436], [-23.804197785363268, -15.930346079765583], [-23.810231779282244, -16.11053882299276], [-23.810094309, -16.117729638], [-23.76823809895546, -16.104329478931508], [-23.721907773424505, -16.122092998354642], [-23.68190903192673, -16.095754963012016], [-23.638510772, -16.093095686], [-23.617787185270803, -16.06956354446564], [-23.596796281138598, -16.04622907130208], [-23.584921869938928, -16.016153389802927], [-23.564208932, -15.992613374]]]}}, {"type": "Feature", "properties": {"pcode": "XK05020302", "area_name": "Mana", "parent_pcode": "XK050203", "level": "village"}, "geometry": {"type": "Polygon", "coordinates": [[[-23.810497220810717, -16.47104871988275], [-23.757543265469746, -16.461917806794183], [-23.67072189278643, -16.462220648590886], [-23.5923691181326, -16.420112395591882], [-23.507679378, -16.409739932], [-23.483416477948452, -16.38205904113052], [-23.459953883539317, -16.35347088277342], [-23.419162005758487, -16.344528088079635], [-23.417012109, -16.341313651], [-23.485967490294637, -16.291377985781473], [-23.521041051894745, -16.211207692854405], [-23.58611334746453, -16.15780693478343], [-23.638510772, -16.093095686], [-23.68190903192673, -16.095754963012016], [-23.721907773424505, -16.122092998354642], [-23.76823809895546, -16.104329478931508], [-23.810094309160746, -16.117729638342077], [-23.806785041275575, -16.290831502546272], [-23.810497220810717, -16.47104871988275]]]}}, {"type": "Feature", "properties": {"pcode": "XK05020303", "area_name": "Papango", "parent_pcode": "XK050203", "level": "village"}, "geometry": {"type": "Polygon", "coordinates": [[[-23.38847877009451, -15.771318757366043], [-23.411060801, -15.717781496], [-23.50907160447397, -15.72523682251221], [-23.608328587527822, -15.717584788682872], [-23.700366778, -15.745837122], [-23.677175079565433, -15.791526555966119], [-23.643216525330864, -15.82810254216401], [-23.59961238191143, -15.856514160336273], [-23.571522197, -15.898057342], [-23.52138877839594, -15.87268781049218], [-23.48350651713699, -15.829624426514998], [-23.430061933942664, -15.809037076486984], [-23.38847877009451, -15.771318757366043]]]}}, {"type": "Feature", "properties": {"pcode": "XK05020304", "area_name": "Nyamako", "parent_pcode": "XK050203", "level": "village"}, "geometry": {"type": "Polygon", "coordinates": [[[-23.41701210896069, -16.341313650793776], [-23.398169026, -16.313140248], [-23.3223635, -16.011099585], [-23.382101556204233, -15.997015453073388], [-23.44186367358654, -15.983246100957729], [-23.503508240423596, -15.994103850718368], [-23.564208932, -15.992613374], [-23.584921869938928, -16.016153389802927], [-23.596796281138598, -16.04622907130208], [-23.617787185270803, -16.06956354446564], [-23.638510772, -16.093095686], [-23.58611334746453, -16.15780693478343], [-23.521041051894745, -16.211207692854405], [-23.485967490294637, -16.291377985781473], [-23.41701210896069, -16.341313650793776]]]}}, {"type": "Feature", "properties": {"pcode": "XK05020305", "area_name": "Chundi", "parent_pcode": "XK050203", "level": "village"}, "geometry": {"type": "Polygon", "coordinates": [[[-23.322363499881842, -16.01109958526015], [-23.30929777195613, -15.95904030510016], [-23.38847877, -15.771318757], [-23.430061933942664, -15.809037076486984], [-23.48350651713699, -15.829624426514998], [-23.52138877839594, -15.87268781049218], [-23.571522197, -15.898057342], [-23.576085938072577, -15.922190732093943], [-23.568478019455902, -15.945382727219057], [-23.571763786733804, -15.969417274744995], [-23.564208932, -15.992613374], [-23.503508240423596, -15.994103850718368], [-23.44186367358654, -15.983246100957729], [-23.382101556204233, -15.997015453073388], [-23.322363499881842, -16.01109958526015]]]}}, {"type": "Feature", "properties": {"pcode": "XK05030101", "area_name": "Zadumbu", "parent_pcode": "XK050301", "level": "village"}, "geometry": {"type": "Polygon", "coordinates": [[[-23.83155102537959, -17.012769960914877], [-23.85587501217565, -17.00289116768744], [-23.86882173544484, -17.08750204256047], [-24.05143032276571, -17.369733616069684], [-24.032482957, -17.506790417], [-23.95369431022312, -17.507970264775004], [-23.874129140502664, -17.514954028127068], [-23.803373934868244, -17.456090042594283], [-23.723490919, -17.465449463], [-23.748949873867513, -17.351908134264747], [-23.78193351395593, -17.24016303946321], [-23.836483860712658, -17.133566179998923], [-23.83155102537959, -17.012769960914877]]]}}, {"type": "Feature", "properties": {"pcode": "XK05030102", "area_name": "Chesa", "parent_pcode": "XK050301", "level": "village"}, "geometry": {"type": "Polygon", "coordinates": [[[-24.008099135151113, -17.683172118704466], [-23.898858646954775, -17.65632207451219], [-23.584602231, -17.722435004], [-23.516508164, -17.606984769], [-23.56791545203998, -17.571106061659073], [-23.618780325987284, -17.534434122110397], [-23.672985309340756, -17.502646794510706], [-23.723490919, -17.465449463], [-23.803373934868244, -17.456090042594283], [-23.874129140502664, -17.514954028127068], [-23.95369431022312, -17.507970264775004], [-24.032482956978857, -17.50679041714163], [-24.008099135151113, -17.683172118704466]]]}}, {"type": "Feature", "properties": {"pcode": "XK05030103", "area_name": "Tafu", "parent_pcode": "XK050301", "level": "village"}, "geometry": {"type": "Polygon", "coordinates": [[[-23.51650816380522, -17.606984769010083], [-23.514009662967297, -17.60274868030597], [-23.554214378651846, -17.45260616678227], [-23.461120510613753, -17.339105047647298], [-23.442411714, -17.205156804], [-23.44343836135227, -17.20325854103581], [-23.44515287095624, -17.201913114292648], [-23.44646861724391, -17.20024720070154], [-23.447730963, -17.198538369], [-23.539025767083025, -17.12721909156651], [-23.653902924722846, -17.10509549501384], [-23.750841103180935, -17.045548988443866], [-23.831551025, -17.012769961], [-23.836483860712658, -17.133566179998923], [-23.78193351395593, -17.24016303946321], [-23.748949873867513, -17.351908134264747], [-23.723490919, -17.465449463], [-23.672985309340756, -17.502646794510706], [-23.618780325987284, -17.534434122110397], [-23.56791545203998, -17.571106061659073], [-23.51650816380522, -17.606984769010083]]]}}, {"type": "Feature", "properties": {"pcode": "XK05030201", "area_name": "Jenu", "parent_pcode": "XK050302", "level": "village"}, "geometry": {"type": "Polygon", "coordinates": [[[-23.83349726879935, -16.607912304255265], [-23.822750455696266, -16.78641185896756], [-23.825516322, -16.804487656], [-23.69720617613361, -16.799515605978804], [-23.652514672, -16.764943328], [-23.670591151047844, -16.731449155522732], [-23.68686982853286, -16.697426280687804], [-23.68716032327316, -16.658701557725344], [-23.694534207, -16.622059937], [-23.72911486351659, -16.616950381609062], [-23.76525414350327, -16.627150177959813], [-23.798717668292674, -16.61106775908938], [-23.83349726879935, -16.607912304255265]]]}}, {"type": "Feature", "properties": {"pcode": "XK05030202", "area_name": "Mezi", "parent_pcode": "XK050302", "level": "village"}, "geometry": {"type": "Polygon", "coordinates": [[[-23.652994463444436, -16.452693595042973], [-23.67072189278643, -16.462220648590886], [-23.757543265469746, -16.461917806794183], [-23.841416345, -16.476380141], [-23.833497269, -16.607912304], [-23.798717668292674, -16.61106775908938], [-23.76525414350327, -16.627150177959813], [-23.72911486351659, -16.616950381609062], [-23.694534207, -16.622059937], [-23.67576016296497, -16.608854482564993], [-23.658351563709594, -16.59443463171603], [-23.648789890953786, -16.57303589783665], [-23.635137488, -16.555275369], [-23.644095537212483, -16.530412186994116], [-23.640704936815354, -16.503399407464578], [-23.654270956781332, -16.479338360334488], [-23.652994463444436, -16.452693595042973]]]}}, {"type": "Feature", "properties": {"pcode": "XK05030203", "area_name": "Tesawe", "parent_pcode": "XK050302", "level": "village"}, "geometry": {"type": "Polygon", "coordinates": [[[-23.65251467157629, -16.764943327581904], [-23.59276530848455, -16.718722650177863], [-23.48899695, -16.669570881], [-23.492051217861405, -16.65104975995628], [-23.494622431051756, -16.632358217418567], [-23.503706718774204, -16.61596448496072], [-23.513593129, -16.599853741], [-23.546483603672193, -16.595537433700006], [-23.569957361143103, -16.56554614535508], [-23.60210223031728, -16.559196920784714], [-23.635137488, -16.555275369], [-23.648789890953786, -16.57303589783665], [-23.658351563709594, -16.59443463171603], [-23.67576016296497, -16.608854482564993], [-23.694534207, -16.622059937], [-23.68716032327316, -16.658701557725344], [-23.68686982853286, -16.697426280687804], [-23.670591151047844, -16.731449155522732], [-23.65251467157629, -16.764943327581904]]]}}, {"type": "Feature", "properties": {"pcode": "XK05030204", "area_name": "Mwisina", "parent_pcode": "XK050302", "level": "village"}, "geometry": {"type": "Polygon", "coordinates": [[[-23.433079437117474, -16.473217158546156], [-23.507679378, -16.409739932], [-23.5923691181326, -16.420112395591882], [-23.652994463, -16.452693595], [-23.654270956781332, -16.479338360334488], [-23.640704936815354, -16.503399407464578], [-23.644095537212483, -16.530412186994116], [-23.635137488, -16.555275369], [-23.60210223031728, -16.559196920784714], [-23.569957361143103, -16.56554614535508], [-23.546483603672193, -16.595537433700006], [-23.513593129, -16.599853741], [-23.49869288321112, -16.564870596675572], [-23.46574581244283, -16.541361360482767], [-23.457935769106214, -16.50187036884089], [-23.433079437117474, -16.473217158546156]]]}}, {"type": "Feature", "properties": {"pcode": "XK05030205", "area_name": "Namo", "parent_pcode": "XK050302", "level": "village"}, "geometry": {"type": "Polygon", "coordinates": [[[-23.294639604819256, -16.591015865808455], [-23.433079437, -16.473217159], [-23.457935769106214, -16.50187036884089], [-23.46574581244283, -16.541361360482767], [-23.49869288321112, -16.564870596675572], [-23.513593129, -16.599853741], [-23.503706718774204, -16.61596448496072], [-23.494622431051756, -16.632358217418567], [-23.492051217861405, -16.65104975995628], [-23.48899695025273, -16.669570881072136], [-23.479743305044824, -16.66518772381307], [-23.352858053, -16.65568949], [-23.338848804448133, -16.639030154134275], [-23.324096160503565, -16.62304001419939], [-23.3059490121201, -16.610105567883306], [-23.294639604819256, -16.591015865808455]]]}}, {"type": "Feature", "properties": {"pcode": "XK05030301", "area_name": "Njawu", "parent_pcode": "XK050303", "level": "village"}, "geometry": {"type": "Polygon", "coordinates": [[[-23.666662257120695, -16.775887561188043], [-23.69720617613361, -16.799515605978804], [-23.825516321630236, -16.804487655567893], [-23.855875012, -17.002891168], [-23.752229819, -17.044984984], [-23.710247252082144, -17.008557545815115], [-23.701609694386416, -16.947621869887517], [-23.667769517442657, -16.905209859080394], [-23.623797483, -16.870244659], [-23.63698161193386, -16.847776524264376], [-23.643732347080626, -16.822385811613767], [-23.65850557863169, -16.800639578314215], [-23.666662257120695, -16.775887561188043]]]}}, {"type": "Feature", "properties": {"pcode": "XK05030302", "area_name": "Nangu", "parent_pcode": "XK050303", "level": "village"}, "geometry": {"type": "Polygon", "coordinates": [[[-23.752229819433133, -17.044984983836212], [-23.750841103180935, -17.045548988443866], [-23.653902924722846, -17.10509549501384], [-23.558426334, -17.123482837], [-23.53986365246909, -17.07469936076179], [-23.539584903871823, -17.023764417220384], [-23.52727102230682, -16.974245645744563], [-23.534764497, -16.922396146], [-23.5557548026228, -16.90719364637719], [-23.58152468139965, -16.900150831054667], [-23.599054600080592, -16.87904076100824], [-23.623797483, -16.870244659], [-23.667769517442657, -16.905209859080394], [-23.701609694386416, -16.947621869887517], [-23.710247252082144, -17.008557545815115], [-23.752229819433133, -17.044984983836212]]]}}, {"type": "Feature", "properties": {"pcode": "XK05030303", "area_name": "Kenaza", "parent_pcode": "XK050303", "level": "village"}, "geometry": {"type": "Polygon", "coordinates": [[[-23.352858053, -16.65568949], [-23.479743305044824, -16.66518772381307], [-23.59276530848455, -16.718722650177863], [-23.666662257, -16.775887561], [-23.65850557863169, -16.800639578314215], [-23.643732347080626, -16.822385811613767], [-23.63698161193386, -16.847776524264376], [-23.623797483, -16.870244659], [-23.599054600080592, -16.87904076100824], [-23.58152468139965, -16.900150831054667], [-23.5557548026228, -16.90719364637719], [-23.534764497, -16.922396146], [-23.49407348789727, -16.92131695411145], [-23.45486475599303, -16.910020101370254], [-23.41341274067104, -16.914186691757116], [-23.37474195545768, -16.899181657784123], [-23.35333391628142, -16.79546374398089], [-23.352858053, -16.65568949]]]}}, {"type": "Feature", "properties": {"pcode": "XK05030304", "area_name": "Voshi", "parent_pcode": "XK050303", "level": "village"}, "geometry": {"type": "Polygon", "coordinates": [[[-23.534764497, -16.922396146], [-23.52727102230682, -16.974245645744563], [-23.539584903871823, -17.023764417220384], [-23.53986365246909, -17.07469936076179], [-23.558426333841638, -17.123482836938706], [-23.539025767083025, -17.12721909156651], [-23.447730963, -17.198538369], [-23.396880382237452, -17.067568031215213], [-23.38119629109466, -16.93045169712505], [-23.374741955, -16.899181658], [-23.41341274067104, -16.914186691757116], [-23.45486475599303, -16.910020101370254], [-23.49407348789727, -16.92131695411145], [-23.534764497, -16.922396146]]]}}, {"type": "Feature", "properties": {"pcode": "XK05030401", "area_name": "Date", "parent_pcode": "XK050304", "level": "village"}, "geometry": {"type": "Polygon", "coordinates": [[[-23.382194028552036, -16.939174300258014], [-23.396880382237452, -17.067568031215213], [-23.447730963, -17.198538369], [-23.44646861724391, -17.20024720070154], [-23.44515287095624, -17.201913114292648], [-23.44343836135227, -17.20325854103581], [-23.442411714, -17.205156804], [-23.32780487656382, -17.18568144465669], [-23.255139347, -17.219065346], [-23.253528069687004, -17.211581269577295], [-23.248687861964996, -17.205085211843624], [-23.246952796892312, -17.197639013171308], [-23.246211601, -17.189888701], [-23.246168987380955, -17.129287128650656], [-23.27296433262697, -17.075272192247507], [-23.290839371532435, -17.01906801296306], [-23.302314091, -16.961293052], [-23.321191801617392, -16.951818712420113], [-23.342686053341513, -16.951793782164053], [-23.361663152829223, -16.942678376795254], [-23.382194028552036, -16.939174300258014]]]}}, {"type": "Feature", "properties": {"pcode": "XK05030402", "area_name": "Hamwuva", "parent_pcode": "XK050304", "level": "village"}, "geometry": {"type": "Polygon", "coordinates": [[[-23.149049727991027, -16.911847887604157], [-23.1581316809549, -16.895864329227706], [-23.272052734472357, -16.610235075220917], [-23.294639605, -16.591015866], [-23.3059490121201, -16.610105567883306], [-23.324096160503565, -16.62304001419939], [-23.338848804448133, -16.639030154134275], [-23.352858053, -16.65568949], [-23.35333391628142, -16.79546374398089], [-23.38119629109466, -16.93045169712505], [-23.382194029, -16.9391743], [-23.361663152829223, -16.942678376795254], [-23.342686053341513, -16.951793782164053], [-23.321191801617392, -16.951818712420113], [-23.302314091, -16.961293052], [-23.263354333952154, -16.950926922854926], [-23.226741523460685, -16.933286002004092], [-23.188068955212668, -16.92202967845163], [-23.149049727991027, -16.911847887604157]]]}}, {"type": "Feature", "properties": {"pcode": "XK05030403", "area_name": "Chundichu", "parent_pcode": "XK050304", "level": "village"}, "geometry": {"type": "Polygon", "coordinates": [[[-23.07133185294239, -17.048625538586855], [-23.149049728, -16.911847888], [-23.188068955212668, -16.92202967845163], [-23.226741523460685, -16.933286002004092], [-23.263354333952154, -16.950926922854926], [-23.302314091, -16.961293052], [-23.290839371532435, -17.01906801296306], [-23.27296433262697, -17.075272192247507], [-23.246168987380955, -17.129287128650656], [-23.246211601, -17.189888701], [-23.210375500615065, -17.144812946607107], [-23.162896650546315, -17.114150582810222], [-23.109472020591728, -17.090848924192073], [-23.07133185294239, -17.048625538586855]]]}}, {"type": "Feature", "properties": {"pcode": "XK05030404", "area_name": "Fache", "parent_pcode": "XK050304", "level": "village"}, "geometry": {"type": "Polygon", "coordinates": [[[-22.982071460031005, -17.1914364568077], [-23.009594240534096, -17.157279121783795], [-23.071331853, -17.048625539], [-23.109472020591728, -17.090848924192073], [-23.162896650546315, -17.114150582810222], [-23.210375500615065, -17.144812946607107], [-23.246211601, -17.189888701], [-23.246952796892312, -17.197639013171308], [-23.248687861964996, -17.205085211843624], [-23.253528069687004, -17.211581269577295], [-23.25513934710207, -17.2190653458298], [-23.21101843739309, -17.23933531565322], [-23.09634347206924, -17.22214575922112], [-22.982071460031005, -17.1914364568077]]]}}, {"type": "Feature", "properties": {"pcode": "XK05030501", "area_name": "Goke", "parent_pcode": "XK050305", "level": "village"}, "geometry": {"type": "Polygon", "coordinates": [[[-23.584602231393795, -17.722435003841362], [-23.459292015417308, -17.748797633346594], [-23.271521295, -17.752478308], [-23.229755846145462, -17.68423486286285], [-23.21210544538315, -17.608732000688097], [-23.186710811980856, -17.535560405453182], [-23.18229387, -17.45607384], [-23.234082839471768, -17.397000764692866], [-23.24162471706052, -17.314255186371867], [-23.29216415471054, -17.25451360281804], [-23.32667894303885, -17.18619871954347], [-23.32780487656382, -17.18568144465669], [-23.442411714, -17.205156804], [-23.461120510613753, -17.339105047647298], [-23.554214378651846, -17.45260616678227], [-23.514009662967297, -17.60274868030597], [-23.584602231393795, -17.722435003841362]]]}}, {"type": "Feature", "properties": {"pcode": "XK05030502", "area_name": "Nyuchuvu", "parent_pcode": "XK050305", "level": "village"}, "geometry": {"type": "Polygon", "coordinates": [[[-23.271521294756432, -17.752478308148437], [-23.021373861, -17.757381689], [-22.868745319, -17.477759365], [-22.946463168702852, -17.46266082364509], [-23.024637765462504, -17.454166336277012], [-23.103128005686187, -17.450235702021917], [-23.18229387, -17.45607384], [-23.186710811980856, -17.535560405453182], [-23.21210544538315, -17.608732000688097], [-23.229755846145462, -17.68423486286285], [-23.271521294756432, -17.752478308148437]]]}}, {"type": "Feature", "properties": {"pcode": "XK05030503", "area_name": "Ndengaki", "parent_pcode": "XK050305", "level": "village"}, "geometry": {"type": "Polygon", "coordinates": [[[-22.868745318832516, -17.477759365023118], [-22.821340858, -17.39091227], [-22.98207146, -17.191436457], [-23.09634347206924, -17.22214575922112], [-23.21101843739309, -17.23933531565322], [-23.326678943, -17.18619872], [-23.29216415471054, -17.25451360281804], [-23.24162471706052, -17.314255186371867], [-23.234082839471768, -17.397000764692866], [-23.18229387, -17.45607384], [-23.103128005686187, -17.450235702021917], [-23.024637765462504, -17.454166336277012], [-22.946463168702852, -17.46266082364509], [-22.868745318832516, -17.477759365023118]]]}}, {"type": "Feature", "properties": {"pcode": "XK05040101", "area_name": "Raka", "parent_pcode": "XK050401", "level": "village"}, "geometry": {"type": "Polygon", "coordinates": [[[-23.450031310100265, -15.56009245866321], [-23.459291109291037, -15.60343754630268], [-23.349835444, -15.862933982], [-23.28196853347083, -15.853869334481757], [-23.268379476, -15.855201226], [-23.25496702573911, -15.791852137461474], [-23.283494390876562, -15.725722490198661], [-23.243335866255524, -15.664146633842876], [-23.25141834, -15.599372458], [-23.302369505824263, -15.596115197884073], [-23.35091000180181, -15.58066877508653], [-23.400024630755553, -15.568125362942746], [-23.450031310100265, -15.56009245866321]]]}}, {"type": "Feature", "properties": {"pcode": "XK05040102", "area_name": "Peha", "parent_pcode": "XK050401", "level": "village"}, "geometry": {"type": "Polygon", "coordinates": [[[-23.412906100388394, -15.386309481792768], [-23.45003131, -15.560092459], [-23.400024630755553, -15.568125362942746], [-23.35091000180181, -15.58066877508653], [-23.302369505824263, -15.596115197884073], [-23.25141834, -15.599372458], [-23.238818912003435, -15.588752071774056], [-23.222563276842518, -15.584165900164338], [-23.207471110843333, -15.577659535768579], [-23.195726629, -15.565628144], [-23.185904716589334, -15.525041965164174], [-23.176539395466566, -15.484411524429195], [-23.187903450391474, -15.441771580717612], [-23.17976970683349, -15.401021750986544], [-23.187374056293688, -15.401954163411354], [-23.299097064337815, -15.382815877589177], [-23.412906100388394, -15.386309481792768]]]}}, {"type": "Feature", "properties": {"pcode": "XK05040103", "area_name": "Namba", "parent_pcode": "XK050401", "level": "village"}, "geometry": {"type": "Polygon", "coordinates": [[[-23.26837947559873, -15.855201226174804], [-23.210945008098957, -15.860830497230788], [-23.148691481629058, -15.823267273746238], [-23.08163155, -15.810105677], [-23.069784372012368, -15.708975019695531], [-23.016712438, -15.651699697], [-23.05590998405169, -15.618626270194575], [-23.11429408744161, -15.62545761936057], [-23.15477818507302, -15.595060001021409], [-23.195726629, -15.565628144], [-23.207471110843333, -15.577659535768579], [-23.222563276842518, -15.584165900164338], [-23.238818912003435, -15.588752071774056], [-23.25141834, -15.599372458], [-23.243335866255524, -15.664146633842876], [-23.283494390876562, -15.725722490198661], [-23.25496702573911, -15.791852137461474], [-23.26837947559873, -15.855201226174804]]]}}, {"type": "Feature", "properties": {"pcode": "XK05040104", "area_name": "Menge", "parent_pcode": "XK050401", "level": "village"}, "geometry": {"type": "Polygon", "coordinates": [[[-23.01671243844945, -15.651699697404952], [-22.994382987509525, -15.627601715415292], [-22.989435241719153, -15.524326203740637], [-22.96278212, -15.42779833], [-23.07258977145431, -15.387879811105835], [-23.179769707, -15.401021751], [-23.187903450391474, -15.441771580717612], [-23.176539395466566, -15.484411524429195], [-23.185904716589334, -15.525041965164174], [-23.195726629, -15.565628144], [-23.15477818507302, -15.595060001021409], [-23.11429408744161, -15.62545761936057], [-23.05590998405169, -15.618626270194575], [-23.01671243844945, -15.651699697404952]]]}}, {"type": "Feature", "properties": {"pcode": "XK05040201", "area_name": "Popi", "parent_pcode": "XK050402", "level": "village"}, "geometry": {"type": "Polygon", "coordinates": [[[-23.164181425, -15.201880337], [-23.22069872176441, -15.2037247180009], [-23.27537937012371, -15.192483245822059], [-23.329956613931337, -15.180505031228357], [-23.384867810291457, -15.170906178205469], [-23.383627084367312, -15.249254510158377], [-23.4129061, -15.386309482], [-23.299097064337815, -15.382815877589177], [-23.187374056293688, -15.401954163411354], [-23.162237714, -15.398872054], [-23.156713783524925, -15.34956482567023], [-23.15718947235623, -15.300316795393146], [-23.170234529067145, -15.251192786668755], [-23.164181425, -15.201880337]]]}}, {"type": "Feature", "properties": {"pcode": "XK05040202", "area_name": "Nyuda", "parent_pcode": "XK050402", "level": "village"}, "geometry": {"type": "Polygon", "coordinates": [[[-23.073645251966838, -15.112743573417633], [-23.353717499, -14.870777344], [-23.389244033, -14.894560095], [-23.38486781, -15.170906178], [-23.329956613931337, -15.180505031228357], [-23.27537937012371, -15.192483245822059], [-23.22069872176441, -15.2037247180009], [-23.164181425, -15.201880337], [-23.136313902496767, -15.184911788634977], [-23.116612226630533, -15.1596491933398], [-23.095490737720148, -15.135828701545176], [-23.073645251966838, -15.112743573417633]]]}}, {"type": "Feature", "properties": {"pcode": "XK05040203", "area_name": "Tuvocha", "parent_pcode": "XK050402", "level": "village"}, "geometry": {"type": "Polygon", "coordinates": [[[-22.880497038026494, -15.37173656129083], [-23.01830763910882, -15.160552071653598], [-23.073645252, -15.112743573], [-23.095490737720148, -15.135828701545176], [-23.116612226630533, -15.1596491933398], [-23.136313902496767, -15.184911788634977], [-23.164181425, -15.201880337], [-23.170234529067145, -15.251192786668755], [-23.15718947235623, -15.300316795393146], [-23.156713783524925, -15.34956482567023], [-23.162237713659213, -15.398872053849013], [-23.07258977145431, -15.387879811105835], [-22.96278212, -15.42779833], [-22.943508907895964, -15.411877652801872], [-22.917133726161612, -15.406380944804432], [-22.901970897560805, -15.384427221385186], [-22.880497038026494, -15.37173656129083]]]}}, {"type": "Feature", "properties": {"pcode": "XK05040301", "area_name": "Nyichonya", "parent_pcode": "XK050403", "level": "village"}, "geometry": {"type": "Polygon", "coordinates": [[[-23.349835444413237, -15.862933981865346], [-23.30929777195613, -15.95904030510016], [-23.398169026, -16.313140248], [-23.312506997, -16.288641022], [-23.269626120918478, -16.22739720575338], [-23.20642406451742, -16.180360600146965], [-23.194480284086982, -16.09748763502219], [-23.141153549, -16.043546865], [-23.167646938267875, -16.00120612222643], [-23.16528811098188, -15.94803682868377], [-23.18076818657729, -15.90156266947006], [-23.20995352080866, -15.860232242629333], [-23.210945008098957, -15.860830497230788], [-23.28196853347083, -15.853869334481757], [-23.349835444413237, -15.862933981865346]]]}}, {"type": "Feature", "properties": {"pcode": "XK05040302", "area_name": "Ziji", "parent_pcode": "XK050403", "level": "village"}, "geometry": {"type": "Polygon", "coordinates": [[[-23.312506996712862, -16.288641022384947], [-23.292111682545787, -16.282807989856682], [-23.179638697132773, -16.283547442679566], [-23.071519286707925, -16.2632020181713], [-22.967258967, -16.224166562], [-22.881589426, -16.130046429], [-22.949416728680163, -16.117232574879232], [-23.015782289589207, -16.10003238973752], [-23.07458265503931, -16.060130895666397], [-23.141153549, -16.043546865], [-23.194480284086982, -16.09748763502219], [-23.20642406451742, -16.180360600146965], [-23.269626120918478, -16.22739720575338], [-23.312506996712862, -16.288641022384947]]]}}, {"type": "Feature", "properties": {"pcode": "XK05040303", "area_name": "Nyolacha", "parent_pcode": "XK050403", "level": "village"}, "geometry": {"type": "Polygon", "coordinates": [[[-23.141153549, -16.043546865], [-23.07458265503931, -16.060130895666397], [-23.015782289589207, -16.10003238973752], [-22.949416728680163, -16.117232574879232], [-22.881589425538507, -16.130046429447408], [-22.85789036861485, -16.10400965673947], [-22.822743102, -16.030780051], [-22.892644035829, -15.981687093385922], [-22.943331639650964, -15.91005364275369], [-23.022116419529034, -15.871382942487516], [-23.08163155, -15.810105677], [-23.148691481629058, -15.823267273746238], [-23.209953521, -15.860232243], [-23.18076818657729, -15.90156266947006], [-23.16528811098188, -15.94803682868377], [-23.167646938267875, -16.00120612222643], [-23.141153549, -16.043546865]]]}}, {"type": "Feature", "properties": {"pcode": "XK05040401", "area_name": "Mora", "parent_pcode": "XK050404", "level": "village"}, "geometry": {"type": "Polygon", "coordinates": [[[-22.88723301700557, -15.375717402063032], [-22.901970897560805, -15.384427221385186], [-22.917133726161612, -15.406380944804432], [-22.943508907895964, -15.411877652801872], [-22.96278212, -15.42779833], [-22.989435241719153, -15.524326203740637], [-22.994382987509525, -15.627601715415292], [-23.069784372012368, -15.708975019695531], [-23.079865001, -15.795025948], [-23.049208865212226, -15.788573623727299], [-23.016437431191207, -15.789315041312644], [-22.992034769999066, -15.76159579531242], [-22.96001406, -15.759784138], [-22.93276508502232, -15.721343834831735], [-22.910328548984058, -15.67971360408488], [-22.891545453021305, -15.635661688741017], [-22.855933643, -15.602764695], [-22.864353195755502, -15.546084854790463], [-22.892128758280652, -15.492073317650842], [-22.879890237897953, -15.43254567974802], [-22.88723301700557, -15.375717402063032]]]}}, {"type": "Feature", "properties": {"pcode": "XK05040402", "area_name": "Nina", "parent_pcode": "XK050404", "level": "village"}, "geometry": {"type": "Polygon", "coordinates": [[[-23.079865001324066, -15.795025948397628], [-23.08163155, -15.810105677], [-23.022116419529034, -15.871382942487516], [-22.943331639650964, -15.91005364275369], [-22.892644035829, -15.981687093385922], [-22.822743101870213, -16.030780051389016], [-22.78603160357517, -15.954291357360486], [-22.734277768, -15.887525172], [-22.753211834136074, -15.869464347980198], [-22.770119105668698, -15.85009819851257], [-22.771115537492015, -15.820484920927704], [-22.789368356, -15.80198535], [-22.830936047246055, -15.787012398260048], [-22.873148184655566, -15.774645342513159], [-22.916517320507282, -15.766956749880007], [-22.96001406, -15.759784138], [-22.992034769999066, -15.76159579531242], [-23.016437431191207, -15.789315041312644], [-23.049208865212226, -15.788573623727299], [-23.079865001324066, -15.795025948397628]]]}}, {"type": "Feature", "properties": {"pcode": "XK05040403", "area_name": "Mwiwi", "parent_pcode": "XK050404", "level": "village"}, "geometry": {"type": "Polygon", "coordinates": [[[-22.96001406, -15.759784138], [-22.916517320507282, -15.766956749880007], [-22.873148184655566, -15.774645342513159], [-22.830936047246055, -15.787012398260048], [-22.789368356, -15.80198535], [-22.777152878058867, -15.770992756435163], [-22.755540418340747, -15.743887662542184], [-22.7597105133271, -15.706116412714035], [-22.738436492, -15.678871308], [-22.765227117316396, -15.655855868977936], [-22.79217869185429, -15.63308891131953], [-22.8302841384183, -15.62754185261639], [-22.855933643, -15.602764695], [-22.891545453021305, -15.635661688741017], [-22.910328548984058, -15.67971360408488], [-22.93276508502232, -15.721343834831735], [-22.96001406, -15.759784138]]]}}, {"type": "Feature", "properties": {"pcode": "XK05040404", "area_name": "Mamwo", "parent_pcode": "XK050404", "level": "village"}, "geometry": {"type": "Polygon", "coordinates": [[[-22.653316137131398, -15.640761112764274], [-22.769279208215476, -15.542169608115504], [-22.880497038, -15.371736561], [-22.887233017, -15.375717402], [-22.879890237897953, -15.43254567974802], [-22.892128758280652, -15.492073317650842], [-22.864353195755502, -15.546084854790463], [-22.855933643, -15.602764695], [-22.8302841384183, -15.62754185261639], [-22.79217869185429, -15.63308891131953], [-22.765227117316396, -15.655855868977936], [-22.738436492, -15.678871308], [-22.715779381064113, -15.672419382906757], [-22.694599635394802, -15.662667714635722], [-22.673315406250627, -15.65314941359023], [-22.653316137131398, -15.640761112764274]]]}}, {"type": "Feature", "properties": {"pcode": "XK05040405", "area_name": "Nyiki", "parent_pcode": "XK050404", "level": "village"}, "geometry": {"type": "Polygon", "coordinates": [[[-22.565990372384253, -15.715005253252613], [-22.653316137, -15.640761113], [-22.673315406250627, -15.65314941359023], [-22.694599635394802, -15.662667714635722], [-22.715779381064113, -15.672419382906757], [-22.738436492, -15.678871308], [-22.7597105133271, -15.706116412714035], [-22.755540418340747, -15.743887662542184], [-22.777152878058867, -15.770992756435163], [-22.789368356, -15.80198535], [-22.771115537492015, -15.820484920927704], [-22.770119105668698, -15.85009819851257], [-22.753211834136074, -15.869464347980198], [-22.734277767777435, -15.887525171711054], [-22.68673748940926, -15.82619477943327], [-22.565990372384253, -15.715005253252613]]]}}, {"type": "Feature", "properties": {"pcode": "XK05050101", "area_name": "Pego", "parent_pcode": "XK050501", "level": "village"}, "geometry": {"type": "Polygon", "coordinates": [[[-23.247237981251715, -16.283103011678797], [-23.292111682545787, -16.282807989856682], [-23.398169026, -16.313140248], [-23.419162005758487, -16.344528088079635], [-23.459953883539317, -16.35347088277342], [-23.483416477948452, -16.38205904113052], [-23.507679378, -16.409739932], [-23.272052734472357, -16.610235075220917], [-23.270956533, -16.612983533], [-23.250991662799976, -16.59249736569131], [-23.2262832776057, -16.57683126663127], [-23.20591050396014, -16.55675958572111], [-23.189420501, -16.532742472], [-23.205722809560726, -16.47076059683292], [-23.206631443627792, -16.405213486157148], [-23.240388689014132, -16.34727424295545], [-23.247237981251715, -16.283103011678797]]]}}, {"type": "Feature", "properties": {"pcode": "XK05050102", "area_name": "Muka", "parent_pcode": "XK050501", "level": "village"}, "geometry": {"type": "Polygon", "coordinates": [[[-23.09315979554726, -16.267274231820828], [-23.179638697132773, -16.283547442679566], [-23.247237981, -16.283103012], [-23.240388689014132, -16.34727424295545], [-23.206631443627792, -16.405213486157148], [-23.205722809560726, -16.47076059683292], [-23.189420501, -16.532742472], [-23.161406578127337, -16.525197939418767], [-23.1322565575923, -16.528982879731323], [-23.10327207354117, -16.531117045493847], [-23.075484312, -16.521317171], [-23.06972538673181, -16.488527200408647], [-23.045457528824127, -16.46440425722739], [-23.03022850865596, -16.436048770983298], [-23.020969532, -16.404897741], [-23.04552056868745, -16.373903252322012], [-23.065675871843432, -16.340602986335952], [-23.070257106847027, -16.299133359608806], [-23.09315979554726, -16.267274231820828]]]}}, {"type": "Feature", "properties": {"pcode": "XK05050103", "area_name": "Michu", "parent_pcode": "XK050501", "level": "village"}, "geometry": {"type": "Polygon", "coordinates": [[[-23.189420501, -16.532742472], [-23.20591050396014, -16.55675958572111], [-23.2262832776057, -16.57683126663127], [-23.250991662799976, -16.59249736569131], [-23.270956532828716, -16.61298353346169], [-23.180797512, -16.839035287], [-23.134383866230603, -16.804118229649124], [-23.073411792766326, -16.80598118784084], [-23.01910528414691, -16.791004444401835], [-22.972495034, -16.756584083], [-22.935788300954528, -16.64289830350538], [-22.932335493, -16.634331891], [-22.97193782797458, -16.610910602621015], [-22.994128211348848, -16.565434662351823], [-23.039466403677952, -16.549278632925418], [-23.075484312, -16.521317171], [-23.10327207354117, -16.531117045493847], [-23.1322565575923, -16.528982879731323], [-23.161406578127337, -16.525197939418767], [-23.189420501, -16.532742472]]]}}, {"type": "Feature", "properties": {"pcode": "XK05050104", "area_name": "Vala", "parent_pcode": "XK050501", "level": "village"}, "geometry": {"type": "Polygon", "coordinates": [[[-22.876231714222495, -16.291378029006605], [-22.967258967, -16.224166562], [-23.071519286707925, -16.2632020181713], [-23.093159796, -16.267274232], [-23.070257106847027, -16.299133359608806], [-23.065675871843432, -16.340602986335952], [-23.04552056868745, -16.373903252322012], [-23.020969532, -16.404897741], [-22.98572122340427, -16.397621260789304], [-22.94870279278917, -16.399376270738582], [-22.914021293584195, -16.389207824110212], [-22.879698461064567, -16.377209393797145], [-22.876231714222495, -16.291378029006605]]]}}, {"type": "Feature", "properties": {"pcode": "XK05050105", "area_name": "Kunyizi", "parent_pcode": "XK050501", "level": "village"}, "geometry": {"type": "Polygon", "coordinates": [[[-23.020969532, -16.404897741], [-23.03022850865596, -16.436048770983298], [-23.045457528824127, -16.46440425722739], [-23.06972538673181, -16.488527200408647], [-23.075484312, -16.521317171], [-23.039466403677952, -16.549278632925418], [-22.994128211348848, -16.565434662351823], [-22.97193782797458, -16.610910602621015], [-22.932335492812587, -16.634331891428772], [-22.890667483040747, -16.530953618601465], [-22.881089692009837, -16.411654150282384], [-22.879698461, -16.377209394], [-22.914021293584195, -16.389207824110212], [-22.94870279278917, -16.399376270738582], [-22.98572122340427, -16.397621260789304], [-23.020969532, -16.404897741]]]}}, {"type": "Feature", "properties": {"pcode": "XK05050201", "area_name": "Mbonyare", "parent_pcode": "XK050502", "level": "village"}, "geometry": {"type": "Polygon", "coordinates": [[[-22.823066093021755, -16.897849750197096], [-22.836582661, -16.812338969], [-22.87129821180981, -16.800197930432045], [-22.904937441069674, -16.78543316816096], [-22.93827253694936, -16.769927027109016], [-22.972495034, -16.756584083], [-23.01910528414691, -16.791004444401835], [-23.073411792766326, -16.80598118784084], [-23.134383866230603, -16.804118229649124], [-23.180797511758147, -16.839035287150914], [-23.1581316809549, -16.895864329227706], [-23.084072546, -17.026202871], [-23.04424761921019, -17.024240164612248], [-23.004530185937348, -17.021478610093645], [-22.965869885123407, -17.01086087677796], [-22.926568288, -17.005008997], [-22.89371750234854, -16.98495637639456], [-22.882428306122556, -16.94407800443585], [-22.84693271729082, -16.926579927112165], [-22.823066093021755, -16.897849750197096]]]}}, {"type": "Feature", "properties": {"pcode": "XK05050202", "area_name": "Habami", "parent_pcode": "XK050502", "level": "village"}, "geometry": {"type": "Polygon", "coordinates": [[[-23.084072546155973, -17.026202870847232], [-23.009594240534096, -17.157279121783795], [-22.94686979, -17.23512373], [-22.925719696717717, -17.221571695884254], [-22.9034845081955, -17.20960533566774], [-22.885207945132365, -17.191854147690226], [-22.863986807, -17.178405933], [-22.863484950275684, -17.17568204740057], [-22.86174179823988, -17.173443889452532], [-22.861450089981187, -17.17063777126936], [-22.860022885, -17.168275981], [-22.872058173861415, -17.125583904727446], [-22.90256058881949, -17.090418777984098], [-22.899787399892638, -17.041690967492087], [-22.926568288, -17.005008997], [-22.965869885123407, -17.01086087677796], [-23.004530185937348, -17.021478610093645], [-23.04424761921019, -17.024240164612248], [-23.084072546155973, -17.026202870847232]]]}}, {"type": "Feature", "properties": {"pcode": "XK05050203", "area_name": "Ramika", "parent_pcode": "XK050502", "level": "village"}, "geometry": {"type": "Polygon", "coordinates": [[[-22.821340858410053, -17.39091226965924], [-22.79041064243224, -17.334246728759922], [-22.753241654, -17.296785151], [-22.78554141067727, -17.271506300562468], [-22.801513579004194, -17.230952798876775], [-22.829970208024033, -17.20207865724192], [-22.863986807, -17.178405933], [-22.885207945132365, -17.191854147690226], [-22.9034845081955, -17.20960533566774], [-22.925719696717717, -17.221571695884254], [-22.94686978992256, -17.23512373036286], [-22.821340858410053, -17.39091226965924]]]}}, {"type": "Feature", "properties": {"pcode": "XK05050204", "area_name": "Dosa", "parent_pcode": "XK050502", "level": "village"}, "geometry": {"type": "Polygon", "coordinates": [[[-22.698192546911987, -17.091782155972076], [-22.765569163393653, -17.016975184796987], [-22.81918788952577, -16.922384692137715], [-22.823066093, -16.89784975], [-22.84693271729082, -16.926579927112165], [-22.882428306122556, -16.94407800443585], [-22.89371750234854, -16.98495637639456], [-22.926568288, -17.005008997], [-22.899787399892638, -17.041690967492087], [-22.90256058881949, -17.090418777984098], [-22.872058173861415, -17.125583904727446], [-22.860022885, -17.168275981], [-22.82421818722774, -17.13930887747748], [-22.772416206670794, -17.14418562579695], [-22.739072572196076, -17.11001189670328], [-22.698192546911987, -17.091782155972076]]]}}, {"type": "Feature", "properties": {"pcode": "XK05050205", "area_name": "Kanomwi", "parent_pcode": "XK050502", "level": "village"}, "geometry": {"type": "Polygon", "coordinates": [[[-22.753241654047137, -17.296785151033294], [-22.666982706, -17.209847184], [-22.68913973848706, -17.101833316363624], [-22.698192547, -17.091782156], [-22.739072572196076, -17.11001189670328], [-22.772416206670794, -17.14418562579695], [-22.82421818722774, -17.13930887747748], [-22.860022885, -17.168275981], [-22.861450089981187, -17.17063777126936], [-22.86174179823988, -17.173443889452532], [-22.863484950275684, -17.17568204740057], [-22.863986807, -17.178405933], [-22.829970208024033, -17.20207865724192], [-22.801513579004194, -17.230952798876775], [-22.78554141067727, -17.271506300562468], [-22.753241654047137, -17.296785151033294]]]}}, {"type": "Feature", "properties": {"pcode": "XK05050301", "area_name": "Yachu", "parent_pcode": "XK050503", "level": "village"}, "geometry": {"type": "Polygon", "coordinates": [[[-22.904772943726307, -16.565949246448618], [-22.935788300954528, -16.64289830350538], [-22.972495034, -16.756584083], [-22.93827253694936, -16.769927027109016], [-22.904937441069674, -16.78543316816096], [-22.87129821180981, -16.800197930432045], [-22.836582661, -16.812338969], [-22.73802892364281, -16.75986413511554], [-22.672408897, -16.738039333], [-22.675462588058906, -16.703170355559948], [-22.69680532010022, -16.672867155625045], [-22.699452220772425, -16.637896624779387], [-22.70590229, -16.603875538], [-22.753913772925326, -16.585447420826164], [-22.807855938877736, -16.59811748778969], [-22.85420708222472, -16.57098319871255], [-22.904772943726307, -16.565949246448618]]]}}, {"type": "Feature", "properties": {"pcode": "XK05050302", "area_name": "Njagimba", "parent_pcode": "XK050503", "level": "village"}, "geometry": {"type": "Polygon", "coordinates": [[[-22.60186824053806, -16.473539820533436], [-22.634606962200465, -16.39976291880229], [-22.818326704379285, -16.33413314398417], [-22.876231714, -16.291378029], [-22.881089692009837, -16.411654150282384], [-22.890667483040747, -16.530953618601465], [-22.904772944, -16.565949246], [-22.85420708222472, -16.57098319871255], [-22.807855938877736, -16.59811748778969], [-22.753913772925326, -16.585447420826164], [-22.70590229, -16.603875538], [-22.683328532500067, -16.5685499854084], [-22.647886997486026, -16.54349550069625], [-22.634975704545088, -16.500457362985777], [-22.60186824053806, -16.473539820533436]]]}}, {"type": "Feature", "properties": {"pcode": "XK05050303", "area_name": "Sesi", "parent_pcode": "XK050503", "level": "village"}, "geometry": {"type": "Polygon", "coordinates": [[[-22.420948830229946, -16.661432571846355], [-22.549635149968413, -16.591247397200863], [-22.601868241, -16.473539821], [-22.634975704545088, -16.500457362985777], [-22.647886997486026, -16.54349550069625], [-22.683328532500067, -16.5685499854084], [-22.70590229, -16.603875538], [-22.699452220772425, -16.637896624779387], [-22.69680532010022, -16.672867155625045], [-22.675462588058906, -16.703170355559948], [-22.672408897179395, -16.738039333396504], [-22.633094398174833, -16.724963582109872], [-22.514617216112185, -16.727362880894862], [-22.420948830229946, -16.661432571846355]]]}}, {"type": "Feature", "properties": {"pcode": "XK05050401", "area_name": "Lidini", "parent_pcode": "XK050504", "level": "village"}, "geometry": {"type": "Polygon", "coordinates": [[[-22.60005101761235, -16.72563274845444], [-22.633094398174833, -16.724963582109872], [-22.73802892364281, -16.75986413511554], [-22.836582661, -16.812338969], [-22.81918788952577, -16.922384692137715], [-22.814747139, -16.93021876], [-22.760606559275534, -16.913120227283482], [-22.703367006456155, -16.90954404035729], [-22.64685877260873, -16.90277674859769], [-22.594099257, -16.879651953], [-22.583513759709852, -16.849863602907842], [-22.600953598101725, -16.818101449311722], [-22.58632779720655, -16.788597654791104], [-22.585539801, -16.758119274], [-22.588569470475953, -16.74973046516311], [-22.592877990266164, -16.74191289852124], [-22.596786575982932, -16.733916687658514], [-22.60005101761235, -16.72563274845444]]]}}, {"type": "Feature", "properties": {"pcode": "XK05050402", "area_name": "Shinowi", "parent_pcode": "XK050504", "level": "village"}, "geometry": {"type": "Polygon", "coordinates": [[[-22.594099257, -16.879651953], [-22.64685877260873, -16.90277674859769], [-22.703367006456155, -16.90954404035729], [-22.760606559275534, -16.913120227283482], [-22.814747139457502, -16.930218759953863], [-22.765569163393653, -17.016975184796987], [-22.699102513, -17.090771838], [-22.657243841001634, -17.05821105932777], [-22.625856827126892, -17.015129927194224], [-22.595165653114012, -16.971349719402088], [-22.549875915, -16.942235962], [-22.557434877339347, -16.924118986410562], [-22.57069158527349, -16.91002817271286], [-22.58089351473658, -16.893778780246897], [-22.594099257, -16.879651953]]]}}, {"type": "Feature", "properties": {"pcode": "XK05050403", "area_name": "Fale", "parent_pcode": "XK050504", "level": "village"}, "geometry": {"type": "Polygon", "coordinates": [[[-22.666982706046458, -17.209847183890634], [-22.445492183, -16.986613116], [-22.472778880310194, -16.978319737685236], [-22.49746827149229, -16.963916988165707], [-22.521107091920623, -16.947043091082094], [-22.549875915, -16.942235962], [-22.595165653114012, -16.971349719402088], [-22.625856827126892, -17.015129927194224], [-22.657243841001634, -17.05821105932777], [-22.69910251278694, -17.090771838230808], [-22.68913973848706, -17.101833316363624], [-22.666982706046458, -17.209847183890634]]]}}, {"type": "Feature", "properties": {"pcode": "XK05050404", "area_name": "Nduye", "parent_pcode": "XK050504", "level": "village"}, "geometry": {"type": "Polygon", "coordinates": [[[-22.445492182882322, -16.986613116455857], [-22.439009328735356, -16.98007923013359], [-22.40637768, -16.799729251], [-22.448993143489265, -16.779961465003502], [-22.498819336022034, -16.791241269093163], [-22.539452494160045, -16.762938173615485], [-22.585539801, -16.758119274], [-22.58632779720655, -16.788597654791104], [-22.600953598101725, -16.818101449311722], [-22.583513759709852, -16.849863602907842], [-22.594099257, -16.879651953], [-22.58089351473658, -16.893778780246897], [-22.57069158527349, -16.91002817271286], [-22.557434877339347, -16.924118986410562], [-22.549875915, -16.942235962], [-22.521107091920623, -16.947043091082094], [-22.49746827149229, -16.963916988165707], [-22.472778880310194, -16.978319737685236], [-22.445492182882322, -16.986613116455857]]]}}, {"type": "Feature", "properties": {"pcode": "XK05050405", "area_name": "Ngaza", "parent_pcode": "XK050504", "level": "village"}, "geometry": {"type": "Polygon", "coordinates": [[[-22.406377679979517, -16.799729250522546], [-22.3849112, -16.681087399], [-22.42094883, -16.661432572], [-22.514617216112185, -16.727362880894862], [-22.600051018, -16.725632748], [-22.596786575982932, -16.733916687658514], [-22.592877990266164, -16.74191289852124], [-22.588569470475953, -16.74973046516311], [-22.585539801, -16.758119274], [-22.539452494160045, -16.762938173615485], [-22.498819336022034, -16.791241269093163], [-22.448993143489265, -16.779961465003502], [-22.406377679979517, -16.799729250522546]]]}}, {"type": "Feature", "properties": {"pcode": "XK05060101", "area_name": "Gizu", "parent_pcode": "XK050601", "level": "village"}, "geometry": {"type": "Polygon", "coordinates": [[[-22.951207941854413, -16.206532236094493], [-22.967258967, -16.224166562], [-22.818326704379285, -16.33413314398417], [-22.660949052, -16.390352796], [-22.649418953, -16.378636562], [-22.66268897985988, -16.352317313213902], [-22.662055421347006, -16.322831182049438], [-22.670025510896252, -16.295304742626858], [-22.674833683, -16.267058099], [-22.74609434755516, -16.261822082453754], [-22.815311015412192, -16.24725273227387], [-22.88532642940279, -16.236330630722122], [-22.951207941854413, -16.206532236094493]]]}}, {"type": "Feature", "properties": {"pcode": "XK05060102", "area_name": "Ramwa", "parent_pcode": "XK050601", "level": "village"}, "geometry": {"type": "Polygon", "coordinates": [[[-22.890866945304783, -16.140239099739144], [-22.951207942, -16.206532236], [-22.88532642940279, -16.236330630722122], [-22.815311015412192, -16.24725273227387], [-22.74609434755516, -16.261822082453754], [-22.674833683, -16.267058099], [-22.6747612156738, -16.245205127483377], [-22.660206969375288, -16.227027790527746], [-22.660093485042786, -16.205185229577825], [-22.653972773, -16.184867369], [-22.664598308692685, -16.17137202699519], [-22.66971345109341, -16.15486581125], [-22.674939821008678, -16.138420370114716], [-22.686458548, -16.125413067], [-22.73733560414851, -16.132222273027068], [-22.78863771195379, -16.13317123796315], [-22.84048175957193, -16.126648409978124], [-22.890866945304783, -16.140239099739144]]]}}, {"type": "Feature", "properties": {"pcode": "XK05060103", "area_name": "Kilo", "parent_pcode": "XK050601", "level": "village"}, "geometry": {"type": "Polygon", "coordinates": [[[-22.648031499019094, -15.975810438224586], [-22.670675965042516, -15.9618314523171], [-22.742724691508666, -15.89842231332989], [-22.78603160357517, -15.954291357360486], [-22.85789036861485, -16.10400965673947], [-22.890866945, -16.1402391], [-22.84048175957193, -16.126648409978124], [-22.78863771195379, -16.13317123796315], [-22.73733560414851, -16.132222273027068], [-22.686458548, -16.125413067], [-22.668603663385973, -16.090131028950474], [-22.66564713054102, -16.05102218854275], [-22.64784878726647, -16.015725627240272], [-22.648031499019094, -15.975810438224586]]]}}, {"type": "Feature", "properties": {"pcode": "XK05060104", "area_name": "Nikama", "parent_pcode": "XK050601", "level": "village"}, "geometry": {"type": "Polygon", "coordinates": [[[-22.457892086, -16.155780122], [-22.51661205927946, -16.077619288690805], [-22.5876465015912, -16.013087582547403], [-22.648031499, -15.975810438], [-22.64784878726647, -16.015725627240272], [-22.66564713054102, -16.05102218854275], [-22.668603663385973, -16.090131028950474], [-22.686458548, -16.125413067], [-22.674939821008678, -16.138420370114716], [-22.66971345109341, -16.15486581125], [-22.664598308692685, -16.17137202699519], [-22.653972773, -16.184867369], [-22.60503510313346, -16.17372736162206], [-22.55433210263281, -16.180154703156628], [-22.50572438577682, -16.165731231735727], [-22.455746000583108, -16.1649476994935], [-22.457892086, -16.155780122]]]}}, {"type": "Feature", "properties": {"pcode": "XK05060105", "area_name": "Wanjipa", "parent_pcode": "XK050601", "level": "village"}, "geometry": {"type": "Polygon", "coordinates": [[[-22.653972773, -16.184867369], [-22.660093485042786, -16.205185229577825], [-22.660206969375288, -16.227027790527746], [-22.6747612156738, -16.245205127483377], [-22.674833683, -16.267058099], [-22.670025510896252, -16.295304742626858], [-22.662055421347006, -16.322831182049438], [-22.66268897985988, -16.352317313213902], [-22.649418953150743, -16.378636562075062], [-22.61279570535099, -16.34142209028929], [-22.563046076398603, -16.294280017552374], [-22.496730174312408, -16.26570043988115], [-22.456500749, -16.207890987], [-22.458326593467888, -16.194902732967762], [-22.46237742038974, -16.181973884980938], [-22.454859143389633, -16.16873614704682], [-22.455746001, -16.164947699], [-22.50572438577682, -16.165731231735727], [-22.55433210263281, -16.180154703156628], [-22.60503510313346, -16.17372736162206], [-22.653972773, -16.184867369]]]}}, {"type": "Feature", "properties": {"pcode": "XK05060201", "area_name": "Daba", "parent_pcode": "XK050602", "level": "village"}, "geometry": {"type": "Polygon", "coordinates": [[[-22.644019672745998, -15.786858239506168], [-22.68673748940926, -15.82619477943327], [-22.742724692, -15.898422313], [-22.670675965042516, -15.9618314523171], [-22.624535827, -15.990314895], [-22.592436889212046, -15.974582204501882], [-22.5767708137632, -15.93918928151118], [-22.544361045688472, -15.923828467535705], [-22.517981931, -15.901252596], [-22.517039086268074, -15.89702435708429], [-22.51728699801217, -15.892528779071185], [-22.515844615695126, -15.88841269232916], [-22.514186007, -15.884345151], [-22.540839218808806, -15.852242016036392], [-22.580164501581578, -15.837015622905989], [-22.60940173228631, -15.808353900156897], [-22.644019672745998, -15.786858239506168]]]}}, {"type": "Feature", "properties": {"pcode": "XK05060202", "area_name": "Daju", "parent_pcode": "XK050602", "level": "village"}, "geometry": {"type": "Polygon", "coordinates": [[[-22.44807330051451, -15.81525804426994], [-22.565990372, -15.715005253], [-22.644019673, -15.78685824], [-22.60940173228631, -15.808353900156897], [-22.580164501581578, -15.837015622905989], [-22.540839218808806, -15.852242016036392], [-22.514186007, -15.884345151], [-22.49886796069116, -15.865915343685048], [-22.480575550512658, -15.850331845219772], [-22.463018867217272, -15.834044295054657], [-22.44807330051451, -15.81525804426994]]]}}, {"type": "Feature", "properties": {"pcode": "XK05060203", "area_name": "Pima", "parent_pcode": "XK050602", "level": "village"}, "geometry": {"type": "Polygon", "coordinates": [[[-22.517981931, -15.901252596], [-22.544361045688472, -15.923828467535705], [-22.5767708137632, -15.93918928151118], [-22.592436889212046, -15.974582204501882], [-22.62453582699371, -15.990314894535903], [-22.5876465015912, -16.013087582547403], [-22.51661205927946, -16.077619288690805], [-22.457892086, -16.155780122], [-22.418425347335766, -16.09458974793894], [-22.385773009, -16.048809752], [-22.42807745023465, -16.020210300243438], [-22.46620536026893, -15.98786874134231], [-22.478116232569224, -15.932037123464683], [-22.517981931, -15.901252596]]]}}, {"type": "Feature", "properties": {"pcode": "XK05060204", "area_name": "Machu", "parent_pcode": "XK050602", "level": "village"}, "geometry": {"type": "Polygon", "coordinates": [[[-22.261770444622726, -15.946944323981025], [-22.43145998478857, -15.829382642623612], [-22.448073301, -15.815258044], [-22.463018867217272, -15.834044295054657], [-22.480575550512658, -15.850331845219772], [-22.49886796069116, -15.865915343685048], [-22.514186007, -15.884345151], [-22.515844615695126, -15.88841269232916], [-22.51728699801217, -15.892528779071185], [-22.517039086268074, -15.89702435708429], [-22.517981931, -15.901252596], [-22.478116232569224, -15.932037123464683], [-22.46620536026893, -15.98786874134231], [-22.42807745023465, -16.020210300243438], [-22.385773009151873, -16.04880975174888], [-22.376457162091032, -16.035748529592272], [-22.32265847873779, -15.988017555394881], [-22.261770444622726, -15.946944323981025]]]}}, {"type": "Feature", "properties": {"pcode": "XK05060301", "area_name": "Ranije", "parent_pcode": "XK050603", "level": "village"}, "geometry": {"type": "Polygon", "coordinates": [[[-22.515991011881876, -16.27400111266117], [-22.563046076398603, -16.294280017552374], [-22.61279570535099, -16.34142209028929], [-22.660949051865057, -16.39035279557643], [-22.634606962200465, -16.39976291880229], [-22.583023288, -16.516007031], [-22.544693147117236, -16.50660542170355], [-22.510794281118628, -16.48879383736895], [-22.48216636301774, -16.460978689408513], [-22.44751025, -16.44460426], [-22.4730900410297, -16.405349189569872], [-22.48002670558876, -16.35861069618289], [-22.499771672171104, -16.31701350468807], [-22.515991011881876, -16.27400111266117]]]}}, {"type": "Feature", "properties": {"pcode": "XK05060302", "area_name": "Noba", "parent_pcode": "XK050603", "level": "village"}, "geometry": {"type": "Polygon", "coordinates": [[[-22.357642435535364, -16.530377235914077], [-22.34795348833696, -16.47682795185451], [-22.34444359, -16.471988126], [-22.345929198111193, -16.471325187256717], [-22.34697855510496, -16.46995062962533], [-22.348391274948256, -16.46916879452606], [-22.349944363, -16.46861593], [-22.37315840755954, -16.45782880847691], [-22.398942656684525, -16.457485120842385], [-22.423196466495764, -16.450922845781605], [-22.44751025, -16.44460426], [-22.48216636301774, -16.460978689408513], [-22.510794281118628, -16.48879383736895], [-22.544693147117236, -16.50660542170355], [-22.583023288249972, -16.516007031300653], [-22.549635149968413, -16.591247397200863], [-22.493067981, -16.62209898], [-22.454575206625677, -16.606014089681818], [-22.434025657610185, -16.563436342083495], [-22.39767873294795, -16.54418314233208], [-22.357642435535364, -16.530377235914077]]]}}, {"type": "Feature", "properties": {"pcode": "XK05060303", "area_name": "Muru", "parent_pcode": "XK050603", "level": "village"}, "geometry": {"type": "Polygon", "coordinates": [[[-22.349944363, -16.46861593], [-22.373027917785567, -16.41550263798149], [-22.374179423944256, -16.358117900291774], [-22.371889004486295, -16.300062819465122], [-22.393183564039116, -16.246601106165077], [-22.403292254017334, -16.23918906627668], [-22.456500749, -16.207890987], [-22.496730174312408, -16.26570043988115], [-22.515991012, -16.274001113], [-22.499771672171104, -16.31701350468807], [-22.48002670558876, -16.35861069618289], [-22.4730900410297, -16.405349189569872], [-22.44751025, -16.44460426], [-22.423196466495764, -16.450922845781605], [-22.398942656684525, -16.457485120842385], [-22.37315840755954, -16.45782880847691], [-22.349944363, -16.46861593]]]}}, {"type": "Feature", "properties": {"pcode": "XK05060304", "area_name": "Kavunji", "parent_pcode": "XK050603", "level": "village"}, "geometry": {"type": "Polygon", "coordinates": [[[-22.38491119995784, -16.681087398959743], [-22.357642436, -16.530377236], [-22.39767873294795, -16.54418314233208], [-22.434025657610185, -16.563436342083495], [-22.454575206625677, -16.606014089681818], [-22.49306798081514, -16.622098979960374], [-22.38491119995784, -16.681087398959743]]]}}, {"type": "Feature", "properties": {"pcode": "XK05060305", "area_name": "Jange", "parent_pcode": "XK050603", "level": "village"}, "geometry": {"type": "Polygon", "coordinates": [[[-22.344443590057374, -16.47198812622457], [-22.257753189, -16.352450068], [-22.31167824446599, -16.322137154419366], [-22.353744053655458, -16.275519514462538], [-22.393183564, -16.246601106], [-22.371889004486295, -16.300062819465122], [-22.374179423944256, -16.358117900291774], [-22.373027917785567, -16.41550263798149], [-22.349944363, -16.46861593], [-22.348391274948256, -16.46916879452606], [-22.34697855510496, -16.46995062962533], [-22.345929198111193, -16.471325187256717], [-22.344443590057374, -16.47198812622457]]]}}, {"type": "Feature", "properties": {"pcode": "XK05060401", "area_name": "Tiwa", "parent_pcode": "XK050604", "level": "village"}, "geometry": {"type": "Polygon", "coordinates": [[[-22.284683154, -16.114511305], [-22.310082988882236, -16.09704139188712], [-22.32110534082897, -16.066705588587766], [-22.348534474338127, -16.051051621520987], [-22.364588264739567, -16.02521827126765], [-22.376457162091032, -16.035748529592272], [-22.418425347335766, -16.09458974793894], [-22.457892086, -16.155780122], [-22.454859143389633, -16.16873614704682], [-22.46237742038974, -16.181973884980938], [-22.458326593467888, -16.194902732967762], [-22.456500749, -16.207890987], [-22.403292254017334, -16.23918906627668], [-22.394095202, -16.245932662], [-22.370251985356298, -16.228385724196592], [-22.34724182455178, -16.209636266198217], [-22.317311455805832, -16.20087616234825], [-22.296794948, -16.178527104], [-22.290432231240587, -16.163154092656246], [-22.296253759020132, -16.145475821326578], [-22.28408901613367, -16.13120055376375], [-22.284683154, -16.114511305]]]}}, {"type": "Feature", "properties": {"pcode": "XK05060402", "area_name": "Zisho", "parent_pcode": "XK050604", "level": "village"}, "geometry": {"type": "Polygon", "coordinates": [[[-22.25775318946503, -16.352450068437186], [-22.191122535, -16.260572548], [-22.21804214554128, -16.240707115439445], [-22.2508374087263, -16.228409371741833], [-22.269604805407198, -16.198044098264845], [-22.296794948, -16.178527104], [-22.317311455805832, -16.20087616234825], [-22.34724182455178, -16.209636266198217], [-22.370251985356298, -16.228385724196592], [-22.394095202216402, -16.245932661633848], [-22.353744053655458, -16.275519514462538], [-22.31167824446599, -16.322137154419366], [-22.25775318946503, -16.352450068437186]]]}}, {"type": "Feature", "properties": {"pcode": "XK05060403", "area_name": "Mbapicha", "parent_pcode": "XK050604", "level": "village"}, "geometry": {"type": "Polygon", "coordinates": [[[-22.161657206785076, -16.016303228356595], [-22.261770445, -15.946944324], [-22.32265847873779, -15.988017555394881], [-22.364588265, -16.025218271], [-22.348534474338127, -16.051051621520987], [-22.32110534082897, -16.066705588587766], [-22.310082988882236, -16.09704139188712], [-22.284683154, -16.114511305], [-22.26565431373549, -16.10704080367329], [-22.245788382616954, -16.102636571150647], [-22.22612013306354, -16.09750822987284], [-22.206255163, -16.093100477], [-22.19431140537732, -16.074362415088363], [-22.1828183977806, -16.055362592109937], [-22.170138088918307, -16.037052262704393], [-22.161657206785076, -16.016303228356595]]]}}, {"type": "Feature", "properties": {"pcode": "XK05060404", "area_name": "Yiti", "parent_pcode": "XK050604", "level": "village"}, "geometry": {"type": "Polygon", "coordinates": [[[-22.191122534565533, -16.260572547733215], [-22.134070704, -16.181903341], [-22.155254935520464, -16.16225348035704], [-22.174104888148385, -16.14070617348967], [-22.18505134738091, -16.11273441847661], [-22.206255163, -16.093100477], [-22.22612013306354, -16.09750822987284], [-22.245788382616954, -16.102636571150647], [-22.26565431373549, -16.10704080367329], [-22.284683154, -16.114511305], [-22.28408901613367, -16.13120055376375], [-22.296253759020132, -16.145475821326578], [-22.290432231240587, -16.163154092656246], [-22.296794948, -16.178527104], [-22.269604805407198, -16.198044098264845], [-22.2508374087263, -16.228409371741833], [-22.21804214554128, -16.240707115439445], [-22.191122534565533, -16.260572547733215]]]}}, {"type": "Feature", "properties": {"pcode": "XK05060405", "area_name": "Jashipi", "parent_pcode": "XK050604", "level": "village"}, "geometry": {"type": "Polygon", "coordinates": [[[-22.134070703565612, -16.181903340717295], [-22.063362012, -16.084402584], [-22.161657207, -16.016303228], [-22.170138088918307, -16.037052262704393], [-22.1828183977806, -16.055362592109937], [-22.19431140537732, -16.074362415088363], [-22.206255163, -16.093100477], [-22.18505134738091, -16.11273441847661], [-22.174104888148385, -16.14070617348967], [-22.155254935520464, -16.16225348035704], [-22.134070703565612, -16.181903340717295]]]}}, {"type": "Feature", "properties": {"pcode": "XK06010101", "area_name": "Mimanja", "parent_pcode": "XK060101", "level": "village"}, "geometry": {"type": "Polygon", "coordinates": [[[-24.61893907167916, -13.39521994611557], [-24.687016361668572, -13.441646096798086], [-24.81937561554536, -13.508503729065371], [-24.94759742750689, -13.572762546638758], [-24.98142244, -13.585141974], [-24.661235719874195, -14.004524847343166], [-24.50150018, -14.031624042], [-24.466275589779237, -13.916298945606556], [-24.425485189476543, -13.801817985929453], [-24.47767854203536, -13.673234676610855], [-24.429942232, -13.559807166], [-24.479364301144543, -13.521155472783793], [-24.512928680275916, -13.464294265474157], [-24.580569854299153, -13.446563718199302], [-24.61893907167916, -13.39521994611557]]]}}, {"type": "Feature", "properties": {"pcode": "XK06010102", "area_name": "Numo", "parent_pcode": "XK060101", "level": "village"}, "geometry": {"type": "Polygon", "coordinates": [[[-24.28060752997938, -12.958696763441068], [-24.417590793136988, -13.101201889990328], [-24.48626185428176, -13.232387703976558], [-24.564506143013656, -13.358098736550554], [-24.618939072, -13.395219946], [-24.580569854299153, -13.446563718199302], [-24.512928680275916, -13.464294265474157], [-24.479364301144543, -13.521155472783793], [-24.429942232, -13.559807166], [-24.34876349730267, -13.554393699465068], [-24.272913675483807, -13.521915311459276], [-24.190615107618346, -13.522189345817544], [-24.113241368, -13.497450757], [-24.159292359171133, -13.364069941804072], [-24.195823192391504, -13.227731650068577], [-24.21909484459872, -13.08727433877657], [-24.28060752997938, -12.958696763441068]]]}}, {"type": "Feature", "properties": {"pcode": "XK06010103", "area_name": "Shuyu", "parent_pcode": "XK060101", "level": "village"}, "geometry": {"type": "Polygon", "coordinates": [[[-24.501500180494226, -14.031624041708481], [-24.309245869, -14.064240058], [-24.15824640523785, -13.908443466914846], [-24.088180790914233, -13.681541405112752], [-23.889853164, -13.596766724], [-23.952190103313672, -13.586535228889705], [-23.994795724541696, -13.531922715874146], [-24.057928491904306, -13.523481251147846], [-24.113241368, -13.497450757], [-24.190615107618346, -13.522189345817544], [-24.272913675483807, -13.521915311459276], [-24.34876349730267, -13.554393699465068], [-24.429942232, -13.559807166], [-24.47767854203536, -13.673234676610855], [-24.425485189476543, -13.801817985929453], [-24.466275589779237, -13.916298945606556], [-24.501500180494226, -14.031624041708481]]]}}, {"type": "Feature", "properties": {"pcode": "XK06010104", "area_name": "Doyu", "parent_pcode": "XK060101", "level": "village"}, "geometry": {"type": "Polygon", "coordinates": [[[-24.205933181558322, -12.882522750743963], [-24.245044246733553, -12.921699906579635], [-24.28060753, -12.958696763], [-24.21909484459872, -13.08727433877657], [-24.195823192391504, -13.227731650068577], [-24.159292359171133, -13.364069941804072], [-24.113241368, -13.497450757], [-24.057928491904306, -13.523481251147846], [-23.994795724541696, -13.531922715874146], [-23.952190103313672, -13.586535228889705], [-23.889853163794594, -13.596766723807907], [-23.867310354473062, -13.587130852579559], [-23.737129248694423, -13.413044025509084], [-23.787295422636586, -13.32818508875998], [-23.998912846, -12.989158692], [-24.049414368753705, -12.960066074449571], [-24.097200205791033, -12.925701292896992], [-24.161023987500215, -12.92247217408234], [-24.205933181558322, -12.882522750743963]]]}}, {"type": "Feature", "properties": {"pcode": "XK06010201", "area_name": "Nayili", "parent_pcode": "XK060102", "level": "village"}, "geometry": {"type": "Polygon", "coordinates": [[[-24.30924586921928, -14.064240058060342], [-24.093276350241275, -14.100879368285517], [-24.018036623, -14.26875413], [-23.996007556392374, -14.190801012080433], [-23.926637022906608, -14.135544509245978], [-23.92692279116558, -14.04689313351876], [-23.880016601, -13.980866695], [-23.947819520908013, -13.956481328982346], [-24.006598308415985, -13.909297644758091], [-24.088003487895566, -13.919276650659464], [-24.147870957749827, -13.874843384336849], [-24.15824640523785, -13.908443466914846], [-24.30924586921928, -14.064240058060342]]]}}, {"type": "Feature", "properties": {"pcode": "XK06010202", "area_name": "Kechanya", "parent_pcode": "XK060102", "level": "village"}, "geometry": {"type": "Polygon", "coordinates": [[[-23.880016601, -13.980866695], [-23.852366751585116, -13.972012109444831], [-23.826595160259007, -13.957860008493869], [-23.79603238006438, -13.957221171213574], [-23.770612536, -13.942076988], [-23.769893981250856, -13.941097750305877], [-23.769360927236217, -13.940038805713424], [-23.76921089872219, -13.938815280777307], [-23.768743833, -13.937727982], [-23.820974838496756, -13.860654114675604], [-23.86501809560797, -13.780556968587181], [-23.88366306916921, -13.69108165310667], [-23.893989031905775, -13.598534590978693], [-24.088180790914233, -13.681541405112752], [-24.147870958, -13.874843384], [-24.088003487895566, -13.919276650659464], [-24.006598308415985, -13.909297644758091], [-23.947819520908013, -13.956481328982346], [-23.880016601, -13.980866695]]]}}, {"type": "Feature", "properties": {"pcode": "XK06010203", "area_name": "Hima", "parent_pcode": "XK060102", "level": "village"}, "geometry": {"type": "Polygon", "coordinates": [[[-24.018036623145647, -14.26875413024275], [-23.94725534, -14.426681219], [-23.80213758136864, -14.28119438702484], [-23.618803119388392, -14.192504214215477], [-23.609684296, -14.186894614], [-23.65376788964116, -14.128221971819013], [-23.700399771621647, -14.071224419639353], [-23.71840192008518, -13.99540741927767], [-23.770612536, -13.942076988], [-23.79603238006438, -13.957221171213574], [-23.826595160259007, -13.957860008493869], [-23.852366751585116, -13.972012109444831], [-23.880016601, -13.980866695], [-23.92692279116558, -14.04689313351876], [-23.926637022906608, -14.135544509245978], [-23.996007556392374, -14.190801012080433], [-24.018036623145647, -14.26875413024275]]]}}, {"type": "Feature", "properties": {"pcode": "XK06010204", "area_name": "Fimbila", "parent_pcode": "XK060102", "level": "village"}, "geometry": {"type": "Polygon", "coordinates": [[[-23.494711476490426, -13.760173762298658], [-23.58341469828989, -13.673060931028617], [-23.737129249, -13.413044026], [-23.867310354473062, -13.587130852579559], [-23.893989032, -13.598534591], [-23.88366306916921, -13.69108165310667], [-23.86501809560797, -13.780556968587181], [-23.820974838496756, -13.860654114675604], [-23.768743833, -13.937727982], [-23.705961513974394, -13.884502428869336], [-23.639821001481756, -13.836459820255747], [-23.56644777002814, -13.799579993492097], [-23.494711476490426, -13.760173762298658]]]}}, {"type": "Feature", "properties": {"pcode": "XK06010205", "area_name": "Mipa", "parent_pcode": "XK060102", "level": "village"}, "geometry": {"type": "Polygon", "coordinates": [[[-23.609684295653825, -14.186894613891342], [-23.446933316564646, -14.086775566563857], [-23.278149440661792, -13.976460694969518], [-23.296312284870627, -13.955015786670238], [-23.494711476, -13.760173762], [-23.56644777002814, -13.799579993492097], [-23.639821001481756, -13.836459820255747], [-23.705961513974394, -13.884502428869336], [-23.768743833, -13.937727982], [-23.76921089872219, -13.938815280777307], [-23.769360927236217, -13.940038805713424], [-23.769893981250856, -13.941097750305877], [-23.770612536, -13.942076988], [-23.71840192008518, -13.99540741927767], [-23.700399771621647, -14.071224419639353], [-23.65376788964116, -14.128221971819013], [-23.609684295653825, -14.186894613891342]]]}}, {"type": "Feature", "properties": {"pcode": "XK06010301", "area_name": "Memwika", "parent_pcode": "XK060103", "level": "village"}, "geometry": {"type": "Polygon", "coordinates": [[[-23.947255340483466, -14.426681218771293], [-23.898503494, -14.535456263], [-23.802851390729945, -14.503805830239987], [-23.714833127293947, -14.447645146978164], [-23.605466925251804, -14.460027075862783], [-23.513783773, -14.415633386], [-23.503705122157925, -14.388869611227458], [-23.487891776913283, -14.363792920963949], [-23.49433962646006, -14.332167230134973], [-23.481586775, -14.306190176], [-23.495340990445737, -14.264612494103796], [-23.537005515508564, -14.241685200488972], [-23.54438883175382, -14.195850319535479], [-23.575397453573263, -14.165802476786023], [-23.618803119388392, -14.192504214215477], [-23.80213758136864, -14.28119438702484], [-23.947255340483466, -14.426681218771293]]]}}, {"type": "Feature", "properties": {"pcode": "XK06010302", "area_name": "Gane", "parent_pcode": "XK060103", "level": "village"}, "geometry": {"type": "Polygon", "coordinates": [[[-23.89850349414885, -14.535456262696549], [-23.856547425620242, -14.62906857772163], [-23.36497295, -14.825008289], [-23.313526087, -14.735808966], [-23.36089418130783, -14.654078620571138], [-23.384567157356347, -14.557527877059112], [-23.468820469981644, -14.498867837204024], [-23.513783773, -14.415633386], [-23.605466925251804, -14.460027075862783], [-23.714833127293947, -14.447645146978164], [-23.802851390729945, -14.503805830239987], [-23.89850349414885, -14.535456262696549]]]}}, {"type": "Feature", "properties": {"pcode": "XK06010303", "area_name": "Tuma", "parent_pcode": "XK060103", "level": "village"}, "geometry": {"type": "Polygon", "coordinates": [[[-23.234438900190685, -14.02806982224709], [-23.278149441, -13.976460695], [-23.446933316564646, -14.086775566563857], [-23.575397454, -14.165802477], [-23.54438883175382, -14.195850319535479], [-23.537005515508564, -14.241685200488972], [-23.495340990445737, -14.264612494103796], [-23.481586775, -14.306190176], [-23.446031544846992, -14.29548875427137], [-23.408564388925786, -14.292768689846858], [-23.372546865198558, -14.283997118249763], [-23.33738654, -14.271647161], [-23.3269331627392, -14.204293261362633], [-23.305317325417228, -14.14165716069872], [-23.252137971512383, -14.092361338550239], [-23.234438900190685, -14.02806982224709]]]}}, {"type": "Feature", "properties": {"pcode": "XK06010304", "area_name": "Masha", "parent_pcode": "XK060103", "level": "village"}, "geometry": {"type": "Polygon", "coordinates": [[[-23.31352608668561, -14.735808966011131], [-23.12422804, -14.407601248], [-23.171123768821072, -14.363587920459087], [-23.226021233423413, -14.332120284145034], [-23.276475822333364, -14.293686790906973], [-23.33738654, -14.271647161], [-23.372546865198558, -14.283997118249763], [-23.408564388925786, -14.292768689846858], [-23.446031544846992, -14.29548875427137], [-23.481586775, -14.306190176], [-23.49433962646006, -14.332167230134973], [-23.487891776913283, -14.363792920963949], [-23.503705122157925, -14.388869611227458], [-23.513783773, -14.415633386], [-23.468820469981644, -14.498867837204024], [-23.384567157356347, -14.557527877059112], [-23.36089418130783, -14.654078620571138], [-23.31352608668561, -14.735808966011131]]]}}, {"type": "Feature", "properties": {"pcode": "XK06010305", "area_name": "Kingi", "parent_pcode": "XK060103", "level": "village"}, "geometry": {"type": "Polygon", "coordinates": [[[-23.12422804010209, -14.407601248172615], [-23.038654596, -14.259232761], [-23.2344389, -14.028069822], [-23.252137971512383, -14.092361338550239], [-23.305317325417228, -14.14165716069872], [-23.3269331627392, -14.204293261362633], [-23.33738654, -14.271647161], [-23.276475822333364, -14.293686790906973], [-23.226021233423413, -14.332120284145034], [-23.171123768821072, -14.363587920459087], [-23.12422804010209, -14.407601248172615]]]}}, {"type": "Feature", "properties": {"pcode": "XK06020101", "area_name": "Pamwa", "parent_pcode": "XK060201", "level": "village"}, "geometry": {"type": "Polygon", "coordinates": [[[-23.75827750535421, -12.486771776642017], [-23.8763007393238, -12.587975154681105], [-24.06913432125738, -12.745492724991898], [-24.205933182, -12.882522751], [-24.161023987500215, -12.92247217408234], [-24.097200205791033, -12.925701292896992], [-24.049414368753705, -12.960066074449571], [-23.998912846, -12.989158692], [-23.615183078962346, -12.961449885212867], [-23.586631965, -12.963058228], [-23.596792785174053, -12.90184231816264], [-23.569911502735913, -12.843455732434975], [-23.557025063342593, -12.78400020234277], [-23.568273185, -12.722701243], [-23.624324249652798, -12.670604553170692], [-23.671089407904695, -12.611029516693126], [-23.72569031926241, -12.557764954976516], [-23.75827750535421, -12.486771776642017]]]}}, {"type": "Feature", "properties": {"pcode": "XK06020102", "area_name": "Vimba", "parent_pcode": "XK060201", "level": "village"}, "geometry": {"type": "Polygon", "coordinates": [[[-23.469865592856827, -12.21052986978241], [-23.501799505353834, -12.254233062265467], [-23.687284728235, -12.425896399657415], [-23.758277505, -12.486771777], [-23.72569031926241, -12.557764954976516], [-23.671089407904695, -12.611029516693126], [-23.624324249652798, -12.670604553170692], [-23.568273185, -12.722701243], [-23.46261751935082, -12.70519239943525], [-23.35925949899151, -12.681099839778607], [-23.269560473138043, -12.61786853998483], [-23.169746822350408, -12.583619877649804], [-23.163986266, -12.489598958], [-23.252567851305766, -12.433107018832379], [-23.330166094695166, -12.364576565267953], [-23.37766898537722, -12.263059490727617], [-23.469865592856827, -12.21052986978241]]]}}, {"type": "Feature", "properties": {"pcode": "XK06020103", "area_name": "Shuki", "parent_pcode": "XK060201", "level": "village"}, "geometry": {"type": "Polygon", "coordinates": [[[-23.568273185, -12.722701243], [-23.557025063342593, -12.78400020234277], [-23.569911502735913, -12.843455732434975], [-23.596792785174053, -12.90184231816264], [-23.58663196537126, -12.9630582281953], [-23.226997853731095, -12.983317157776266], [-23.118941722, -12.942655735], [-23.102374210600995, -12.82662471593717], [-23.177189967827783, -12.71967935208015], [-23.171037386673525, -12.604683823065107], [-23.169746822, -12.583619878], [-23.269560473138043, -12.61786853998483], [-23.35925949899151, -12.681099839778607], [-23.46261751935082, -12.70519239943525], [-23.568273185, -12.722701243]]]}}, {"type": "Feature", "properties": {"pcode": "XK06020201", "area_name": "Bayami", "parent_pcode": "XK060202", "level": "village"}, "geometry": {"type": "Polygon", "coordinates": [[[-23.29581845355425, -12.013546113821674], [-23.35269313380604, -12.050173366892594], [-23.469865593, -12.21052987], [-23.37766898537722, -12.263059490727617], [-23.330166094695166, -12.364576565267953], [-23.296060725, -12.394696531], [-23.253993409172168, -12.35964653892336], [-23.232439282507045, -12.308638737707733], [-23.19846150715318, -12.267295655761853], [-23.164674452, -12.225804207], [-23.197260250765517, -12.172615988788378], [-23.215621032180607, -12.110638820871765], [-23.270909970953447, -12.071477773998799], [-23.29581845355425, -12.013546113821674]]]}}, {"type": "Feature", "properties": {"pcode": "XK06020202", "area_name": "Changomu", "parent_pcode": "XK060202", "level": "village"}, "geometry": {"type": "Polygon", "coordinates": [[[-23.124012487062267, -11.904395422226008], [-23.141091464896313, -11.9139020446966], [-23.295818454, -12.013546114], [-23.270909970953447, -12.071477773998799], [-23.215621032180607, -12.110638820871765], [-23.197260250765517, -12.172615988788378], [-23.164674452, -12.225804207], [-23.130503453135603, -12.217564099959644], [-23.094987426229704, -12.222227794888944], [-23.061058013305715, -12.211669983654005], [-23.026060854, -12.211355816], [-23.015907870026584, -12.183420243548118], [-23.00017046966765, -12.157974414418304], [-22.990459192194773, -12.129841912558922], [-22.977768563, -12.103037718], [-23.026148735004867, -12.062078638625579], [-23.04683923826484, -12.000733942023333], [-23.090544911479657, -11.956333415084345], [-23.124012487062267, -11.904395422226008]]]}}, {"type": "Feature", "properties": {"pcode": "XK06020203", "area_name": "Chata", "parent_pcode": "XK060202", "level": "village"}, "geometry": {"type": "Polygon", "coordinates": [[[-23.296060725029307, -12.394696531263254], [-23.252567851305766, -12.433107018832379], [-23.163986266, -12.489598958], [-23.04610866102264, -12.400254010183797], [-22.939534956, -12.357025831], [-22.954297040611912, -12.316528008257935], [-22.994593747618033, -12.291197384700615], [-23.005986012720687, -12.248697937539575], [-23.026060854, -12.211355816], [-23.061058013305715, -12.211669983654005], [-23.094987426229704, -12.222227794888944], [-23.130503453135603, -12.217564099959644], [-23.164674452, -12.225804207], [-23.19846150715318, -12.267295655761853], [-23.232439282507045, -12.308638737707733], [-23.253993409172168, -12.35964653892336], [-23.296060725029307, -12.394696531263254]]]}}, {"type": "Feature", "properties": {"pcode": "XK06020204", "area_name": "Chishi", "parent_pcode": "XK060202", "level": "village"}, "geometry": {"type": "Polygon", "coordinates": [[[-22.856906651837168, -11.755590271081076], [-22.921179652521687, -11.791493163006855], [-23.124012487, -11.904395422], [-23.090544911479657, -11.956333415084345], [-23.04683923826484, -12.000733942023333], [-23.026148735004867, -12.062078638625579], [-22.977768563, -12.103037718], [-22.937450186213955, -12.094679417606368], [-22.899137230644747, -12.079477844270313], [-22.861394703540928, -12.062329748353395], [-22.820226869903617, -12.05687012319555], [-22.824347104757127, -12.05273576465398], [-22.856906651837168, -11.755590271081076]]]}}, {"type": "Feature", "properties": {"pcode": "XK06020205", "area_name": "Mazu", "parent_pcode": "XK060202", "level": "village"}, "geometry": {"type": "Polygon", "coordinates": [[[-22.93953495642747, -12.357025830604776], [-22.91134467374856, -12.345591353341776], [-22.764649307840042, -12.315434096072709], [-22.642172909701852, -12.235534431758872], [-22.82022687, -12.056870123], [-22.861394703540928, -12.062329748353395], [-22.899137230644747, -12.079477844270313], [-22.937450186213955, -12.094679417606368], [-22.977768563, -12.103037718], [-22.990459192194773, -12.129841912558922], [-23.00017046966765, -12.157974414418304], [-23.015907870026584, -12.183420243548118], [-23.026060854, -12.211355816], [-23.005986012720687, -12.248697937539575], [-22.994593747618033, -12.291197384700615], [-22.954297040611912, -12.316528008257935], [-22.93953495642747, -12.357025830604776]]]}}, {"type": "Feature", "properties": {"pcode": "XK06020301", "area_name": "Juta", "parent_pcode": "XK060203", "level": "village"}, "geometry": {"type": "Polygon", "coordinates": [[[-23.163986266, -12.489598958], [-23.171037386673525, -12.604683823065107], [-23.172725097, -12.636228172], [-23.093690493791883, -12.623471676238434], [-23.02858654359961, -12.562978140412994], [-22.943175368708765, -12.572072641696748], [-22.867674167, -12.547208018], [-22.88518523595859, -12.497645832729496], [-22.874754669203796, -12.443816297902988], [-22.89111304271236, -12.394078068736297], [-22.898857849651623, -12.343024344053973], [-22.91134467374856, -12.345591353341776], [-23.04610866102264, -12.400254010183797], [-23.163986266, -12.489598958]]]}}, {"type": "Feature", "properties": {"pcode": "XK06020302", "area_name": "Nyadu", "parent_pcode": "XK060203", "level": "village"}, "geometry": {"type": "Polygon", "coordinates": [[[-23.172725097210606, -12.636228171879022], [-23.177189967827783, -12.71967935208015], [-23.102374210600995, -12.82662471593717], [-23.118941721892654, -12.942655734589032], [-22.858447325, -12.844631932], [-22.834854277879685, -12.785648043563269], [-22.820761872627873, -12.725193404214112], [-22.839396727296013, -12.659672407448825], [-22.820569353, -12.599950767], [-22.835017684083144, -12.589151570313625], [-22.846071545194395, -12.575320755448713], [-22.859517997483984, -12.563626775780495], [-22.867674167, -12.547208018], [-22.943175368708765, -12.572072641696748], [-23.02858654359961, -12.562978140412994], [-23.093690493791883, -12.623471676238434], [-23.172725097210606, -12.636228171879022]]]}}, {"type": "Feature", "properties": {"pcode": "XK06020303", "area_name": "Hanganga", "parent_pcode": "XK060203", "level": "village"}, "geometry": {"type": "Polygon", "coordinates": [[[-22.537050981135746, -12.57585553630496], [-22.538930083995915, -12.568524957539719], [-22.597288477848736, -12.28057272224793], [-22.64217291, -12.235534432], [-22.764649307840042, -12.315434096072709], [-22.89885785, -12.343024344], [-22.89111304271236, -12.394078068736297], [-22.874754669203796, -12.443816297902988], [-22.88518523595859, -12.497645832729496], [-22.867674167, -12.547208018], [-22.859517997483984, -12.563626775780495], [-22.846071545194395, -12.575320755448713], [-22.835017684083144, -12.589151570313625], [-22.820569353, -12.599950767], [-22.7482600203362, -12.610750099972908], [-22.680529759339393, -12.567669437178347], [-22.60660237774731, -12.59750766618689], [-22.537050981135746, -12.57585553630496]]]}}, {"type": "Feature", "properties": {"pcode": "XK06020304", "area_name": "Rafe", "parent_pcode": "XK060203", "level": "village"}, "geometry": {"type": "Polygon", "coordinates": [[[-22.858447325138123, -12.844631932291758], [-22.85341195107952, -12.842737125657287], [-22.466410635, -12.851430989], [-22.537050981, -12.575855536], [-22.60660237774731, -12.59750766618689], [-22.680529759339393, -12.567669437178347], [-22.7482600203362, -12.610750099972908], [-22.820569353, -12.599950767], [-22.839396727296013, -12.659672407448825], [-22.820761872627873, -12.725193404214112], [-22.834854277879685, -12.785648043563269], [-22.858447325138123, -12.844631932291758]]]}}, {"type": "Feature", "properties": {"pcode": "XK06030101", "area_name": "Nami", "parent_pcode": "XK060301", "level": "village"}, "geometry": {"type": "Polygon", "coordinates": [[[-23.65436216158292, -12.964278974128254], [-23.998912846, -12.989158692], [-23.787295422636586, -13.32818508875998], [-23.728677089, -13.427341334], [-23.695604418004837, -13.392707241440275], [-23.665092668208775, -13.355500573925987], [-23.622127271851955, -13.330804224670013], [-23.592963959, -13.292242984], [-23.599820416966693, -13.208661988028439], [-23.595117350375048, -13.122916931325284], [-23.66136301456285, -13.050454199640015], [-23.65436216158292, -12.964278974128254]]]}}, {"type": "Feature", "properties": {"pcode": "XK06030102", "area_name": "Tuvi", "parent_pcode": "XK060301", "level": "village"}, "geometry": {"type": "Polygon", "coordinates": [[[-23.33660340204102, -12.977142851688429], [-23.615183078962346, -12.961449885212867], [-23.654362162, -12.964278974], [-23.66136301456285, -13.050454199640015], [-23.595117350375048, -13.122916931325284], [-23.599820416966693, -13.208661988028439], [-23.592963959, -13.292242984], [-23.541209148612424, -13.285329345480097], [-23.48810677729563, -13.292727727207822], [-23.438290192198675, -13.265228808273374], [-23.385182926, -13.272679177], [-23.391721901970875, -13.195723889940938], [-23.349643899489163, -13.12676014054326], [-23.357733654178062, -13.049549940346358], [-23.33660340204102, -12.977142851688429]]]}}, {"type": "Feature", "properties": {"pcode": "XK06030103", "area_name": "Koki", "parent_pcode": "XK060301", "level": "village"}, "geometry": {"type": "Polygon", "coordinates": [[[-23.728677088990448, -13.427341334419667], [-23.58341469828989, -13.673060931028617], [-23.564333138, -13.691800371], [-23.501641805760052, -13.653049776576605], [-23.44229010042648, -13.607344372864002], [-23.366752806447863, -13.595345633223666], [-23.300071311, -13.564904597], [-23.211640417270093, -13.45736396453544], [-23.191634491, -13.418182226], [-23.23674182510608, -13.377443701224777], [-23.29813171173945, -13.358364259067548], [-23.339431203945356, -13.312560535689466], [-23.385182926, -13.272679177], [-23.438290192198675, -13.265228808273374], [-23.48810677729563, -13.292727727207822], [-23.541209148612424, -13.285329345480097], [-23.592963959, -13.292242984], [-23.622127271851955, -13.330804224670013], [-23.665092668208775, -13.355500573925987], [-23.695604418004837, -13.392707241440275], [-23.728677088990448, -13.427341334419667]]]}}, {"type": "Feature", "properties": {"pcode": "XK06030104", "area_name": "Ndaya", "parent_pcode": "XK060301", "level": "village"}, "geometry": {"type": "Polygon", "coordinates": [[[-23.09171607939265, -12.932410750316485], [-23.226997853731095, -12.983317157776266], [-23.336603402, -12.977142852], [-23.357733654178062, -13.049549940346358], [-23.349643899489163, -13.12676014054326], [-23.391721901970875, -13.195723889940938], [-23.385182926, -13.272679177], [-23.339431203945356, -13.312560535689466], [-23.29813171173945, -13.358364259067548], [-23.23674182510608, -13.377443701224777], [-23.19163449135459, -13.41818222577598], [-23.150286278586265, -13.337201476486898], [-23.1443765454257, -13.19119352511516], [-23.072202749, -13.076074631], [-23.07810619583641, -13.040297898213131], [-23.073920146640557, -13.003150746750109], [-23.076784866110952, -12.966961274940319], [-23.09171607939265, -12.932410750316485]]]}}, {"type": "Feature", "properties": {"pcode": "XK06030201", "area_name": "Mapa", "parent_pcode": "XK060302", "level": "village"}, "geometry": {"type": "Polygon", "coordinates": [[[-23.216569314184255, -13.589413823557635], [-23.300071311, -13.564904597], [-23.366752806447863, -13.595345633223666], [-23.44229010042648, -13.607344372864002], [-23.501641805760052, -13.653049776576605], [-23.564333138188452, -13.691800371285291], [-23.462011621, -13.79228733], [-23.411084517401473, -13.784997219938337], [-23.364656133526253, -13.7626311455963], [-23.31945098263077, -13.736165812388762], [-23.266969116, -13.734085974], [-23.24419673465418, -13.701461731905598], [-23.22932859799394, -13.666083868142389], [-23.226252756680772, -13.626597892689281], [-23.216569314184255, -13.589413823557635]]]}}, {"type": "Feature", "properties": {"pcode": "XK06030202", "area_name": "Ngimwu", "parent_pcode": "XK060302", "level": "village"}, "geometry": {"type": "Polygon", "coordinates": [[[-23.266969116, -13.734085974], [-23.31945098263077, -13.736165812388762], [-23.364656133526253, -13.7626311455963], [-23.411084517401473, -13.784997219938337], [-23.46201162145615, -13.792287330401019], [-23.300302585, -13.95109703], [-23.276085848434974, -13.929335320455788], [-23.261246555355143, -13.89813837902788], [-23.237229524274028, -13.876175733316774], [-23.208048963, -13.859408438], [-23.217005619746782, -13.825363476058822], [-23.226544437983932, -13.791592216397252], [-23.25636505446387, -13.767356411253878], [-23.266969116, -13.734085974]]]}}, {"type": "Feature", "properties": {"pcode": "XK06030203", "area_name": "Mbifi", "parent_pcode": "XK060302", "level": "village"}, "geometry": {"type": "Polygon", "coordinates": [[[-23.08518685, -13.883672142], [-23.116197576627147, -13.879100987629709], [-23.144809124918268, -13.862381312166821], [-23.17612500305891, -13.859355328300282], [-23.208048963, -13.859408438], [-23.237229524274028, -13.876175733316774], [-23.261246555355143, -13.89813837902788], [-23.276085848434974, -13.929335320455788], [-23.300302585139516, -13.951097029865368], [-23.296312284870627, -13.955015786670238], [-23.138449541, -14.141404659], [-23.119644398217172, -14.078105977003748], [-23.13318201428137, -14.00812337948683], [-23.093900016557697, -13.949056419626618], [-23.08518685, -13.883672142]]]}}, {"type": "Feature", "properties": {"pcode": "XK06030204", "area_name": "Nawe", "parent_pcode": "XK060302", "level": "village"}, "geometry": {"type": "Polygon", "coordinates": [[[-22.964744781849582, -13.826575470262716], [-22.96429233788822, -13.805681725704552], [-22.99361838, -13.735905532], [-23.058816100424597, -13.672697414724475], [-23.158495182129208, -13.671283779620229], [-23.2137425575776, -13.590243523693413], [-23.216569314, -13.589413824], [-23.226252756680772, -13.626597892689281], [-23.22932859799394, -13.666083868142389], [-23.24419673465418, -13.701461731905598], [-23.266969116, -13.734085974], [-23.25636505446387, -13.767356411253878], [-23.226544437983932, -13.791592216397252], [-23.217005619746782, -13.825363476058822], [-23.208048963, -13.859408438], [-23.17612500305891, -13.859355328300282], [-23.144809124918268, -13.862381312166821], [-23.116197576627147, -13.879100987629709], [-23.08518685, -13.883672142], [-23.055004780450428, -13.86954890989064], [-23.028810905703985, -13.847012815650269], [-22.993461603650644, -13.843789556285232], [-22.964744781849582, -13.826575470262716]]]}}, {"type": "Feature", "properties": {"pcode": "XK06030205", "area_name": "Wumbeki", "parent_pcode": "XK060302", "level": "village"}, "geometry": {"type": "Polygon", "coordinates": [[[-23.038654596034082, -14.259232760741808], [-22.918623577316634, -14.051121227336221], [-22.888506913, -14.019528949], [-22.9176311940257, -13.949677982189735], [-22.966052783371147, -13.886978640615835], [-22.964744782, -13.82657547], [-22.993461603650644, -13.843789556285232], [-23.028810905703985, -13.847012815650269], [-23.055004780450428, -13.86954890989064], [-23.08518685, -13.883672142], [-23.093900016557697, -13.949056419626618], [-23.13318201428137, -14.00812337948683], [-23.119644398217172, -14.078105977003748], [-23.138449541484476, -14.141404659163921], [-23.038654596034082, -14.259232760741808]]]}}, {"type": "Feature", "properties": {"pcode": "XK06030301", "area_name": "Pando", "parent_pcode": "XK060303", "level": "village"}, "geometry": {"type": "Polygon", "coordinates": [[[-23.187932218900325, -13.41093130058851], [-23.211640417270093, -13.45736396453544], [-23.300071311, -13.564904597], [-23.2137425575776, -13.590243523693413], [-23.158495182129208, -13.671283779620229], [-23.058816100424597, -13.672697414724475], [-23.052678243, -13.678647967], [-23.050834632472984, -13.628641156093552], [-23.056209893466583, -13.577591280308472], [-23.024787808846753, -13.53185830464091], [-23.024216286, -13.481667688], [-23.06237671801506, -13.457575913847887], [-23.102060822692692, -13.437010606089094], [-23.143516710734474, -13.420546004895023], [-23.187932218900325, -13.41093130058851]]]}}, {"type": "Feature", "properties": {"pcode": "XK06030302", "area_name": "Chafa", "parent_pcode": "XK060303", "level": "village"}, "geometry": {"type": "Polygon", "coordinates": [[[-23.14746919654675, -13.267601654251262], [-23.150286278586265, -13.337201476486898], [-23.187932219, -13.410931301], [-23.143516710734474, -13.420546004895023], [-23.102060822692692, -13.437010606089094], [-23.06237671801506, -13.457575913847887], [-23.024216286, -13.481667688], [-23.006289708938276, -13.471153900101074], [-22.992097966472855, -13.455084914710438], [-22.972426178497418, -13.447166955633474], [-22.955359415, -13.43537428], [-22.957620840210417, -13.398524022519217], [-22.944159665478534, -13.362038847559589], [-22.953574478672603, -13.325022486703446], [-22.951943447, -13.288262613], [-23.000994897643523, -13.284706298924593], [-23.049072064525745, -13.271929814423418], [-23.09973885420222, -13.283660321057631], [-23.14746919654675, -13.267601654251262]]]}}, {"type": "Feature", "properties": {"pcode": "XK06030303", "area_name": "Tengiza", "parent_pcode": "XK060303", "level": "village"}, "geometry": {"type": "Polygon", "coordinates": [[[-23.072202749, -13.076074631], [-23.1443765454257, -13.19119352511516], [-23.147469197, -13.267601654], [-23.09973885420222, -13.283660321057631], [-23.049072064525745, -13.271929814423418], [-23.000994897643523, -13.284706298924593], [-22.951943447, -13.288262613], [-22.94113781781957, -13.265418537233792], [-22.91660321883237, -13.253999278383267], [-22.90859577647052, -13.228826639545815], [-22.889330748665497, -13.213022208709665], [-22.959735355675914, -13.162878885195637], [-23.072202749, -13.076074631]]]}}, {"type": "Feature", "properties": {"pcode": "XK06030304", "area_name": "Choja", "parent_pcode": "XK060303", "level": "village"}, "geometry": {"type": "Polygon", "coordinates": [[[-23.05267824297696, -13.67864796653586], [-22.99361838, -13.735905532], [-22.90281105465374, -13.670163352912944], [-22.82928553687807, -13.583369431822515], [-22.716338751717217, -13.544596317991333], [-22.712328846, -13.539184225], [-22.769352268196563, -13.504489516370846], [-22.82780111415933, -13.473131882517784], [-22.89161964357711, -13.454345271849638], [-22.955359415, -13.43537428], [-22.972426178497418, -13.447166955633474], [-22.992097966472855, -13.455084914710438], [-23.006289708938276, -13.471153900101074], [-23.024216286, -13.481667688], [-23.024787808846753, -13.53185830464091], [-23.056209893466583, -13.577591280308472], [-23.050834632472984, -13.628641156093552], [-23.05267824297696, -13.67864796653586]]]}}, {"type": "Feature", "properties": {"pcode": "XK06030305", "area_name": "Mwafu", "parent_pcode": "XK060303", "level": "village"}, "geometry": {"type": "Polygon", "coordinates": [[[-22.955359415, -13.43537428], [-22.89161964357711, -13.454345271849638], [-22.82780111415933, -13.473131882517784], [-22.769352268196563, -13.504489516370846], [-22.712328845804393, -13.53918422521168], [-22.6476586, -13.45190004], [-22.74012983569945, -13.342507500077195], [-22.84362861727301, -13.245572021243314], [-22.889330749, -13.213022209], [-22.90859577647052, -13.228826639545815], [-22.91660321883237, -13.253999278383267], [-22.94113781781957, -13.265418537233792], [-22.951943447, -13.288262613], [-22.953574478672603, -13.325022486703446], [-22.944159665478534, -13.362038847559589], [-22.957620840210417, -13.398524022519217], [-22.955359415, -13.43537428]]]}}, {"type": "Feature", "properties": {"pcode": "XK06030401", "area_name": "Mifi", "parent_pcode": "XK060304", "level": "village"}, "geometry": {"type": "Polygon", "coordinates": [[[-22.812096541, -13.81636678], [-22.81339019829478, -13.79029850215838], [-22.826679079384153, -13.76802328040098], [-22.828915266103362, -13.742253043432054], [-22.842542258, -13.720084737], [-22.858225380252758, -13.707347498029703], [-22.874846068631612, -13.695984263983174], [-22.891029469555267, -13.683980184347394], [-22.90906586987651, -13.674691679025006], [-22.99361838, -13.735905532], [-22.96429233788822, -13.805681725704552], [-22.966052783371147, -13.886978640615835], [-22.958021928, -13.897377501], [-22.9269538286625, -13.867373886381744], [-22.890930977022656, -13.846295314502076], [-22.853972751169103, -13.826901641144989], [-22.812096541, -13.81636678]]]}}, {"type": "Feature", "properties": {"pcode": "XK06030402", "area_name": "Subaja", "parent_pcode": "XK060304", "level": "village"}, "geometry": {"type": "Polygon", "coordinates": [[[-22.888506913129802, -14.019528949162472], [-22.735979557, -13.859528271], [-22.753591326051954, -13.846238121998645], [-22.77056836044438, -13.831828593504044], [-22.79443651566849, -13.829571827157704], [-22.812096541, -13.81636678], [-22.853972751169103, -13.826901641144989], [-22.890930977022656, -13.846295314502076], [-22.9269538286625, -13.867373886381744], [-22.958021927865083, -13.897377501109924], [-22.9176311940257, -13.949677982189735], [-22.888506913129802, -14.019528949162472]]]}}, {"type": "Feature", "properties": {"pcode": "XK06030403", "area_name": "Taza", "parent_pcode": "XK060304", "level": "village"}, "geometry": {"type": "Polygon", "coordinates": [[[-22.71068897729701, -13.536970926271172], [-22.716338751717217, -13.544596317991333], [-22.82928553687807, -13.583369431822515], [-22.90281105465374, -13.670163352912944], [-22.90906587, -13.674691679], [-22.891029469555267, -13.683980184347394], [-22.874846068631612, -13.695984263983174], [-22.858225380252758, -13.707347498029703], [-22.842542258, -13.720084737], [-22.798940903953355, -13.70809251904236], [-22.760037437271844, -13.68584913292091], [-22.71584600092243, -13.675144522018536], [-22.680240249, -13.645705257], [-22.692796717495945, -13.619906216126374], [-22.68486011995096, -13.588368529619602], [-22.705323008850215, -13.56478351298377], [-22.71068897729701, -13.536970926271172]]]}}, {"type": "Feature", "properties": {"pcode": "XK06030404", "area_name": "Sida", "parent_pcode": "XK060304", "level": "village"}, "geometry": {"type": "Polygon", "coordinates": [[[-22.735979556510284, -13.859528271490234], [-22.603009087, -13.720042701], [-22.621419667829, -13.700526204837416], [-22.645203798883568, -13.6865924339564], [-22.66523540369674, -13.668760063036643], [-22.680240249, -13.645705257], [-22.71584600092243, -13.675144522018536], [-22.760037437271844, -13.68584913292091], [-22.798940903953355, -13.70809251904236], [-22.842542258, -13.720084737], [-22.828915266103362, -13.742253043432054], [-22.826679079384153, -13.76802328040098], [-22.81339019829478, -13.79029850215838], [-22.812096541, -13.81636678], [-22.79443651566849, -13.829571827157704], [-22.77056836044438, -13.831828593504044], [-22.753591326051954, -13.846238121998645], [-22.735979556510284, -13.859528271490234]]]}}, {"type": "Feature", "properties": {"pcode": "XK06030405", "area_name": "Benyuza", "parent_pcode": "XK060304", "level": "village"}, "geometry": {"type": "Polygon", "coordinates": [[[-22.60300908655326, -13.720042701327294], [-22.396301113, -13.503206741], [-22.457764274107575, -13.483637849978548], [-22.522667464790192, -13.480922063373033], [-22.586892860716862, -13.474885681538492], [-22.6476586, -13.45190004], [-22.710688977, -13.536970926], [-22.705323008850215, -13.56478351298377], [-22.68486011995096, -13.588368529619602], [-22.692796717495945, -13.619906216126374], [-22.680240249, -13.645705257], [-22.66523540369674, -13.668760063036643], [-22.645203798883568, -13.6865924339564], [-22.621419667829, -13.700526204837416], [-22.60300908655326, -13.720042701327294]]]}}, {"type": "Feature", "properties": {"pcode": "XK06030501", "area_name": "Wenyafe", "parent_pcode": "XK060305", "level": "village"}, "geometry": {"type": "Polygon", "coordinates": [[[-22.88535522019809, -12.854757348471777], [-23.091716079, -12.93241075], [-23.076784866110952, -12.966961274940319], [-23.073920146640557, -13.003150746750109], [-23.07810619583641, -13.040297898213131], [-23.072202749, -13.076074631], [-22.959735355675914, -13.162878885195637], [-22.864797853, -13.230494942], [-22.859266766092826, -13.220077603454552], [-22.85284923266624, -13.21033439918006], [-22.84555519868832, -13.201257765361003], [-22.836613487, -13.193434175], [-22.842201242978444, -13.1078154429257], [-22.844932629898114, -13.021785627579934], [-22.876380146219333, -12.939888583656655], [-22.88535522019809, -12.854757348471777]]]}}, {"type": "Feature", "properties": {"pcode": "XK06030502", "area_name": "Ndifu", "parent_pcode": "XK060305", "level": "village"}, "geometry": {"type": "Polygon", "coordinates": [[[-22.553619145690437, -12.849471877124245], [-22.85341195107952, -12.842737125657287], [-22.88535522, -12.854757348], [-22.876380146219333, -12.939888583656655], [-22.844932629898114, -13.021785627579934], [-22.842201242978444, -13.1078154429257], [-22.836613487, -13.193434175], [-22.775450284519074, -13.174701623102928], [-22.713404809736062, -13.158199079073585], [-22.664537484926385, -13.108387795720493], [-22.599439905, -13.099599671], [-22.58719740279974, -13.037211949790635], [-22.56631844513892, -12.97640633562321], [-22.581028782907843, -12.909081139993894], [-22.553619145690437, -12.849471877124245]]]}}, {"type": "Feature", "properties": {"pcode": "XK06030503", "area_name": "Lipi", "parent_pcode": "XK060305", "level": "village"}, "geometry": {"type": "Polygon", "coordinates": [[[-22.489237676, -13.20718654], [-22.51820152442182, -13.181737470021535], [-22.545784295264184, -13.154873749453337], [-22.572254344939857, -13.126870258261041], [-22.599439905, -13.099599671], [-22.664537484926385, -13.108387795720493], [-22.713404809736062, -13.158199079073585], [-22.775450284519074, -13.174701623102928], [-22.836613487, -13.193434175], [-22.84555519868832, -13.201257765361003], [-22.85284923266624, -13.21033439918006], [-22.859266766092826, -13.220077603454552], [-22.864797853098807, -13.230494941977739], [-22.84362861727301, -13.245572021243314], [-22.74012983569945, -13.342507500077195], [-22.6476586, -13.45190004], [-22.586892860716862, -13.474885681538492], [-22.548915742, -13.478455054], [-22.54195980390056, -13.408885967816532], [-22.495408800036067, -13.348027649105333], [-22.49520779335265, -13.276972503087917], [-22.489237676, -13.20718654]]]}}, {"type": "Feature", "properties": {"pcode": "XK06030504", "area_name": "Yamwi", "parent_pcode": "XK060305", "level": "village"}, "geometry": {"type": "Polygon", "coordinates": [[[-22.18357423479962, -13.16898164367585], [-22.158100067, -13.119167682], [-22.253309755185406, -13.073113356767042], [-22.28862839353112, -12.95809185565957], [-22.387958385084648, -12.916782240826679], [-22.466410635, -12.851430989], [-22.553619146, -12.849471877], [-22.581028782907843, -12.909081139993894], [-22.56631844513892, -12.97640633562321], [-22.58719740279974, -13.037211949790635], [-22.599439905, -13.099599671], [-22.572254344939857, -13.126870258261041], [-22.545784295264184, -13.154873749453337], [-22.51820152442182, -13.181737470021535], [-22.489237676, -13.20718654], [-22.415054362522763, -13.179773523397401], [-22.337732746154778, -13.177468923802028], [-22.260607423380236, -13.173593850746416], [-22.18357423479962, -13.16898164367585]]]}}, {"type": "Feature", "properties": {"pcode": "XK06030505", "area_name": "Heto", "parent_pcode": "XK060305", "level": "village"}, "geometry": {"type": "Polygon", "coordinates": [[[-22.39630111340336, -13.503206741389864], [-22.306109954235193, -13.408596522556277], [-22.183574235, -13.168981644], [-22.260607423380236, -13.173593850746416], [-22.337732746154778, -13.177468923802028], [-22.415054362522763, -13.179773523397401], [-22.489237676, -13.20718654], [-22.49520779335265, -13.276972503087917], [-22.495408800036067, -13.348027649105333], [-22.54195980390056, -13.408885967816532], [-22.54891574238135, -13.478455054431272], [-22.522667464790192, -13.480922063373033], [-22.457764274107575, -13.483637849978548], [-22.39630111340336, -13.503206741389864]]]}}, {"type": "Feature", "properties": {"pcode": "XK06040101", "area_name": "Wifamo", "parent_pcode": "XK060401", "level": "village"}, "geometry": {"type": "Polygon", "coordinates": [[[-22.67559640127895, -11.654310382752934], [-22.856906652, -11.755590271], [-22.824347104757127, -12.05273576465398], [-22.735599974, -12.14178711], [-22.678364781698324, -12.073352245954437], [-22.600519843959372, -12.023944725576046], [-22.552854950083002, -11.94667436389225], [-22.493820736, -11.879900394], [-22.524744503391997, -11.811802862056053], [-22.606950893053675, -11.785027783729149], [-22.63103448359693, -11.711418581787557], [-22.67559640127895, -11.654310382752934]]]}}, {"type": "Feature", "properties": {"pcode": "XK06040102", "area_name": "Mwendi", "parent_pcode": "XK060401", "level": "village"}, "geometry": {"type": "Polygon", "coordinates": [[[-22.735599974106865, -12.141787110484058], [-22.630062844, -12.24768601], [-22.544492750462023, -12.220293548310721], [-22.454744283544184, -12.20592367907928], [-22.373113462554866, -12.16625382226092], [-22.287856003, -12.137886985], [-22.243853598, -12.043526791], [-22.28849936076851, -11.98793387171353], [-22.345482702779165, -11.94918403249477], [-22.413087585832564, -11.924934563463236], [-22.466084423, -11.880742407], [-22.47298255442702, -11.879347798120286], [-22.479881893965654, -11.877992985018068], [-22.486838015480743, -11.878508597516994], [-22.493820736, -11.879900394], [-22.552854950083002, -11.94667436389225], [-22.600519843959372, -12.023944725576046], [-22.678364781698324, -12.073352245954437], [-22.735599974106865, -12.141787110484058]]]}}, {"type": "Feature", "properties": {"pcode": "XK06040103", "area_name": "Niba", "parent_pcode": "XK060401", "level": "village"}, "geometry": {"type": "Polygon", "coordinates": [[[-22.444303130558396, -11.511638039429204], [-22.657264712177, -11.644070303020863], [-22.675596401, -11.654310383], [-22.63103448359693, -11.711418581787557], [-22.606950893053675, -11.785027783729149], [-22.524744503391997, -11.811802862056053], [-22.493820736, -11.879900394], [-22.486838015480743, -11.878508597516994], [-22.479881893965654, -11.877992985018068], [-22.47298255442702, -11.879347798120286], [-22.466084423, -11.880742407], [-22.415208227998924, -11.840701788879498], [-22.397584736437658, -11.776178375647985], [-22.342427755733045, -11.739289549365505], [-22.318077713, -11.679718659], [-22.345723857203943, -11.634762008828291], [-22.37536594172427, -11.591304272694014], [-22.407258028452897, -11.54953624635046], [-22.444303130558396, -11.511638039429204]]]}}, {"type": "Feature", "properties": {"pcode": "XK06040104", "area_name": "Nivi", "parent_pcode": "XK060401", "level": "village"}, "geometry": {"type": "Polygon", "coordinates": [[[-22.466084423, -11.880742407], [-22.413087585832564, -11.924934563463236], [-22.345482702779165, -11.94918403249477], [-22.28849936076851, -11.98793387171353], [-22.24385359801104, -12.04352679059556], [-22.21198401520387, -11.975184616343329], [-22.225988571724628, -11.791901056718164], [-22.184904307, -11.688437451], [-22.218146903856052, -11.685482511566928], [-22.25130271076169, -11.681201916778873], [-22.284602214684643, -11.679116192705502], [-22.318077713, -11.679718659], [-22.342427755733045, -11.739289549365505], [-22.397584736437658, -11.776178375647985], [-22.415208227998924, -11.840701788879498], [-22.466084423, -11.880742407]]]}}, {"type": "Feature", "properties": {"pcode": "XK06040105", "area_name": "Nasho", "parent_pcode": "XK060401", "level": "village"}, "geometry": {"type": "Polygon", "coordinates": [[[-22.13112865555751, -11.453470209755556], [-22.40055416151681, -11.484432310790528], [-22.444303131, -11.511638039], [-22.407258028452897, -11.54953624635046], [-22.37536594172427, -11.591304272694014], [-22.345723857203943, -11.634762008828291], [-22.318077713, -11.679718659], [-22.284602214684643, -11.679116192705502], [-22.25130271076169, -11.681201916778873], [-22.218146903856052, -11.685482511566928], [-22.18490430703246, -11.688437450941594], [-22.16044231396491, -11.626834157656102], [-22.13112865555751, -11.453470209755556]]]}}, {"type": "Feature", "properties": {"pcode": "XK06040201", "area_name": "Naho", "parent_pcode": "XK060402", "level": "village"}, "geometry": {"type": "Polygon", "coordinates": [[[-22.63006284371015, -12.247686009654764], [-22.597288477848736, -12.28057272224793], [-22.538930083995915, -12.568524957539719], [-22.531689658, -12.596770626], [-22.45084292021031, -12.600275970056034], [-22.37936843873053, -12.54896519374224], [-22.297642309783217, -12.557613889618173], [-22.219816969, -12.543447794], [-22.176780455368224, -12.464919415109888], [-22.13069976828036, -12.387652528423235], [-22.124833039121157, -12.293721152958634], [-22.083497434070658, -12.21448792532495], [-22.097938309431157, -12.212332236254737], [-22.19521070086653, -12.182821614647201], [-22.287856003, -12.137886985], [-22.373113462554866, -12.16625382226092], [-22.454744283544184, -12.20592367907928], [-22.544492750462023, -12.220293548310721], [-22.63006284371015, -12.247686009654764]]]}}, {"type": "Feature", "properties": {"pcode": "XK06040202", "area_name": "Chesha", "parent_pcode": "XK060402", "level": "village"}, "geometry": {"type": "Polygon", "coordinates": [[[-22.531689657512416, -12.596770626127764], [-22.466410635, -12.851430989], [-22.387958385084648, -12.916782240826679], [-22.28862839353112, -12.95809185565957], [-22.253309755185406, -13.073113356767042], [-22.158100066794653, -13.119167682405662], [-21.980606541, -12.772084482], [-22.04249298309163, -12.717105516022533], [-22.121955513331084, -12.680515477934048], [-22.164010931128484, -12.604788364095466], [-22.219816969, -12.543447794], [-22.297642309783217, -12.557613889618173], [-22.37936843873053, -12.54896519374224], [-22.45084292021031, -12.600275970056034], [-22.531689657512416, -12.596770626127764]]]}}, {"type": "Feature", "properties": {"pcode": "XK06040203", "area_name": "Nyidambi", "parent_pcode": "XK060402", "level": "village"}, "geometry": {"type": "Polygon", "coordinates": [[[-21.980606540822727, -12.772084482461109], [-21.895789209575163, -12.606226766924944], [-21.731926015, -12.480570906], [-21.785334993339752, -12.43279839569909], [-21.81258571831896, -12.365744319180823], [-21.854550256568743, -12.30953597310855], [-21.898403563, -12.254719861], [-21.996361746959423, -12.227495270353696], [-22.083497434, -12.214487925], [-22.124833039121157, -12.293721152958634], [-22.13069976828036, -12.387652528423235], [-22.176780455368224, -12.464919415109888], [-22.219816969, -12.543447794], [-22.164010931128484, -12.604788364095466], [-22.121955513331084, -12.680515477934048], [-22.04249298309163, -12.717105516022533], [-21.980606540822727, -12.772084482461109]]]}}, {"type": "Feature", "properties": {"pcode": "XK06040301", "area_name": "Tagi", "parent_pcode": "XK060403", "level": "village"}, "geometry": {"type": "Polygon", "coordinates": [[[-22.22595930855402, -11.79228403621965], [-22.21198401520387, -11.975184616343329], [-22.261519538, -12.081410209], [-22.18471907722416, -12.066346741034812], [-22.10810446514796, -12.050572970895702], [-22.03437698847827, -12.023764748755541], [-21.959245885, -12.002321101], [-21.956262797410375, -11.947938979742744], [-21.968413133682375, -11.896260366488335], [-21.979335297904964, -11.844362346641283], [-21.996535361, -11.793585841], [-22.053899150222932, -11.794635416569193], [-22.111356558345463, -11.81218394363497], [-22.16860989040585, -11.79376707199001], [-22.22595930855402, -11.79228403621965]]]}}, {"type": "Feature", "properties": {"pcode": "XK06040302", "area_name": "Wamba", "parent_pcode": "XK060403", "level": "village"}, "geometry": {"type": "Polygon", "coordinates": [[[-22.018545576214304, -11.432162905262782], [-22.099938964886576, -11.449885922698677], [-22.131128656, -11.45347021], [-22.16044231396491, -11.626834157656102], [-22.225988571724628, -11.791901056718164], [-22.225959309, -11.792284036], [-22.16860989040585, -11.79376707199001], [-22.111356558345463, -11.81218394363497], [-22.053899150222932, -11.794635416569193], [-21.996535361, -11.793585841], [-21.97858606003846, -11.780695786941765], [-21.966832942913207, -11.761520573061768], [-21.95356083131024, -11.743886166122472], [-21.934347475, -11.732278319], [-21.94683784278177, -11.654848173292514], [-21.985918113872685, -11.584877888891596], [-21.976337949517486, -11.501255802326341], [-22.018545576214304, -11.432162905262782]]]}}, {"type": "Feature", "properties": {"pcode": "XK06040303", "area_name": "Chinusha", "parent_pcode": "XK060403", "level": "village"}, "geometry": {"type": "Polygon", "coordinates": [[[-22.261519537734905, -12.081410208720072], [-22.287856003, -12.137886985], [-22.19521070086653, -12.182821614647201], [-22.097938309431157, -12.212332236254737], [-21.996361746959423, -12.227495270353696], [-21.898403563, -12.254719861], [-21.817926249, -12.108554438], [-21.85447500197703, -12.083617502380964], [-21.89305756095264, -12.061386089637619], [-21.924677537301044, -12.029892521809215], [-21.959245885, -12.002321101], [-22.03437698847827, -12.023764748755541], [-22.10810446514796, -12.050572970895702], [-22.18471907722416, -12.066346741034812], [-22.261519537734905, -12.081410208720072]]]}}, {"type": "Feature", "properties": {"pcode": "XK06040304", "area_name": "Sinda", "parent_pcode": "XK060403", "level": "village"}, "geometry": {"type": "Polygon", "coordinates": [[[-21.81792624869416, -12.108554437659771], [-21.814443202675513, -12.102228420194843], [-21.717490645639284, -11.955151496768234], [-21.713079516957684, -11.769507794899214], [-21.700860163, -11.746303705], [-21.758636396488402, -11.732882211668736], [-21.816591659106436, -11.722441101925337], [-21.87673478476013, -11.748422395046335], [-21.934347475, -11.732278319], [-21.95356083131024, -11.743886166122472], [-21.966832942913207, -11.761520573061768], [-21.97858606003846, -11.780695786941765], [-21.996535361, -11.793585841], [-21.979335297904964, -11.844362346641283], [-21.968413133682375, -11.896260366488335], [-21.956262797410375, -11.947938979742744], [-21.959245885, -12.002321101], [-21.924677537301044, -12.029892521809215], [-21.89305756095264, -12.061386089637619], [-21.85447500197703, -12.083617502380964], [-21.81792624869416, -12.108554437659771]]]}}, {"type": "Feature", "properties": {"pcode": "XK06040305", "area_name": "Mbamwicha", "parent_pcode": "XK060403", "level": "village"}, "geometry": {"type": "Polygon", "coordinates": [[[-21.632118707228784, -11.615766287327741], [-21.804273285385065, -11.38550614838924], [-22.018545576, -11.432162905], [-21.976337949517486, -11.501255802326341], [-21.985918113872685, -11.584877888891596], [-21.94683784278177, -11.654848173292514], [-21.934347475, -11.732278319], [-21.87673478476013, -11.748422395046335], [-21.816591659106436, -11.722441101925337], [-21.758636396488402, -11.732882211668736], [-21.700860162955284, -11.746303705017093], [-21.632118707228784, -11.615766287327741]]]}}, {"type": "Feature", "properties": {"pcode": "XK06040401", "area_name": "Wuko", "parent_pcode": "XK060404", "level": "village"}, "geometry": {"type": "Polygon", "coordinates": [[[-21.795582904236046, -12.07361736800415], [-21.814443202675513, -12.102228420194843], [-21.898403563, -12.254719861], [-21.854550256568743, -12.30953597310855], [-21.81258571831896, -12.365744319180823], [-21.785334993339752, -12.43279839569909], [-21.731926014597562, -12.480570906400773], [-21.452894698, -12.266600221], [-21.47101517470107, -12.22366253813055], [-21.50726235765093, -12.194446067854395], [-21.534384757104828, -12.15832249087626], [-21.561948178, -12.12253275], [-21.618442539024677, -12.101160528297228], [-21.674185906017534, -12.076201330929987], [-21.734796921408112, -12.074491501208826], [-21.795582904236046, -12.07361736800415]]]}}, {"type": "Feature", "properties": {"pcode": "XK06040402", "area_name": "Ndoma", "parent_pcode": "XK060404", "level": "village"}, "geometry": {"type": "Polygon", "coordinates": [[[-21.433320768338675, -11.826555405432666], [-21.625747323123772, -11.624288139055201], [-21.632118707, -11.615766287], [-21.713079516957684, -11.769507794899214], [-21.717490645639284, -11.955151496768234], [-21.795582904, -12.073617368], [-21.734796921408112, -12.074491501208826], [-21.674185906017534, -12.076201330929987], [-21.618442539024677, -12.101160528297228], [-21.561948178, -12.12253275], [-21.522390650492355, -12.051754638486678], [-21.48449341168891, -11.980254989871002], [-21.48370266802175, -11.892629403090844], [-21.433320768338675, -11.826555405432666]]]}}, {"type": "Feature", "properties": {"pcode": "XK06040403", "area_name": "Fikunga", "parent_pcode": "XK060404", "level": "village"}, "geometry": {"type": "Polygon", "coordinates": [[[-21.172302529243886, -12.051432620458868], [-21.191483579090484, -12.03139251025149], [-21.420249524664726, -11.840295113702329], [-21.433320768, -11.826555405], [-21.48370266802175, -11.892629403090844], [-21.48449341168891, -11.980254989871002], [-21.522390650492355, -12.051754638486678], [-21.561948178, -12.12253275], [-21.534384757104828, -12.15832249087626], [-21.50726235765093, -12.194446067854395], [-21.47101517470107, -12.22366253813055], [-21.452894698359778, -12.266600220916192], [-21.172302529243886, -12.051432620458868]]]}}, {"type": "Feature", "properties": {"pcode": "XK07010101", "area_name": "Njavu", "parent_pcode": "XK070101", "level": "village"}, "geometry": {"type": "Polygon", "coordinates": [[[-22.82113730412837, -17.390539349098898], [-23.021373861, -17.757381689], [-22.94294282, -17.825589306], [-22.906811141822924, -17.78688593973929], [-22.851089356255244, -17.776573048763844], [-22.822497774932227, -17.726942384907705], [-22.772665681, -17.708094005], [-22.770655070129568, -17.651332029529403], [-22.758663440157928, -17.59638405614075], [-22.753965531555927, -17.540110484071693], [-22.732463110778003, -17.486891051254116], [-22.734082139312488, -17.485264015274506], [-22.82113730412837, -17.390539349098898]]]}}, {"type": "Feature", "properties": {"pcode": "XK07010102", "area_name": "Yobo", "parent_pcode": "XK070101", "level": "village"}, "geometry": {"type": "Polygon", "coordinates": [[[-22.942942820448124, -17.82558930615689], [-22.78137169, -17.966099769], [-22.544297377, -17.802780461], [-22.595428711396703, -17.764732509474737], [-22.649997753962733, -17.734975749926033], [-22.71385443358018, -17.727619257651032], [-22.772665681, -17.708094005], [-22.822497774932227, -17.726942384907705], [-22.851089356255244, -17.776573048763844], [-22.906811141822924, -17.78688593973929], [-22.942942820448124, -17.82558930615689]]]}}, {"type": "Feature", "properties": {"pcode": "XK07010103", "area_name": "Mwoda", "parent_pcode": "XK070101", "level": "village"}, "geometry": {"type": "Polygon", "coordinates": [[[-22.772665681, -17.708094005], [-22.71385443358018, -17.727619257651032], [-22.649997753962733, -17.734975749926033], [-22.595428711396703, -17.764732509474737], [-22.54429737716134, -17.802780461097022], [-22.437324938, -17.729087683], [-22.54160108840327, -17.653886454322496], [-22.643642150475486, -17.576151305213525], [-22.732463111, -17.486891051], [-22.753965531555927, -17.540110484071693], [-22.758663440157928, -17.59638405614075], [-22.770655070129568, -17.651332029529403], [-22.772665681, -17.708094005]]]}}, {"type": "Feature", "properties": {"pcode": "XK07010201", "area_name": "Yami", "parent_pcode": "XK070102", "level": "village"}, "geometry": {"type": "Polygon", "coordinates": [[[-22.623893364818272, -17.16641864903488], [-22.79041064243224, -17.334246728759922], [-22.821137304, -17.390539349], [-22.734082139312488, -17.485264015274506], [-22.643642150475486, -17.576151305213525], [-22.585143502, -17.620715729], [-22.56394370475132, -17.582010440404307], [-22.524777322820402, -17.559185400953172], [-22.49362916501422, -17.529273238431635], [-22.471126633, -17.491719407], [-22.46226009553122, -17.437391155895018], [-22.495192318344976, -17.387487535981407], [-22.4750151019725, -17.33196198662321], [-22.493482504, -17.280527185], [-22.518862159561323, -17.243745055658945], [-22.548641063269876, -17.21199068110946], [-22.591854625099472, -17.19559033172077], [-22.623893364818272, -17.16641864903488]]]}}, {"type": "Feature", "properties": {"pcode": "XK07010202", "area_name": "Tolo", "parent_pcode": "XK070102", "level": "village"}, "geometry": {"type": "Polygon", "coordinates": [[[-22.4363596040668, -16.965434619522092], [-22.439009328735356, -16.98007923013359], [-22.623893365, -17.166418649], [-22.591854625099472, -17.19559033172077], [-22.548641063269876, -17.21199068110946], [-22.518862159561323, -17.243745055658945], [-22.493482504, -17.280527185], [-22.42810436609206, -17.27461247612549], [-22.365586074004867, -17.256334696844142], [-22.301263092366607, -17.24585856330903], [-22.240057831, -17.221904572], [-22.215705149542476, -17.20523633180003], [-22.194614866289577, -17.1846752745212], [-22.167222868863323, -17.1716336612285], [-22.15001318420621, -17.146442126792035], [-22.152589386, -17.111809626], [-22.228418828610867, -17.084689850573223], [-22.293848552493788, -17.037408638223486], [-22.368873361873877, -17.00872895886538], [-22.4363596040668, -16.965434619522092]]]}}, {"type": "Feature", "properties": {"pcode": "XK07010203", "area_name": "Gavi", "parent_pcode": "XK070102", "level": "village"}, "geometry": {"type": "Polygon", "coordinates": [[[-22.471126633, -17.491719407], [-22.424860181156586, -17.492342749103152], [-22.37808522716849, -17.480037695860464], [-22.332352179383186, -17.49422255115381], [-22.286248766, -17.498991059], [-22.288603985585276, -17.42740178393976], [-22.283599197642168, -17.357039438539733], [-22.26914830680034, -17.288251779547988], [-22.240057831, -17.221904572], [-22.301263092366607, -17.24585856330903], [-22.365586074004867, -17.256334696844142], [-22.42810436609206, -17.27461247612549], [-22.493482504, -17.280527185], [-22.4750151019725, -17.33196198662321], [-22.495192318344976, -17.387487535981407], [-22.46226009553122, -17.437391155895018], [-22.471126633, -17.491719407]]]}}, {"type": "Feature", "properties": {"pcode": "XK07010204", "area_name": "Chaweje", "parent_pcode": "XK070102", "level": "village"}, "geometry": {"type": "Polygon", "coordinates": [[[-22.585143501918175, -17.620715729337782], [-22.54160108840327, -17.653886454322496], [-22.437324937693827, -17.729087683094658], [-22.435996608520057, -17.72817260377438], [-22.1676259, -17.779639389], [-22.18271249790538, -17.612257627495467], [-22.169214895, -17.582823514], [-22.195737918593963, -17.558046597395123], [-22.225335420457988, -17.537561790489896], [-22.26092600729356, -17.525443599276073], [-22.286248766, -17.498991059], [-22.332352179383186, -17.49422255115381], [-22.37808522716849, -17.480037695860464], [-22.424860181156586, -17.492342749103152], [-22.471126633, -17.491719407], [-22.49362916501422, -17.529273238431635], [-22.524777322820402, -17.559185400953172], [-22.56394370475132, -17.582010440404307], [-22.585143501918175, -17.620715729337782]]]}}, {"type": "Feature", "properties": {"pcode": "XK07010205", "area_name": "Rika", "parent_pcode": "XK070102", "level": "village"}, "geometry": {"type": "Polygon", "coordinates": [[[-22.169214895380016, -17.582823513620102], [-22.106894818452783, -17.446922620291033], [-22.140142809767053, -17.27913194612435], [-22.150013184, -17.146442127], [-22.167222868863323, -17.1716336612285], [-22.194614866289577, -17.1846752745212], [-22.215705149542476, -17.20523633180003], [-22.240057831, -17.221904572], [-22.26914830680034, -17.288251779547988], [-22.283599197642168, -17.357039438539733], [-22.288603985585276, -17.42740178393976], [-22.286248766, -17.498991059], [-22.26092600729356, -17.525443599276073], [-22.225335420457988, -17.537561790489896], [-22.195737918593963, -17.558046597395123], [-22.169214895380016, -17.582823513620102]]]}}, {"type": "Feature", "properties": {"pcode": "XK07010301", "area_name": "Danoya", "parent_pcode": "XK070103", "level": "village"}, "geometry": {"type": "Polygon", "coordinates": [[[-22.245509434026633, -16.335567060225983], [-22.34795348833696, -16.47682795185451], [-22.413619787, -16.839755234], [-22.285006755133594, -16.783537150607184], [-22.137055974073807, -16.78459980841716], [-22.008394358017146, -16.728525637245], [-21.883652582991548, -16.660840424686025], [-21.888882428, -16.643399829], [-21.990811466041187, -16.581238444522462], [-22.05746333586412, -16.47820814630743], [-22.14328882217476, -16.397390653650486], [-22.245509434026633, -16.335567060225983]]]}}, {"type": "Feature", "properties": {"pcode": "XK07010302", "area_name": "Hihi", "parent_pcode": "XK070103", "level": "village"}, "geometry": {"type": "Polygon", "coordinates": [[[-22.413619786778316, -16.83975523409333], [-22.436359604, -16.96543462], [-22.368873361873877, -17.00872895886538], [-22.293848552493788, -17.037408638223486], [-22.228418828610867, -17.084689850573223], [-22.152589386, -17.111809626], [-22.075159280671556, -17.099278410970516], [-21.999394678778565, -17.081579788678113], [-21.928866511767172, -17.047634552261126], [-21.857380523, -17.016661063], [-21.84354087988096, -16.794605763148763], [-21.883652583, -16.660840425], [-22.008394358017146, -16.728525637245], [-22.137055974073807, -16.78459980841716], [-22.285006755133594, -16.783537150607184], [-22.413619786778316, -16.83975523409333]]]}}, {"type": "Feature", "properties": {"pcode": "XK07010303", "area_name": "Shamwa", "parent_pcode": "XK070103", "level": "village"}, "geometry": {"type": "Polygon", "coordinates": [[[-22.063362012, -16.084402584], [-22.245509434, -16.33556706], [-22.14328882217476, -16.397390653650486], [-22.05746333586412, -16.47820814630743], [-21.990811466041187, -16.581238444522462], [-21.888882428209186, -16.643399828515967], [-21.911522297870174, -16.567899922176785], [-21.874807553921077, -16.34714479609023], [-21.806880159177684, -16.12816373282405], [-22.063362012, -16.084402584]]]}}, {"type": "Feature", "properties": {"pcode": "XK07010401", "area_name": "Fenjoma", "parent_pcode": "XK070104", "level": "village"}, "geometry": {"type": "Polygon", "coordinates": [[[-22.167625900308483, -17.779639389327162], [-21.976585443216322, -17.81627616799273], [-21.862781042, -17.738424809], [-21.880649354503166, -17.661675148028277], [-21.93223912986052, -17.595390825393668], [-21.942913461288825, -17.516408537496336], [-21.955965852, -17.438164272], [-21.996250000044675, -17.443732992029524], [-22.03559323683297, -17.441336807487627], [-22.072493989291853, -17.418264757428123], [-22.11228953551392, -17.41969742030615], [-22.106894818452783, -17.446922620291033], [-22.18271249790538, -17.612257627495467], [-22.167625900308483, -17.779639389327162]]]}}, {"type": "Feature", "properties": {"pcode": "XK07010402", "area_name": "Kenagi", "parent_pcode": "XK070104", "level": "village"}, "geometry": {"type": "Polygon", "coordinates": [[[-21.77589864645308, -17.02796689084524], [-21.857380523, -17.016661063], [-21.928866511767172, -17.047634552261126], [-21.999394678778565, -17.081579788678113], [-22.075159280671556, -17.099278410970516], [-22.152589386, -17.111809626], [-22.140142809767053, -17.27913194612435], [-22.112289536, -17.41969742], [-22.072493989291853, -17.418264757428123], [-22.03559323683297, -17.441336807487627], [-21.996250000044675, -17.443732992029524], [-21.955965852, -17.438164272], [-21.912084754571577, -17.420937434204845], [-21.876847000674015, -17.3919757458483], [-21.84615138097701, -17.356847315896566], [-21.809271045, -17.33011572], [-21.804738458916106, -17.25415764074834], [-21.811864452969967, -17.17691186897304], [-21.766102655961987, -17.105507564369347], [-21.77589864645308, -17.02796689084524]]]}}, {"type": "Feature", "properties": {"pcode": "XK07010403", "area_name": "Shunyonja", "parent_pcode": "XK070104", "level": "village"}, "geometry": {"type": "Polygon", "coordinates": [[[-21.86278104170412, -17.738424809032004], [-21.63074104142531, -17.579690795980536], [-21.505418074, -17.530519915], [-21.59069050441456, -17.4945334626509], [-21.660850148254013, -17.435632993452334], [-21.72500212816936, -17.367623700298715], [-21.809271045, -17.33011572], [-21.84615138097701, -17.356847315896566], [-21.876847000674015, -17.3919757458483], [-21.912084754571577, -17.420937434204845], [-21.955965852, -17.438164272], [-21.942913461288825, -17.516408537496336], [-21.93223912986052, -17.595390825393668], [-21.880649354503166, -17.661675148028277], [-21.86278104170412, -17.738424809032004]]]}}, {"type": "Feature", "properties": {"pcode": "XK07010404", "area_name": "Lambi", "parent_pcode": "XK070104", "level": "village"}, "geometry": {"type": "Polygon", "coordinates": [[[-21.505418073517767, -17.53051991522124], [-21.253865945, -17.431822606], [-21.324148903, -17.200625225], [-21.452604570383656, -17.140569670538916], [-21.60243102224853, -17.14245867041767], [-21.715020474439388, -17.036413899695397], [-21.775898646, -17.027966891], [-21.766102655961987, -17.105507564369347], [-21.811864452969967, -17.17691186897304], [-21.804738458916106, -17.25415764074834], [-21.809271045, -17.33011572], [-21.72500212816936, -17.367623700298715], [-21.660850148254013, -17.435632993452334], [-21.59069050441456, -17.4945334626509], [-21.505418073517767, -17.53051991522124]]]}}, {"type": "Feature", "properties": {"pcode": "XK07010501", "area_name": "Chanya", "parent_pcode": "XK070105", "level": "village"}, "geometry": {"type": "Polygon", "coordinates": [[[-21.583473369, -16.703225881], [-21.657803875632794, -16.697075398360983], [-21.73096320197722, -16.679620360671752], [-21.804846108716514, -16.669149520452603], [-21.880159740451255, -16.672488428344987], [-21.84354087988096, -16.794605763148763], [-21.857380523, -17.016661063], [-21.715020474439388, -17.036413899695397], [-21.60243102224853, -17.14245867041767], [-21.593808353, -17.142349956], [-21.56436314362704, -17.033201133956993], [-21.607036637071293, -16.922354965578062], [-21.572624705833345, -16.813323037583753], [-21.583473369, -16.703225881]]]}}, {"type": "Feature", "properties": {"pcode": "XK07010502", "area_name": "Wenyoja", "parent_pcode": "XK070105", "level": "village"}, "geometry": {"type": "Polygon", "coordinates": [[[-21.396656536824892, -16.609497076801564], [-21.386234765, -16.434622047], [-21.51106213701253, -16.421885067335175], [-21.625308897775724, -16.374314694001054], [-21.737687550122867, -16.32059415085728], [-21.85753575553046, -16.29146480457205], [-21.874807553921077, -16.34714479609023], [-21.911522297870174, -16.567899922176785], [-21.88015974, -16.672488428], [-21.804846108716514, -16.669149520452603], [-21.73096320197722, -16.679620360671752], [-21.657803875632794, -16.697075398360983], [-21.583473369, -16.703225881], [-21.533881726338535, -16.685548809405702], [-21.486045756608746, -16.664372394587915], [-21.44407857046544, -16.631498534475497], [-21.396656536824892, -16.609497076801564]]]}}, {"type": "Feature", "properties": {"pcode": "XK07010503", "area_name": "Zogi", "parent_pcode": "XK070105", "level": "village"}, "geometry": {"type": "Polygon", "coordinates": [[[-21.386234764782284, -16.434622046557234], [-21.384616652987695, -16.407470488467077], [-21.3760713339763, -16.061371363773947], [-21.686679294285188, -16.14867250519706], [-21.806880159, -16.128163733], [-21.857535756, -16.291464805], [-21.737687550122867, -16.32059415085728], [-21.625308897775724, -16.374314694001054], [-21.51106213701253, -16.421885067335175], [-21.386234764782284, -16.434622046557234]]]}}, {"type": "Feature", "properties": {"pcode": "XK07010504", "area_name": "Naya", "parent_pcode": "XK070105", "level": "village"}, "geometry": {"type": "Polygon", "coordinates": [[[-21.324148902818656, -17.200625224959413], [-21.356076176310864, -17.095599735932456], [-21.40530715991561, -16.754652619298206], [-21.396656537, -16.609497077], [-21.44407857046544, -16.631498534475497], [-21.486045756608746, -16.664372394587915], [-21.533881726338535, -16.685548809405702], [-21.583473369, -16.703225881], [-21.572624705833345, -16.813323037583753], [-21.607036637071293, -16.922354965578062], [-21.56436314362704, -17.033201133956993], [-21.593808353124963, -17.14234995649749], [-21.452604570383656, -17.140569670538916], [-21.324148902818656, -17.200625224959413]]]}}, {"type": "Feature", "properties": {"pcode": "XK07020101", "area_name": "Zamwe", "parent_pcode": "XK070201", "level": "village"}, "geometry": {"type": "Polygon", "coordinates": [[[-22.78137168957874, -17.966099769039662], [-22.603102460674723, -18.12113174631994], [-22.574480575, -18.199754713], [-22.534404123943418, -18.168412023542444], [-22.511760556784854, -18.12396488099803], [-22.480234830803106, -18.086194535837762], [-22.456386082, -18.042653339], [-22.50552751609603, -18.00212665565828], [-22.5120216049613, -17.929634017510413], [-22.558191029365197, -17.886879689587584], [-22.604892261750585, -17.844523974219484], [-22.78137168957874, -17.966099769039662]]]}}, {"type": "Feature", "properties": {"pcode": "XK07020102", "area_name": "Ngowiha", "parent_pcode": "XK070201", "level": "village"}, "geometry": {"type": "Polygon", "coordinates": [[[-22.456386082, -18.042653339], [-22.423297893694095, -18.04412978591627], [-22.39081835793221, -18.041918497331356], [-22.360822816630396, -18.02465705468875], [-22.328491999, -18.021544705], [-22.326288263447534, -17.954157056777028], [-22.311161564634848, -17.88853718039301], [-22.295931301198657, -17.822931470931948], [-22.292134726861494, -17.755761712369285], [-22.435996608520057, -17.72817260377438], [-22.604892262, -17.844523974], [-22.558191029365197, -17.886879689587584], [-22.5120216049613, -17.929634017510413], [-22.50552751609603, -18.00212665565828], [-22.456386082, -18.042653339]]]}}, {"type": "Feature", "properties": {"pcode": "XK07020103", "area_name": "Ndeshe", "parent_pcode": "XK070201", "level": "village"}, "geometry": {"type": "Polygon", "coordinates": [[[-22.574480574733652, -18.19975471259955], [-22.486779635, -18.440665044], [-22.3777430067818, -18.25899866614217], [-22.154424683319192, -18.172799480084638], [-22.149541385, -18.156330682], [-22.190298903943173, -18.117349902703445], [-22.225869398788536, -18.071482493448816], [-22.282076628337727, -18.05301375302013], [-22.328491999, -18.021544705], [-22.360822816630396, -18.02465705468875], [-22.39081835793221, -18.041918497331356], [-22.423297893694095, -18.04412978591627], [-22.456386082, -18.042653339], [-22.480234830803106, -18.086194535837762], [-22.511760556784854, -18.12396488099803], [-22.534404123943418, -18.168412023542444], [-22.574480574733652, -18.19975471259955]]]}}, {"type": "Feature", "properties": {"pcode": "XK07020104", "area_name": "Meba", "parent_pcode": "XK070201", "level": "village"}, "geometry": {"type": "Polygon", "coordinates": [[[-22.149541385395064, -18.156330682020783], [-22.089604754178822, -17.954195917469335], [-21.94998391845248, -17.798078586653396], [-21.976585443216322, -17.81627616799273], [-22.292134727, -17.755761712], [-22.295931301198657, -17.822931470931948], [-22.311161564634848, -17.88853718039301], [-22.326288263447534, -17.954157056777028], [-22.328491999, -18.021544705], [-22.282076628337727, -18.05301375302013], [-22.225869398788536, -18.071482493448816], [-22.190298903943173, -18.117349902703445], [-22.149541385395064, -18.156330682020783]]]}}, {"type": "Feature", "properties": {"pcode": "XK07020201", "area_name": "Mbahasa", "parent_pcode": "XK070202", "level": "village"}, "geometry": {"type": "Polygon", "coordinates": [[[-22.486779634957752, -18.440665044337155], [-22.414961302276744, -18.63794660587261], [-22.331856908, -18.801554758], [-22.13781464847989, -18.70263972138483], [-22.029769488, -18.698023101], [-22.11634323060889, -18.591702864087658], [-22.116102026419707, -18.436275698164753], [-22.206746402500865, -18.332258017624593], [-22.29596014797883, -18.227431100377892], [-22.3777430067818, -18.25899866614217], [-22.486779634957752, -18.440665044337155]]]}}, {"type": "Feature", "properties": {"pcode": "XK07020202", "area_name": "Ndubu", "parent_pcode": "XK070202", "level": "village"}, "geometry": {"type": "Polygon", "coordinates": [[[-22.02976948847446, -18.698023100973412], [-21.950363204, -18.69463018], [-21.909699374025838, -18.59710542812201], [-21.87854322169867, -18.497824245513918], [-21.916796810226614, -18.385720436147466], [-21.875307424, -18.288348196], [-21.891264110672747, -18.276259527899636], [-21.897718773305883, -18.256739027046564], [-21.907654045609014, -18.239940820815875], [-21.922998071, -18.227372971], [-21.982024099685113, -18.217932698410706], [-22.032133763659267, -18.177237115222237], [-22.097870239174142, -18.19131955695905], [-22.15129522373342, -18.1622454572157], [-22.154424683319192, -18.172799480084638], [-22.295960148, -18.2274311], [-22.206746402500865, -18.332258017624593], [-22.116102026419707, -18.436275698164753], [-22.11634323060889, -18.591702864087658], [-22.02976948847446, -18.698023100973412]]]}}, {"type": "Feature", "properties": {"pcode": "XK07020203", "area_name": "Maji", "parent_pcode": "XK070202", "level": "village"}, "geometry": {"type": "Polygon", "coordinates": [[[-21.704933882514432, -17.891981854654134], [-21.708041331111044, -17.88104405584428], [-21.826324087304336, -17.713485321579157], [-21.949983918, -17.798078587], [-22.089604754178822, -17.954195917469335], [-22.151295224, -18.162245457], [-22.097870239174142, -18.19131955695905], [-22.032133763659267, -18.177237115222237], [-21.982024099685113, -18.217932698410706], [-21.922998071, -18.227372971], [-21.850158009947805, -18.155439077176354], [-21.793459362499114, -18.073010378682266], [-21.777883736474305, -17.963844364120135], [-21.704933882514432, -17.891981854654134]]]}}, {"type": "Feature", "properties": {"pcode": "XK07020204", "area_name": "Kamu", "parent_pcode": "XK070202", "level": "village"}, "geometry": {"type": "Polygon", "coordinates": [[[-21.950363204454405, -18.694630180165262], [-21.90511556076126, -18.692696810864575], [-21.74498424326373, -18.51573272702451], [-21.534333049, -18.45504463], [-21.590843529, -18.318912205], [-21.662156545496593, -18.31310510965589], [-21.73134708855068, -18.28754383015068], [-21.803076080437865, -18.285608281233348], [-21.875307424, -18.288348196], [-21.916796810226614, -18.385720436147466], [-21.87854322169867, -18.497824245513918], [-21.909699374025838, -18.59710542812201], [-21.950363204454405, -18.694630180165262]]]}}, {"type": "Feature", "properties": {"pcode": "XK07020205", "area_name": "Voro", "parent_pcode": "XK070202", "level": "village"}, "geometry": {"type": "Polygon", "coordinates": [[[-21.59084352902002, -18.31891220497109], [-21.610734608818728, -18.2709950588332], [-21.653326506399004, -18.07363283921747], [-21.704933883, -17.891981855], [-21.777883736474305, -17.963844364120135], [-21.793459362499114, -18.073010378682266], [-21.850158009947805, -18.155439077176354], [-21.922998071, -18.227372971], [-21.907654045609014, -18.239940820815875], [-21.897718773305883, -18.256739027046564], [-21.891264110672747, -18.276259527899636], [-21.875307424, -18.288348196], [-21.803076080437865, -18.285608281233348], [-21.73134708855068, -18.28754383015068], [-21.662156545496593, -18.31310510965589], [-21.59084352902002, -18.31891220497109]]]}}, {"type": "Feature", "properties": {"pcode": "XK07020301", "area_name": "Jafi", "parent_pcode": "XK070203", "level": "village"}, "geometry": {"type": "Polygon", "coordinates": [[[-22.331856908252416, -18.80155475776088], [-22.175302939, -19.109763557], [-22.07747262114735, -19.067922554368497], [-21.990963552617227, -19.008781817414388], [-21.901539772834457, -18.954094982044936], [-21.824634008, -18.880279663], [-21.844119149812144, -18.832702217457], [-21.84985064561661, -18.778933464038968], [-21.883282295813093, -18.73763414482995], [-21.909001111800308, -18.692862835092182], [-22.13781464847989, -18.70263972138483], [-22.331856908252416, -18.80155475776088]]]}}, {"type": "Feature", "properties": {"pcode": "XK07020302", "area_name": "Moga", "parent_pcode": "XK070203", "level": "village"}, "geometry": {"type": "Polygon", "coordinates": [[[-22.17530293930311, -19.109763557443248], [-22.171228014007013, -19.117785888928893], [-21.993712909, -19.340967382], [-21.894724893406796, -19.29793507558222], [-21.832695146083374, -19.20824704286156], [-21.75597692982449, -19.13710157770545], [-21.666644287, -19.081880431], [-21.67871750448661, -19.035840727474792], [-21.70836666946137, -18.99956592746563], [-21.73320391158658, -18.960617703313375], [-21.756217679, -18.920656387], [-21.77261929591118, -18.9093719137977], [-21.792883679598027, -18.90463270470782], [-21.807186136015353, -18.88979130957763], [-21.824634008, -18.880279663], [-21.901539772834457, -18.954094982044936], [-21.990963552617227, -19.008781817414388], [-22.07747262114735, -19.067922554368497], [-22.17530293930311, -19.109763557443248]]]}}, {"type": "Feature", "properties": {"pcode": "XK07020303", "area_name": "Rosha", "parent_pcode": "XK070203", "level": "village"}, "geometry": {"type": "Polygon", "coordinates": [[[-21.993712908988996, -19.340967382034474], [-21.83729138272498, -19.53762889870887], [-21.725997934814973, -19.520773251265755], [-21.61615132190557, -19.277846097956214], [-21.526368686, -19.164547435], [-21.55769443685922, -19.13752902608308], [-21.595383081240936, -19.121307654312535], [-21.636700380395517, -19.111243657364533], [-21.666644287, -19.081880431], [-21.75597692982449, -19.13710157770545], [-21.832695146083374, -19.20824704286156], [-21.894724893406796, -19.29793507558222], [-21.993712908988996, -19.340967382034474]]]}}, {"type": "Feature", "properties": {"pcode": "XK07020304", "area_name": "Dimana", "parent_pcode": "XK070203", "level": "village"}, "geometry": {"type": "Polygon", "coordinates": [[[-21.31003947693463, -18.571556110655504], [-21.316791992587923, -18.5671015841437], [-21.384132140295534, -18.5203367931965], [-21.46513707373787, -18.498433022172787], [-21.534333049, -18.45504463], [-21.74498424326373, -18.51573272702451], [-21.90511556076126, -18.692696810864575], [-21.909001112, -18.692862835], [-21.883282295813093, -18.73763414482995], [-21.84985064561661, -18.778933464038968], [-21.844119149812144, -18.832702217457], [-21.824634008, -18.880279663], [-21.807186136015353, -18.88979130957763], [-21.792883679598027, -18.90463270470782], [-21.77261929591118, -18.9093719137977], [-21.756217679, -18.920656387], [-21.66721502095427, -18.80457096826277], [-21.551261615119945, -18.722930770619755], [-21.416823531076435, -18.66491547692245], [-21.31003947693463, -18.571556110655504]]]}}, {"type": "Feature", "properties": {"pcode": "XK07020305", "area_name": "Njamina", "parent_pcode": "XK070203", "level": "village"}, "geometry": {"type": "Polygon", "coordinates": [[[-21.526368685594907, -19.164547434849805], [-21.450567295741433, -19.068892010984886], [-21.379099145495132, -18.810756640040353], [-21.248507294, -18.612147907], [-21.310039477, -18.571556111], [-21.416823531076435, -18.66491547692245], [-21.551261615119945, -18.722930770619755], [-21.66721502095427, -18.80457096826277], [-21.756217679, -18.920656387], [-21.73320391158658, -18.960617703313375], [-21.70836666946137, -18.99956592746563], [-21.67871750448661, -19.035840727474792], [-21.666644287, -19.081880431], [-21.636700380395517, -19.111243657364533], [-21.595383081240936, -19.121307654312535], [-21.55769443685922, -19.13752902608308], [-21.526368685594907, -19.164547434849805]]]}}, {"type": "Feature", "properties": {"pcode": "XK07020401", "area_name": "Pena", "parent_pcode": "XK070204", "level": "village"}, "geometry": {"type": "Polygon", "coordinates": [[[-21.20651542669356, -17.45585114979341], [-21.253865945, -17.431822606], [-21.63074104142531, -17.579690795980536], [-21.826324087, -17.713485322], [-21.708041331111044, -17.88104405584428], [-21.653326506399004, -18.07363283921747], [-21.615077337, -18.250871736], [-21.50247527047644, -18.20182034280505], [-21.42968591111804, -18.088360247549712], [-21.315549649167632, -18.04179086432561], [-21.201434084, -17.995187998], [-21.21698481594299, -17.86048832824665], [-21.195527674549705, -17.72543999012618], [-21.234677474591987, -17.590962658156613], [-21.20651542669356, -17.45585114979341]]]}}, {"type": "Feature", "properties": {"pcode": "XK07020402", "area_name": "Valovu", "parent_pcode": "XK070204", "level": "village"}, "geometry": {"type": "Polygon", "coordinates": [[[-21.248507293797225, -18.612147907415018], [-21.231942937533393, -18.58695624528954], [-20.989432253120114, -18.45683881449729], [-20.770069687216584, -18.29064001025732], [-20.74040621, -18.215865373], [-20.845199487110527, -18.138835820900677], [-20.96014918089653, -18.083024534549505], [-21.076638757579286, -18.030430292710026], [-21.201434084, -17.995187998], [-21.315549649167632, -18.04179086432561], [-21.42968591111804, -18.088360247549712], [-21.50247527047644, -18.20182034280505], [-21.61507733717241, -18.25087173595342], [-21.610734608818728, -18.2709950588332], [-21.534333049, -18.45504463], [-21.46513707373787, -18.498433022172787], [-21.384132140295534, -18.5203367931965], [-21.316791992587923, -18.5671015841437], [-21.248507293797225, -18.612147907415018]]]}}, {"type": "Feature", "properties": {"pcode": "XK07020403", "area_name": "Nyola", "parent_pcode": "XK070204", "level": "village"}, "geometry": {"type": "Polygon", "coordinates": [[[-20.740406209656012, -18.215865372577113], [-20.66861595442768, -18.03489905422463], [-20.612366075, -17.937933613], [-20.77182472625564, -17.810244422862954], [-20.891126512557328, -17.631656075641253], [-21.068057465792634, -17.526113172175574], [-21.206515427, -17.45585115], [-21.234677474591987, -17.590962658156613], [-21.195527674549705, -17.72543999012618], [-21.21698481594299, -17.86048832824665], [-21.201434084, -17.995187998], [-21.076638757579286, -18.030430292710026], [-20.96014918089653, -18.083024534549505], [-20.845199487110527, -18.138835820900677], [-20.740406209656012, -18.215865372577113]]]}}, {"type": "Feature", "properties": {"pcode": "XK07030101", "area_name": "Shahu", "parent_pcode": "XK070301", "level": "village"}, "geometry": {"type": "Polygon", "coordinates": [[[-21.139879902347865, -16.054690467135142], [-21.316165031955578, -16.044533776805327], [-21.376071334, -16.061371364], [-21.384616652987695, -16.407470488467077], [-21.39061278, -16.508084169], [-21.327925588010196, -16.507693883583347], [-21.270283801949752, -16.48613548296217], [-21.208842608479824, -16.4805175824472], [-21.152991287, -16.451447247], [-21.12064370622972, -16.397419914266585], [-21.12741575612984, -16.329396493711585], [-21.07727878434493, -16.28173378852364], [-21.069763443, -16.218822062], [-21.077981840432393, -16.17381165648745], [-21.105382610673438, -16.136995895379354], [-21.1229393647874, -16.095974804071606], [-21.139879902347865, -16.054690467135142]]]}}, {"type": "Feature", "properties": {"pcode": "XK07030102", "area_name": "Ndowi", "parent_pcode": "XK070301", "level": "village"}, "geometry": {"type": "Polygon", "coordinates": [[[-21.39061277969076, -16.508084168584034], [-21.40530715991561, -16.754652619298206], [-21.391817792, -16.848072673], [-21.262401368771105, -16.805815469022175], [-21.13308471210279, -16.76303901724925], [-20.990048647680915, -16.791666973770894], [-20.861261739, -16.746133381], [-20.860128932, -16.636349872], [-20.921857702202075, -16.571930549048936], [-20.99613521760013, -16.52738685020211], [-21.068142405540804, -16.479247240016612], [-21.152991287, -16.451447247], [-21.208842608479824, -16.4805175824472], [-21.270283801949752, -16.48613548296217], [-21.327925588010196, -16.507693883583347], [-21.39061277969076, -16.508084168584034]]]}}, {"type": "Feature", "properties": {"pcode": "XK07030103", "area_name": "Landiza", "parent_pcode": "XK070301", "level": "village"}, "geometry": {"type": "Polygon", "coordinates": [[[-21.069763443, -16.218822062], [-21.07727878434493, -16.28173378852364], [-21.12741575612984, -16.329396493711585], [-21.12064370622972, -16.397419914266585], [-21.152991287, -16.451447247], [-21.068142405540804, -16.479247240016612], [-20.99613521760013, -16.52738685020211], [-20.921857702202075, -16.571930549048936], [-20.860128932343255, -16.636349871600377], [-20.85941840156552, -16.567490316572563], [-20.841613467589976, -16.39135200085225], [-20.809276193, -16.28459617], [-20.871793964551866, -16.25783977846877], [-20.935373373909513, -16.235287824229534], [-21.005580713472398, -16.2389846685655], [-21.069763443, -16.218822062]]]}}, {"type": "Feature", "properties": {"pcode": "XK07030104", "area_name": "Ziheva", "parent_pcode": "XK070301", "level": "village"}, "geometry": {"type": "Polygon", "coordinates": [[[-20.751646306751784, -16.047605303419928], [-20.941044762300844, -16.066146379205755], [-21.139879902, -16.054690467], [-21.1229393647874, -16.095974804071606], [-21.105382610673438, -16.136995895379354], [-21.077981840432393, -16.17381165648745], [-21.069763443, -16.218822062], [-21.005580713472398, -16.2389846685655], [-20.935373373909513, -16.235287824229534], [-20.871793964551866, -16.25783977846877], [-20.80927619295843, -16.284596169914625], [-20.78987271913257, -16.220539010028464], [-20.751646306751784, -16.047605303419928]]]}}, {"type": "Feature", "properties": {"pcode": "XK07030201", "area_name": "Nazuli", "parent_pcode": "XK070302", "level": "village"}, "geometry": {"type": "Polygon", "coordinates": [[[-21.304635591343672, -16.819605837513713], [-21.391817791875734, -16.84807267312728], [-21.356076176310864, -17.095599735932456], [-21.253865945, -17.431822606], [-21.155252866, -17.481864903], [-21.122441536929088, -17.42911589326465], [-21.0835469846452, -17.381556694344827], [-21.029993441496888, -17.34650359402922], [-20.995785716, -17.294945899], [-21.009751933469722, -17.24705243667755], [-20.984125124901176, -17.19701311313262], [-21.008551281797693, -17.1496865581838], [-21.006301836, -17.10091424], [-21.068479194538135, -17.01743021824161], [-21.173685333896653, -16.97957916607799], [-21.227335119698573, -16.88705146564757], [-21.304635591343672, -16.819605837513713]]]}}, {"type": "Feature", "properties": {"pcode": "XK07030202", "area_name": "Timbitu", "parent_pcode": "XK070302", "level": "village"}, "geometry": {"type": "Polygon", "coordinates": [[[-20.72841121904075, -16.870845784338137], [-20.778845985640498, -16.801940512948665], [-20.861261739, -16.746133381], [-20.990048647680915, -16.791666973770894], [-21.13308471210279, -16.76303901724925], [-21.262401368771105, -16.805815469022175], [-21.304635591, -16.819605838], [-21.227335119698573, -16.88705146564757], [-21.173685333896653, -16.97957916607799], [-21.068479194538135, -17.01743021824161], [-21.006301836, -17.10091424], [-20.933094789974323, -17.04790775058846], [-20.86949577783039, -16.983296095871015], [-20.78667322912938, -16.94190379302668], [-20.72841121904075, -16.870845784338137]]]}}, {"type": "Feature", "properties": {"pcode": "XK07030203", "area_name": "Poshi", "parent_pcode": "XK070302", "level": "village"}, "geometry": {"type": "Polygon", "coordinates": [[[-20.995785716, -17.294945899], [-21.029993441496888, -17.34650359402922], [-21.0835469846452, -17.381556694344827], [-21.122441536929088, -17.42911589326465], [-21.15525286560196, -17.481864902930816], [-21.068057465792634, -17.526113172175574], [-20.891126512557328, -17.631656075641253], [-20.77182472625564, -17.810244422862954], [-20.70351836, -17.864941891], [-20.656351162910692, -17.64253106454856], [-20.548047523072555, -17.431773905423565], [-20.565623609, -17.309713247], [-20.674084525384004, -17.33283169064241], [-20.77935803885289, -17.26310340555432], [-20.889118098195706, -17.324064938724792], [-20.995785716, -17.294945899]]]}}, {"type": "Feature", "properties": {"pcode": "XK07030204", "area_name": "Tochu", "parent_pcode": "XK070302", "level": "village"}, "geometry": {"type": "Polygon", "coordinates": [[[-20.53326768, -16.971787774], [-20.60126456558064, -16.89502247276378], [-20.716570809400558, -16.88702245560331], [-20.728411219, -16.870845784], [-20.78667322912938, -16.94190379302668], [-20.86949577783039, -16.983296095871015], [-20.933094789974323, -17.04790775058846], [-21.006301836, -17.10091424], [-21.008551281797693, -17.1496865581838], [-20.984125124901176, -17.19701311313262], [-21.009751933469722, -17.24705243667755], [-20.995785716, -17.294945899], [-20.889118098195706, -17.324064938724792], [-20.77935803885289, -17.26310340555432], [-20.674084525384004, -17.33283169064241], [-20.565623608914034, -17.30971324691607], [-20.582308531684212, -17.193841449358708], [-20.53326768, -16.971787774]]]}}, {"type": "Feature", "properties": {"pcode": "XK07030301", "area_name": "Koba", "parent_pcode": "XK070303", "level": "village"}, "geometry": {"type": "Polygon", "coordinates": [[[-20.846973455461182, -16.444376585903363], [-20.85941840156552, -16.567490316572563], [-20.861261739, -16.746133381], [-20.778845985640498, -16.801940512948665], [-20.716570809400558, -16.88702245560331], [-20.60126456558064, -16.89502247276378], [-20.566814289, -16.933915223], [-20.545584131572824, -16.83861569866085], [-20.532280288927275, -16.74194928988773], [-20.535485420294602, -16.64243592635433], [-20.500523075, -16.549504503], [-20.584814303911113, -16.51557243244633], [-20.665653842269435, -16.470265272023276], [-20.760001620767095, -16.469474687814756], [-20.846973455461182, -16.444376585903363]]]}}, {"type": "Feature", "properties": {"pcode": "XK07030302", "area_name": "Mendami", "parent_pcode": "XK070303", "level": "village"}, "geometry": {"type": "Polygon", "coordinates": [[[-20.274800202348608, -16.399585521318084], [-20.568053541, -16.029632573], [-20.751646307, -16.047605303], [-20.78987271913257, -16.220539010028464], [-20.841613467589976, -16.39135200085225], [-20.846973455, -16.444376586], [-20.760001620767095, -16.469474687814756], [-20.665653842269435, -16.470265272023276], [-20.584814303911113, -16.51557243244633], [-20.500523075, -16.549504503], [-20.450553521568185, -16.533252183465933], [-20.408482774564835, -16.50156266590919], [-20.361202812647168, -16.480053886784674], [-20.315755344, -16.454963736], [-20.304027222402635, -16.44222062568499], [-20.290734843727133, -16.43063436686402], [-20.28513937644983, -16.41335583177024], [-20.274800202348608, -16.399585521318084]]]}}, {"type": "Feature", "properties": {"pcode": "XK07030303", "area_name": "Kenyishi", "parent_pcode": "XK070303", "level": "village"}, "geometry": {"type": "Polygon", "coordinates": [[[-20.315755344, -16.454963736], [-20.361202812647168, -16.480053886784674], [-20.408482774564835, -16.50156266590919], [-20.450553521568185, -16.533252183465933], [-20.500523075, -16.549504503], [-20.535485420294602, -16.64243592635433], [-20.532280288927275, -16.74194928988773], [-20.545584131572824, -16.83861569866085], [-20.566814288994152, -16.93391522258975], [-20.53326768, -16.971787774], [-20.367353733984686, -16.916123217771133], [-20.186881302632727, -16.897975163519604], [-20.184197082, -16.896731678], [-20.19285146584278, -16.77907246808203], [-20.29085653561444, -16.688021845686492], [-20.306572313647646, -16.572465515264], [-20.315755344, -16.454963736]]]}}, {"type": "Feature", "properties": {"pcode": "XK07030304", "area_name": "Bana", "parent_pcode": "XK070303", "level": "village"}, "geometry": {"type": "Polygon", "coordinates": [[[-19.881374790559356, -16.718817146337724], [-20.229402718728274, -16.456856592770503], [-20.274800202, -16.399585521], [-20.28513937644983, -16.41335583177024], [-20.290734843727133, -16.43063436686402], [-20.304027222402635, -16.44222062568499], [-20.315755344, -16.454963736], [-20.306572313647646, -16.572465515264], [-20.29085653561444, -16.688021845686492], [-20.19285146584278, -16.77907246808203], [-20.184197082398207, -16.89673167784464], [-20.027939363650624, -16.824344087450314], [-19.881374790559356, -16.718817146337724]]]}}, {"type": "Feature", "properties": {"pcode": "XK07030401", "area_name": "Ndungo", "parent_pcode": "XK070304", "level": "village"}, "geometry": {"type": "Polygon", "coordinates": [[[-20.61236607535861, -17.937933613019037], [-20.530560233631846, -17.796913940310212], [-20.26715247752679, -17.7164185128002], [-20.118520647, -17.685403645], [-20.164203194180278, -17.590926910123084], [-20.183308190168134, -17.48499320064475], [-20.2286247984005, -17.390358717854888], [-20.284534114, -17.300290509], [-20.35111381381126, -17.252112699491697], [-20.418780584606477, -17.20598147392125], [-20.509016261452132, -17.202339801746547], [-20.572085779933953, -17.147553517553575], [-20.582308531684212, -17.193841449358708], [-20.548047523072555, -17.431773905423565], [-20.656351162910692, -17.64253106454856], [-20.70351836047301, -17.864941891330325], [-20.61236607535861, -17.937933613019037]]]}}, {"type": "Feature", "properties": {"pcode": "XK07030402", "area_name": "Wiwa", "parent_pcode": "XK070304", "level": "village"}, "geometry": {"type": "Polygon", "coordinates": [[[-19.768236481607875, -17.075327630424763], [-19.771616472939503, -16.80143221057575], [-19.881374791, -16.718817146], [-20.027939363650624, -16.824344087450314], [-20.186881302632727, -16.897975163519604], [-20.367353733984686, -16.916123217771133], [-20.53326768, -16.971787774], [-20.57208578, -17.147553518], [-20.509016261452132, -17.202339801746547], [-20.418780584606477, -17.20598147392125], [-20.35111381381126, -17.252112699491697], [-20.284534114, -17.300290509], [-20.14407860438909, -17.270169813306335], [-20.024121655671095, -17.193004207379207], [-19.91139331012705, -17.09924870574142], [-19.768236481607875, -17.075327630424763]]]}}, {"type": "Feature", "properties": {"pcode": "XK07030403", "area_name": "Duvizo", "parent_pcode": "XK070304", "level": "village"}, "geometry": {"type": "Polygon", "coordinates": [[[-20.118520647206687, -17.685403645104284], [-20.008117825, -17.662365989], [-19.946730178117548, -17.597619615430105], [-19.879530165842656, -17.53831502665423], [-19.836753813355035, -17.45614396416737], [-19.764207109833432, -17.401845176065], [-19.768236482, -17.07532763], [-19.91139331012705, -17.09924870574142], [-20.024121655671095, -17.193004207379207], [-20.14407860438909, -17.270169813306335], [-20.284534114, -17.300290509], [-20.2286247984005, -17.390358717854888], [-20.183308190168134, -17.48499320064475], [-20.164203194180278, -17.590926910123084], [-20.118520647206687, -17.685403645104284]]]}}, {"type": "Feature", "properties": {"pcode": "XK07030404", "area_name": "Liwa", "parent_pcode": "XK070304", "level": "village"}, "geometry": {"type": "Polygon", "coordinates": [[[-20.00811782478931, -17.66236598942073], [-19.997527368439368, -17.660156088608602], [-19.73057888272959, -17.72710147391436], [-19.46094946745482, -17.78226629109947], [-19.327597329, -17.817716464], [-19.763514510547715, -17.457969512945244], [-19.76420711, -17.401845176], [-19.836753813355035, -17.45614396416737], [-19.879530165842656, -17.53831502665423], [-19.946730178117548, -17.597619615430105], [-20.00811782478931, -17.66236598942073]]]}}, {"type": "Feature", "properties": {"pcode": "XK08010101", "area_name": "Bipowi", "parent_pcode": "XK080101", "level": "village"}, "geometry": {"type": "Polygon", "coordinates": [[[-23.258967235783633, -14.64121403338968], [-23.36497295, -14.825008289], [-23.36322868701933, -14.836713586972431], [-23.360085817856383, -14.84807494200453], [-23.353323838681156, -14.858546291433349], [-23.353717499, -14.870777344], [-23.119736701, -15.072923226], [-23.087675476796832, -15.048841126031773], [-23.05930979280084, -15.021035872301697], [-23.028974545831627, -14.995214898374256], [-23.006974046, -14.960996899], [-23.042773382691326, -14.890808489858529], [-23.042562067630506, -14.811610435869571], [-23.072360738067808, -14.739920696728044], [-23.081514596820554, -14.663065751887665], [-23.148744453975727, -14.67487338209028], [-23.258967235783633, -14.64121403338968]]]}}, {"type": "Feature", "properties": {"pcode": "XK08010102", "area_name": "Mbava", "parent_pcode": "XK080101", "level": "village"}, "geometry": {"type": "Polygon", "coordinates": [[[-23.006974046, -14.960996899], [-22.976611507878395, -14.952284293846688], [-22.945016683110165, -14.969974233782942], [-22.914482864415813, -14.964931426608235], [-22.884164843, -14.955265022], [-22.840259130607375, -14.9114096538856], [-22.829280909277454, -14.843049003266115], [-22.787164348190714, -14.797862113776107], [-22.737547619442136, -14.758256995910491], [-22.74674719635413, -14.73344187230838], [-22.809933613, -14.678942984], [-22.92196965255083, -14.666864240121415], [-23.034000253823564, -14.65472077221392], [-23.081514597, -14.663065752], [-23.072360738067808, -14.739920696728044], [-23.042562067630506, -14.811610435869571], [-23.042773382691326, -14.890808489858529], [-23.006974046, -14.960996899]]]}}, {"type": "Feature", "properties": {"pcode": "XK08010103", "area_name": "Bele", "parent_pcode": "XK080101", "level": "village"}, "geometry": {"type": "Polygon", "coordinates": [[[-23.119736701416684, -15.07292322581121], [-23.01830763910882, -15.160552071653598], [-22.888363606, -15.359681631], [-22.8021878719264, -15.253741578468833], [-22.730638216494544, -15.13749479645916], [-22.71615663, -15.124250713], [-22.769543180813226, -15.093322935516246], [-22.793823846637395, -15.033457632636955], [-22.832066427952675, -14.987473484178711], [-22.884164843, -14.955265022], [-22.914482864415813, -14.964931426608235], [-22.945016683110165, -14.969974233782942], [-22.976611507878395, -14.952284293846688], [-23.006974046, -14.960996899], [-23.028974545831627, -14.995214898374256], [-23.05930979280084, -15.021035872301697], [-23.087675476796832, -15.048841126031773], [-23.119736701416684, -15.07292322581121]]]}}, {"type": "Feature", "properties": {"pcode": "XK08010104", "area_name": "Shewa", "parent_pcode": "XK080101", "level": "village"}, "geometry": {"type": "Polygon", "coordinates": [[[-22.716156629729774, -15.12425071330856], [-22.627708607566408, -15.043360892388705], [-22.574455549, -14.914220834], [-22.63507010857851, -14.857147900055336], [-22.71491094837043, -14.819317607279725], [-22.737547619, -14.758256996], [-22.787164348190714, -14.797862113776107], [-22.829280909277454, -14.843049003266115], [-22.840259130607375, -14.9114096538856], [-22.884164843, -14.955265022], [-22.832066427952675, -14.987473484178711], [-22.793823846637395, -15.033457632636955], [-22.769543180813226, -15.093322935516246], [-22.716156629729774, -15.12425071330856]]]}}, {"type": "Feature", "properties": {"pcode": "XK08010201", "area_name": "Njowandu", "parent_pcode": "XK080102", "level": "village"}, "geometry": {"type": "Polygon", "coordinates": [[[-23.078568216376432, -14.328435578303708], [-23.258967236, -14.641214033], [-23.148744453975727, -14.67487338209028], [-23.034000253823564, -14.65472077221392], [-22.92196965255083, -14.666864240121415], [-22.902427259, -14.66897113], [-22.96268373903538, -14.592227628433614], [-22.998440089865152, -14.50281151110199], [-23.033142903196012, -14.412850454770007], [-23.078568216376432, -14.328435578303708]]]}}, {"type": "Feature", "properties": {"pcode": "XK08010202", "area_name": "Tenju", "parent_pcode": "XK080102", "level": "village"}, "geometry": {"type": "Polygon", "coordinates": [[[-22.908510808562877, -14.040512967351198], [-22.918623577316634, -14.051121227336221], [-23.077343575, -14.326312277], [-22.99193669686715, -14.304124657099372], [-22.90336543339751, -14.345869101575708], [-22.819207968011348, -14.298438811249895], [-22.73216889257264, -14.309227489711219], [-22.735703439, -14.275727862], [-22.78097276994509, -14.21844307794428], [-22.812957653220007, -14.151398493329225], [-22.881813779611015, -14.111442425160043], [-22.908510808562877, -14.040512967351198]]]}}, {"type": "Feature", "properties": {"pcode": "XK08010203", "area_name": "Shasha", "parent_pcode": "XK080102", "level": "village"}, "geometry": {"type": "Polygon", "coordinates": [[[-23.077343574852218, -14.326312276944867], [-23.078568216, -14.328435578], [-23.033142903196012, -14.412850454770007], [-22.998440089865152, -14.50281151110199], [-22.96268373903538, -14.592227628433614], [-22.902427258895692, -14.668971129731947], [-22.809933613, -14.678942984], [-22.794834550078672, -14.510210734295514], [-22.727640629972306, -14.35214533041792], [-22.732168893, -14.30922749], [-22.819207968011348, -14.298438811249895], [-22.90336543339751, -14.345869101575708], [-22.99193669686715, -14.304124657099372], [-23.077343574852218, -14.326312276944867]]]}}, {"type": "Feature", "properties": {"pcode": "XK08010204", "area_name": "Liyi", "parent_pcode": "XK080102", "level": "village"}, "geometry": {"type": "Polygon", "coordinates": [[[-22.776029820735335, -13.901540862266232], [-22.908510809, -14.040512967], [-22.881813779611015, -14.111442425160043], [-22.812957653220007, -14.151398493329225], [-22.78097276994509, -14.21844307794428], [-22.735703439253065, -14.275727861975481], [-22.74617008622764, -14.176527367826841], [-22.674867029516935, -14.019303342669106], [-22.776029820735335, -13.901540862266232]]]}}, {"type": "Feature", "properties": {"pcode": "XK08010301", "area_name": "Nyakoko", "parent_pcode": "XK080103", "level": "village"}, "geometry": {"type": "Polygon", "coordinates": [[[-22.458674771029337, -14.281956542038483], [-22.497608333516183, -14.225648219699652], [-22.67486703, -14.019303343], [-22.74617008622764, -14.176527367826841], [-22.729464185, -14.334862094], [-22.66525463976375, -14.303783863987567], [-22.596827912692135, -14.29429066909449], [-22.522801635861523, -14.313457959549021], [-22.458674771029337, -14.281956542038483]]]}}, {"type": "Feature", "properties": {"pcode": "XK08010302", "area_name": "Hinya", "parent_pcode": "XK080103", "level": "village"}, "geometry": {"type": "Polygon", "coordinates": [[[-22.315539149743532, -14.488968851899743], [-22.458674771, -14.281956542], [-22.522801635861523, -14.313457959549021], [-22.596827912692135, -14.29429066909449], [-22.66525463976375, -14.303783863987567], [-22.729464184733867, -14.334862094067867], [-22.727640629972306, -14.35214533041792], [-22.794834550078672, -14.510210734295514], [-22.809933613, -14.678942984], [-22.800379142, -14.687183806], [-22.688146780920988, -14.615670486120733], [-22.541701854226556, -14.627842174383087], [-22.450106856410294, -14.50584921693211], [-22.315539149743532, -14.488968851899743]]]}}, {"type": "Feature", "properties": {"pcode": "XK08010303", "area_name": "Njusha", "parent_pcode": "XK080103", "level": "village"}, "geometry": {"type": "Polygon", "coordinates": [[[-22.574455549, -14.914220834], [-22.482347651414525, -14.898918573348332], [-22.384150816671006, -14.920645367891684], [-22.298985347421578, -14.863123659843817], [-22.20592383500735, -14.853620680176846], [-22.25940496273596, -14.57015386797215], [-22.31553915, -14.488968852], [-22.450106856410294, -14.50584921693211], [-22.541701854226556, -14.627842174383087], [-22.688146780920988, -14.615670486120733], [-22.800379142355922, -14.687183806254497], [-22.74674719635413, -14.73344187230838], [-22.71491094837043, -14.819317607279725], [-22.63507010857851, -14.857147900055336], [-22.574455549, -14.914220834]]]}}, {"type": "Feature", "properties": {"pcode": "XK08010401", "area_name": "Damuwu", "parent_pcode": "XK080104", "level": "village"}, "geometry": {"type": "Polygon", "coordinates": [[[-22.88836360590821, -15.359681631479559], [-22.769279208215476, -15.542169608115504], [-22.731806174, -15.574029086], [-22.658304492870023, -15.541645598419777], [-22.57905382429557, -15.52451258185579], [-22.51349912909066, -15.47104794221408], [-22.431626582, -15.460870043], [-22.41408700435117, -15.433779758616573], [-22.409262346642134, -15.399091251223602], [-22.386110732456867, -15.375354625797021], [-22.365449915, -15.350129542], [-22.446052585580222, -15.264579480212374], [-22.489766213813958, -15.158153227110814], [-22.51627254669231, -15.041989047324682], [-22.590339753977528, -14.952740446083837], [-22.627708607566408, -15.043360892388705], [-22.730638216494544, -15.13749479645916], [-22.8021878719264, -15.253741578468833], [-22.88836360590821, -15.359681631479559]]]}}, {"type": "Feature", "properties": {"pcode": "XK08010402", "area_name": "Tide", "parent_pcode": "XK080104", "level": "village"}, "geometry": {"type": "Polygon", "coordinates": [[[-22.73180617362802, -15.57402908569914], [-22.43145998478857, -15.829382642623612], [-22.415345392, -15.840546905], [-22.396469707183616, -15.78956311305558], [-22.369953224770004, -15.742670866326328], [-22.35042144863453, -15.69203840253361], [-22.31365114, -15.650636943], [-22.34167156359815, -15.602279202774188], [-22.357441772858706, -15.546305674699855], [-22.40923493041397, -15.51272711248738], [-22.431626582, -15.460870043], [-22.51349912909066, -15.47104794221408], [-22.57905382429557, -15.52451258185579], [-22.658304492870023, -15.541645598419777], [-22.73180617362802, -15.57402908569914]]]}}, {"type": "Feature", "properties": {"pcode": "XK08010403", "area_name": "Hala", "parent_pcode": "XK080104", "level": "village"}, "geometry": {"type": "Polygon", "coordinates": [[[-22.054124681926552, -15.309227789650835], [-22.179281005158327, -14.994836065232663], [-22.205923835, -14.85362068], [-22.298985347421578, -14.863123659843817], [-22.384150816671006, -14.920645367891684], [-22.482347651414525, -14.898918573348332], [-22.574455549, -14.914220834], [-22.590339754, -14.952740446], [-22.51627254669231, -15.041989047324682], [-22.489766213813958, -15.158153227110814], [-22.446052585580222, -15.264579480212374], [-22.365449915, -15.350129542], [-22.288643977606192, -15.332099454929828], [-22.213729788422658, -15.299670254776647], [-22.133712725802482, -15.30608176887042], [-22.054124681926552, -15.309227789650835]]]}}, {"type": "Feature", "properties": {"pcode": "XK08010404", "area_name": "Ndamumi", "parent_pcode": "XK080104", "level": "village"}, "geometry": {"type": "Polygon", "coordinates": [[[-22.415345391955515, -15.840546905484127], [-22.268022331, -15.942612989], [-22.191900512171987, -15.809130550506183], [-22.095816077403455, -15.684295902795435], [-22.095968037, -15.677285186], [-22.151209362318127, -15.677325997786681], [-22.20229777423736, -15.643442656481469], [-22.25991802936495, -15.662916375073392], [-22.31365114, -15.650636943], [-22.35042144863453, -15.69203840253361], [-22.369953224770004, -15.742670866326328], [-22.396469707183616, -15.78956311305558], [-22.415345391955515, -15.840546905484127]]]}}, {"type": "Feature", "properties": {"pcode": "XK08010405", "area_name": "Yamwu", "parent_pcode": "XK080104", "level": "village"}, "geometry": {"type": "Polygon", "coordinates": [[[-22.09596803677957, -15.677285185925978], [-22.099458311400475, -15.51625973432475], [-22.025159757, -15.381987459], [-22.054124682, -15.30922779], [-22.133712725802482, -15.30608176887042], [-22.213729788422658, -15.299670254776647], [-22.288643977606192, -15.332099454929828], [-22.365449915, -15.350129542], [-22.386110732456867, -15.375354625797021], [-22.409262346642134, -15.399091251223602], [-22.41408700435117, -15.433779758616573], [-22.431626582, -15.460870043], [-22.40923493041397, -15.51272711248738], [-22.357441772858706, -15.546305674699855], [-22.34167156359815, -15.602279202774188], [-22.31365114, -15.650636943], [-22.25991802936495, -15.662916375073392], [-22.20229777423736, -15.643442656481469], [-22.151209362318127, -15.677325997786681], [-22.09596803677957, -15.677285185925978]]]}}, {"type": "Feature", "properties": {"pcode": "XK08020101", "area_name": "Ndemi", "parent_pcode": "XK080201", "level": "village"}, "geometry": {"type": "Polygon", "coordinates": [[[-22.61433133731206, -13.73191970344086], [-22.776029821, -13.901540862], [-22.630749079, -14.070660558], [-22.59670440486092, -14.044967000147624], [-22.561257989945855, -14.020819967280334], [-22.536261933334945, -13.985143170495672], [-22.504848461, -13.956546637], [-22.533122624739836, -13.90083024129326], [-22.578901021658687, -13.853645386112346], [-22.59560159529248, -13.792288037613835], [-22.61433133731206, -13.73191970344086]]]}}, {"type": "Feature", "properties": {"pcode": "XK08020102", "area_name": "Fidasha", "parent_pcode": "XK080201", "level": "village"}, "geometry": {"type": "Polygon", "coordinates": [[[-22.63074907898687, -14.07066055834261], [-22.497608333516183, -14.225648219699652], [-22.482005487, -14.2482141], [-22.363163381061263, -14.06784846893068], [-22.327200457, -13.977391108], [-22.37241189953278, -13.978993269062052], [-22.415577086627305, -13.963156119993403], [-22.460772291502185, -13.964619894837107], [-22.504848461, -13.956546637], [-22.536261933334945, -13.985143170495672], [-22.561257989945855, -14.020819967280334], [-22.59670440486092, -14.044967000147624], [-22.63074907898687, -14.07066055834261]]]}}, {"type": "Feature", "properties": {"pcode": "XK08020103", "area_name": "Hendufi", "parent_pcode": "XK080201", "level": "village"}, "geometry": {"type": "Polygon", "coordinates": [[[-22.482188743177577, -13.593302572340496], [-22.614331337, -13.731919703], [-22.59560159529248, -13.792288037613835], [-22.578901021658687, -13.853645386112346], [-22.533122624739836, -13.90083024129326], [-22.504848461, -13.956546637], [-22.460772291502185, -13.964619894837107], [-22.415577086627305, -13.963156119993403], [-22.37241189953278, -13.978993269062052], [-22.32720045655586, -13.977391108437253], [-22.281284755050088, -13.861899578742767], [-22.237927723, -13.80858767], [-22.298590019313785, -13.754309201292754], [-22.347912942281575, -13.6871651560761], [-22.424831009715533, -13.651330375629614], [-22.482188743177577, -13.593302572340496]]]}}, {"type": "Feature", "properties": {"pcode": "XK08020104", "area_name": "Saka", "parent_pcode": "XK080201", "level": "village"}, "geometry": {"type": "Polygon", "coordinates": [[[-22.291601245805367, -13.38022518381977], [-22.306109954235193, -13.408596522556277], [-22.482188743, -13.593302572], [-22.424831009715533, -13.651330375629614], [-22.347912942281575, -13.6871651560761], [-22.298590019313785, -13.754309201292754], [-22.237927722896806, -13.80858766997899], [-22.14462683304785, -13.693864676264344], [-21.990429128547834, -13.5379694531165], [-22.01832391924893, -13.523201540051105], [-22.291601245805367, -13.38022518381977]]]}}, {"type": "Feature", "properties": {"pcode": "XK08020201", "area_name": "Mwizashe", "parent_pcode": "XK080202", "level": "village"}, "geometry": {"type": "Polygon", "coordinates": [[[-22.48200548705234, -14.24821409993181], [-22.293574332, -14.52073584], [-22.146803402, -14.39290933], [-22.193566842857205, -14.309949249948591], [-22.261292162592316, -14.247744010150038], [-22.324293495944122, -14.180861442364181], [-22.40531395186646, -14.131820023767549], [-22.48200548705234, -14.24821409993181]]]}}, {"type": "Feature", "properties": {"pcode": "XK08020202", "area_name": "Zinyi", "parent_pcode": "XK080202", "level": "village"}, "geometry": {"type": "Polygon", "coordinates": [[[-22.146803401595, -14.392909330483947], [-22.083590758473978, -14.33785584335848], [-21.886140669, -14.236123541], [-21.954389316880082, -14.112877286028837], [-22.026013951181458, -13.992288636399087], [-22.15754602821605, -13.918859637292273], [-22.23019015925067, -13.799073543511607], [-22.281284755050088, -13.861899578742767], [-22.363163381061263, -14.06784846893068], [-22.405313952, -14.131820024], [-22.324293495944122, -14.180861442364181], [-22.261292162592316, -14.247744010150038], [-22.193566842857205, -14.309949249948591], [-22.146803401595, -14.392909330483947]]]}}, {"type": "Feature", "properties": {"pcode": "XK08020203", "area_name": "Depo", "parent_pcode": "XK080202", "level": "village"}, "geometry": {"type": "Polygon", "coordinates": [[[-21.8861406687639, -14.236123540523964], [-21.84250276712284, -14.21363996388275], [-21.583063305167347, -14.124035657198753], [-21.3352016516011, -14.012595162091086], [-21.53424273064384, -13.904851865674614], [-21.745871676769195, -13.667441770226215], [-21.990429129, -13.537969453], [-22.14462683304785, -13.693864676264344], [-22.230190159, -13.799073544], [-22.15754602821605, -13.918859637292273], [-22.026013951181458, -13.992288636399087], [-21.954389316880082, -14.112877286028837], [-21.8861406687639, -14.236123540523964]]]}}, {"type": "Feature", "properties": {"pcode": "XK08020301", "area_name": "Mwiho", "parent_pcode": "XK080203", "level": "village"}, "geometry": {"type": "Polygon", "coordinates": [[[-22.29357433249333, -14.520735839836076], [-22.25940496273596, -14.57015386797215], [-22.204102374, -14.863274998], [-22.126680458844437, -14.838319254489651], [-22.045731875336923, -14.842023220852054], [-21.96576187481957, -14.837774666085346], [-21.886933773, -14.824246394], [-21.855108021513487, -14.740549328616595], [-21.768032161197667, -14.690914151575937], [-21.754753610994033, -14.595782670721613], [-21.702318626, -14.524791271], [-21.71827327489299, -14.440063236529609], [-21.73906072197745, -14.357127487558843], [-21.805960619793307, -14.291292944457586], [-21.820526642737693, -14.206049925828053], [-21.84250276712284, -14.21363996388275], [-22.083590758473978, -14.33785584335848], [-22.29357433249333, -14.520735839836076]]]}}, {"type": "Feature", "properties": {"pcode": "XK08020302", "area_name": "Timwa", "parent_pcode": "XK080203", "level": "village"}, "geometry": {"type": "Polygon", "coordinates": [[[-22.204102373837067, -14.863274997754344], [-22.179281005158327, -14.994836065232663], [-22.025159757, -15.381987459], [-21.793498406413725, -15.250642840154054], [-21.614893653, -15.120593466], [-21.694506121010843, -15.057157481918535], [-21.728662420979127, -14.951993731385448], [-21.821693630146612, -14.90087585772048], [-21.886933773, -14.824246394], [-21.96576187481957, -14.837774666085346], [-22.045731875336923, -14.842023220852054], [-22.126680458844437, -14.838319254489651], [-22.204102373837067, -14.863274997754344]]]}}, {"type": "Feature", "properties": {"pcode": "XK08020303", "area_name": "Mera", "parent_pcode": "XK080203", "level": "village"}, "geometry": {"type": "Polygon", "coordinates": [[[-21.614893653268556, -15.120593465704745], [-21.58039678003357, -15.095474891279009], [-21.37741664205089, -14.92731496279259], [-21.193794612, -14.734306896], [-21.200564671, -14.701713816], [-21.32253975803033, -14.647660940811505], [-21.44474719019661, -14.59426699855258], [-21.56456048333232, -14.534083256116372], [-21.702318626, -14.524791271], [-21.754753610994033, -14.595782670721613], [-21.768032161197667, -14.690914151575937], [-21.855108021513487, -14.740549328616595], [-21.886933773, -14.824246394], [-21.821693630146612, -14.90087585772048], [-21.728662420979127, -14.951993731385448], [-21.694506121010843, -15.057157481918535], [-21.614893653268556, -15.120593465704745]]]}}, {"type": "Feature", "properties": {"pcode": "XK08020304", "area_name": "Mwimba", "parent_pcode": "XK080203", "level": "village"}, "geometry": {"type": "Polygon", "coordinates": [[[-21.200564671118872, -14.70171381647255], [-21.2288781247974, -14.56540442371275], [-21.273236138684506, -14.397446752472035], [-21.237949993708874, -14.221375665327194], [-21.263354022, -14.051487136], [-21.335201652, -14.012595162], [-21.583063305167347, -14.124035657198753], [-21.820526643, -14.206049926], [-21.805960619793307, -14.291292944457586], [-21.73906072197745, -14.357127487558843], [-21.71827327489299, -14.440063236529609], [-21.702318626, -14.524791271], [-21.56456048333232, -14.534083256116372], [-21.44474719019661, -14.59426699855258], [-21.32253975803033, -14.647660940811505], [-21.200564671118872, -14.70171381647255]]]}}, {"type": "Feature", "properties": {"pcode": "XK08030101", "area_name": "Nyobe", "parent_pcode": "XK080301", "level": "village"}, "geometry": {"type": "Polygon", "coordinates": [[[-22.2680223312392, -15.9426129886402], [-22.063362012, -16.084402584], [-21.686679294285188, -16.14867250519706], [-21.645287889, -16.137038815], [-21.65779083530974, -16.065658386661998], [-21.669636542792993, -15.994068381446677], [-21.703846735685715, -15.929609846293767], [-21.732546282, -15.863394105], [-21.852379099027306, -15.836390662215383], [-21.972484188134743, -15.8185375078251], [-22.094086019981184, -15.850985609837853], [-22.21466469723847, -15.849048394851506], [-22.2680223312392, -15.9426129886402]]]}}, {"type": "Feature", "properties": {"pcode": "XK08030102", "area_name": "Ngayi", "parent_pcode": "XK080301", "level": "village"}, "geometry": {"type": "Polygon", "coordinates": [[[-21.732546282, -15.863394105], [-21.715190607816314, -15.799512232575143], [-21.67204333679805, -15.746149103602836], [-21.658693172669828, -15.680633639704746], [-21.633294444, -15.620032015], [-21.634167220706917, -15.618792860430615], [-21.635307616581265, -15.617757197421556], [-21.635955211458388, -15.616346819683294], [-21.636961573, -15.61520924], [-21.75907947745135, -15.62090375825356], [-21.873559805738683, -15.591571319569411], [-21.98974521588005, -15.570058616805921], [-22.09852152501795, -15.514566774884424], [-22.099458311400475, -15.51625973432475], [-22.095816077403455, -15.684295902795435], [-22.191900512171987, -15.809130550506183], [-22.214664697, -15.849048395], [-22.094086019981184, -15.850985609837853], [-21.972484188134743, -15.8185375078251], [-21.852379099027306, -15.836390662215383], [-21.732546282, -15.863394105]]]}}, {"type": "Feature", "properties": {"pcode": "XK08030103", "area_name": "Gumi", "parent_pcode": "XK080301", "level": "village"}, "geometry": {"type": "Polygon", "coordinates": [[[-21.636961573, -15.61520924], [-21.633993238993984, -15.501274653568192], [-21.68779859241653, -15.391959459697665], [-21.68873758051486, -15.278342792630987], [-21.67372077482812, -15.16342788206127], [-21.793498406413725, -15.250642840154054], [-22.025159757, -15.381987459], [-22.098521525, -15.514566775], [-21.98974521588005, -15.570058616805921], [-21.873559805738683, -15.591571319569411], [-21.75907947745135, -15.62090375825356], [-21.636961573, -15.61520924]]]}}, {"type": "Feature", "properties": {"pcode": "XK08030104", "area_name": "Njihini", "parent_pcode": "XK080301", "level": "village"}, "geometry": {"type": "Polygon", "coordinates": [[[-21.645287889074503, -16.13703881453527], [-21.338334392, -16.050764816], [-21.295840890864852, -15.896586800333077], [-21.327536058033406, -15.730499276490406], [-21.296678278, -15.643965411], [-21.38186234825028, -15.652469113013906], [-21.46444385221584, -15.624368486727667], [-21.54932516400109, -15.628613980097825], [-21.633294444, -15.620032015], [-21.658693172669828, -15.680633639704746], [-21.67204333679805, -15.746149103602836], [-21.715190607816314, -15.799512232575143], [-21.732546282, -15.863394105], [-21.703846735685715, -15.929609846293767], [-21.669636542792993, -15.994068381446677], [-21.65779083530974, -16.065658386661998], [-21.645287889074503, -16.13703881453527]]]}}, {"type": "Feature", "properties": {"pcode": "XK08030105", "area_name": "Fihi", "parent_pcode": "XK080301", "level": "village"}, "geometry": {"type": "Polygon", "coordinates": [[[-21.296678277666786, -15.643965411024874], [-21.273232584582544, -15.578217115878779], [-21.237550571, -15.422945652], [-21.295305081293478, -15.31872989945648], [-21.34579328733625, -15.208911086654261], [-21.474838427126222, -15.15966766656035], [-21.52527618105447, -15.049809950489358], [-21.58039678003357, -15.095474891279009], [-21.673720775, -15.163427882], [-21.68873758051486, -15.278342792630987], [-21.68779859241653, -15.391959459697665], [-21.633993238993984, -15.501274653568192], [-21.636961573, -15.61520924], [-21.635955211458388, -15.616346819683294], [-21.635307616581265, -15.617757197421556], [-21.634167220706917, -15.618792860430615], [-21.633294444, -15.620032015], [-21.54932516400109, -15.628613980097825], [-21.46444385221584, -15.624368486727667], [-21.38186234825028, -15.652469113013906], [-21.296678277666786, -15.643965411024874]]]}}, {"type": "Feature", "properties": {"pcode": "XK08030201", "area_name": "Jechi", "parent_pcode": "XK080302", "level": "village"}, "geometry": {"type": "Polygon", "coordinates": [[[-21.067045173, -15.104853116], [-21.160246235421262, -15.068876508083237], [-21.260118633942195, -15.054148903939476], [-21.358864485147677, -15.03583311179278], [-21.447525963938194, -14.98539738715793], [-21.525276181, -15.04980995], [-21.474838427126222, -15.15966766656035], [-21.34579328733625, -15.208911086654261], [-21.295305081293478, -15.31872989945648], [-21.2746903, -15.355928466], [-21.234306485458145, -15.28599175901861], [-21.17886174950026, -15.228904825783417], [-21.132907065649594, -15.163721108888787], [-21.068511411, -15.114270978], [-21.068476759540385, -15.111864838756924], [-21.067536699693722, -15.109599659763914], [-21.067884796125927, -15.107133931677486], [-21.067045173, -15.104853116]]]}}, {"type": "Feature", "properties": {"pcode": "XK08030202", "area_name": "Mono", "parent_pcode": "XK080302", "level": "village"}, "geometry": {"type": "Polygon", "coordinates": [[[-20.988848531336874, -14.829536326314223], [-21.193794612, -14.734306896], [-21.37741664205089, -14.92731496279259], [-21.447525964, -14.985397387], [-21.358864485147677, -15.03583311179278], [-21.260118633942195, -15.054148903939476], [-21.160246235421262, -15.068876508083237], [-21.067045173, -15.104853116], [-21.065428837970767, -15.101779152782635], [-21.062808720933255, -15.099595084274197], [-21.059770747571115, -15.097781462864148], [-21.058096319, -15.094759002], [-21.05557231261022, -15.024592305007307], [-21.01359594569245, -14.964726343755405], [-21.024556422785064, -14.891038942320838], [-20.988848531336874, -14.829536326314223]]]}}, {"type": "Feature", "properties": {"pcode": "XK08030203", "area_name": "Pipaho", "parent_pcode": "XK080302", "level": "village"}, "geometry": {"type": "Polygon", "coordinates": [[[-21.274690299514873, -15.355928466038742], [-21.237550571, -15.422945652], [-21.12850592072259, -15.435276495981306], [-21.022376713970452, -15.374639818161219], [-20.926503562, -15.38514554], [-20.967075326346365, -15.320084778059154], [-20.991732632443288, -15.246680752109626], [-21.025779318386075, -15.17819917301339], [-21.068511411, -15.114270978], [-21.132907065649594, -15.163721108888787], [-21.17886174950026, -15.228904825783417], [-21.234306485458145, -15.28599175901861], [-21.274690299514873, -15.355928466038742]]]}}, {"type": "Feature", "properties": {"pcode": "XK08030204", "area_name": "Gano", "parent_pcode": "XK080302", "level": "village"}, "geometry": {"type": "Polygon", "coordinates": [[[-20.59451359584906, -15.172274369681604], [-20.566806555803687, -15.153149229191124], [-20.696770327319644, -15.019584705559824], [-20.932154876423333, -14.855879374409502], [-20.988848531, -14.829536326], [-21.024556422785064, -14.891038942320838], [-21.01359594569245, -14.964726343755405], [-21.05557231261022, -15.024592305007307], [-21.058096319, -15.094759002], [-20.946461736084135, -15.139621453094371], [-20.829382271740755, -15.15192064578326], [-20.715775188817116, -15.184986508042204], [-20.59451359584906, -15.172274369681604]]]}}, {"type": "Feature", "properties": {"pcode": "XK08030205", "area_name": "Minyu", "parent_pcode": "XK080302", "level": "village"}, "geometry": {"type": "Polygon", "coordinates": [[[-20.804034781, -15.405624373], [-20.732777985313593, -15.353733684272465], [-20.702358132256194, -15.263472186993944], [-20.63972284862186, -15.203480637450856], [-20.594513596, -15.17227437], [-20.715775188817116, -15.184986508042204], [-20.829382271740755, -15.15192064578326], [-20.946461736084135, -15.139621453094371], [-21.058096319, -15.094759002], [-21.059770747571115, -15.097781462864148], [-21.062808720933255, -15.099595084274197], [-21.065428837970767, -15.101779152782635], [-21.067045173, -15.104853116], [-21.067884796125927, -15.107133931677486], [-21.067536699693722, -15.109599659763914], [-21.068476759540385, -15.111864838756924], [-21.068511411, -15.114270978], [-21.025779318386075, -15.17819917301339], [-20.991732632443288, -15.246680752109626], [-20.967075326346365, -15.320084778059154], [-20.92650356205158, -15.385145540089315], [-20.91334738562255, -15.386587185935248], [-20.804034781, -15.405624373]]]}}, {"type": "Feature", "properties": {"pcode": "XK08030301", "area_name": "Jajo", "parent_pcode": "XK080303", "level": "village"}, "geometry": {"type": "Polygon", "coordinates": [[[-20.983820745, -15.726108942], [-20.99816814021866, -15.639132586591145], [-21.016475425636802, -15.552466544814234], [-20.99523304575871, -15.46270122511244], [-21.01126795016832, -15.375857109771376], [-21.022376713970452, -15.374639818161219], [-21.12850592072259, -15.435276495981306], [-21.237550571, -15.422945652], [-21.273232584582544, -15.578217115878779], [-21.327536058033406, -15.730499276490406], [-21.321066287, -15.764401864], [-21.23741316326897, -15.749031325917816], [-21.154480517158962, -15.727315545605233], [-21.07018947201385, -15.717563177717667], [-20.983820745, -15.726108942]]]}}, {"type": "Feature", "properties": {"pcode": "XK08030302", "area_name": "Tacho", "parent_pcode": "XK080303", "level": "village"}, "geometry": {"type": "Polygon", "coordinates": [[[-21.33833439231399, -16.050764816286687], [-21.316165031955578, -16.044533776805327], [-20.941044762300844, -16.066146379205755], [-20.93335647, -16.065393737], [-20.913077167598665, -15.990366614042744], [-20.916200460518876, -15.915367491029164], [-20.912885514062012, -15.84036066500925], [-20.933715417, -15.765382727], [-20.944420810059725, -15.753241134588501], [-20.95641748978273, -15.742746960214387], [-20.971160760160842, -15.73575687452579], [-20.983820745, -15.726108942], [-21.07018947201385, -15.717563177717667], [-21.154480517158962, -15.727315545605233], [-21.23741316326897, -15.749031325917816], [-21.321066287482115, -15.76440186375173], [-21.295840890864852, -15.896586800333077], [-21.33833439231399, -16.050764816286687]]]}}, {"type": "Feature", "properties": {"pcode": "XK08030303", "area_name": "Teja", "parent_pcode": "XK080303", "level": "village"}, "geometry": {"type": "Polygon", "coordinates": [[[-20.62467995053114, -15.68148958839415], [-20.62484220714113, -15.663867418637697], [-20.73249784627035, -15.543287547110229], [-20.804034781, -15.405624373], [-20.91334738562255, -15.386587185935248], [-21.01126795, -15.37585711], [-20.99523304575871, -15.46270122511244], [-21.016475425636802, -15.552466544814234], [-20.99816814021866, -15.639132586591145], [-20.983820745, -15.726108942], [-20.971160760160842, -15.73575687452579], [-20.95641748978273, -15.742746960214387], [-20.944420810059725, -15.753241134588501], [-20.933715417, -15.765382727], [-20.851874111330407, -15.761289681099942], [-20.77618881055924, -15.734519883976136], [-20.700568929868272, -15.70750910022086], [-20.62467995053114, -15.68148958839415]]]}}, {"type": "Feature", "properties": {"pcode": "XK08030304", "area_name": "Kekuva", "parent_pcode": "XK080303", "level": "village"}, "geometry": {"type": "Polygon", "coordinates": [[[-20.933356469646032, -16.065393737288147], [-20.568053541, -16.029632573], [-20.538890348, -15.966211142], [-20.623269977250043, -15.8346222620849], [-20.624679951, -15.681489588], [-20.700568929868272, -15.70750910022086], [-20.77618881055924, -15.734519883976136], [-20.851874111330407, -15.761289681099942], [-20.933715417, -15.765382727], [-20.912885514062012, -15.84036066500925], [-20.916200460518876, -15.915367491029164], [-20.913077167598665, -15.990366614042744], [-20.933356469646032, -16.065393737288147]]]}}, {"type": "Feature", "properties": {"pcode": "XK08030401", "area_name": "Malanji", "parent_pcode": "XK080304", "level": "village"}, "geometry": {"type": "Polygon", "coordinates": [[[-20.70605247773981, -15.274434013607175], [-20.732777985313593, -15.353733684272465], [-20.804034781, -15.405624373], [-20.73249784627035, -15.543287547110229], [-20.668425753, -15.615051598], [-20.630390621193673, -15.592059324710958], [-20.596335015516487, -15.563122772013244], [-20.55114635889558, -15.5508158288049], [-20.520854718, -15.516256984], [-20.578224675183534, -15.464279488973478], [-20.63255161500904, -15.409971528820558], [-20.651215682602444, -15.328351506242173], [-20.70605247773981, -15.274434013607175]]]}}, {"type": "Feature", "properties": {"pcode": "XK08030402", "area_name": "Hija", "parent_pcode": "XK080304", "level": "village"}, "geometry": {"type": "Polygon", "coordinates": [[[-20.4160669988786, -15.261348469313718], [-20.49109222822246, -15.23096128386983], [-20.566806556, -15.153149229], [-20.63972284862186, -15.203480637450856], [-20.702358132256194, -15.263472186993944], [-20.706052478, -15.274434014], [-20.651215682602444, -15.328351506242173], [-20.63255161500904, -15.409971528820558], [-20.578224675183534, -15.464279488973478], [-20.520854718, -15.516256984], [-20.516672573932453, -15.516527878978915], [-20.512467677791342, -15.517093303756246], [-20.508380944893332, -15.516129083506884], [-20.504308584, -15.514978815], [-20.474684063613168, -15.454202894282496], [-20.48335074278942, -15.380104923604149], [-20.43320620408393, -15.326468207517417], [-20.4160669988786, -15.261348469313718]]]}}, {"type": "Feature", "properties": {"pcode": "XK08030403", "area_name": "Povenja", "parent_pcode": "XK080304", "level": "village"}, "geometry": {"type": "Polygon", "coordinates": [[[-20.538890348044337, -15.966211141862173], [-20.365545774, -15.589237297], [-20.39640412642864, -15.56351137114493], [-20.440829081194273, -15.56313662150209], [-20.472799641540725, -15.5394890184436], [-20.504308584, -15.514978815], [-20.508380944893332, -15.516129083506884], [-20.512467677791342, -15.517093303756246], [-20.516672573932453, -15.516527878978915], [-20.520854718, -15.516256984], [-20.55114635889558, -15.5508158288049], [-20.596335015516487, -15.563122772013244], [-20.630390621193673, -15.592059324710958], [-20.66842575324643, -15.615051597816821], [-20.62484220714113, -15.663867418637697], [-20.623269977250043, -15.8346222620849], [-20.538890348044337, -15.966211141862173]]]}}, {"type": "Feature", "properties": {"pcode": "XK08030404", "area_name": "Semwiwa", "parent_pcode": "XK080304", "level": "village"}, "geometry": {"type": "Polygon", "coordinates": [[[-20.365545773617594, -15.589237296548502], [-20.302059030968117, -15.4511721648179], [-20.221689653, -15.340076392], [-20.416066999, -15.261348469], [-20.43320620408393, -15.326468207517417], [-20.48335074278942, -15.380104923604149], [-20.474684063613168, -15.454202894282496], [-20.504308584, -15.514978815], [-20.472799641540725, -15.5394890184436], [-20.440829081194273, -15.56313662150209], [-20.39640412642864, -15.56351137114493], [-20.365545773617594, -15.589237296548502]]]}}, {"type": "Feature", "properties": {"pcode": "XK08040101", "area_name": "Chihi", "parent_pcode": "XK080401", "level": "village"}, "geometry": {"type": "Polygon", "coordinates": [[[-22.084146257212716, -12.974553253489686], [-22.291601246, -13.380225184], [-22.01832391924893, -13.523201540051105], [-21.752021952, -13.664185724], [-21.60929462734378, -13.50053170513102], [-21.547916293, -13.407829107], [-21.698397330310407, -13.319836218829323], [-21.84238778461784, -13.223810468781185], [-21.943660257666718, -13.074916179346522], [-22.084146257212716, -12.974553253489686]]]}}, {"type": "Feature", "properties": {"pcode": "XK08040102", "area_name": "Genya", "parent_pcode": "XK080401", "level": "village"}, "geometry": {"type": "Polygon", "coordinates": [[[-21.966081017460464, -12.743680262599268], [-22.084146257, -12.974553253], [-21.943660257666718, -13.074916179346522], [-21.84238778461784, -13.223810468781185], [-21.698397330310407, -13.319836218829323], [-21.547916292656538, -13.407829106856093], [-21.490323009744895, -13.32084325107656], [-21.395399605481686, -13.124922928312541], [-21.269779165, -12.949722243], [-21.285371361, -12.92009606], [-21.461095076519246, -12.89739280764586], [-21.639726572873737, -12.885909380986153], [-21.784886336289514, -12.745273507652746], [-21.966081017460464, -12.743680262599268]]]}}, {"type": "Feature", "properties": {"pcode": "XK08040103", "area_name": "Ngahimo", "parent_pcode": "XK080401", "level": "village"}, "geometry": {"type": "Polygon", "coordinates": [[[-21.421216280409382, -12.242308134475639], [-21.895789209575163, -12.606226766924944], [-21.966081017, -12.743680263], [-21.784886336289514, -12.745273507652746], [-21.639726572873737, -12.885909380986153], [-21.461095076519246, -12.89739280764586], [-21.28537136060375, -12.920096059965362], [-21.357265539496815, -12.783492456653825], [-21.279492103480866, -12.581885274506377], [-21.38715557983299, -12.41997482821174], [-21.421216280409382, -12.242308134475639]]]}}, {"type": "Feature", "properties": {"pcode": "XK08040201", "area_name": "Kevaji", "parent_pcode": "XK080402", "level": "village"}, "geometry": {"type": "Polygon", "coordinates": [[[-21.75202195248436, -13.664185723673905], [-21.745871676769195, -13.667441770226215], [-21.53424273064384, -13.904851865674614], [-21.364655993, -13.996651178], [-21.215829446887234, -13.828788078304143], [-21.173716293, -13.779124368], [-21.280708361925498, -13.700738820855445], [-21.35082775269746, -13.584117201645874], [-21.448832897735727, -13.496412432611224], [-21.552134280076697, -13.414199732506534], [-21.60929462734378, -13.50053170513102], [-21.75202195248436, -13.664185723673905]]]}}, {"type": "Feature", "properties": {"pcode": "XK08040202", "area_name": "Bushi", "parent_pcode": "XK080402", "level": "village"}, "geometry": {"type": "Polygon", "coordinates": [[[-21.193727417, -13.316777303], [-21.149245603487987, -13.264420881929587], [-21.155826136124556, -13.18639239232691], [-21.112610528283565, -13.133399374601348], [-21.07378105894935, -13.0782011849223], [-21.17568989717208, -13.067563052758947], [-21.269779165, -12.949722243], [-21.395399605481686, -13.124922928312541], [-21.490323009744895, -13.32084325107656], [-21.520186148, -13.365946959], [-21.439669991467152, -13.346360951674443], [-21.35624343477934, -13.346098356765904], [-21.27325792881034, -13.342907434313876], [-21.193727417, -13.316777303]]]}}, {"type": "Feature", "properties": {"pcode": "XK08040203", "area_name": "Ndobi", "parent_pcode": "XK080402", "level": "village"}, "geometry": {"type": "Polygon", "coordinates": [[[-21.173716292776867, -13.779124368462902], [-21.07085455456359, -13.657820333457549], [-20.977301771, -13.578598251], [-21.032879020626172, -13.514358833796122], [-21.07722194870597, -13.44083293544313], [-21.129179871534546, -13.373601721187727], [-21.193727417, -13.316777303], [-21.27325792881034, -13.342907434313876], [-21.35624343477934, -13.346098356765904], [-21.439669991467152, -13.346360951674443], [-21.520186147943168, -13.365946959375748], [-21.55213428, -13.414199733], [-21.448832897735727, -13.496412432611224], [-21.35082775269746, -13.584117201645874], [-21.280708361925498, -13.700738820855445], [-21.173716292776867, -13.779124368462902]]]}}, {"type": "Feature", "properties": {"pcode": "XK08040204", "area_name": "Mananga", "parent_pcode": "XK080402", "level": "village"}, "geometry": {"type": "Polygon", "coordinates": [[[-20.97730177084434, -13.578598251122092], [-20.896717967532723, -13.510358521131637], [-20.80213016, -13.29877601], [-20.92065957556955, -13.213679183701425], [-21.006803071962686, -13.085192930584654], [-21.073781059, -13.078201185], [-21.112610528283565, -13.133399374601348], [-21.155826136124556, -13.18639239232691], [-21.149245603487987, -13.264420881929587], [-21.193727417, -13.316777303], [-21.129179871534546, -13.373601721187727], [-21.07722194870597, -13.44083293544313], [-21.032879020626172, -13.514358833796122], [-20.97730177084434, -13.578598251122092]]]}}, {"type": "Feature", "properties": {"pcode": "XK08040301", "area_name": "Jimu", "parent_pcode": "XK080403", "level": "village"}, "geometry": {"type": "Polygon", "coordinates": [[[-21.364655992736772, -13.996651177949747], [-21.263354022, -14.051487136], [-20.850872141792646, -13.937094389128085], [-20.725624671, -13.868271024], [-20.791161534797208, -13.794614094858483], [-20.885755686841303, -13.756080115283792], [-20.94253073629831, -13.671832357412146], [-21.02596007548178, -13.61980292791567], [-21.07085455456359, -13.657820333457549], [-21.215829446887234, -13.828788078304143], [-21.364655992736772, -13.996651177949747]]]}}, {"type": "Feature", "properties": {"pcode": "XK08040302", "area_name": "Mwazi", "parent_pcode": "XK080403", "level": "village"}, "geometry": {"type": "Polygon", "coordinates": [[[-20.725624671257368, -13.868271023569918], [-20.570658997, -13.783117533], [-20.566913224724278, -13.743313171771204], [-20.577322913466787, -13.705342504916793], [-20.5802760933307, -13.666405924033468], [-20.590696318, -13.628436622], [-20.6583416176105, -13.57321319208434], [-20.703142381640905, -13.494238167275036], [-20.77752488228025, -13.446019443976992], [-20.84161535209831, -13.387100037320172], [-20.896717967532723, -13.510358521131637], [-21.025960075, -13.619802928], [-20.94253073629831, -13.671832357412146], [-20.885755686841303, -13.756080115283792], [-20.791161534797208, -13.794614094858483], [-20.725624671257368, -13.868271023569918]]]}}, {"type": "Feature", "properties": {"pcode": "XK08040303", "area_name": "Shihe", "parent_pcode": "XK080403", "level": "village"}, "geometry": {"type": "Polygon", "coordinates": [[[-20.590696318, -13.628436622], [-20.53722915074909, -13.561276088862616], [-20.50446878320277, -13.48318438494383], [-20.46181790715414, -13.410313904927147], [-20.433176199611772, -13.330047950476798], [-20.60891269023372, -13.318468768220875], [-20.80213016, -13.29877601], [-20.841615352, -13.387100037], [-20.77752488228025, -13.446019443976992], [-20.703142381640905, -13.494238167275036], [-20.6583416176105, -13.57321319208434], [-20.590696318, -13.628436622]]]}}, {"type": "Feature", "properties": {"pcode": "XK08040304", "area_name": "Hale", "parent_pcode": "XK080403", "level": "village"}, "geometry": {"type": "Polygon", "coordinates": [[[-20.570658996951803, -13.783117533394675], [-20.487159314520543, -13.737234537567316], [-20.155829348143428, -13.480624160916177], [-20.030211417, -13.385967579], [-20.22905598661502, -13.416092296158803], [-20.414914668330056, -13.331251192889543], [-20.4331762, -13.33004795], [-20.46181790715414, -13.410313904927147], [-20.50446878320277, -13.48318438494383], [-20.53722915074909, -13.561276088862616], [-20.590696318, -13.628436622], [-20.5802760933307, -13.666405924033468], [-20.577322913466787, -13.705342504916793], [-20.566913224724278, -13.743313171771204], [-20.570658996951803, -13.783117533394675]]]}}, {"type": "Feature", "properties": {"pcode": "XK08040401", "area_name": "Bomi", "parent_pcode": "XK080404", "level": "village"}, "geometry": {"type": "Polygon", "coordinates": [[[-21.347303282350822, -12.185629138320218], [-21.42121628, -12.242308134], [-21.38715557983299, -12.41997482821174], [-21.279492103480866, -12.581885274506377], [-21.357265539496815, -12.783492456653825], [-21.298742019, -12.894690942], [-21.213485319202913, -12.833604871199961], [-21.164744742435207, -12.734566735843913], [-21.08760268223941, -12.665046929464959], [-20.999573851, -12.606842], [-21.086897711816896, -12.501861987210477], [-21.156843990137787, -12.382536028656624], [-21.287387615147995, -12.313235800049227], [-21.347303282350822, -12.185629138320218]]]}}, {"type": "Feature", "properties": {"pcode": "XK08040402", "area_name": "Sanda", "parent_pcode": "XK080404", "level": "village"}, "geometry": {"type": "Polygon", "coordinates": [[[-20.738172222702612, -12.53939404438017], [-20.804044411559108, -12.47186217676213], [-20.985374762560298, -12.246732308177632], [-21.172302529, -12.05143262], [-21.347303282, -12.185629138], [-21.287387615147995, -12.313235800049227], [-21.156843990137787, -12.382536028656624], [-21.086897711816896, -12.501861987210477], [-20.999573851, -12.606842], [-20.93145789272755, -12.600698195031192], [-20.86911855158104, -12.572166504489504], [-20.80408610870607, -12.554072212172128], [-20.738172222702612, -12.53939404438017]]]}}, {"type": "Feature", "properties": {"pcode": "XK08040403", "area_name": "Lame", "parent_pcode": "XK080404", "level": "village"}, "geometry": {"type": "Polygon", "coordinates": [[[-20.549148507782462, -12.703003302404541], [-20.60219640710866, -12.678795830435142], [-20.738172223, -12.539394044], [-20.80408610870607, -12.554072212172128], [-20.86911855158104, -12.572166504489504], [-20.93145789272755, -12.600698195031192], [-20.999573851, -12.606842], [-21.08760268223941, -12.665046929464959], [-21.164744742435207, -12.734566735843913], [-21.213485319202913, -12.833604871199961], [-21.29874201872885, -12.894690942240164], [-21.269779165, -12.949722243], [-21.17568989717208, -13.067563052758947], [-21.006803071962686, -13.085192930584654], [-20.92065957556955, -13.213679183701425], [-20.901666672, -13.22731492], [-20.82489718104714, -13.088599145485135], [-20.763128613059024, -12.939797579161946], [-20.604761927435007, -12.855943250141557], [-20.549148507782462, -12.703003302404541]]]}}, {"type": "Feature", "properties": {"pcode": "XK08040404", "area_name": "Diwe", "parent_pcode": "XK080404", "level": "village"}, "geometry": {"type": "Polygon", "coordinates": [[[-20.340753416416536, -12.798100721847682], [-20.549148508, -12.703003302], [-20.604761927435007, -12.855943250141557], [-20.763128613059024, -12.939797579161946], [-20.82489718104714, -13.088599145485135], [-20.901666672018084, -13.227314919663325], [-20.80213016, -13.29877601], [-20.60891269023372, -13.318468768220875], [-20.414914668330056, -13.331251192889543], [-20.367460033, -13.35291337], [-20.38250288509842, -13.213164711759841], [-20.314669676235955, -13.077405398799623], [-20.31257260769191, -12.938481792579566], [-20.340753416416536, -12.798100721847682]]]}}, {"type": "Feature", "properties": {"pcode": "XK08040405", "area_name": "Ndumbe", "parent_pcode": "XK080404", "level": "village"}, "geometry": {"type": "Polygon", "coordinates": [[[-19.821728411149707, -13.228869873154288], [-19.90107799964902, -13.15554402946897], [-20.07971168831433, -12.924792289715764], [-20.339487196776517, -12.798678538817482], [-20.340753416, -12.798100722], [-20.31257260769191, -12.938481792579566], [-20.314669676235955, -13.077405398799623], [-20.38250288509842, -13.213164711759841], [-20.36746003268356, -13.352913369799106], [-20.22905598661502, -13.416092296158803], [-20.03021141676925, -13.385967578603683], [-19.821728411149707, -13.228869873154288]]]}}, {"type": "Feature", "properties": {"pcode": "XK08050101", "area_name": "Katesa", "parent_pcode": "XK080501", "level": "village"}, "geometry": {"type": "Polygon", "coordinates": [[[-20.790099143280685, -13.903699684430423], [-20.850872141792646, -13.937094389128085], [-21.263354022, -14.051487136], [-21.237949993708874, -14.221375665327194], [-21.273236138684506, -14.397446752472035], [-21.239253177, -14.526120213], [-21.156673979747993, -14.37345009482963], [-21.028870213573423, -14.26012398913425], [-20.901436216741303, -14.146476195251038], [-20.794551494, -14.014951152], [-20.79298718447408, -13.987156343168232], [-20.799146490618163, -13.959052430568486], [-20.78476805806762, -13.9317704506862], [-20.790099143280685, -13.903699684430423]]]}}, {"type": "Feature", "properties": {"pcode": "XK08050102", "area_name": "Vavo", "parent_pcode": "XK080501", "level": "village"}, "geometry": {"type": "Polygon", "coordinates": [[[-21.23925317669357, -14.526120213199688], [-21.2288781247974, -14.56540442371275], [-21.193794612, -14.734306896], [-21.178486306, -14.741419992], [-20.87231022032421, -14.6935290295004], [-20.601121789, -14.570908884], [-20.670082820038722, -14.439087890193896], [-20.705633225811447, -14.295642618107108], [-20.771381735424434, -14.162703918698728], [-20.794551494, -14.014951152], [-20.901436216741303, -14.146476195251038], [-21.028870213573423, -14.26012398913425], [-21.156673979747993, -14.37345009482963], [-21.23925317669357, -14.526120213199688]]]}}, {"type": "Feature", "properties": {"pcode": "XK08050103", "area_name": "Luche", "parent_pcode": "XK080501", "level": "village"}, "geometry": {"type": "Polygon", "coordinates": [[[-20.49959689735219, -13.744068977466375], [-20.790099143, -13.903699684], [-20.78476805806762, -13.9317704506862], [-20.799146490618163, -13.959052430568486], [-20.79298718447408, -13.987156343168232], [-20.794551494, -14.014951152], [-20.771381735424434, -14.162703918698728], [-20.705633225811447, -14.295642618107108], [-20.670082820038722, -14.439087890193896], [-20.601121789244853, -14.570908883954452], [-20.590977119121536, -14.56632188545276], [-20.316774905194446, -14.416347961900005], [-20.008555528, -14.374980615], [-20.175834727484116, -14.251901932564277], [-20.222228065812693, -14.034737240013518], [-20.40493671600422, -13.923667368545841], [-20.49959689735219, -13.744068977466375]]]}}, {"type": "Feature", "properties": {"pcode": "XK08050201", "area_name": "Yecha", "parent_pcode": "XK080502", "level": "village"}, "geometry": {"type": "Polygon", "coordinates": [[[-21.178486306386727, -14.74141999237106], [-20.932154876423333, -14.855879374409502], [-20.708202691, -15.011633721], [-20.685594387429024, -14.96794070406389], [-20.671009732094447, -14.920952963810866], [-20.644749401725313, -14.878759566186496], [-20.633743231, -14.830302405], [-20.648664136536283, -14.775618793327377], [-20.6797218455674, -14.728701309609352], [-20.696543041746622, -14.674932247109291], [-20.730440151026123, -14.629381276306404], [-20.87231022032421, -14.6935290295004], [-21.178486306386727, -14.74141999237106]]]}}, {"type": "Feature", "properties": {"pcode": "XK08050202", "area_name": "Kada", "parent_pcode": "XK080502", "level": "village"}, "geometry": {"type": "Polygon", "coordinates": [[[-20.312916232, -14.774957], [-20.32817724239086, -14.689356599717398], [-20.303412771596054, -14.600441839371067], [-20.324264672822473, -14.51530439980142], [-20.34149185707714, -14.429866810632197], [-20.590977119121536, -14.56632188545276], [-20.730440151, -14.629381276], [-20.696543041746622, -14.674932247109291], [-20.6797218455674, -14.728701309609352], [-20.648664136536283, -14.775618793327377], [-20.633743231, -14.830302405], [-20.549925615537894, -14.837397569387228], [-20.475698224424658, -14.788899990391656], [-20.396387221647707, -14.769871160864062], [-20.312916232, -14.774957]]]}}, {"type": "Feature", "properties": {"pcode": "XK08050203", "area_name": "Fona", "parent_pcode": "XK080502", "level": "village"}, "geometry": {"type": "Polygon", "coordinates": [[[-20.708202690717307, -15.011633721338592], [-20.696770327319644, -15.019584705559824], [-20.49109222822246, -15.23096128386983], [-20.433529305, -15.254275777], [-20.388194479705533, -15.149404314209555], [-20.319969887629384, -15.054256890444313], [-20.28295091568508, -14.945852683817893], [-20.25484417, -14.833662382], [-20.268011489866165, -14.817649912316512], [-20.278922515859175, -14.799405489901806], [-20.296987705825817, -14.78823805156728], [-20.312916232, -14.774957], [-20.396387221647707, -14.769871160864062], [-20.475698224424658, -14.788899990391656], [-20.549925615537894, -14.837397569387228], [-20.633743231, -14.830302405], [-20.644749401725313, -14.878759566186496], [-20.671009732094447, -14.920952963810866], [-20.685594387429024, -14.96794070406389], [-20.708202690717307, -15.011633721338592]]]}}, {"type": "Feature", "properties": {"pcode": "XK08050204", "area_name": "Chapa", "parent_pcode": "XK080502", "level": "village"}, "geometry": {"type": "Polygon", "coordinates": [[[-20.433529305378624, -15.25427577716977], [-20.221689652691936, -15.340076391857538], [-19.916588346537555, -14.918330371601431], [-19.917032831, -14.885795801], [-19.999562531479484, -14.860301023702599], [-20.08837511565598, -14.875517740014875], [-20.168713885226502, -14.835826285840914], [-20.25484417, -14.833662382], [-20.28295091568508, -14.945852683817893], [-20.319969887629384, -15.054256890444313], [-20.388194479705533, -15.149404314209555], [-20.433529305378624, -15.25427577716977]]]}}, {"type": "Feature", "properties": {"pcode": "XK08050205", "area_name": "Meya", "parent_pcode": "XK080502", "level": "village"}, "geometry": {"type": "Polygon", "coordinates": [[[-19.91703283050478, -14.885795801370048], [-19.923569425, -14.40734144], [-19.947030682265797, -14.405067568800764], [-19.964635048779954, -14.387412312217219], [-19.988021412171545, -14.384941754483954], [-20.008555528, -14.374980615], [-20.316774905194446, -14.416347961900005], [-20.341491857, -14.429866811], [-20.324264672822473, -14.51530439980142], [-20.303412771596054, -14.600441839371067], [-20.32817724239086, -14.689356599717398], [-20.312916232, -14.774957], [-20.296987705825817, -14.78823805156728], [-20.278922515859175, -14.799405489901806], [-20.268011489866165, -14.817649912316512], [-20.25484417, -14.833662382], [-20.168713885226502, -14.835826285840914], [-20.08837511565598, -14.875517740014875], [-19.999562531479484, -14.860301023702599], [-19.91703283050478, -14.885795801370048]]]}}, {"type": "Feature", "properties": {"pcode": "XK08050301", "area_name": "Chara", "parent_pcode": "XK080503", "level": "village"}, "geometry": {"type": "Polygon", "coordinates": [[[-20.130194450577065, -13.46130755726399], [-20.155829348143428, -13.480624160916177], [-20.487159314520543, -13.737234537567316], [-20.499596897, -13.744068977], [-20.40493671600422, -13.923667368545841], [-20.276014926, -14.00203983], [-20.22971031645557, -13.962184711785621], [-20.17940841199152, -13.929425609802276], [-20.112268173381423, -13.926557995639245], [-20.067241383, -13.884434487], [-20.067486455839184, -13.783573432107836], [-20.06917734627783, -13.682807430289875], [-20.107890263530358, -13.58447538519188], [-20.093655278628656, -13.482662361496379], [-20.130194450577065, -13.46130755726399]]]}}, {"type": "Feature", "properties": {"pcode": "XK08050302", "area_name": "Renjo", "parent_pcode": "XK080503", "level": "village"}, "geometry": {"type": "Polygon", "coordinates": [[[-20.27601492565489, -14.002039830213485], [-20.222228065812693, -14.034737240013518], [-20.175834727484116, -14.251901932564277], [-20.008555528, -14.374980615], [-19.988021412171545, -14.384941754483954], [-19.964635048779954, -14.387412312217219], [-19.947030682265797, -14.405067568800764], [-19.923569425075527, -14.407341439780472], [-19.925927466917493, -14.234741564924283], [-19.808473778, -13.977407305], [-19.87567160975251, -13.961138758775176], [-19.93669777910939, -13.927692866188924], [-20.003264861938714, -13.909668781176324], [-20.067241383, -13.884434487], [-20.112268173381423, -13.926557995639245], [-20.17940841199152, -13.929425609802276], [-20.22971031645557, -13.962184711785621], [-20.27601492565489, -14.002039830213485]]]}}, {"type": "Feature", "properties": {"pcode": "XK08050303", "area_name": "Sumwu", "parent_pcode": "XK080503", "level": "village"}, "geometry": {"type": "Polygon", "coordinates": [[[-20.067241383, -13.884434487], [-20.003264861938714, -13.909668781176324], [-19.93669777910939, -13.927692866188924], [-19.87567160975251, -13.961138758775176], [-19.808473778260936, -13.977407304694625], [-19.676911594, -13.689162144], [-19.799336334288117, -13.650309604808086], [-19.889458703967133, -13.54719629724478], [-20.020473508889317, -13.525432415737619], [-20.093655279, -13.482662361], [-20.107890263530358, -13.58447538519188], [-20.06917734627783, -13.682807430289875], [-20.067486455839184, -13.783573432107836], [-20.067241383, -13.884434487]]]}}, {"type": "Feature", "properties": {"pcode": "XK08050401", "area_name": "Wuto", "parent_pcode": "XK080504", "level": "village"}, "geometry": {"type": "Polygon", "coordinates": [[[-19.933829289423212, -13.313340982218563], [-20.130194451, -13.461307557], [-20.020473508889317, -13.525432415737619], [-20.008816586, -13.527368837], [-19.98868233817757, -13.485964485207088], [-19.962506498210296, -13.447996010262697], [-19.94219850418771, -13.40669046860664], [-19.917965237, -13.367617245], [-19.92408829780567, -13.35467864856871], [-19.927212352804162, -13.340863492451032], [-19.928534539132958, -13.3265216799887], [-19.933829289423212, -13.313340982218563]]]}}, {"type": "Feature", "properties": {"pcode": "XK08050402", "area_name": "Dera", "parent_pcode": "XK080504", "level": "village"}, "geometry": {"type": "Polygon", "coordinates": [[[-20.008816586276225, -13.527368837217926], [-19.889458703967133, -13.54719629724478], [-19.863120497, -13.577331098], [-19.847549730330318, -13.553729840748495], [-19.829210147484734, -13.531565217446115], [-19.821642862320253, -13.503811256471744], [-19.811316221, -13.477489021], [-19.84107352040162, -13.45302533849986], [-19.854266116958627, -13.412482829179716], [-19.893673195471333, -13.397385878376122], [-19.917965237, -13.367617245], [-19.94219850418771, -13.40669046860664], [-19.962506498210296, -13.447996010262697], [-19.98868233817757, -13.485964485207088], [-20.008816586276225, -13.527368837217926]]]}}, {"type": "Feature", "properties": {"pcode": "XK08050403", "area_name": "Sechasu", "parent_pcode": "XK080504", "level": "village"}, "geometry": {"type": "Polygon", "coordinates": [[[-19.680210332125217, -13.441748610860145], [-19.68675869023112, -13.353593502419399], [-19.821728411, -13.228869873], [-19.933829289, -13.313340982], [-19.928534539132958, -13.3265216799887], [-19.927212352804162, -13.340863492451032], [-19.92408829780567, -13.35467864856871], [-19.917965237, -13.367617245], [-19.893673195471333, -13.397385878376122], [-19.854266116958627, -13.412482829179716], [-19.84107352040162, -13.45302533849986], [-19.811316221, -13.477489021], [-19.776126027916447, -13.47740812626316], [-19.748165546951324, -13.450806611463477], [-19.712111956127323, -13.453892902786402], [-19.680210332125217, -13.441748610860145]]]}}, {"type": "Feature", "properties": {"pcode": "XK08050404", "area_name": "Nanyuse", "parent_pcode": "XK080504", "level": "village"}, "geometry": {"type": "Polygon", "coordinates": [[[-19.661611396332322, -13.65564029244414], [-19.664785036575577, -13.649406558076539], [-19.680210332, -13.441748611], [-19.712111956127323, -13.453892902786402], [-19.748165546951324, -13.450806611463477], [-19.776126027916447, -13.47740812626316], [-19.811316221, -13.477489021], [-19.821642862320253, -13.503811256471744], [-19.829210147484734, -13.531565217446115], [-19.847549730330318, -13.553729840748495], [-19.86312049680927, -13.577331098016305], [-19.799336334288117, -13.650309604808086], [-19.676911594404658, -13.68916214434392], [-19.661611396332322, -13.65564029244414]]]}}, {"type": "Feature", "properties": {"pcode": "XK09010101", "area_name": "Chutavi", "parent_pcode": "XK090101", "level": "village"}, "geometry": {"type": "Polygon", "coordinates": [[[-20.40340199385556, -15.671563524290793], [-20.568053541, -16.029632573], [-20.229402718728274, -16.456856592770503], [-20.07961835, -16.569599258], [-19.834648255702046, -16.395600398070563], [-19.786114591, -16.394262543], [-19.788440603918115, -16.282312438369903], [-19.776579257533662, -16.16875265806594], [-19.836180715416166, -16.063300936151244], [-19.836393862, -15.951111109], [-19.985295153454132, -15.89572509882012], [-20.134975420445468, -15.84191908964159], [-20.26420022983019, -15.746623146623236], [-20.40340199385556, -15.671563524290793]]]}}, {"type": "Feature", "properties": {"pcode": "XK09010102", "area_name": "Damwoma", "parent_pcode": "XK090101", "level": "village"}, "geometry": {"type": "Polygon", "coordinates": [[[-20.197156509704566, -15.30616386768741], [-20.302059030968117, -15.4511721648179], [-20.403401994, -15.671563524], [-20.26420022983019, -15.746623146623236], [-20.134975420445468, -15.84191908964159], [-19.985295153454132, -15.89572509882012], [-19.836393862, -15.951111109], [-19.756840661305855, -15.828461815479479], [-19.667999394810053, -15.714813353215984], [-19.54796955642388, -15.631388952530807], [-19.437106282875433, -15.539081463969552], [-19.451354593913077, -15.491720366487458], [-19.651473304, -15.387097604], [-19.789801048064522, -15.379721435507493], [-19.930142323931626, -15.385921193985888], [-20.06345863439168, -15.344756208973902], [-20.197156509704566, -15.30616386768741]]]}}, {"type": "Feature", "properties": {"pcode": "XK09010103", "area_name": "Gumbe", "parent_pcode": "XK090101", "level": "village"}, "geometry": {"type": "Polygon", "coordinates": [[[-19.786114590672664, -16.394262543006896], [-19.513960809259252, -16.386760486149253], [-19.270518851571712, -16.209428368679237], [-19.006254931, -16.077514288], [-19.001100205, -15.972382787], [-19.13856084272101, -15.798133924475106], [-19.37762689882307, -15.736789732608308], [-19.437106283, -15.539081464], [-19.54796955642388, -15.631388952530807], [-19.667999394810053, -15.714813353215984], [-19.756840661305855, -15.828461815479479], [-19.836393862, -15.951111109], [-19.836180715416166, -16.063300936151244], [-19.776579257533662, -16.16875265806594], [-19.788440603918115, -16.282312438369903], [-19.786114590672664, -16.394262543006896]]]}}, {"type": "Feature", "properties": {"pcode": "XK09010201", "area_name": "Latu", "parent_pcode": "XK090102", "level": "village"}, "geometry": {"type": "Polygon", "coordinates": [[[-19.917784451877445, -14.830779918379843], [-19.916588346537555, -14.918330371601431], [-20.19715651, -15.306163868], [-20.195983065, -15.306502587], [-20.063980669677008, -15.246898907171913], [-19.925586173341525, -15.20156718522366], [-19.81461697756055, -15.095001647728536], [-19.667253258, -15.069695951], [-19.686188351707788, -15.010250370065146], [-19.723438347404382, -14.959615329189614], [-19.74116163206731, -14.899586797161682], [-19.774377667, -14.847011185], [-19.809310798324752, -14.834837646738958], [-19.84705934185735, -14.847538889551759], [-19.88225098210291, -14.837649334003048], [-19.917784451877445, -14.830779918379843]]]}}, {"type": "Feature", "properties": {"pcode": "XK09010202", "area_name": "Njile", "parent_pcode": "XK090102", "level": "village"}, "geometry": {"type": "Polygon", "coordinates": [[[-19.92289796679843, -14.456489683265898], [-19.917784452, -14.830779918], [-19.88225098210291, -14.837649334003048], [-19.84705934185735, -14.847538889551759], [-19.809310798324752, -14.834837646738958], [-19.774377667, -14.847011185], [-19.737854788954753, -14.815322162298271], [-19.69338757028978, -14.791529151782154], [-19.67706229150038, -14.739765399473734], [-19.638400762, -14.710202018], [-19.63896125677009, -14.662707733706455], [-19.635055680919685, -14.615506855886245], [-19.639772257123674, -14.567739530411751], [-19.625983147117463, -14.521187969012646], [-19.7480880708863, -14.538816361038911], [-19.92289796679843, -14.456489683265898]]]}}, {"type": "Feature", "properties": {"pcode": "XK09010203", "area_name": "Mandi", "parent_pcode": "XK090102", "level": "village"}, "geometry": {"type": "Polygon", "coordinates": [[[-20.195983065005066, -15.306502586840166], [-20.06345863439168, -15.344756208973902], [-19.930142323931626, -15.385921193985888], [-19.789801048064522, -15.379721435507493], [-19.651473304, -15.387097604], [-19.486158501599544, -15.223652078431058], [-19.465855537, -15.18821392], [-19.522561701024003, -15.16938643276148], [-19.564758310307514, -15.125902842468575], [-19.614604910933362, -15.095418891260069], [-19.667253258, -15.069695951], [-19.81461697756055, -15.095001647728536], [-19.925586173341525, -15.20156718522366], [-20.063980669677008, -15.246898907171913], [-20.195983065005066, -15.306502586840166]]]}}, {"type": "Feature", "properties": {"pcode": "XK09010204", "area_name": "Mipo", "parent_pcode": "XK090102", "level": "village"}, "geometry": {"type": "Polygon", "coordinates": [[[-19.46585553707865, -15.188213919662694], [-19.374144136113834, -15.028134676805559], [-19.355034995, -14.863031231], [-19.4175963156773, -14.809471477700944], [-19.500986799591278, -14.794531774199113], [-19.572902096401837, -14.758315541614921], [-19.638400762, -14.710202018], [-19.67706229150038, -14.739765399473734], [-19.69338757028978, -14.791529151782154], [-19.737854788954753, -14.815322162298271], [-19.774377667, -14.847011185], [-19.74116163206731, -14.899586797161682], [-19.723438347404382, -14.959615329189614], [-19.686188351707788, -15.010250370065146], [-19.667253258, -15.069695951], [-19.614604910933362, -15.095418891260069], [-19.564758310307514, -15.125902842468575], [-19.522561701024003, -15.16938643276148], [-19.46585553707865, -15.188213919662694]]]}}, {"type": "Feature", "properties": {"pcode": "XK09010205", "area_name": "Galo", "parent_pcode": "XK090102", "level": "village"}, "geometry": {"type": "Polygon", "coordinates": [[[-19.355034994688328, -14.86303123120544], [-19.34569511398572, -14.782334435302493], [-19.18687586, -14.614980416], [-19.376736203591303, -14.60254717497205], [-19.549372767392242, -14.510127663126585], [-19.625983147, -14.521187969], [-19.639772257123674, -14.567739530411751], [-19.635055680919685, -14.615506855886245], [-19.63896125677009, -14.662707733706455], [-19.638400762, -14.710202018], [-19.572902096401837, -14.758315541614921], [-19.500986799591278, -14.794531774199113], [-19.4175963156773, -14.809471477700944], [-19.355034994688328, -14.86303123120544]]]}}, {"type": "Feature", "properties": {"pcode": "XK09010301", "area_name": "Zifi", "parent_pcode": "XK090103", "level": "village"}, "geometry": {"type": "Polygon", "coordinates": [[[-19.82697964522195, -14.017952592168779], [-19.925927466917493, -14.234741564924283], [-19.922897967, -14.456489683], [-19.831922365, -14.499334621], [-19.762412398107323, -14.433791926831335], [-19.712921232714795, -14.350352945591347], [-19.622714601220743, -14.303312530448833], [-19.578152328, -14.215467248], [-19.575180953641357, -14.206611296011896], [-19.579198149689933, -14.197394460766443], [-19.577228713252943, -14.188486769638605], [-19.576296331, -14.179525526], [-19.650070887905205, -14.156359926890627], [-19.71634644358643, -14.121559492465844], [-19.773966566726198, -14.07332999873094], [-19.82697964522195, -14.017952592168779]]]}}, {"type": "Feature", "properties": {"pcode": "XK09010302", "area_name": "Nyuke", "parent_pcode": "XK090103", "level": "village"}, "geometry": {"type": "Polygon", "coordinates": [[[-19.455015838740913, -13.856923297089292], [-19.530206456652454, -13.913748781677054], [-19.661611396, -13.655640292], [-19.826979645, -14.017952592], [-19.773966566726198, -14.07332999873094], [-19.71634644358643, -14.121559492465844], [-19.650070887905205, -14.156359926890627], [-19.576296331, -14.179525526], [-19.521588608921142, -14.15273993059655], [-19.485967546504757, -14.099713979222878], [-19.434421079186137, -14.068582288080925], [-19.382216147016965, -14.038355854767973], [-19.455015838740913, -13.856923297089292]]]}}, {"type": "Feature", "properties": {"pcode": "XK09010303", "area_name": "Ngamibi", "parent_pcode": "XK090103", "level": "village"}, "geometry": {"type": "Polygon", "coordinates": [[[-19.831922365112206, -14.499334620572306], [-19.7480880708863, -14.538816361038911], [-19.549372767392242, -14.510127663126585], [-19.41085055, -14.584284351], [-19.414670153392606, -14.553292512100223], [-19.402240395543316, -14.524560645704044], [-19.39541282306107, -14.495049623456683], [-19.394226193, -14.464754055], [-19.446942410678083, -14.40740126596642], [-19.510542071697664, -14.3580783831015], [-19.531527444126173, -14.27731428001857], [-19.578152328, -14.215467248], [-19.622714601220743, -14.303312530448833], [-19.712921232714795, -14.350352945591347], [-19.762412398107323, -14.433791926831335], [-19.831922365112206, -14.499334620572306]]]}}, {"type": "Feature", "properties": {"pcode": "XK09010304", "area_name": "Pamo", "parent_pcode": "XK090103", "level": "village"}, "geometry": {"type": "Polygon", "coordinates": [[[-19.576296331, -14.179525526], [-19.577228713252943, -14.188486769638605], [-19.579198149689933, -14.197394460766443], [-19.575180953641357, -14.206611296011896], [-19.578152328, -14.215467248], [-19.531527444126173, -14.27731428001857], [-19.510542071697664, -14.3580783831015], [-19.446942410678083, -14.40740126596642], [-19.394226193, -14.464754055], [-19.33438971663999, -14.420416671682501], [-19.289728862164882, -14.358776437727634], [-19.235730308419704, -14.30778280639584], [-19.171026641952263, -14.268994866691715], [-19.342225085306474, -14.138022219262119], [-19.382216147, -14.038355855], [-19.434421079186137, -14.068582288080925], [-19.485967546504757, -14.099713979222878], [-19.521588608921142, -14.15273993059655], [-19.576296331, -14.179525526]]]}}, {"type": "Feature", "properties": {"pcode": "XK09010305", "area_name": "Lomimwo", "parent_pcode": "XK090103", "level": "village"}, "geometry": {"type": "Polygon", "coordinates": [[[-19.410850550193175, -14.584284350513222], [-19.376736203591303, -14.60254717497205], [-19.18687586, -14.614980416], [-19.142644753857805, -14.604421563187934], [-19.096317538002697, -14.59934364864123], [-19.06120478439726, -14.564941994554017], [-19.018434845647356, -14.550562458547125], [-19.090635547050127, -14.330496795814469], [-19.171026642, -14.268994867], [-19.235730308419704, -14.30778280639584], [-19.289728862164882, -14.358776437727634], [-19.33438971663999, -14.420416671682501], [-19.394226193, -14.464754055], [-19.39541282306107, -14.495049623456683], [-19.402240395543316, -14.524560645704044], [-19.414670153392606, -14.553292512100223], [-19.410850550193175, -14.584284350513222]]]}}, {"type": "Feature", "properties": {"pcode": "XK09010401", "area_name": "Sona", "parent_pcode": "XK090104", "level": "village"}, "geometry": {"type": "Polygon", "coordinates": [[[-19.14955301, -14.891069203], [-19.20479932213426, -14.875098122619297], [-19.238414952465035, -14.82233469169063], [-19.294287979949683, -14.80742961242236], [-19.341687184956168, -14.778111124744475], [-19.34569511398572, -14.782334435302493], [-19.374144136113834, -15.028134676805559], [-19.486158501599544, -15.223652078431058], [-19.586379018, -15.322739364], [-19.50654236755726, -15.31021170258212], [-19.42956233100324, -15.279982324340043], [-19.34756702808278, -15.280831288665398], [-19.267256366, -15.271240958], [-19.207941256919458, -15.213528037395264], [-19.213303108601433, -15.11750116621868], [-19.163489566952485, -15.054159617109491], [-19.104394071, -14.9963166], [-19.11341256944925, -14.969030221930439], [-19.137193991982, -14.9480782331869], [-19.144568355114718, -14.920086399129039], [-19.14955301, -14.891069203]]]}}, {"type": "Feature", "properties": {"pcode": "XK09010402", "area_name": "Lofi", "parent_pcode": "XK090104", "level": "village"}, "geometry": {"type": "Polygon", "coordinates": [[[-19.00110020456608, -15.972382786980852], [-18.991081124736098, -15.768041991235636], [-18.848820129320185, -15.478607290420884], [-18.848946547, -15.477526778], [-18.953977640193475, -15.426875218585556], [-19.069735070225892, -15.39797470353098], [-19.170189971573873, -15.338043466130927], [-19.267256366, -15.271240958], [-19.34756702808278, -15.280831288665398], [-19.42956233100324, -15.279982324340043], [-19.50654236755726, -15.31021170258212], [-19.58637901824982, -15.322739363893948], [-19.651473304, -15.387097604], [-19.451354593913077, -15.491720366487458], [-19.37762689882307, -15.736789732608308], [-19.13856084272101, -15.798133924475106], [-19.00110020456608, -15.972382786980852]]]}}, {"type": "Feature", "properties": {"pcode": "XK09010403", "area_name": "Kunadu", "parent_pcode": "XK090104", "level": "village"}, "geometry": {"type": "Polygon", "coordinates": [[[-18.932464257657728, -14.704658940245249], [-18.99484855845271, -14.62245278401554], [-19.018434846, -14.550562459], [-19.06120478439726, -14.564941994554017], [-19.096317538002697, -14.59934364864123], [-19.142644753857805, -14.604421563187934], [-19.18687586, -14.614980416], [-19.341687185, -14.778111125], [-19.294287979949683, -14.80742961242236], [-19.238414952465035, -14.82233469169063], [-19.20479932213426, -14.875098122619297], [-19.14955301, -14.891069203], [-19.105573529433066, -14.832480006388662], [-19.024976865062488, -14.816534270527601], [-18.99936032618645, -14.736560049129698], [-18.932464257657728, -14.704658940245249]]]}}, {"type": "Feature", "properties": {"pcode": "XK09010404", "area_name": "Newine", "parent_pcode": "XK090104", "level": "village"}, "geometry": {"type": "Polygon", "coordinates": [[[-18.84894654661672, -15.477526777799444], [-18.885993252535446, -15.160881552620449], [-18.860954242, -15.05584728], [-18.924005722375338, -15.049926443039398], [-18.98053371265212, -15.017328986324493], [-19.039634783947395, -14.995253673874437], [-19.104394071, -14.9963166], [-19.163489566952485, -15.054159617109491], [-19.213303108601433, -15.11750116621868], [-19.207941256919458, -15.213528037395264], [-19.267256366, -15.271240958], [-19.170189971573873, -15.338043466130927], [-19.069735070225892, -15.39797470353098], [-18.953977640193475, -15.426875218585556], [-18.84894654661672, -15.477526777799444]]]}}, {"type": "Feature", "properties": {"pcode": "XK09010405", "area_name": "Fugami", "parent_pcode": "XK090104", "level": "village"}, "geometry": {"type": "Polygon", "coordinates": [[[-18.86095424151298, -15.05584727967018], [-18.814341281, -14.860314061], [-18.932464258, -14.70465894], [-18.99936032618645, -14.736560049129698], [-19.024976865062488, -14.816534270527601], [-19.105573529433066, -14.832480006388662], [-19.14955301, -14.891069203], [-19.144568355114718, -14.920086399129039], [-19.137193991982, -14.9480782331869], [-19.11341256944925, -14.969030221930439], [-19.104394071, -14.9963166], [-19.039634783947395, -14.995253673874437], [-18.98053371265212, -15.017328986324493], [-18.924005722375338, -15.049926443039398], [-18.86095424151298, -15.05584727967018]]]}}, {"type": "Feature", "properties": {"pcode": "XK09020101", "area_name": "Sehara", "parent_pcode": "XK090201", "level": "village"}, "geometry": {"type": "Polygon", "coordinates": [[[-20.079618350056563, -16.569599257818677], [-19.771616472939503, -16.80143221057575], [-19.765919338, -17.263095848], [-19.700459328254755, -17.239565370957465], [-19.64516519783021, -17.196059897667872], [-19.57525766010531, -17.181268394589097], [-19.519899426, -17.137888879], [-19.512159882114688, -17.09122151798085], [-19.496853637229943, -17.047958897401546], [-19.455284275478338, -17.016513724885797], [-19.444835028, -16.971065632], [-19.582484014213815, -16.85969847472188], [-19.67407681418743, -16.7066195981207], [-19.82293312047123, -16.605402577605638], [-19.914590890291738, -16.452382542440137], [-20.079618350056563, -16.569599257818677]]]}}, {"type": "Feature", "properties": {"pcode": "XK09020102", "area_name": "Mbasamwa", "parent_pcode": "XK090201", "level": "village"}, "geometry": {"type": "Polygon", "coordinates": [[[-19.444835028, -16.971065632], [-19.375844088976496, -16.91360553129327], [-19.29633212460475, -16.871886750883526], [-19.228640120392516, -16.81248321327475], [-19.147899439631814, -16.772602810041143], [-19.154392215230096, -16.734561137204025], [-19.38186208834315, -16.57894320249033], [-19.44082917055285, -16.33348869820831], [-19.513960809259252, -16.386760486149253], [-19.834648255702046, -16.395600398070563], [-19.91459089, -16.452382542], [-19.82293312047123, -16.605402577605638], [-19.67407681418743, -16.7066195981207], [-19.582484014213815, -16.85969847472188], [-19.444835028, -16.971065632]]]}}, {"type": "Feature", "properties": {"pcode": "XK09020103", "area_name": "Rimba", "parent_pcode": "XK090201", "level": "village"}, "geometry": {"type": "Polygon", "coordinates": [[[-19.765919338267683, -17.263095848074627], [-19.763514510547715, -17.457969512945244], [-19.355255056, -17.794891525], [-19.285298597263374, -17.630403246986962], [-19.120851302418938, -17.524950946857285], [-19.092530861, -17.459469194], [-19.17868187232666, -17.35157635468724], [-19.313222316343754, -17.307991314843104], [-19.406488630140245, -17.209554454221305], [-19.519899426, -17.137888879], [-19.57525766010531, -17.181268394589097], [-19.64516519783021, -17.196059897667872], [-19.700459328254755, -17.239565370957465], [-19.765919338267683, -17.263095848074627]]]}}, {"type": "Feature", "properties": {"pcode": "XK09020104", "area_name": "Mbambi", "parent_pcode": "XK090201", "level": "village"}, "geometry": {"type": "Polygon", "coordinates": [[[-19.092530861166825, -17.45946919398232], [-19.04996297317772, -17.361044882832026], [-18.981028482, -17.1959181], [-19.111075115285782, -16.988359365618162], [-19.14789944, -16.77260281], [-19.228640120392516, -16.81248321327475], [-19.29633212460475, -16.871886750883526], [-19.375844088976496, -16.91360553129327], [-19.444835028, -16.971065632], [-19.455284275478338, -17.016513724885797], [-19.496853637229943, -17.047958897401546], [-19.512159882114688, -17.09122151798085], [-19.519899426, -17.137888879], [-19.406488630140245, -17.209554454221305], [-19.313222316343754, -17.307991314843104], [-19.17868187232666, -17.35157635468724], [-19.092530861166825, -17.45946919398232]]]}}, {"type": "Feature", "properties": {"pcode": "XK09020201", "area_name": "Mago", "parent_pcode": "XK090202", "level": "village"}, "geometry": {"type": "Polygon", "coordinates": [[[-18.552487030653946, -16.290372032090225], [-18.810310462356025, -16.245656522519056], [-19.006254931, -16.077514288], [-19.270518851571712, -16.209428368679237], [-19.440829171, -16.333488698], [-19.38186208834315, -16.57894320249033], [-19.154392215230096, -16.734561137204025], [-19.111075115285782, -16.988359365618162], [-19.030138166, -17.117537417], [-18.906653216037917, -16.91309756520127], [-18.816189765234547, -16.689589269729016], [-18.691713930541603, -16.48572160968895], [-18.552487030653946, -16.290372032090225]]]}}, {"type": "Feature", "properties": {"pcode": "XK09020202", "area_name": "Mafidi", "parent_pcode": "XK090202", "level": "village"}, "geometry": {"type": "Polygon", "coordinates": [[[-18.488207873411426, -16.318494339013032], [-18.547234587989742, -16.291282987501347], [-18.552487031, -16.290372032], [-18.691713930541603, -16.48572160968895], [-18.816189765234547, -16.689589269729016], [-18.906653216037917, -16.91309756520127], [-19.030138166435616, -17.117537416934194], [-18.981028482, -17.1959181], [-18.781695881304444, -17.131742226535724], [-18.562104652405605, -17.163755330620063], [-18.366180077, -17.097292568], [-18.445390242351014, -16.910224186487337], [-18.391512265180744, -16.70230258253417], [-18.50425793241784, -16.52048878844933], [-18.488207873411426, -16.318494339013032]]]}}, {"type": "Feature", "properties": {"pcode": "XK09020203", "area_name": "Ronyi", "parent_pcode": "XK090202", "level": "village"}, "geometry": {"type": "Polygon", "coordinates": [[[-18.165794961660957, -17.0242195001692], [-18.146221425156927, -16.981156868006494], [-18.120028869, -16.563113828], [-18.31725196969875, -16.39730511515324], [-18.488207873, -16.318494339], [-18.50425793241784, -16.52048878844933], [-18.391512265180744, -16.70230258253417], [-18.445390242351014, -16.910224186487337], [-18.366180076715498, -17.097292568081922], [-18.363448834445066, -17.096366058960673], [-18.165794961660957, -17.0242195001692]]]}}, {"type": "Feature", "properties": {"pcode": "XK09020301", "area_name": "Shani", "parent_pcode": "XK090203", "level": "village"}, "geometry": {"type": "Polygon", "coordinates": [[[-19.35525505593296, -17.7948915245918], [-19.327597328651535, -17.817716463507235], [-19.20138252879345, -17.851269254302593], [-18.957320906806643, -17.963386733983583], [-18.794812089, -18.039672631], [-18.746152198492275, -17.99673660108303], [-18.71104486809367, -17.945044259735038], [-18.693058430630103, -17.882290106499887], [-18.659205245, -17.829787462], [-18.651690528882153, -17.792462941443667], [-18.658546817070555, -17.75383680552173], [-18.645138721809477, -17.717046062054642], [-18.645548418, -17.679003809], [-18.758551960298398, -17.625489292628973], [-18.877511209493125, -17.5881287843463], [-19.000530477554502, -17.561780499927632], [-19.112949648496038, -17.506680957880885], [-19.120851302418938, -17.524950946857285], [-19.285298597263374, -17.630403246986962], [-19.35525505593296, -17.7948915245918]]]}}, {"type": "Feature", "properties": {"pcode": "XK09020302", "area_name": "Huzonde", "parent_pcode": "XK090203", "level": "village"}, "geometry": {"type": "Polygon", "coordinates": [[[-18.652824966763536, -17.15052967092196], [-18.781695881304444, -17.131742226535724], [-18.981028482, -17.1959181], [-19.04996297317772, -17.361044882832026], [-19.112949648, -17.506680958], [-19.000530477554502, -17.561780499927632], [-18.877511209493125, -17.5881287843463], [-18.758551960298398, -17.625489292628973], [-18.645548418, -17.679003809], [-18.626699585014855, -17.655752195250486], [-18.609566165583995, -17.630777358284853], [-18.584660417196147, -17.613610234898545], [-18.561176771, -17.595014535], [-18.58361090412648, -17.483794777674536], [-18.60583319219654, -17.372531340082713], [-18.650551056818262, -17.265906258430356], [-18.652824966763536, -17.15052967092196]]]}}, {"type": "Feature", "properties": {"pcode": "XK09020303", "area_name": "Biyanya", "parent_pcode": "XK090203", "level": "village"}, "geometry": {"type": "Polygon", "coordinates": [[[-18.794812089267502, -18.039672630898085], [-18.715025577073853, -18.077126510241627], [-18.46812802578218, -18.180496538198128], [-18.278898221, -18.230130254], [-18.256280437, -18.04409985], [-18.355597147430387, -17.987862393224198], [-18.466211126130798, -17.952864724269823], [-18.569299898695952, -17.903719052647443], [-18.659205245, -17.829787462], [-18.693058430630103, -17.882290106499887], [-18.71104486809367, -17.945044259735038], [-18.746152198492275, -17.99673660108303], [-18.794812089267502, -18.039672630898085]]]}}, {"type": "Feature", "properties": {"pcode": "XK09020304", "area_name": "Kapabi", "parent_pcode": "XK090203", "level": "village"}, "geometry": {"type": "Polygon", "coordinates": [[[-18.284322454755657, -17.576223198535274], [-18.32943536841116, -17.384235516763322], [-18.165794962, -17.0242195], [-18.363448834445066, -17.096366058960673], [-18.562104652405605, -17.163755330620063], [-18.652824967, -17.150529671], [-18.650551056818262, -17.265906258430356], [-18.60583319219654, -17.372531340082713], [-18.58361090412648, -17.483794777674536], [-18.561176771, -17.595014535], [-18.49259264052147, -17.581042983587416], [-18.42145684875642, -17.604665270108633], [-18.352399588645437, -17.5976643769171], [-18.284322454755657, -17.576223198535274]]]}}, {"type": "Feature", "properties": {"pcode": "XK09020305", "area_name": "Wawaka", "parent_pcode": "XK090203", "level": "village"}, "geometry": {"type": "Polygon", "coordinates": [[[-18.256280437342177, -18.04409984980553], [-18.22835423971472, -17.814407944053553], [-18.284322455, -17.576223199], [-18.352399588645437, -17.5976643769171], [-18.42145684875642, -17.604665270108633], [-18.49259264052147, -17.581042983587416], [-18.561176771, -17.595014535], [-18.584660417196147, -17.613610234898545], [-18.609566165583995, -17.630777358284853], [-18.626699585014855, -17.655752195250486], [-18.645548418, -17.679003809], [-18.645138721809477, -17.717046062054642], [-18.658546817070555, -17.75383680552173], [-18.651690528882153, -17.792462941443667], [-18.659205245, -17.829787462], [-18.569299898695952, -17.903719052647443], [-18.466211126130798, -17.952864724269823], [-18.355597147430387, -17.987862393224198], [-18.256280437342177, -18.04409984980553]]]}}, {"type": "Feature", "properties": {"pcode": "XK09030101", "area_name": "Gava", "parent_pcode": "XK090301", "level": "village"}, "geometry": {"type": "Polygon", "coordinates": [[[-19.201550276374434, -13.657726284535542], [-19.3020332316218, -13.74130633549882], [-19.455015839, -13.856923297], [-19.342225085306474, -14.138022219262119], [-19.192719287, -14.252399254], [-18.972903959914593, -14.165637191654886], [-18.822313932, -14.162712226], [-18.820495200911978, -14.112918608612478], [-18.827339851251732, -14.06444665062798], [-18.83557044330227, -14.016186127740664], [-18.851842831, -13.969152437], [-18.923946165539938, -13.874088765495792], [-18.99808291341407, -13.781308459653603], [-19.106257235055416, -13.726749712533087], [-19.201550276374434, -13.657726284535542]]]}}, {"type": "Feature", "properties": {"pcode": "XK09030102", "area_name": "Vondeba", "parent_pcode": "XK090301", "level": "village"}, "geometry": {"type": "Polygon", "coordinates": [[[-18.68434169825052, -13.475587828452598], [-18.804097487627036, -13.489170989077115], [-19.08214983516362, -13.558410983379538], [-19.201550276, -13.657726285], [-19.106257235055416, -13.726749712533087], [-18.99808291341407, -13.781308459653603], [-18.923946165539938, -13.874088765495792], [-18.851842831, -13.969152437], [-18.799796539374587, -13.887947400960881], [-18.734774115692726, -13.815196746600872], [-18.677491815905796, -13.737403144052093], [-18.641238589, -13.645908401], [-18.653653149179206, -13.603742985330943], [-18.669840992264973, -13.562532476174612], [-18.662004905748493, -13.515242219645343], [-18.68434169825052, -13.475587828452598]]]}}, {"type": "Feature", "properties": {"pcode": "XK09030103", "area_name": "Nujawa", "parent_pcode": "XK090301", "level": "village"}, "geometry": {"type": "Polygon", "coordinates": [[[-18.641238589, -13.645908401], [-18.677491815905796, -13.737403144052093], [-18.734774115692726, -13.815196746600872], [-18.799796539374587, -13.887947400960881], [-18.851842831, -13.969152437], [-18.83557044330227, -14.016186127740664], [-18.827339851251732, -14.06444665062798], [-18.820495200911978, -14.112918608612478], [-18.8223139319019, -14.162712226042261], [-18.729371485421563, -14.160906970651212], [-18.53198746635289, -13.996560472510152], [-18.288687926, -13.991024589], [-18.25985471039897, -13.834256398115334], [-18.25850037, -13.828801956], [-18.355507142948376, -13.785845550692228], [-18.46383795375848, -13.766586766020051], [-18.554579514544503, -13.710519258220598], [-18.641238589, -13.645908401]]]}}, {"type": "Feature", "properties": {"pcode": "XK09030104", "area_name": "Ngazefi", "parent_pcode": "XK090301", "level": "village"}, "geometry": {"type": "Polygon", "coordinates": [[[-18.24783280628404, -13.359136420849707], [-18.250265643473117, -13.359884077710552], [-18.519379391748263, -13.456877171390618], [-18.684341698, -13.475587828], [-18.662004905748493, -13.515242219645343], [-18.669840992264973, -13.562532476174612], [-18.653653149179206, -13.603742985330943], [-18.641238589, -13.645908401], [-18.554579514544503, -13.710519258220598], [-18.46383795375848, -13.766586766020051], [-18.355507142948376, -13.785845550692228], [-18.258500369821416, -13.8288019560294], [-18.22108855724256, -13.678130427446725], [-18.23022520504994, -13.518907271578547], [-18.24783280628404, -13.359136420849707]]]}}, {"type": "Feature", "properties": {"pcode": "XK09030201", "area_name": "Mwama", "parent_pcode": "XK090302", "level": "village"}, "geometry": {"type": "Polygon", "coordinates": [[[-18.47897252601572, -13.995354204164645], [-18.53198746635289, -13.996560472510152], [-18.729371485421563, -14.160906970651212], [-18.972903959914593, -14.165637191654886], [-19.192719286656597, -14.252399253723446], [-19.090635547050127, -14.330496795814469], [-19.033779384, -14.503792746], [-18.906353225804562, -14.521725061922544], [-18.782765203417178, -14.492023762283617], [-18.660516886597136, -14.445695896219775], [-18.533105063, -14.463450311], [-18.522785249244723, -14.454532189301828], [-18.515102509900178, -14.443668778056237], [-18.51228831875308, -14.42921398695385], [-18.50151702, -14.420628912], [-18.50550736184991, -14.313799920640271], [-18.4999714069933, -14.20747593353991], [-18.50486596594793, -14.10059900818197], [-18.47897252601572, -13.995354204164645]]]}}, {"type": "Feature", "properties": {"pcode": "XK09030202", "area_name": "Sile", "parent_pcode": "XK090302", "level": "village"}, "geometry": {"type": "Polygon", "coordinates": [[[-19.033779384267504, -14.503792745855113], [-18.99484855845271, -14.62245278401554], [-18.814341281, -14.860314061], [-18.591839813, -14.924725419], [-18.57713862306562, -14.868130594204668], [-18.521391075188415, -14.83178859838012], [-18.514997740109926, -14.771094565471252], [-18.490497309, -14.719334819], [-18.49900122778089, -14.655006021672499], [-18.51923520689378, -14.592630416153822], [-18.515791521358512, -14.526312203407738], [-18.533105063, -14.463450311], [-18.660516886597136, -14.445695896219775], [-18.782765203417178, -14.492023762283617], [-18.906353225804562, -14.521725061922544], [-19.033779384267504, -14.503792745855113]]]}}, {"type": "Feature", "properties": {"pcode": "XK09030203", "area_name": "Gumwuza", "parent_pcode": "XK090302", "level": "village"}, "geometry": {"type": "Polygon", "coordinates": [[[-18.591839813458247, -14.924725418751052], [-18.321044247383988, -15.00311730657325], [-18.132600537, -14.913862532], [-18.09816220334429, -14.782983827578114], [-18.092658825, -14.757776681], [-18.189750987127844, -14.723665158588881], [-18.295317035861338, -14.777250694160564], [-18.38997491364007, -14.71794653162513], [-18.490497309, -14.719334819], [-18.514997740109926, -14.771094565471252], [-18.521391075188415, -14.83178859838012], [-18.57713862306562, -14.868130594204668], [-18.591839813458247, -14.924725418751052]]]}}, {"type": "Feature", "properties": {"pcode": "XK09030204", "area_name": "Ndibo", "parent_pcode": "XK090302", "level": "village"}, "geometry": {"type": "Polygon", "coordinates": [[[-18.533105063, -14.463450311], [-18.515791521358512, -14.526312203407738], [-18.51923520689378, -14.592630416153822], [-18.49900122778089, -14.655006021672499], [-18.490497309, -14.719334819], [-18.38997491364007, -14.71794653162513], [-18.295317035861338, -14.777250694160564], [-18.189750987127844, -14.723665158588881], [-18.092658824646087, -14.757776680543165], [-18.069287227989168, -14.650727664714983], [-18.069615931368563, -14.511240823614928], [-18.05949534, -14.492721805], [-18.17226640930631, -14.48858991099192], [-18.28056594904287, -14.457041819209794], [-18.395573229543, -14.466620761146778], [-18.50151702, -14.420628912], [-18.51228831875308, -14.42921398695385], [-18.515102509900178, -14.443668778056237], [-18.522785249244723, -14.454532189301828], [-18.533105063, -14.463450311]]]}}, {"type": "Feature", "properties": {"pcode": "XK09030205", "area_name": "Shanjafo", "parent_pcode": "XK090302", "level": "village"}, "geometry": {"type": "Polygon", "coordinates": [[[-18.288687926, -13.991024589], [-18.478972526, -13.995354204], [-18.50486596594793, -14.10059900818197], [-18.4999714069933, -14.20747593353991], [-18.50550736184991, -14.313799920640271], [-18.50151702, -14.420628912], [-18.395573229543, -14.466620761146778], [-18.28056594904287, -14.457041819209794], [-18.17226640930631, -14.48858991099192], [-18.059495339995742, -14.492721804779666], [-18.002511178, -14.388450154], [-18.07401284401185, -14.289063144392294], [-18.182531222797444, -14.216330993998891], [-18.242416815811527, -14.108579525011148], [-18.288687926, -13.991024589]]]}}, {"type": "Feature", "properties": {"pcode": "XK09030301", "area_name": "Chimwaka", "parent_pcode": "XK090303", "level": "village"}, "geometry": {"type": "Polygon", "coordinates": [[[-18.271986365181586, -13.900217045690153], [-18.288687926, -13.991024589], [-18.242416815811527, -14.108579525011148], [-18.182531222797444, -14.216330993998891], [-18.07401284401185, -14.289063144392294], [-18.002511178, -14.388450154], [-17.79900351366022, -14.35328617541459], [-17.729441203, -14.304343728], [-17.747853111300493, -14.232589450800207], [-17.742714971500998, -14.154844527057028], [-17.78817807125778, -14.089971515063326], [-17.802491114, -14.017174571], [-17.922638165673195, -13.99906762867883], [-18.028184662459115, -13.922350595373423], [-18.158096075888935, -13.943440117527524], [-18.271986365181586, -13.900217045690153]]]}}, {"type": "Feature", "properties": {"pcode": "XK09030302", "area_name": "Chino", "parent_pcode": "XK090303", "level": "village"}, "geometry": {"type": "Polygon", "coordinates": [[[-18.22568763745217, -13.597982863427278], [-18.22108855724256, -13.678130427446725], [-18.25985471039897, -13.834256398115334], [-18.271986365, -13.900217046], [-18.158096075888935, -13.943440117527524], [-18.028184662459115, -13.922350595373423], [-17.922638165673195, -13.99906762867883], [-17.802491114, -14.017174571], [-17.734893778545526, -13.934725929914254], [-17.672986110204093, -13.848726035203613], [-17.646111564154698, -13.740859922301453], [-17.578551476, -13.658388033], [-17.744442551807467, -13.687286471379824], [-17.907933305488065, -13.690469639918556], [-18.06658507365055, -13.64181150892406], [-18.22568763745217, -13.597982863427278]]]}}, {"type": "Feature", "properties": {"pcode": "XK09030303", "area_name": "Moma", "parent_pcode": "XK090303", "level": "village"}, "geometry": {"type": "Polygon", "coordinates": [[[-17.520223179041487, -13.623486268329575], [-17.520070612, -13.514438205], [-17.61117051730457, -13.427294705958893], [-17.708005365266352, -13.347165870288455], [-17.821870848234386, -13.28786796156849], [-17.909291823245386, -13.196224599316063], [-17.976827575287693, -13.275851390026801], [-18.247832806, -13.359136421], [-18.23022520504994, -13.518907271578547], [-18.225687637, -13.597982863], [-18.06658507365055, -13.64181150892406], [-17.907933305488065, -13.690469639918556], [-17.744442551807467, -13.687286471379824], [-17.578551476, -13.658388033], [-17.56251690731901, -13.652090019891856], [-17.546267679454203, -13.646150748085986], [-17.535358533244775, -13.631287060314355], [-17.520223179041487, -13.623486268329575]]]}}, {"type": "Feature", "properties": {"pcode": "XK09030304", "area_name": "Nyiwa", "parent_pcode": "XK090303", "level": "village"}, "geometry": {"type": "Polygon", "coordinates": [[[-17.52007061171296, -13.514438205123135], [-17.520004150026676, -13.466934468663819], [-17.493412114671457, -13.261898921699144], [-17.54356296479268, -13.061701032246066], [-17.58471497151764, -12.859461533008513], [-17.79159852996769, -13.0574604788542], [-17.909291823, -13.196224599], [-17.821870848234386, -13.28786796156849], [-17.708005365266352, -13.347165870288455], [-17.61117051730457, -13.427294705958893], [-17.52007061171296, -13.514438205123135]]]}}, {"type": "Feature", "properties": {"pcode": "XK09030305", "area_name": "Kinjada", "parent_pcode": "XK090303", "level": "village"}, "geometry": {"type": "Polygon", "coordinates": [[[-17.21793015150843, -14.150635947906252], [-17.322982363247604, -14.032518317909048], [-17.40900575121274, -13.84615663089244], [-17.520293414113045, -13.67368704589014], [-17.520223179, -13.623486268], [-17.535358533244775, -13.631287060314355], [-17.546267679454203, -13.646150748085986], [-17.56251690731901, -13.652090019891856], [-17.578551476, -13.658388033], [-17.646111564154698, -13.740859922301453], [-17.672986110204093, -13.848726035203613], [-17.734893778545526, -13.934725929914254], [-17.802491114, -14.017174571], [-17.78817807125778, -14.089971515063326], [-17.742714971500998, -14.154844527057028], [-17.747853111300493, -14.232589450800207], [-17.72944120322002, -14.304343727797667], [-17.62248239364344, -14.229089960322963], [-17.405945849522777, -14.23691000711626], [-17.21793015150843, -14.150635947906252]]]}}, {"type": "Feature", "properties": {"pcode": "XK09030401", "area_name": "Nandu", "parent_pcode": "XK090304", "level": "village"}, "geometry": {"type": "Polygon", "coordinates": [[[-17.79594960095771, -14.351137512417006], [-17.79900351366022, -14.35328617541459], [-18.002511178, -14.388450154], [-18.069615931368563, -14.511240823614928], [-18.069287227989168, -14.650727664714983], [-18.09816220334429, -14.782983827578114], [-18.132600536947592, -14.91386253164635], [-17.79219987588932, -14.752634628006772], [-17.539821842, -14.893066869], [-17.533485512179343, -14.875718209101146], [-17.541453657236843, -14.856537119292268], [-17.53060027091108, -14.839767102756117], [-17.530666579, -14.821598253], [-17.592428046943226, -14.701412180371262], [-17.70057488575557, -14.607381853139252], [-17.724649604803876, -14.465945007034819], [-17.79594960095771, -14.351137512417006]]]}}, {"type": "Feature", "properties": {"pcode": "XK09030402", "area_name": "Mwaga", "parent_pcode": "XK090304", "level": "village"}, "geometry": {"type": "Polygon", "coordinates": [[[-17.10033310128482, -14.319231073445843], [-17.18651220892267, -14.18596136234714], [-17.217930152, -14.150635948], [-17.405945849522777, -14.23691000711626], [-17.62248239364344, -14.229089960322963], [-17.795949601, -14.351137512], [-17.724649604803876, -14.465945007034819], [-17.70057488575557, -14.607381853139252], [-17.592428046943226, -14.701412180371262], [-17.530666579, -14.821598253], [-17.450670407850225, -14.672374948046805], [-17.32427594975786, -14.562896946903562], [-17.174651534801725, -14.473317992770061], [-17.10033310128482, -14.319231073445843]]]}}, {"type": "Feature", "properties": {"pcode": "XK09030403", "area_name": "Mbabe", "parent_pcode": "XK090304", "level": "village"}, "geometry": {"type": "Polygon", "coordinates": [[[-16.805931559620248, -15.04184514191986], [-16.806113376214853, -14.89699463235696], [-16.83411343946166, -14.692492776477163], [-16.9377735463549, -14.513343320227555], [-17.07500469955938, -14.35839960132996], [-17.100333101, -14.319231073], [-17.174651534801725, -14.473317992770061], [-17.32427594975786, -14.562896946903562], [-17.450670407850225, -14.672374948046805], [-17.530666579, -14.821598253], [-17.53060027091108, -14.839767102756117], [-17.541453657236843, -14.856537119292268], [-17.533485512179343, -14.875718209101146], [-17.53982184183812, -14.893066868739544], [-17.310235304010444, -15.0208170989465], [-16.805931559620248, -15.04184514191986]]]}}, {"type": "Feature", "properties": {"pcode": "XK09040101", "area_name": "Nanago", "parent_pcode": "XK090401", "level": "village"}, "geometry": {"type": "Polygon", "coordinates": [[[-18.93448824424503, -15.652901903924361], [-18.991081124736098, -15.768041991235636], [-19.006254931, -16.077514288], [-18.810310462356025, -16.245656522519056], [-18.656518262, -16.272329415], [-18.582248905028678, -16.152893529833147], [-18.518275413861126, -16.02815828966284], [-18.46397349427024, -15.898445023146548], [-18.399901345, -15.773760563], [-18.534526363569, -15.747873126959451], [-18.656193611418868, -15.664670356428108], [-18.807373212503, -15.712007818001236], [-18.93448824424503, -15.652901903924361]]]}}, {"type": "Feature", "properties": {"pcode": "XK09040102", "area_name": "Hama", "parent_pcode": "XK090401", "level": "village"}, "geometry": {"type": "Polygon", "coordinates": [[[-18.310204021380173, -14.997982924906243], [-18.321044247383988, -15.00311730657325], [-18.814341281, -14.860314061], [-18.885993252535446, -15.160881552620449], [-18.869584159, -15.301133188], [-18.775157503355025, -15.32209881566013], [-18.681195533280118, -15.326255791353665], [-18.588461343105337, -15.286001392211356], [-18.49448265, -15.290763275], [-18.454727046188818, -15.213594064540114], [-18.410534813503283, -15.139217308855107], [-18.345267134763777, -15.07810563159626], [-18.310204021380173, -14.997982924906243]]]}}, {"type": "Feature", "properties": {"pcode": "XK09040103", "area_name": "Jaji", "parent_pcode": "XK090401", "level": "village"}, "geometry": {"type": "Polygon", "coordinates": [[[-18.869584159059553, -15.301133188219485], [-18.848820129320185, -15.478607290420884], [-18.934488244, -15.652901904], [-18.807373212503, -15.712007818001236], [-18.656193611418868, -15.664670356428108], [-18.534526363569, -15.747873126959451], [-18.399901345, -15.773760563], [-18.373628560158203, -15.768417824775423], [-18.352065916794384, -15.753262461927477], [-18.33008551760134, -15.738977408635101], [-18.306152462, -15.728760319], [-18.37014681197306, -15.626532803499122], [-18.42486454881907, -15.520316525247093], [-18.466547598179858, -15.40849558555216], [-18.49448265, -15.290763275], [-18.588461343105337, -15.286001392211356], [-18.681195533280118, -15.326255791353665], [-18.775157503355025, -15.32209881566013], [-18.869584159059553, -15.301133188219485]]]}}, {"type": "Feature", "properties": {"pcode": "XK09040104", "area_name": "Vewiva", "parent_pcode": "XK090401", "level": "village"}, "geometry": {"type": "Polygon", "coordinates": [[[-18.656518261658803, -16.272329414803703], [-18.547234587989742, -16.291282987501347], [-18.31725196969875, -16.39730511515324], [-18.149204101, -16.538585729], [-18.105991690851575, -16.134263591827395], [-18.176232271, -15.742265129], [-18.20870814854453, -15.738848807913278], [-18.242125685843924, -15.744491526917344], [-18.273562825624065, -15.731082247118266], [-18.306152462, -15.728760319], [-18.33008551760134, -15.738977408635101], [-18.352065916794384, -15.753262461927477], [-18.373628560158203, -15.768417824775423], [-18.399901345, -15.773760563], [-18.46397349427024, -15.898445023146548], [-18.518275413861126, -16.02815828966284], [-18.582248905028678, -16.152893529833147], [-18.656518261658803, -16.272329414803703]]]}}, {"type": "Feature", "properties": {"pcode": "XK09040105", "area_name": "Ngofa", "parent_pcode": "XK090401", "level": "village"}, "geometry": {"type": "Polygon", "coordinates": [[[-18.148035409330348, -14.921173128839316], [-18.310204021, -14.997982925], [-18.345267134763777, -15.07810563159626], [-18.410534813503283, -15.139217308855107], [-18.454727046188818, -15.213594064540114], [-18.49448265, -15.290763275], [-18.466547598179858, -15.40849558555216], [-18.42486454881907, -15.520316525247093], [-18.37014681197306, -15.626532803499122], [-18.306152462, -15.728760319], [-18.273562825624065, -15.731082247118266], [-18.242125685843924, -15.744491526917344], [-18.20870814854453, -15.738848807913278], [-18.17623227144537, -15.742265129140643], [-18.17845547669714, -15.72985787063619], [-18.034346207999157, -15.325608638392985], [-18.148035409330348, -14.921173128839316]]]}}, {"type": "Feature", "properties": {"pcode": "XK09040201", "area_name": "Pade", "parent_pcode": "XK090402", "level": "village"}, "geometry": {"type": "Polygon", "coordinates": [[[-18.130720130655487, -15.59595269463642], [-18.17845547669714, -15.72985787063619], [-18.105991690851575, -16.134263591827395], [-18.149204101212394, -16.538585729197152], [-18.120028869, -16.563113828], [-17.791554263, -16.454981517], [-17.744375213590843, -16.27078231761961], [-17.77596555677987, -16.08169287708725], [-17.78771903600371, -15.893834968820011], [-17.745262751, -15.709342566], [-17.84570863832361, -15.694869887916337], [-17.936777205619528, -15.648519960326883], [-18.03773356356902, -15.635782575424914], [-18.130720130655487, -15.59595269463642]]]}}, {"type": "Feature", "properties": {"pcode": "XK09040202", "area_name": "Mbape", "parent_pcode": "XK090402", "level": "village"}, "geometry": {"type": "Polygon", "coordinates": [[[-17.40442839663961, -14.968404664919932], [-17.79219987588932, -14.752634628006772], [-18.148035409, -14.921173129], [-18.034346207999157, -15.325608638392985], [-18.130720131, -15.595952695], [-18.03773356356902, -15.635782575424914], [-17.936777205619528, -15.648519960326883], [-17.84570863832361, -15.694869887916337], [-17.745262751, -15.709342566], [-17.64550668134183, -15.691878620155084], [-17.549342892226058, -15.655964658091232], [-17.447272047207512, -15.650389439320437], [-17.347708365868524, -15.63193738279752], [-17.30401815004701, -15.317707209988122], [-17.40442839663961, -14.968404664919932]]]}}, {"type": "Feature", "properties": {"pcode": "XK09040203", "area_name": "Rati", "parent_pcode": "XK090402", "level": "village"}, "geometry": {"type": "Polygon", "coordinates": [[[-17.745262751, -15.709342566], [-17.78771903600371, -15.893834968820011], [-17.77596555677987, -16.08169287708725], [-17.744375213590843, -16.27078231761961], [-17.791554262745134, -16.45498151686297], [-17.703886950826003, -16.42612184592198], [-17.344766635, -16.380068066], [-17.347829563398054, -16.026651287727336], [-17.35346539173851, -15.673343249076249], [-17.347708366, -15.631937383], [-17.447272047207512, -15.650389439320437], [-17.549342892226058, -15.655964658091232], [-17.64550668134183, -15.691878620155084], [-17.745262751, -15.709342566]]]}}, {"type": "Feature", "properties": {"pcode": "XK09040301", "area_name": "Shepa", "parent_pcode": "XK090403", "level": "village"}, "geometry": {"type": "Polygon", "coordinates": [[[-17.31618643207898, -15.275376750588999], [-17.30401815004701, -15.317707209988122], [-17.35346539173851, -15.673343249076249], [-17.348949204, -15.956461432], [-17.24522625073941, -15.878346305299113], [-17.133477039301464, -15.814654955619828], [-16.997865337072394, -15.793846259195096], [-16.899390494, -15.706299892], [-16.98098548301032, -15.57670615114078], [-17.12095054484683, -15.503568903191791], [-17.20237535402382, -15.373810561603308], [-17.31618643207898, -15.275376750588999]]]}}, {"type": "Feature", "properties": {"pcode": "XK09040302", "area_name": "Rako", "parent_pcode": "XK090403", "level": "village"}, "geometry": {"type": "Polygon", "coordinates": [[[-16.483612125666706, -15.827029819440565], [-16.538892175, -15.741885415], [-16.627411087051158, -15.716722854705433], [-16.721944950492627, -15.752494620571373], [-16.807546196493966, -15.697774711734745], [-16.899390494, -15.706299892], [-16.997865337072394, -15.793846259195096], [-17.133477039301464, -15.814654955619828], [-17.24522625073941, -15.878346305299113], [-17.348949203862354, -15.956461432299015], [-17.347829563398054, -16.026651287727336], [-17.344766635022967, -16.38006806612077], [-17.25457429471048, -16.36850175255475], [-16.88620684127193, -16.11719366738357], [-16.508002660667167, -15.889423183050164], [-16.483612125666706, -15.827029819440565]]]}}, {"type": "Feature", "properties": {"pcode": "XK09040303", "area_name": "Hinu", "parent_pcode": "XK090403", "level": "village"}, "geometry": {"type": "Polygon", "coordinates": [[[-16.538892174609035, -15.74188541484785], [-16.592127794779742, -15.659889916123033], [-16.669512410123343, -15.476251632989674], [-16.735764598997775, -15.289126315773796], [-16.805854290481637, -15.103404286866363], [-16.80593156, -15.041845142], [-17.310235304010444, -15.0208170989465], [-17.404428397, -14.968404665], [-17.316186432, -15.275376751], [-17.20237535402382, -15.373810561603308], [-17.12095054484683, -15.503568903191791], [-16.98098548301032, -15.57670615114078], [-16.899390494, -15.706299892], [-16.807546196493966, -15.697774711734745], [-16.721944950492627, -15.752494620571373], [-16.627411087051158, -15.716722854705433], [-16.538892174609035, -15.74188541484785]]]}}, {"type": "Feature", "properties": {"pcode": "XK09050101", "area_name": "Gochi", "parent_pcode": "XK090501", "level": "village"}, "geometry": {"type": "Polygon", "coordinates": [[[-18.140022561163303, -16.882220668998038], [-18.146221425156927, -16.981156868006494], [-18.32943536841116, -17.384235516763322], [-18.319997997, -17.424398277], [-18.100010934327557, -17.33793089820843], [-17.973658526, -17.368695855], [-18.000814812981478, -17.26252606384229], [-17.969561950612515, -17.157001173506853], [-17.961620105812006, -17.051218904069593], [-17.968983416, -16.945267649], [-18.016027822499783, -16.941129581837902], [-18.051840803950714, -16.906521961059006], [-18.09480463014259, -16.89131375275821], [-18.140022561163303, -16.882220668998038]]]}}, {"type": "Feature", "properties": {"pcode": "XK09050102", "area_name": "Lara", "parent_pcode": "XK090501", "level": "village"}, "geometry": {"type": "Polygon", "coordinates": [[[-17.75254147955888, -16.442138690265455], [-18.120028869, -16.563113828], [-18.140022561, -16.882220669], [-18.09480463014259, -16.89131375275821], [-18.051840803950714, -16.906521961059006], [-18.016027822499783, -16.941129581837902], [-17.968983416, -16.945267649], [-17.93116897650047, -16.929520348994636], [-17.890460163749754, -16.926854049935013], [-17.85168319693597, -16.91545685256513], [-17.811498532, -16.910421689], [-17.76731868797154, -16.797057522385224], [-17.808606021631945, -16.672932997504063], [-17.77653449712837, -16.558044387709874], [-17.75254147955888, -16.442138690265455]]]}}, {"type": "Feature", "properties": {"pcode": "XK09050103", "area_name": "Limwaga", "parent_pcode": "XK090501", "level": "village"}, "geometry": {"type": "Polygon", "coordinates": [[[-17.97365852645194, -17.368695855384516], [-17.864734536870674, -17.395217248456937], [-17.66587291, -17.400714447], [-17.70029864752227, -17.292865367784852], [-17.679141301195465, -17.180172996142595], [-17.673863254167134, -17.068864284504684], [-17.704217495, -16.960660431], [-17.73304161492167, -16.95237983853263], [-17.757086120175234, -16.933892740136926], [-17.78414199067899, -16.92183618466419], [-17.811498532, -16.910421689], [-17.85168319693597, -16.91545685256513], [-17.890460163749754, -16.926854049935013], [-17.93116897650047, -16.929520348994636], [-17.968983416, -16.945267649], [-17.961620105812006, -17.051218904069593], [-17.969561950612515, -17.157001173506853], [-18.000814812981478, -17.26252606384229], [-17.97365852645194, -17.368695855384516]]]}}, {"type": "Feature", "properties": {"pcode": "XK09050104", "area_name": "Pahi", "parent_pcode": "XK090501", "level": "village"}, "geometry": {"type": "Polygon", "coordinates": [[[-17.672462383881005, -16.42209194278716], [-17.703886950826003, -16.42612184592198], [-17.75254148, -16.44213869], [-17.77653449712837, -16.558044387709874], [-17.808606021631945, -16.672932997504063], [-17.76731868797154, -16.797057522385224], [-17.811498532, -16.910421689], [-17.78414199067899, -16.92183618466419], [-17.757086120175234, -16.933892740136926], [-17.73304161492167, -16.95237983853263], [-17.704217495, -16.960660431], [-17.625228344044555, -16.947641165877837], [-17.54687156248039, -16.931956451289935], [-17.471050951496817, -16.905581727646844], [-17.39340043922428, -16.886920074846284], [-17.424721664135816, -16.770613649197045], [-17.54882864860771, -16.67864988436155], [-17.614410503867603, -16.552565905526347], [-17.672462383881005, -16.42209194278716]]]}}, {"type": "Feature", "properties": {"pcode": "XK09050105", "area_name": "Lifu", "parent_pcode": "XK090501", "level": "village"}, "geometry": {"type": "Polygon", "coordinates": [[[-17.66587290952776, -17.40071444705153], [-17.634875185291868, -17.401571327528583], [-17.413517907, -17.327987021], [-17.40007636889328, -17.22458384646426], [-17.36025792823149, -17.12289799019318], [-17.38051461253525, -17.017300828978694], [-17.386475588, -16.912634417], [-17.393400439, -16.886920075], [-17.471050951496817, -16.905581727646844], [-17.54687156248039, -16.931956451289935], [-17.625228344044555, -16.947641165877837], [-17.704217495, -16.960660431], [-17.673863254167134, -17.068864284504684], [-17.679141301195465, -17.180172996142595], [-17.70029864752227, -17.292865367784852], [-17.66587290952776, -17.40071444705153]]]}}, {"type": "Feature", "properties": {"pcode": "XK09050201", "area_name": "Nezo", "parent_pcode": "XK090502", "level": "village"}, "geometry": {"type": "Polygon", "coordinates": [[[-18.27889822127537, -18.230130253953757], [-18.21571946177228, -18.246701621234628], [-17.97350999, -18.295811567], [-17.915415016096418, -18.188442805579932], [-17.851559811326897, -18.083261267335892], [-17.828038860377962, -17.962764368163207], [-17.801700509, -17.843337267], [-17.945975541171364, -17.759853289423972], [-18.08724365416756, -17.67258673124332], [-18.18106017246052, -17.52562801929119], [-18.31799719323779, -17.43291312495344], [-18.22835423971472, -17.814407944053553], [-18.27889822127537, -18.230130253953757]]]}}, {"type": "Feature", "properties": {"pcode": "XK09050202", "area_name": "Zamwiwo", "parent_pcode": "XK090502", "level": "village"}, "geometry": {"type": "Polygon", "coordinates": [[[-17.448974283615136, -17.716715049293832], [-17.42995646752413, -17.57363655020523], [-17.410024571, -17.331701142], [-17.41079217816565, -17.330673169821047], [-17.4115280847007, -17.329615381447603], [-17.412556574790425, -17.328832784072127], [-17.413517907, -17.327987021], [-17.634875185291868, -17.401571327528583], [-17.864734536870674, -17.395217248456937], [-18.100010934327557, -17.33793089820843], [-18.319997996566137, -17.424398277173392], [-18.317997193, -17.432913125], [-18.18106017246052, -17.52562801929119], [-18.08724365416756, -17.67258673124332], [-17.945975541171364, -17.759853289423972], [-17.801700509, -17.843337267], [-17.739706208940262, -17.84705712374714], [-17.685762736192334, -17.811723413962394], [-17.627575247132494, -17.796976901863097], [-17.566774365, -17.794907636], [-17.539155114957005, -17.77260136489382], [-17.508209700317284, -17.755306086184067], [-17.482496443484557, -17.730128364430577], [-17.448974283615136, -17.716715049293832]]]}}, {"type": "Feature", "properties": {"pcode": "XK09050203", "area_name": "Kinga", "parent_pcode": "XK090502", "level": "village"}, "geometry": {"type": "Polygon", "coordinates": [[[-17.973509989948745, -18.295811567124257], [-17.95997668898329, -18.298555554273555], [-17.781712039, -18.32310695], [-17.725460886621853, -18.27759729313815], [-17.65580723683206, -18.24987359401418], [-17.60315306587763, -18.199590516377], [-17.550705426, -18.149033359], [-17.534406354382778, -18.059580048063058], [-17.571584045037568, -17.97255331835153], [-17.56011565540988, -17.883319206216527], [-17.566774365, -17.794907636], [-17.627575247132494, -17.796976901863097], [-17.685762736192334, -17.811723413962394], [-17.739706208940262, -17.84705712374714], [-17.801700509, -17.843337267], [-17.828038860377962, -17.962764368163207], [-17.851559811326897, -18.083261267335892], [-17.915415016096418, -18.188442805579932], [-17.973509989948745, -18.295811567124257]]]}}, {"type": "Feature", "properties": {"pcode": "XK09050204", "area_name": "Fakeja", "parent_pcode": "XK090502", "level": "village"}, "geometry": {"type": "Polygon", "coordinates": [[[-17.781712039448205, -18.323106950472148], [-17.701282269918927, -18.33418409416286], [-17.440376320967598, -18.34515136873322], [-17.37421866, -18.295149048], [-17.372549406, -18.215941846], [-17.413200327035653, -18.18886199329505], [-17.464185731528403, -18.18929958305554], [-17.503602097973438, -18.15893250413761], [-17.550705426, -18.149033359], [-17.60315306587763, -18.199590516377], [-17.65580723683206, -18.24987359401418], [-17.725460886621853, -18.27759729313815], [-17.781712039448205, -18.323106950472148]]]}}, {"type": "Feature", "properties": {"pcode": "XK09050205", "area_name": "Nefo", "parent_pcode": "XK090502", "level": "village"}, "geometry": {"type": "Polygon", "coordinates": [[[-17.372549405797372, -18.21594184605472], [-17.36913161285085, -18.05376533890815], [-17.462174914560684, -17.816028580020625], [-17.448974284, -17.716715049], [-17.482496443484557, -17.730128364430577], [-17.508209700317284, -17.755306086184067], [-17.539155114957005, -17.77260136489382], [-17.566774365, -17.794907636], [-17.56011565540988, -17.883319206216527], [-17.571584045037568, -17.97255331835153], [-17.534406354382778, -18.059580048063058], [-17.550705426, -18.149033359], [-17.503602097973438, -18.15893250413761], [-17.464185731528403, -18.18929958305554], [-17.413200327035653, -18.18886199329505], [-17.372549405797372, -18.21594184605472]]]}}, {"type": "Feature", "properties": {"pcode": "XK09050301", "area_name": "Kayagi", "parent_pcode": "XK090503", "level": "village"}, "geometry": {"type": "Polygon", "coordinates": [[[-17.271504657261744, -16.37067291123738], [-17.672462384, -16.422091943], [-17.614410503867603, -16.552565905526347], [-17.54882864860771, -16.67864988436155], [-17.424721664135816, -16.770613649197045], [-17.386475588, -16.912634417], [-17.20673517872144, -16.89228128696053], [-17.104055857, -16.8347935], [-17.173296995295466, -16.72864132513801], [-17.17742457495517, -16.598997007251775], [-17.24008978745778, -16.490472322078887], [-17.271504657261744, -16.37067291123738]]]}}, {"type": "Feature", "properties": {"pcode": "XK09050302", "area_name": "Wafa", "parent_pcode": "XK090503", "level": "village"}, "geometry": {"type": "Polygon", "coordinates": [[[-16.734652200242664, -16.658810159556175], [-16.730328778, -16.541845111], [-16.791258615071943, -16.442680553712187], [-16.873179587171965, -16.36585101195076], [-16.963657171392097, -16.298125888044776], [-17.05768867169743, -16.234182207070262], [-17.25457429471048, -16.36850175255475], [-17.271504657, -16.370672911], [-17.24008978745778, -16.490472322078887], [-17.17742457495517, -16.598997007251775], [-17.173296995295466, -16.72864132513801], [-17.10405585704198, -16.834793499582037], [-17.052660456957184, -16.806018398773222], [-16.88379435382545, -16.757739935045997], [-16.734652200242664, -16.658810159556175]]]}}, {"type": "Feature", "properties": {"pcode": "XK09050303", "area_name": "Goko", "parent_pcode": "XK090503", "level": "village"}, "geometry": {"type": "Polygon", "coordinates": [[[-16.730328778000032, -16.54184511079294], [-16.729973176224018, -16.532224727509167], [-16.675949952792024, -16.287559492598113], [-16.574490053660554, -16.059504408673664], [-16.508002661, -15.889423183], [-16.88620684127193, -16.11719366738357], [-17.057688672, -16.234182207], [-16.963657171392097, -16.298125888044776], [-16.873179587171965, -16.36585101195076], [-16.791258615071943, -16.442680553712187], [-16.730328778000032, -16.54184511079294]]]}}, {"type": "Feature", "properties": {"pcode": "XK09050401", "area_name": "Taga", "parent_pcode": "XK090504", "level": "village"}, "geometry": {"type": "Polygon", "coordinates": [[[-17.103942683220662, -17.398080172429065], [-17.232489803871392, -17.405340749569422], [-17.410024571, -17.331701142], [-17.42995646752413, -17.57363655020523], [-17.459139712, -17.793193558], [-17.357681465752457, -17.777747531642916], [-17.25756275330695, -17.758127982443245], [-17.177452818379734, -17.676168020558215], [-17.073231006, -17.669332308], [-17.093407632971765, -17.602934401195416], [-17.101001116219628, -17.53511180719245], [-17.09051725377429, -17.465242462110822], [-17.103942683220662, -17.398080172429065]]]}}, {"type": "Feature", "properties": {"pcode": "XK09050402", "area_name": "Nopo", "parent_pcode": "XK090504", "level": "village"}, "geometry": {"type": "Polygon", "coordinates": [[[-17.374218659891017, -18.29514904846826], [-17.229979123295102, -18.186132021772146], [-17.050913819479526, -17.992509320453834], [-16.929735246, -17.948253917], [-16.949062492090402, -17.889473025769245], [-16.991721706224947, -17.83914136108945], [-16.98313380273724, -17.770251531660985], [-17.013972225, -17.715639193], [-17.029867219995594, -17.705444928074556], [-17.040037317987967, -17.687924529729383], [-17.05671756916076, -17.678735154764333], [-17.073231006, -17.669332308], [-17.177452818379734, -17.676168020558215], [-17.25756275330695, -17.758127982443245], [-17.357681465752457, -17.777747531642916], [-17.459139711819667, -17.793193557821645], [-17.462174914560684, -17.816028580020625], [-17.36913161285085, -18.05376533890815], [-17.374218659891017, -18.29514904846826]]]}}, {"type": "Feature", "properties": {"pcode": "XK09050403", "area_name": "Hinyi", "parent_pcode": "XK090504", "level": "village"}, "geometry": {"type": "Polygon", "coordinates": [[[-16.643618934150744, -17.53196499718559], [-16.64718852193025, -17.519170548631276], [-16.67448601, -17.424127271], [-16.858045056684855, -17.39842962490624], [-17.04436646552975, -17.394715198386194], [-17.103942683, -17.398080172], [-17.09051725377429, -17.465242462110822], [-17.101001116219628, -17.53511180719245], [-17.093407632971765, -17.602934401195416], [-17.073231006, -17.669332308], [-17.05671756916076, -17.678735154764333], [-17.040037317987967, -17.687924529729383], [-17.029867219995594, -17.705444928074556], [-17.013972225, -17.715639193], [-16.923886045087233, -17.66467542341648], [-16.815498399836407, -17.650613995401237], [-16.737598421061463, -17.57507845801109], [-16.643618934150744, -17.53196499718559]]]}}, {"type": "Feature", "properties": {"pcode": "XK09050404", "area_name": "Naveta", "parent_pcode": "XK090504", "level": "village"}, "geometry": {"type": "Polygon", "coordinates": [[[-16.92973524632118, -17.94825391703957], [-16.80264348626881, -17.901838969535632], [-16.58029381825958, -17.758940767922113], [-16.643618934, -17.531964997], [-16.737598421061463, -17.57507845801109], [-16.815498399836407, -17.650613995401237], [-16.923886045087233, -17.66467542341648], [-17.013972225, -17.715639193], [-16.98313380273724, -17.770251531660985], [-16.991721706224947, -17.83914136108945], [-16.949062492090402, -17.889473025769245], [-16.92973524632118, -17.94825391703957]]]}}, {"type": "Feature", "properties": {"pcode": "XK09050501", "area_name": "Chasama", "parent_pcode": "XK090505", "level": "village"}, "geometry": {"type": "Polygon", "coordinates": [[[-17.169118042665755, -16.87122031885141], [-17.20673517872144, -16.89228128696053], [-17.386475588, -16.912634417], [-17.38051461253525, -17.017300828978694], [-17.36025792823149, -17.12289799019318], [-17.40007636889328, -17.22458384646426], [-17.413517907, -17.327987021], [-17.412556574790425, -17.328832784072127], [-17.4115280847007, -17.329615381447603], [-17.41079217816565, -17.330673169821047], [-17.410024571, -17.331701142], [-17.232489803871392, -17.405340749569422], [-17.103803085, -17.398072288], [-17.077071318290972, -17.324359601151283], [-17.06830973785536, -17.244553200254522], [-17.044016004106936, -17.170013773188668], [-17.00310279, -17.101110034], [-17.035565108331248, -17.03710827414689], [-17.079144619723813, -16.981134814379867], [-17.12057183782372, -16.92360707231051], [-17.169118042665755, -16.87122031885141]]]}}, {"type": "Feature", "properties": {"pcode": "XK09050502", "area_name": "Mwoha", "parent_pcode": "XK090505", "level": "village"}, "geometry": {"type": "Polygon", "coordinates": [[[-16.716393160364326, -17.08597329684265], [-16.71653214818842, -17.030746671840138], [-16.739228343781956, -16.782612282546427], [-16.7346522, -16.65881016], [-16.88379435382545, -16.757739935045997], [-17.052660456957184, -16.806018398773222], [-17.169118043, -16.871220319], [-17.12057183782372, -16.92360707231051], [-17.079144619723813, -16.981134814379867], [-17.035565108331248, -17.03710827414689], [-17.00310279, -17.101110034], [-16.930971200412657, -17.105928653525652], [-16.859905459910934, -17.090558694959842], [-16.789020047562428, -17.071773084917396], [-16.716393160364326, -17.08597329684265]]]}}, {"type": "Feature", "properties": {"pcode": "XK09050503", "area_name": "Gilure", "parent_pcode": "XK090505", "level": "village"}, "geometry": {"type": "Polygon", "coordinates": [[[-16.674486010355164, -17.42412727067679], [-16.71590506812814, -17.279916090539906], [-16.71639316, -17.085973297], [-16.789020047562428, -17.071773084917396], [-16.859905459910934, -17.090558694959842], [-16.930971200412657, -17.105928653525652], [-17.00310279, -17.101110034], [-17.044016004106936, -17.170013773188668], [-17.06830973785536, -17.244553200254522], [-17.077071318290972, -17.324359601151283], [-17.103803085054125, -17.398072287668587], [-17.04436646552975, -17.394715198386194], [-16.858045056684855, -17.39842962490624], [-16.674486010355164, -17.42412727067679]]]}}]}