{"type": "FeatureCollection", "features": [{"type": "Feature", "properties": {"pcode": "XK010101", "area_name": "Kwetu", "parent_pcode": "XK0101", "level": "ward"}, "geometry": {"type": "Polygon", "coordinates": [[[-27.824309384987302, -15.488123938696702], [-27.82699492201969, -15.491042045345061], [-27.775895272753377, -15.74896093016385], [-27.768458822, -15.800581626], [-27.70196247194606, -15.791837231882992], [-27.63573835667086, -15.773692384512778], [-27.56797207109869, -15.808799733104808], [-27.501684215, -15.7928559], [-27.501933552980724, -15.738632323296203], [-27.523231267731845, -15.688875005110237], [-27.52341919114462, -15.634638396839195], [-27.54576714, -15.585103928], [-27.612010560745226, -15.551116153489483], [-27.689836370758165, -15.550394877999612], [-27.754574334133537, -15.512083185948214], [-27.824309384987302, -15.488123938696702]]]}}, {"type": "Feature", "properties": {"pcode": "XK010102", "area_name": "Msitu", "parent_pcode": "XK0101", "level": "ward"}, "geometry": {"type": "Polygon", "coordinates": [[[-27.76845882162746, -15.800581626266993], [-27.73840442739178, -16.009206509982953], [-27.653118691, -16.066307756], [-27.556546384165067, -15.919063812819035], [-27.460929681, -15.832305558], [-27.470730997101253, -15.82204301480697], [-27.481708235009386, -15.812995289376358], [-27.4928528780566, -15.804120506343185], [-27.501684215, -15.7928559], [-27.56797207109869, -15.808799733104808], [-27.63573835667086, -15.773692384512778], [-27.70196247194606, -15.791837231882992], [-27.76845882162746, -15.800581626266993]]]}}, {"type": "Feature", "properties": {"pcode": "XK010103", "area_name": "Mtai", "parent_pcode": "XK0101", "level": "ward"}, "geometry": {"type": "Polygon", "coordinates": [[[-27.541340212480268, -15.177710332842004], [-27.660339898613636, -15.309954566036934], [-27.824309385, -15.488123939], [-27.754574334133537, -15.512083185948214], [-27.689836370758165, -15.550394877999612], [-27.612010560745226, -15.551116153489483], [-27.54576714, -15.585103928], [-27.48337586581858, -15.553420864742245], [-27.445618307971547, -15.492764750105824], [-27.38658042677568, -15.457137579270292], [-27.338373305522023, -15.408771763345385], [-27.35905374766357, -15.375392184654357], [-27.456866322180744, -15.282846280186595], [-27.541340212480268, -15.177710332842004]]]}}, {"type": "Feature", "properties": {"pcode": "XK010104", "area_name": "Mwana", "parent_pcode": "XK0101", "level": "ward"}, "geometry": {"type": "Polygon", "coordinates": [[[-27.46092968143262, -15.832305558434856], [-27.42815941502719, -15.802571306700667], [-27.32158109761798, -15.664998979754143], [-27.17221879, -15.56878083], [-27.286781243464453, -15.492044707100463], [-27.338373306, -15.408771763], [-27.38658042677568, -15.457137579270292], [-27.445618307971547, -15.492764750105824], [-27.48337586581858, -15.553420864742245], [-27.54576714, -15.585103928], [-27.52341919114462, -15.634638396839195], [-27.523231267731845, -15.688875005110237], [-27.501933552980724, -15.738632323296203], [-27.501684215, -15.7928559], [-27.4928528780566, -15.804120506343185], [-27.481708235009386, -15.812995289376358], [-27.470730997101253, -15.82204301480697], [-27.46092968143262, -15.832305558434856]]]}}, {"type": "Feature", "properties": {"pcode": "XK010201", "area_name": "Soko", "parent_pcode": "XK0102", "level": "ward"}, "geometry": {"type": "Polygon", "coordinates": [[[-27.65311869123142, -16.066307756228774], [-27.519263915719126, -16.155927367218993], [-27.32693227960091, -16.336366042542007], [-27.323552269, -16.340155233], [-27.000942649, -16.102816359], [-27.009862460100944, -16.091297320222044], [-27.024570328623184, -16.086136296824236], [-27.031635758018073, -16.072580272828347], [-27.043389693, -16.064174438], [-27.179784742656665, -16.028793810128455], [-27.319996912975487, -16.019135554714335], [-27.462415507533404, -16.0243456964771], [-27.597763180096536, -15.98190712424054], [-27.65311869123142, -16.066307756228774]]]}}, {"type": "Feature", "properties": {"pcode": "XK010202", "area_name": "Jumba", "parent_pcode": "XK0102", "level": "ward"}, "geometry": {"type": "Polygon", "coordinates": [[[-27.251762207858384, -15.62002214123516], [-27.32158109761798, -15.664998979754143], [-27.42815941502719, -15.802571306700667], [-27.556546384165067, -15.919063812819035], [-27.59776318, -15.981907124], [-27.462415507533404, -16.0243456964771], [-27.319996912975487, -16.019135554714335], [-27.179784742656665, -16.028793810128455], [-27.043389693, -16.064174438], [-27.120812146955647, -15.965019529123683], [-27.177062471279314, -15.855931788808427], [-27.186683384926862, -15.724968021641162], [-27.251762207858384, -15.62002214123516]]]}}, {"type": "Feature", "properties": {"pcode": "XK010203", "area_name": "Wingi", "parent_pcode": "XK0102", "level": "ward"}, "geometry": {"type": "Polygon", "coordinates": [[[-27.00094264916337, -16.1028163589047], [-26.999931654488268, -16.102072585864], [-26.707560768, -15.976986161], [-26.74422679540813, -15.867109605434296], [-26.808079161933623, -15.773855087224408], [-26.89420591917065, -15.694219385173868], [-26.943068143, -15.591799723], [-26.999897615818696, -15.581483777363822], [-27.056354636913387, -15.567460114178774], [-27.116043383785826, -15.585607939557356], [-27.17221879, -15.56878083], [-27.251762208, -15.620022141], [-27.186683384926862, -15.724968021641162], [-27.177062471279314, -15.855931788808427], [-27.120812146955647, -15.965019529123683], [-27.043389693, -16.064174438], [-27.031635758018073, -16.072580272828347], [-27.024570328623184, -16.086136296824236], [-27.009862460100944, -16.091297320222044], [-27.00094264916337, -16.1028163589047]]]}}, {"type": "Feature", "properties": {"pcode": "XK010301", "area_name": "Upande", "parent_pcode": "XK0103", "level": "ward"}, "geometry": {"type": "Polygon", "coordinates": [[[-27.363501902888242, -14.992138376204498], [-27.495721207884973, -15.127013978272972], [-27.541340212, -15.177710333], [-27.456866322180744, -15.282846280186595], [-27.35905374766357, -15.375392184654357], [-27.286781243464453, -15.492044707100463], [-27.17221879, -15.56878083], [-27.116043383785826, -15.585607939557356], [-27.056354636913387, -15.567460114178774], [-26.999897615818696, -15.581483777363822], [-26.991386298, -15.583028791], [-27.03716704750495, -15.474380181160416], [-27.056639330158802, -15.360950630053937], [-27.049690251455523, -15.242719621775707], [-27.073692958, -15.130113368], [-27.153111600102747, -15.110252175518658], [-27.21797412865435, -15.059816660470542], [-27.28830644575642, -15.020870137928995], [-27.363501902888242, -14.992138376204498]]]}}, {"type": "Feature", "properties": {"pcode": "XK010302", "area_name": "Mkunge", "parent_pcode": "XK0103", "level": "ward"}, "geometry": {"type": "Polygon", "coordinates": [[[-26.97361454177169, -14.675526954400096], [-27.14802812679181, -14.778634546255532], [-27.323435236764777, -14.951266767354241], [-27.363501903, -14.992138376], [-27.28830644575642, -15.020870137928995], [-27.21797412865435, -15.059816660470542], [-27.153111600102747, -15.110252175518658], [-27.073692958, -15.130113368], [-26.992042532754564, -15.110630601493309], [-26.91848693359483, -15.07617980236194], [-26.86429483852214, -15.005924211647134], [-26.78838916487155, -14.975818903470213], [-26.849045622476712, -14.919199950796218], [-26.91037854451416, -14.796702746924225], [-26.97361454177169, -14.675526954400096]]]}}, {"type": "Feature", "properties": {"pcode": "XK010303", "area_name": "Pika", "parent_pcode": "XK0103", "level": "ward"}, "geometry": {"type": "Polygon", "coordinates": [[[-27.073692958, -15.130113368], [-27.049690251455523, -15.242719621775707], [-27.056639330158802, -15.360950630053937], [-27.03716704750495, -15.474380181160416], [-26.991386297845658, -15.583028790701922], [-26.943068143, -15.591799723], [-26.90633893905917, -15.45458487053567], [-26.77322015341821, -15.374459828103854], [-26.733011226565925, -15.239305952733492], [-26.664256906, -15.121058999], [-26.74762968436674, -15.01386529109048], [-26.788389165, -14.975818903], [-26.86429483852214, -15.005924211647134], [-26.91848693359483, -15.07617980236194], [-26.992042532754564, -15.110630601493309], [-27.073692958, -15.130113368]]]}}, {"type": "Feature", "properties": {"pcode": "XK010401", "area_name": "Shimo", "parent_pcode": "XK0104", "level": "ward"}, "geometry": {"type": "Polygon", "coordinates": [[[-26.792010199498403, -14.566753292000968], [-26.934577622242873, -14.652449607726636], [-26.973614542, -14.675526954], [-26.91037854451416, -14.796702746924225], [-26.849045622476712, -14.919199950796218], [-26.74762968436674, -15.01386529109048], [-26.685340331, -15.093951704], [-26.672347343557664, -15.07476806345445], [-26.658476636200238, -15.056079292685634], [-26.65205796913947, -15.033188965754741], [-26.639975951, -15.013491709], [-26.657680878513574, -14.927954435683901], [-26.610660360821758, -14.843609224184453], [-26.656941628811623, -14.757545654537235], [-26.633700671, -14.67276249], [-26.670819800283926, -14.642589142755764], [-26.721167935463033, -14.632171417841343], [-26.75730604816241, -14.600533063075215], [-26.792010199498403, -14.566753292000968]]]}}, {"type": "Feature", "properties": {"pcode": "XK010402", "area_name": "Mbegu", "parent_pcode": "XK0104", "level": "ward"}, "geometry": {"type": "Polygon", "coordinates": [[[-26.546071640922786, -14.31898199339524], [-26.563013213618735, -14.333131134191936], [-26.722056947612806, -14.52470486435723], [-26.792010199, -14.566753292], [-26.75730604816241, -14.600533063075215], [-26.721167935463033, -14.632171417841343], [-26.670819800283926, -14.642589142755764], [-26.633700671, -14.67276249], [-26.578868985697472, -14.661974167709657], [-26.53066425859611, -14.63196854373114], [-26.479039368909323, -14.611880938582916], [-26.424384089, -14.600581064], [-26.442030477029107, -14.524660612848903], [-26.48593626949857, -14.460087651701864], [-26.526931883780676, -14.394257113751587], [-26.546071640922786, -14.31898199339524]]]}}, {"type": "Feature", "properties": {"pcode": "XK010403", "area_name": "Damu", "parent_pcode": "XK0104", "level": "ward"}, "geometry": {"type": "Polygon", "coordinates": [[[-26.633700671, -14.67276249], [-26.656941628811623, -14.757545654537235], [-26.610660360821758, -14.843609224184453], [-26.657680878513574, -14.927954435683901], [-26.639975951, -15.013491709], [-26.54931806783177, -14.935985475692673], [-26.441413424269363, -14.88911449311323], [-26.320435891253116, -14.865464755393866], [-26.2320848879378, -14.783860833896824], [-26.308991121832992, -14.662203249276985], [-26.304571445, -14.636408364], [-26.332918276438416, -14.622079697083109], [-26.362133403074687, -14.610654758424506], [-26.39644467019037, -14.616272188714541], [-26.424384089, -14.600581064], [-26.479039368909323, -14.611880938582916], [-26.53066425859611, -14.63196854373114], [-26.578868985697472, -14.661974167709657], [-26.633700671, -14.67276249]]]}}, {"type": "Feature", "properties": {"pcode": "XK010404", "area_name": "Kobe", "parent_pcode": "XK0104", "level": "ward"}, "geometry": {"type": "Polygon", "coordinates": [[[-26.314608937466083, -14.138291581909494], [-26.371907746237532, -14.173525044868148], [-26.546071641, -14.318981993], [-26.526931883780676, -14.394257113751587], [-26.48593626949857, -14.460087651701864], [-26.442030477029107, -14.524660612848903], [-26.424384089, -14.600581064], [-26.39644467019037, -14.616272188714541], [-26.362133403074687, -14.610654758424506], [-26.332918276438416, -14.622079697083109], [-26.304571444546436, -14.636408363844685], [-26.262338539909983, -14.389921377139993], [-26.314608937466083, -14.138291581909494]]]}}, {"type": "Feature", "properties": {"pcode": "XK010405", "area_name": "Uzima", "parent_pcode": "XK0104", "level": "ward"}, "geometry": {"type": "Polygon", "coordinates": [[[-26.68534033071929, -15.093951704324624], [-26.664256906, -15.121058999], [-26.524681617366404, -15.13546391838322], [-26.38386196178295, -15.120282747303474], [-26.244869763065907, -15.148551222787338], [-26.104522471, -15.144600975], [-26.162373881776904, -14.894136323950217], [-26.232084888, -14.783860834], [-26.320435891253116, -14.865464755393866], [-26.441413424269363, -14.88911449311323], [-26.54931806783177, -14.935985475692673], [-26.639975951, -15.013491709], [-26.65205796913947, -15.033188965754741], [-26.658476636200238, -15.056079292685634], [-26.672347343557664, -15.07476806345445], [-26.68534033071929, -15.093951704324624]]]}}, {"type": "Feature", "properties": {"pcode": "XK010501", "area_name": "Hasara", "parent_pcode": "XK0105", "level": "ward"}, "geometry": {"type": "Polygon", "coordinates": [[[-26.745105215626815, -15.279957360722337], [-26.77322015341821, -15.374459828103854], [-26.90633893905917, -15.45458487053567], [-26.943068143, -15.591799723], [-26.89420591917065, -15.694219385173868], [-26.808079161933623, -15.773855087224408], [-26.798604992, -15.787691836], [-26.745819436821275, -15.709584342187151], [-26.655751830072333, -15.659951689901641], [-26.647657285924137, -15.547710627704172], [-26.57010592, -15.48851847], [-26.61620434931812, -15.438348858706007], [-26.65730962165081, -15.383989593063424], [-26.709758187462445, -15.339148249446932], [-26.745105215626815, -15.279957360722337]]]}}, {"type": "Feature", "properties": {"pcode": "XK010502", "area_name": "Haraka", "parent_pcode": "XK0105", "level": "ward"}, "geometry": {"type": "Polygon", "coordinates": [[[-26.70756076765072, -15.97698616079308], [-26.635413050309186, -15.946118860232152], [-26.252744476710173, -15.826612828629202], [-26.21574778, -15.806086765], [-26.22860399884275, -15.774413380677052], [-26.22985506566797, -15.738916892542441], [-26.24858181076442, -15.70917744508332], [-26.258433097, -15.676514141], [-26.293138679382597, -15.62797089687746], [-26.34841177222379, -15.597677993606695], [-26.372220641753685, -15.539465678250373], [-26.415983956, -15.498959707], [-26.454755857757636, -15.499912835692951], [-26.493546628554583, -15.501144488223465], [-26.53149359038558, -15.489920768361484], [-26.57010592, -15.48851847], [-26.647657285924137, -15.547710627704172], [-26.655751830072333, -15.659951689901641], [-26.745819436821275, -15.709584342187151], [-26.79860499174503, -15.787691836345099], [-26.74422679540813, -15.867109605434296], [-26.70756076765072, -15.97698616079308]]]}}, {"type": "Feature", "properties": {"pcode": "XK010503", "area_name": "Changa", "parent_pcode": "XK0105", "level": "ward"}, "geometry": {"type": "Polygon", "coordinates": [[[-26.268318809949417, -15.143782114786566], [-26.38386196178295, -15.120282747303474], [-26.524681617366404, -15.13546391838322], [-26.664256906, -15.121058999], [-26.733011226565925, -15.239305952733492], [-26.745105216, -15.279957361], [-26.709758187462445, -15.339148249446932], [-26.65730962165081, -15.383989593063424], [-26.61620434931812, -15.438348858706007], [-26.57010592, -15.48851847], [-26.53149359038558, -15.489920768361484], [-26.493546628554583, -15.501144488223465], [-26.454755857757636, -15.499912835692951], [-26.415983956, -15.498959707], [-26.37795585612683, -15.410627545604369], [-26.377644316916236, -15.306614717516066], [-26.29005253560711, -15.23888866534688], [-26.268318809949417, -15.143782114786566]]]}}, {"type": "Feature", "properties": {"pcode": "XK010504", "area_name": "Wimbo", "parent_pcode": "XK0105", "level": "ward"}, "geometry": {"type": "Polygon", "coordinates": [[[-26.258433097, -15.676514141], [-26.17050689744384, -15.570353856661749], [-26.130843359904716, -15.427909219199131], [-26.007480007278694, -15.34839094178654], [-25.927463639469707, -15.23628396699537], [-25.962608287875508, -15.199108472501864], [-26.049870489989612, -15.199753907386786], [-26.104522471, -15.144600975], [-26.244869763065907, -15.148551222787338], [-26.26831881, -15.143782115], [-26.29005253560711, -15.23888866534688], [-26.377644316916236, -15.306614717516066], [-26.37795585612683, -15.410627545604369], [-26.415983956, -15.498959707], [-26.372220641753685, -15.539465678250373], [-26.34841177222379, -15.597677993606695], [-26.293138679382597, -15.62797089687746], [-26.258433097, -15.676514141]]]}}, {"type": "Feature", "properties": {"pcode": "XK010505", "area_name": "Nguvu", "parent_pcode": "XK0105", "level": "ward"}, "geometry": {"type": "Polygon", "coordinates": [[[-26.21574777992593, -15.806086765068573], [-25.906284803, -15.634394228], [-25.845465498, -15.296001555], [-25.908915957217047, -15.255903433705903], [-25.927463639, -15.236283967], [-26.007480007278694, -15.34839094178654], [-26.130843359904716, -15.427909219199131], [-26.17050689744384, -15.570353856661749], [-26.258433097, -15.676514141], [-26.24858181076442, -15.70917744508332], [-26.22985506566797, -15.738916892542441], [-26.22860399884275, -15.774413380677052], [-26.21574777992593, -15.806086765068573]]]}}, {"type": "Feature", "properties": {"pcode": "XK010601", "area_name": "Moyo", "parent_pcode": "XK0106", "level": "ward"}, "geometry": {"type": "Polygon", "coordinates": [[[-26.30066889636931, -14.205398965211636], [-26.262338539909983, -14.389921377139993], [-26.308991121832992, -14.662203249276985], [-26.214224066, -14.812114778], [-26.16148530853831, -14.773634249525964], [-26.101871475059387, -14.750665643573898], [-26.040589967471114, -14.731459735155854], [-25.980885272, -14.708696137], [-25.994506828228978, -14.612965725745823], [-26.019748934659045, -14.518892593325804], [-26.011876907826792, -14.420096848704345], [-26.035493622, -14.325791909], [-26.103280271007613, -14.29898175389361], [-26.168510630320412, -14.266541162337006], [-26.2387921806114, -14.245226230700043], [-26.30066889636931, -14.205398965211636]]]}}, {"type": "Feature", "properties": {"pcode": "XK010602", "area_name": "Wingu", "parent_pcode": "XK0106", "level": "ward"}, "geometry": {"type": "Polygon", "coordinates": [[[-25.7604115790486, -13.848777058625092], [-25.892552986902476, -13.87771841743374], [-26.01842067259352, -13.947724799216052], [-26.15772228753912, -13.984312062915581], [-26.248354675311916, -14.09755134417134], [-26.314608937, -14.138291582], [-26.300668896, -14.205398965], [-26.2387921806114, -14.245226230700043], [-26.168510630320412, -14.266541162337006], [-26.103280271007613, -14.29898175389361], [-26.035493622, -14.325791909], [-25.94837360513518, -14.302451609734977], [-25.866975583466296, -14.25943041587284], [-25.776577835818664, -14.247363924404791], [-25.68914622441712, -14.2250953613873], [-25.7604115790486, -13.848777058625092]]]}}, {"type": "Feature", "properties": {"pcode": "XK010603", "area_name": "Joto", "parent_pcode": "XK0106", "level": "ward"}, "geometry": {"type": "Polygon", "coordinates": [[[-26.21422406621668, -14.812114777951322], [-26.162373881776904, -14.894136323950217], [-26.104522471, -15.144600975], [-26.049870489989612, -15.199753907386786], [-25.962608287875508, -15.199108472501864], [-25.908915957217047, -15.255903433705903], [-25.845465497956834, -15.296001555412095], [-25.826685849735384, -15.191513427055373], [-25.779782597, -14.750936247], [-25.830251931537443, -14.741298250903577], [-25.878893809509933, -14.722959841771813], [-25.929902231493752, -14.71588840924556], [-25.980885272, -14.708696137], [-26.040589967471114, -14.731459735155854], [-26.101871475059387, -14.750665643573898], [-26.16148530853831, -14.773634249525964], [-26.21422406621668, -14.812114777951322]]]}}, {"type": "Feature", "properties": {"pcode": "XK010604", "area_name": "Barafu", "parent_pcode": "XK0106", "level": "ward"}, "geometry": {"type": "Polygon", "coordinates": [[[-25.779782597123493, -14.750936247293351], [-25.779257569201345, -14.746004492919079], [-25.673972206467894, -14.305222103340142], [-25.689146224, -14.225095361], [-25.776577835818664, -14.247363924404791], [-25.866975583466296, -14.25943041587284], [-25.94837360513518, -14.302451609734977], [-26.035493622, -14.325791909], [-26.011876907826792, -14.420096848704345], [-26.019748934659045, -14.518892593325804], [-25.994506828228978, -14.612965725745823], [-25.980885272, -14.708696137], [-25.929902231493752, -14.71588840924556], [-25.878893809509933, -14.722959841771813], [-25.830251931537443, -14.741298250903577], [-25.779782597123493, -14.750936247293351]]]}}, {"type": "Feature", "properties": {"pcode": "XK020101", "area_name": "Uhuruumeme", "parent_pcode": "XK0201", "level": "ward"}, "geometry": {"type": "Polygon", "coordinates": [[[-27.323552269392472, -16.340155233241692], [-27.16223873859433, -16.52099721091009], [-27.043964076, -16.651595651], [-26.953812143258, -16.587426611783634], [-26.84192204320062, -16.56800095250668], [-26.75521667213131, -16.496737901354138], [-26.651330379, -16.460838113], [-26.65302936720639, -16.41250090059806], [-26.630446945711967, -16.369015482028633], [-26.634689887646207, -16.3201699490984], [-26.61444055, -16.276218345], [-26.649640624754678, -16.20657188753788], [-26.67254718506959, -16.131447203224237], [-26.719892284957236, -16.067212802918082], [-26.741343458217596, -15.991439569742226], [-26.999931654488268, -16.102072585864], [-27.323552269392472, -16.340155233241692]]]}}, {"type": "Feature", "properties": {"pcode": "XK020102", "area_name": "Mahaba", "parent_pcode": "XK0201", "level": "ward"}, "geometry": {"type": "Polygon", "coordinates": [[[-27.04396407587453, -16.651595651142788], [-26.99615868788347, -16.70438218177228], [-26.892219831430243, -16.92928607807973], [-26.769557734, -17.134278523], [-26.62098621458587, -16.894547297923072], [-26.428329091, -16.766748834], [-26.481552500797484, -16.68842909776065], [-26.520257385527163, -16.599525718753256], [-26.579861431993812, -16.525857307550282], [-26.651330379, -16.460838113], [-26.75521667213131, -16.496737901354138], [-26.84192204320062, -16.56800095250668], [-26.953812143258, -16.587426611783634], [-27.04396407587453, -16.651595651142788]]]}}, {"type": "Feature", "properties": {"pcode": "XK020103", "area_name": "Eneza", "parent_pcode": "XK0201", "level": "ward"}, "geometry": {"type": "Polygon", "coordinates": [[[-26.42832909138276, -16.766748834179932], [-26.390382885461143, -16.74157734432772], [-26.191133379082537, -16.555445894760773], [-25.977066078, -16.384986545], [-25.977567873, -16.265607887], [-26.13640632172383, -16.291052508029335], [-26.29678235711667, -16.224206396838376], [-26.45542875488495, -16.261178513304678], [-26.61444055, -16.276218345], [-26.634689887646207, -16.3201699490984], [-26.630446945711967, -16.369015482028633], [-26.65302936720639, -16.41250090059806], [-26.651330379, -16.460838113], [-26.579861431993812, -16.525857307550282], [-26.520257385527163, -16.599525718753256], [-26.481552500797484, -16.68842909776065], [-26.42832909138276, -16.766748834179932]]]}}, {"type": "Feature", "properties": {"pcode": "XK020104", "area_name": "Mwali", "parent_pcode": "XK0201", "level": "ward"}, "geometry": {"type": "Polygon", "coordinates": [[[-25.977567873452674, -16.26560788717112], [-25.97778955397484, -16.212869419610865], [-26.055363539117177, -16.04596878438551], [-26.032455883411867, -15.87224761541483], [-26.023597166017367, -15.699480066170496], [-26.252744476710173, -15.826612828629202], [-26.635413050309186, -15.946118860232152], [-26.741343458, -15.99143957], [-26.719892284957236, -16.067212802918082], [-26.67254718506959, -16.131447203224237], [-26.649640624754678, -16.20657188753788], [-26.61444055, -16.276218345], [-26.45542875488495, -16.261178513304678], [-26.29678235711667, -16.224206396838376], [-26.13640632172383, -16.291052508029335], [-25.977567873452674, -16.26560788717112]]]}}, {"type": "Feature", "properties": {"pcode": "XK020201", "area_name": "Cheka", "parent_pcode": "XK0202", "level": "ward"}, "geometry": {"type": "Polygon", "coordinates": [[[-26.76955773384572, -17.134278523186637], [-26.765002649668205, -17.141890963065002], [-26.544726978451234, -17.203530095873248], [-26.316512004243698, -17.218979353813086], [-26.213482131, -17.226646203], [-26.28451488136927, -17.122975204263998], [-26.387464264634232, -17.039191766942828], [-26.388240220716146, -16.891743082892532], [-26.479073877926115, -16.800410220041993], [-26.62098621458587, -16.894547297923072], [-26.76955773384572, -17.134278523186637]]]}}, {"type": "Feature", "properties": {"pcode": "XK020202", "area_name": "Sura", "parent_pcode": "XK0202", "level": "ward"}, "geometry": {"type": "Polygon", "coordinates": [[[-26.21348213050946, -17.226646203312363], [-26.087597278217714, -17.236013779742176], [-26.018386651, -17.222642683], [-26.022056922411835, -17.130207218740328], [-26.018056422112064, -17.03853631228653], [-25.999233929433625, -16.94834273697981], [-25.982040825, -16.857986758], [-26.04987295351887, -16.793695060006662], [-26.14771951094122, -16.770789725420297], [-26.214274702301253, -16.70473728143797], [-26.28207155679721, -16.640396945062726], [-26.390382885461143, -16.74157734432772], [-26.479073878, -16.80041022], [-26.388240220716146, -16.891743082892532], [-26.387464264634232, -17.039191766942828], [-26.28451488136927, -17.122975204263998], [-26.21348213050946, -17.226646203312363]]]}}, {"type": "Feature", "properties": {"pcode": "XK020203", "area_name": "Tano", "parent_pcode": "XK0202", "level": "ward"}, "geometry": {"type": "Polygon", "coordinates": [[[-25.982040825, -16.857986758], [-25.907858649921018, -16.80392016280186], [-25.8183555047307, -16.772910228332993], [-25.74765535133781, -16.7136035085158], [-25.676511313205047, -16.65496479495505], [-25.722544470269867, -16.63427185293616], [-25.828564735217007, -16.48571185765111], [-25.977066078, -16.384986545], [-26.191133379082537, -16.555445894760773], [-26.282071557, -16.640396945], [-26.214274702301253, -16.70473728143797], [-26.14771951094122, -16.770789725420297], [-26.04987295351887, -16.793695060006662], [-25.982040825, -16.857986758]]]}}, {"type": "Feature", "properties": {"pcode": "XK020204", "area_name": "Tanzu", "parent_pcode": "XK0202", "level": "ward"}, "geometry": {"type": "Polygon", "coordinates": [[[-26.018386650875897, -17.222642683451582], [-25.86221714446435, -17.19247163041994], [-25.697023494, -17.357239601], [-25.63313316293781, -17.232758121001577], [-25.55125219861672, -17.11735289611069], [-25.512016520497042, -16.980433170249896], [-25.444936197, -16.857561038], [-25.552481957903385, -16.71071878667636], [-25.676511313, -16.654964795], [-25.74765535133781, -16.7136035085158], [-25.8183555047307, -16.772910228332993], [-25.907858649921018, -16.80392016280186], [-25.982040825, -16.857986758], [-25.999233929433625, -16.94834273697981], [-26.018056422112064, -17.03853631228653], [-26.022056922411835, -17.130207218740328], [-26.018386650875897, -17.222642683451582]]]}}, {"type": "Feature", "properties": {"pcode": "XK020301", "area_name": "Walizo", "parent_pcode": "XK0203", "level": "ward"}, "geometry": {"type": "Polygon", "coordinates": [[[-25.524775662695085, -15.868447217747908], [-25.643712666579617, -15.83323726651293], [-25.906284803, -15.634394228], [-26.023597166, -15.699480066], [-26.032455883411867, -15.87224761541483], [-26.055363539117177, -16.04596878438551], [-25.97778955397484, -16.212869419610865], [-25.977549397, -16.270003387], [-25.91742145114264, -16.23993904330891], [-25.846218211285617, -16.24905916335829], [-25.78532596503681, -16.221698919529132], [-25.72335463, -16.198156499], [-25.666619341389428, -16.11999970903889], [-25.624539577400753, -16.033016115866676], [-25.569151280134857, -15.954048053171679], [-25.524775662695085, -15.868447217747908]]]}}, {"type": "Feature", "properties": {"pcode": "XK020302", "area_name": "Hatua", "parent_pcode": "XK0203", "level": "ward"}, "geometry": {"type": "Polygon", "coordinates": [[[-25.411539847, -16.453316975], [-25.48514777614765, -16.384216181355853], [-25.587758256185566, -16.350557491653763], [-25.629253606842138, -16.242214034526874], [-25.72335463, -16.198156499], [-25.78532596503681, -16.221698919529132], [-25.846218211285617, -16.24905916335829], [-25.91742145114264, -16.23993904330891], [-25.97754939743864, -16.270003386863223], [-25.977066078, -16.384986545], [-25.828564735217007, -16.48571185765111], [-25.722544470269867, -16.63427185293616], [-25.552481957903385, -16.71071878667636], [-25.454011839, -16.845169218], [-25.41733491429747, -16.75003062628446], [-25.421137729624522, -16.650504525691765], [-25.440861989275735, -16.549252735204355], [-25.411539847, -16.453316975]]]}}, {"type": "Feature", "properties": {"pcode": "XK020303", "area_name": "Nyumbani", "parent_pcode": "XK0203", "level": "ward"}, "geometry": {"type": "Polygon", "coordinates": [[[-25.06754102192264, -16.16134169461204], [-25.067643447281025, -16.161227725339614], [-25.308384853777405, -15.932507262820895], [-25.524775663, -15.868447218], [-25.569151280134857, -15.954048053171679], [-25.624539577400753, -16.033016115866676], [-25.666619341389428, -16.11999970903889], [-25.72335463, -16.198156499], [-25.629253606842138, -16.242214034526874], [-25.587758256185566, -16.350557491653763], [-25.48514777614765, -16.384216181355853], [-25.411539847, -16.453316975], [-25.31141181054714, -16.396968841542353], [-25.254695467036264, -16.289474010448853], [-25.16924664109605, -16.21583115543712], [-25.06754102192264, -16.16134169461204]]]}}, {"type": "Feature", "properties": {"pcode": "XK020304", "area_name": "Pamoja", "parent_pcode": "XK0203", "level": "ward"}, "geometry": {"type": "Polygon", "coordinates": [[[-25.444936197, -16.857561038], [-25.315509711758992, -16.787601847299282], [-25.165462617305224, -16.799139433816876], [-25.02625535686672, -16.767835825454604], [-24.891835009729355, -16.717613376178985], [-24.842681611, -16.411544026], [-25.067541022, -16.161341695], [-25.16924664109605, -16.21583115543712], [-25.254695467036264, -16.289474010448853], [-25.31141181054714, -16.396968841542353], [-25.411539847, -16.453316975], [-25.440861989275735, -16.549252735204355], [-25.421137729624522, -16.650504525691765], [-25.41733491429747, -16.75003062628446], [-25.45401183873405, -16.845169218431845], [-25.444936197, -16.857561038]]]}}, {"type": "Feature", "properties": {"pcode": "XK020401", "area_name": "Karibu", "parent_pcode": "XK0204", "level": "ward"}, "geometry": {"type": "Polygon", "coordinates": [[[-25.69702349381851, -17.35723960139335], [-25.696858384722333, -17.357404285027737], [-25.54547635420055, -17.535251918732815], [-25.328621756, -17.618867516], [-25.308077757403645, -17.531951758571065], [-25.296545546849266, -17.441881085093073], [-25.23445289409406, -17.36951099997819], [-25.211225815, -17.283534556], [-25.24077503361748, -17.246479648581566], [-25.274402347360002, -17.21202763117865], [-25.276429731238714, -17.157406603634605], [-25.312658152, -17.124614772], [-25.37081343595493, -17.10844168217767], [-25.413050182225387, -17.06176357783269], [-25.477069215795062, -17.05682730955141], [-25.522025159896607, -17.015360058951757], [-25.55125219861672, -17.11735289611069], [-25.63313316293781, -17.232758121001577], [-25.69702349381851, -17.35723960139335]]]}}, {"type": "Feature", "properties": {"pcode": "XK020402", "area_name": "Habari", "parent_pcode": "XK0204", "level": "ward"}, "geometry": {"type": "Polygon", "coordinates": [[[-24.903315124583433, -16.81470420041175], [-24.898705709407373, -16.76039598409802], [-24.89183501, -16.717613376], [-25.02625535686672, -16.767835825454604], [-25.165462617305224, -16.799139433816876], [-25.315509711758992, -16.787601847299282], [-25.444936197, -16.857561038], [-25.512016520497042, -16.980433170249896], [-25.52202516, -17.015360059], [-25.477069215795062, -17.05682730955141], [-25.413050182225387, -17.06176357783269], [-25.37081343595493, -17.10844168217767], [-25.312658152, -17.124614772], [-25.201342326619397, -17.058998384497663], [-25.11427110899114, -16.961358690846957], [-24.999825782497158, -16.899875881139284], [-24.903315124583433, -16.81470420041175]]]}}, {"type": "Feature", "properties": {"pcode": "XK020403", "area_name": "Tupa", "parent_pcode": "XK0204", "level": "ward"}, "geometry": {"type": "Polygon", "coordinates": [[[-24.889907541537454, -17.26664613125027], [-24.92819874143654, -17.107883442269916], [-24.903315125, -16.8147042], [-24.999825782497158, -16.899875881139284], [-25.11427110899114, -16.961358690846957], [-25.201342326619397, -17.058998384497663], [-25.312658152, -17.124614772], [-25.276429731238714, -17.157406603634605], [-25.274402347360002, -17.21202763117865], [-25.24077503361748, -17.246479648581566], [-25.211225815, -17.283534556], [-25.131830097428534, -17.261545056564017], [-25.052061345443114, -17.24665288998536], [-24.970809586052432, -17.259976343176305], [-24.889907541537454, -17.26664613125027]]]}}, {"type": "Feature", "properties": {"pcode": "XK020404", "area_name": "Tetemeka", "parent_pcode": "XK0204", "level": "ward"}, "geometry": {"type": "Polygon", "coordinates": [[[-25.328621756266088, -17.618867515537197], [-25.32752334490535, -17.619291045046552], [-25.146822071, -17.670872433], [-25.06737907776109, -17.634214762451485], [-24.98619560664586, -17.60588120537021], [-24.897416346838344, -17.613875721060218], [-24.812985954979986, -17.60107108099603], [-24.845778134420666, -17.449615151689287], [-24.889907542, -17.266646131], [-24.970809586052432, -17.259976343176305], [-25.052061345443114, -17.24665288998536], [-25.131830097428534, -17.261545056564017], [-25.211225815, -17.283534556], [-25.23445289409406, -17.36951099997819], [-25.296545546849266, -17.441881085093073], [-25.308077757403645, -17.531951758571065], [-25.328621756266088, -17.618867515537197]]]}}, {"type": "Feature", "properties": {"pcode": "XK020405", "area_name": "Umani", "parent_pcode": "XK0204", "level": "ward"}, "geometry": {"type": "Polygon", "coordinates": [[[-25.146822071364987, -17.67087243329211], [-25.102901653838796, -17.683409567446947], [-25.13311308591973, -17.916239106593245], [-25.183828688744853, -18.14547752518302], [-25.168668496, -18.184091613], [-25.08919592906502, -18.066007389329418], [-24.954766055572495, -18.003532798382363], [-24.84706344054103, -17.91401370471445], [-24.771695922, -17.791775707], [-24.812985955, -17.601071081], [-24.897416346838344, -17.613875721060218], [-24.98619560664586, -17.60588120537021], [-25.06737907776109, -17.634214762451485], [-25.146822071364987, -17.67087243329211]]]}}, {"type": "Feature", "properties": {"pcode": "XK030101", "area_name": "Safari", "parent_pcode": "XK0301", "level": "ward"}, "geometry": {"type": "Polygon", "coordinates": [[[-25.239229089422963, -13.661170470646038], [-25.35473068524298, -13.710297636259577], [-25.47321273638378, -13.792355238194931], [-25.610979221989357, -13.834685392007557], [-25.75314410778345, -13.847185350946688], [-25.760411579, -13.848777059], [-25.682020827, -14.262721183], [-25.555958126169386, -14.274382140492422], [-25.43370756644759, -14.265412694469468], [-25.328324420477173, -14.165160805845726], [-25.202753407, -14.174160868], [-25.19487186373438, -14.04470446734983], [-25.246248990265382, -13.91946159663684], [-25.237021799655746, -13.789909515044315], [-25.239229089422963, -13.661170470646038]]]}}, {"type": "Feature", "properties": {"pcode": "XK030102", "area_name": "Walili", "parent_pcode": "XK0301", "level": "ward"}, "geometry": {"type": "Polygon", "coordinates": [[[-25.75801565641876, -14.657074172194058], [-25.779257569201345, -14.746004492919079], [-25.814494865, -15.076999623], [-25.607845137729466, -15.093023108999185], [-25.404147962905324, -15.083531955903124], [-25.20901390293175, -15.000042190111733], [-25.006137698, -14.983456582], [-24.958991737753294, -14.711602326687231], [-24.906079611, -14.573339438], [-25.11656311007733, -14.61971389558616], [-25.327886574508945, -14.657542356455272], [-25.550137516170118, -14.584192202572043], [-25.75801565641876, -14.657074172194058]]]}}, {"type": "Feature", "properties": {"pcode": "XK030103", "area_name": "Ushindi", "parent_pcode": "XK0301", "level": "ward"}, "geometry": {"type": "Polygon", "coordinates": [[[-25.68202082679075, -14.262721183301892], [-25.673972206467894, -14.305222103340142], [-25.758015656, -14.657074172], [-25.550137516170118, -14.584192202572043], [-25.327886574508945, -14.657542356455272], [-25.11656311007733, -14.61971389558616], [-24.90607961119259, -14.573339438307547], [-24.865325467, -14.466846163], [-24.946277005925694, -14.389748804449944], [-25.042152873208465, -14.329857248375934], [-25.13204617621832, -14.263068576618238], [-25.202753407, -14.174160868], [-25.328324420477173, -14.165160805845726], [-25.43370756644759, -14.265412694469468], [-25.555958126169386, -14.274382140492422], [-25.68202082679075, -14.262721183301892]]]}}, {"type": "Feature", "properties": {"pcode": "XK030104", "area_name": "Upendo", "parent_pcode": "XK0301", "level": "ward"}, "geometry": {"type": "Polygon", "coordinates": [[[-24.981422439555445, -13.585141973668378], [-25.082283141421374, -13.6220554179892], [-25.222441051893213, -13.654029887919064], [-25.239229089, -13.661170471], [-25.237021799655746, -13.789909515044315], [-25.246248990265382, -13.91946159663684], [-25.19487186373438, -14.04470446734983], [-25.202753407, -14.174160868], [-25.13204617621832, -14.263068576618238], [-25.042152873208465, -14.329857248375934], [-24.946277005925694, -14.389748804449944], [-24.86532546735245, -14.46684616338097], [-24.860174875449292, -14.453387325876516], [-24.730399710963965, -14.203344200252623], [-24.72551201989498, -13.920335286206047], [-24.981422439555445, -13.585141973668378]]]}}, {"type": "Feature", "properties": {"pcode": "XK030201", "area_name": "Ujinga", "parent_pcode": "XK0302", "level": "ward"}, "geometry": {"type": "Polygon", "coordinates": [[[-25.814494864567436, -15.076999623327119], [-25.826685849735384, -15.191513427055373], [-25.906284803, -15.634394228], [-25.643712666579617, -15.83323726651293], [-25.472813049, -15.88383016], [-25.41636940655847, -15.845666629978806], [-25.37271939753396, -15.792283014218695], [-25.30505385832315, -15.76746973626542], [-25.265325257, -15.709420975], [-25.195168701662936, -15.537157435023925], [-25.196508837562302, -15.350563487697896], [-25.116146166904873, -15.180345605884067], [-25.121710686733916, -14.9929049463367], [-25.20901390293175, -15.000042190111733], [-25.404147962905324, -15.083531955903124], [-25.607845137729466, -15.093023108999185], [-25.814494864567436, -15.076999623327119]]]}}, {"type": "Feature", "properties": {"pcode": "XK030202", "area_name": "Tahini", "parent_pcode": "XK0302", "level": "ward"}, "geometry": {"type": "Polygon", "coordinates": [[[-25.265325257, -15.709420975], [-25.092036147169434, -15.7571475275159], [-24.92505089817637, -15.840454135471576], [-24.739388173381144, -15.818341914927283], [-24.560471016694024, -15.834302821706606], [-24.56872354573051, -15.770078616937012], [-24.709187998372013, -15.56444589969716], [-24.71581304050795, -15.315245582522738], [-24.833652271, -15.10224787], [-24.876226549873767, -15.07175568872776], [-24.915827097252073, -15.036945637387662], [-24.967393499186446, -15.019510054893477], [-25.006137698, -14.983456582], [-25.121710687, -14.992904946], [-25.116146166904873, -15.180345605884067], [-25.196508837562302, -15.350563487697896], [-25.195168701662936, -15.537157435023925], [-25.265325257, -15.709420975]]]}}, {"type": "Feature", "properties": {"pcode": "XK030203", "area_name": "Usawa", "parent_pcode": "XK0302", "level": "ward"}, "geometry": {"type": "Polygon", "coordinates": [[[-25.472813049085726, -15.88383016024244], [-25.308384853777405, -15.932507262820895], [-25.067643447281025, -16.161227725339614], [-24.842681611, -16.411544026], [-24.537722018, -16.011343865], [-24.560471017, -15.834302822], [-24.739388173381144, -15.818341914927283], [-24.92505089817637, -15.840454135471576], [-25.092036147169434, -15.7571475275159], [-25.265325257, -15.709420975], [-25.30505385832315, -15.76746973626542], [-25.37271939753396, -15.792283014218695], [-25.41636940655847, -15.845666629978806], [-25.472813049085726, -15.88383016024244]]]}}, {"type": "Feature", "properties": {"pcode": "XK030301", "area_name": "Mapicho", "parent_pcode": "XK0303", "level": "ward"}, "geometry": {"type": "Polygon", "coordinates": [[[-25.006137698, -14.983456582], [-24.967393499186446, -15.019510054893477], [-24.915827097252073, -15.036945637387662], [-24.876226549873767, -15.07175568872776], [-24.833652271, -15.10224787], [-24.663041915, -15.099579911], [-24.678329433242567, -15.006732870279734], [-24.68458679929364, -14.914435800079179], [-24.664908755992514, -14.823718294680836], [-24.640732541, -14.733274745], [-24.71126260238678, -14.702854859728626], [-24.78954830552704, -14.687717342192544], [-24.837011833832253, -14.611845223291054], [-24.914178951879947, -14.59450355153063], [-24.958991737753294, -14.711602326687231], [-25.006137698, -14.983456582]]]}}, {"type": "Feature", "properties": {"pcode": "XK030302", "area_name": "Kufa", "parent_pcode": "XK0303", "level": "ward"}, "geometry": {"type": "Polygon", "coordinates": [[[-24.378391903, -14.606004619], [-24.36840342765609, -14.581013849449592], [-24.36580392910147, -14.554082391714337], [-24.361489625746568, -14.527601321293881], [-24.351252945, -14.502675742], [-24.428706162464547, -14.395475447794066], [-24.50633496747381, -14.288461544764258], [-24.638079184071437, -14.238892691317732], [-24.72941679577557, -14.146431076587305], [-24.730399710963965, -14.203344200252623], [-24.860174875449292, -14.453387325876516], [-24.914178952, -14.594503552], [-24.837011833832253, -14.611845223291054], [-24.78954830552704, -14.687717342192544], [-24.71126260238678, -14.702854859728626], [-24.640732541, -14.733274745], [-24.582969444496502, -14.685333673267326], [-24.50453304826125, -14.680006267535054], [-24.437748273624692, -14.650661490719681], [-24.378391903, -14.606004619]]]}}, {"type": "Feature", "properties": {"pcode": "XK030303", "area_name": "Kupika", "parent_pcode": "XK0303", "level": "ward"}, "geometry": {"type": "Polygon", "coordinates": [[[-24.663041914638324, -15.099579910660017], [-24.48414748357489, -15.09678240716489], [-24.14382539055612, -15.055501894531657], [-24.094899525, -15.00946794], [-24.187826731704238, -14.924098370222852], [-24.250281232027085, -14.817317238237909], [-24.32656747939951, -14.720254944766612], [-24.378391903, -14.606004619], [-24.437748273624692, -14.650661490719681], [-24.50453304826125, -14.680006267535054], [-24.582969444496502, -14.685333673267326], [-24.640732541, -14.733274745], [-24.664908755992514, -14.823718294680836], [-24.68458679929364, -14.914435800079179], [-24.678329433242567, -15.006732870279734], [-24.663041914638324, -15.099579910660017]]]}}, {"type": "Feature", "properties": {"pcode": "XK030304", "area_name": "Kusoma", "parent_pcode": "XK0303", "level": "ward"}, "geometry": {"type": "Polygon", "coordinates": [[[-24.018991349492197, -14.266623946737132], [-24.093276350241275, -14.100879368285517], [-24.661235719874195, -14.004524847343166], [-24.72551202, -13.920335286], [-24.729416796, -14.146431077], [-24.638079184071437, -14.238892691317732], [-24.50633496747381, -14.288461544764258], [-24.428706162464547, -14.395475447794066], [-24.351252945, -14.502675742], [-24.270534432855783, -14.440359364134647], [-24.180426778009423, -14.391258948212254], [-24.104792173117, -14.32178656826101], [-24.018991349492197, -14.266623946737132]]]}}, {"type": "Feature", "properties": {"pcode": "XK030305", "area_name": "Kuzaa", "parent_pcode": "XK0303", "level": "ward"}, "geometry": {"type": "Polygon", "coordinates": [[[-24.094899524906978, -15.009467940280947], [-23.86111868483767, -14.789505424469397], [-23.516606413415275, -14.764567768762978], [-23.856547425620242, -14.62906857772163], [-24.018991349, -14.266623947], [-24.104792173117, -14.32178656826101], [-24.180426778009423, -14.391258948212254], [-24.270534432855783, -14.440359364134647], [-24.351252945, -14.502675742], [-24.361489625746568, -14.527601321293881], [-24.36580392910147, -14.554082391714337], [-24.36840342765609, -14.581013849449592], [-24.378391903, -14.606004619], [-24.32656747939951, -14.720254944766612], [-24.250281232027085, -14.817317238237909], [-24.187826731704238, -14.924098370222852], [-24.094899524906978, -15.009467940280947]]]}}, {"type": "Feature", "properties": {"pcode": "XK030401", "area_name": "Kutaka", "parent_pcode": "XK0304", "level": "ward"}, "geometry": {"type": "Polygon", "coordinates": [[[-24.833652271, -15.10224787], [-24.71581304050795, -15.315245582522738], [-24.709187998372013, -15.56444589969716], [-24.688849871, -15.59421987], [-24.494656247640332, -15.567254141187648], [-24.30091153895013, -15.609688775277478], [-24.106934247456447, -15.616167063842669], [-23.91280555740658, -15.599239694827295], [-23.908357287, -15.58106992], [-23.99090989798562, -15.453399998060135], [-24.090174116099423, -15.336230223330462], [-24.18551123363585, -15.216592993863767], [-24.231869232619143, -15.066181468409221], [-24.48414748357489, -15.09678240716489], [-24.833652271, -15.10224787]]]}}, {"type": "Feature", "properties": {"pcode": "XK030402", "area_name": "Kupiga", "parent_pcode": "XK0304", "level": "ward"}, "geometry": {"type": "Polygon", "coordinates": [[[-24.688849871079213, -15.594219869553166], [-24.56872354573051, -15.770078616937012], [-24.537722017517112, -16.011343865432224], [-24.515774766211006, -15.982542366202726], [-23.95657493092097, -15.77802370591855], [-23.912805557, -15.599239695], [-24.106934247456447, -15.616167063842669], [-24.30091153895013, -15.609688775277478], [-24.494656247640332, -15.567254141187648], [-24.688849871079213, -15.594219869553166]]]}}, {"type": "Feature", "properties": {"pcode": "XK030403", "area_name": "Kujua", "parent_pcode": "XK0304", "level": "ward"}, "geometry": {"type": "Polygon", "coordinates": [[[-23.908357286783364, -15.58106991992346], [-23.80909752260333, -15.175625259532247], [-23.353717499, -14.870777344], [-23.353323838681156, -14.858546291433349], [-23.360085817856383, -14.84807494200453], [-23.36322868701933, -14.836713586972431], [-23.36497295, -14.825008289], [-23.516606413, -14.764567769], [-23.86111868483767, -14.789505424469397], [-24.14382539055612, -15.055501894531657], [-24.231869233, -15.066181468], [-24.18551123363585, -15.216592993863767], [-24.090174116099423, -15.336230223330462], [-23.99090989798562, -15.453399998060135], [-23.908357286783364, -15.58106991992346]]]}}, {"type": "Feature", "properties": {"pcode": "XK040101", "area_name": "Kusikia", "parent_pcode": "XK0401", "level": "ward"}, "geometry": {"type": "Polygon", "coordinates": [[[-25.168668496014664, -18.184091612890885], [-25.0980328697505, -18.364005570213667], [-25.031285141907198, -18.589083711865822], [-25.026842186, -18.597953822], [-24.762244425, -18.656553748], [-24.709081430451146, -18.48113940490087], [-24.62490092393816, -18.323109969470107], [-24.456575182117895, -18.212242832170872], [-24.412151233, -18.031930369], [-24.45498253934821, -17.97461843266844], [-24.468891777854918, -17.906054077475655], [-24.48702107288631, -17.83913157734988], [-24.512140335859844, -17.774928593517178], [-24.771695922, -17.791775707], [-24.84706344054103, -17.91401370471445], [-24.954766055572495, -18.003532798382363], [-25.08919592906502, -18.066007389329418], [-25.168668496014664, -18.184091612890885]]]}}, {"type": "Feature", "properties": {"pcode": "XK040102", "area_name": "Kuweza", "parent_pcode": "XK0401", "level": "ward"}, "geometry": {"type": "Polygon", "coordinates": [[[-24.762244424900064, -18.656553747794955], [-24.688132405242275, -18.672967185438598], [-24.351224675553716, -18.691148746563275], [-24.046861521, -18.532149263], [-24.064230956068034, -18.447545291386398], [-24.117709965016225, -18.37360265127825], [-24.103196325901262, -18.279585219832466], [-24.144337917, -18.201999964], [-24.204994805830044, -18.14956738599111], [-24.286054577414625, -18.129263794274284], [-24.351571060629468, -18.08448375454897], [-24.412151233, -18.031930369], [-24.456575182117895, -18.212242832170872], [-24.62490092393816, -18.323109969470107], [-24.709081430451146, -18.48113940490087], [-24.762244424900064, -18.656553747794955]]]}}, {"type": "Feature", "properties": {"pcode": "XK040103", "area_name": "Kuwasha", "parent_pcode": "XK0401", "level": "ward"}, "geometry": {"type": "Polygon", "coordinates": [[[-24.144337917, -18.201999964], [-24.028835960663795, -18.096449276655594], [-23.90378959745238, -18.009130723457318], [-23.732313034655263, -18.01050512293243], [-23.60822815754355, -17.92134989738855], [-23.517987898757365, -17.736449256050154], [-23.898858646954775, -17.65632207451219], [-24.33450405724333, -17.7633986604149], [-24.512140336, -17.774928594], [-24.48702107288631, -17.83913157734988], [-24.468891777854918, -17.906054077475655], [-24.45498253934821, -17.97461843266844], [-24.412151233, -18.031930369], [-24.351571060629468, -18.08448375454897], [-24.286054577414625, -18.129263794274284], [-24.204994805830044, -18.14956738599111], [-24.144337917, -18.201999964]]]}}, {"type": "Feature", "properties": {"pcode": "XK040104", "area_name": "Kufanya", "parent_pcode": "XK0401", "level": "ward"}, "geometry": {"type": "Polygon", "coordinates": [[[-24.046861520995893, -18.53214926254607], [-24.020373846679327, -18.518312086507898], [-23.682868577, -18.555338438], [-23.675016467869156, -18.343897591885163], [-23.636058837485116, -18.138719741480248], [-23.612650453411906, -17.93041110081644], [-23.608228158, -17.921349897], [-23.732313034655263, -18.01050512293243], [-23.90378959745238, -18.009130723457318], [-24.028835960663795, -18.096449276655594], [-24.144337917, -18.201999964], [-24.103196325901262, -18.279585219832466], [-24.117709965016225, -18.37360265127825], [-24.064230956068034, -18.447545291386398], [-24.046861520995893, -18.53214926254607]]]}}, {"type": "Feature", "properties": {"pcode": "XK040201", "area_name": "Kuitwa", "parent_pcode": "XK0402", "level": "ward"}, "geometry": {"type": "Polygon", "coordinates": [[[-25.026842185832415, -18.597953821992633], [-24.927557956201667, -18.796169162377954], [-24.835594535555224, -19.008740190815995], [-24.667667925367397, -19.16816022070236], [-24.494951968592787, -19.322378541966653], [-24.492029038, -19.326915148], [-24.427912095559286, -19.27793863155317], [-24.381935689533233, -19.207557366800213], [-24.31670320342472, -19.159897125180546], [-24.246141363, -19.118525203], [-24.268264668477418, -19.007221553903978], [-24.25182986095497, -18.890392193821754], [-24.30159337603553, -18.78304962575336], [-24.310441329561453, -18.66984350355945], [-24.351224675553716, -18.691148746563275], [-24.688132405242275, -18.672967185438598], [-25.026842185832415, -18.597953821992633]]]}}, {"type": "Feature", "properties": {"pcode": "XK040202", "area_name": "Pikamo", "parent_pcode": "XK0402", "level": "ward"}, "geometry": {"type": "Polygon", "coordinates": [[[-24.49202903798719, -19.32691514795436], [-24.364045206210285, -19.525555586580232], [-24.198988207872695, -19.702116282079434], [-24.118591800030977, -19.929049187244143], [-24.057455423, -20.11978756], [-24.04540419668456, -20.106078188790196], [-24.043249337124458, -20.085998138656173], [-24.027150589536014, -20.07489431543248], [-24.018373727, -20.059077108], [-23.838040346727173, -19.72257984025531], [-23.916626544953953, -19.319578303143764], [-23.843579756, -19.205963202], [-23.946664372941658, -19.19535678679747], [-24.050815761566753, -19.189661752551675], [-24.1440169015351, -19.13355214172908], [-24.246141363, -19.118525203], [-24.31670320342472, -19.159897125180546], [-24.381935689533233, -19.207557366800213], [-24.427912095559286, -19.27793863155317], [-24.49202903798719, -19.32691514795436]]]}}, {"type": "Feature", "properties": {"pcode": "XK040203", "area_name": "Tendinja", "parent_pcode": "XK0402", "level": "ward"}, "geometry": {"type": "Polygon", "coordinates": [[[-24.246141363, -19.118525203], [-24.1440169015351, -19.13355214172908], [-24.050815761566753, -19.189661752551675], [-23.946664372941658, -19.19535678679747], [-23.84357975624817, -19.20596320184957], [-23.70538569914831, -18.991019710508745], [-23.649405635, -18.622581921], [-23.65426255169678, -18.604024927133494], [-23.66924625900561, -18.590507413552345], [-23.678627435914063, -18.574201865481054], [-23.682868577, -18.555338438], [-24.020373846679327, -18.518312086507898], [-24.31044133, -18.669843504], [-24.30159337603553, -18.78304962575336], [-24.25182986095497, -18.890392193821754], [-24.268264668477418, -19.007221553903978], [-24.246141363, -19.118525203]]]}}, {"type": "Feature", "properties": {"pcode": "XK040301", "area_name": "Wumbami", "parent_pcode": "XK0403", "level": "ward"}, "geometry": {"type": "Polygon", "coordinates": [[[-23.84412851839756, -19.691358804033587], [-23.838040346727173, -19.72257984025531], [-24.018373727, -20.059077108], [-23.678037843, -19.75864021], [-23.719094372236636, -19.74066914790964], [-23.759332909761564, -19.72067879395813], [-23.80012616165943, -19.702057806226964], [-23.84412851839756, -19.691358804033587]]]}}, {"type": "Feature", "properties": {"pcode": "XK040302", "area_name": "Sinyewe", "parent_pcode": "XK0403", "level": "ward"}, "geometry": {"type": "Polygon", "coordinates": [[[-23.848744844213147, -19.21399684717104], [-23.916626544953953, -19.319578303143764], [-23.844128518, -19.691358804], [-23.80012616165943, -19.702057806226964], [-23.759332909761564, -19.72067879395813], [-23.719094372236636, -19.74066914790964], [-23.678037842915924, -19.758640209891077], [-23.66532773939953, -19.747420164478044], [-23.309502714, -19.476514483], [-23.425885006232875, -19.373031298972872], [-23.5691684917353, -19.324806332943012], [-23.718135558901842, -19.288256112767517], [-23.848744844213147, -19.21399684717104]]]}}, {"type": "Feature", "properties": {"pcode": "XK040303", "area_name": "Ninika", "parent_pcode": "XK0403", "level": "ward"}, "geometry": {"type": "Polygon", "coordinates": [[[-23.33624838300378, -18.782595211673076], [-23.357088209794387, -18.775676516151886], [-23.649405635, -18.622581921], [-23.70538569914831, -18.991019710508745], [-23.848744844, -19.213996847], [-23.718135558901842, -19.288256112767517], [-23.5691684917353, -19.324806332943012], [-23.425885006232875, -19.373031298972872], [-23.309502714455814, -19.47651448266401], [-23.29464921426814, -19.465205841299333], [-23.263750209, -19.447820923], [-23.310405040168188, -19.284623806458868], [-23.356502278160082, -19.1213659218409], [-23.316346534543655, -18.948707944043644], [-23.33624838300378, -18.782595211673076]]]}}, {"type": "Feature", "properties": {"pcode": "XK040304", "area_name": "Kuju", "parent_pcode": "XK0403", "level": "ward"}, "geometry": {"type": "Polygon", "coordinates": [[[-22.884730283975415, -18.91554888208745], [-23.045088744847188, -18.87925843755809], [-23.336248383, -18.782595212], [-23.316346534543655, -18.948707944043644], [-23.356502278160082, -19.1213659218409], [-23.310405040168188, -19.284623806458868], [-23.263750208861353, -19.447820922803157], [-22.89097656882823, -19.238084743137165], [-22.887857182, -19.237202237], [-22.892297583286116, -19.15673813224858], [-22.864905897836202, -19.07658347767638], [-22.874935641957894, -18.99606503708589], [-22.884730283975415, -18.91554888208745]]]}}, {"type": "Feature", "properties": {"pcode": "XK040305", "area_name": "Hanga", "parent_pcode": "XK0403", "level": "ward"}, "geometry": {"type": "Polygon", "coordinates": [[[-22.429477264, -19.107521975], [-22.72106351715739, -18.95258802358469], [-22.884730284, -18.915548882], [-22.874935641957894, -18.99606503708589], [-22.864905897836202, -19.07658347767638], [-22.892297583286116, -19.15673813224858], [-22.88785718197382, -19.23720223740348], [-22.429477264, -19.107521975]]]}}, {"type": "Feature", "properties": {"pcode": "XK040401", "area_name": "Hugu", "parent_pcode": "XK0404", "level": "ward"}, "geometry": {"type": "Polygon", "coordinates": [[[-23.560715862177037, -17.823998072050376], [-23.612650453411906, -17.93041110081644], [-23.636058837485116, -18.138719741480248], [-23.675016467869156, -18.343897591885163], [-23.682868577, -18.555338438], [-23.678627435914063, -18.574201865481054], [-23.66924625900561, -18.590507413552345], [-23.65426255169678, -18.604024927133494], [-23.649405635, -18.622581921], [-23.357088209794387, -18.775676516151886], [-23.162800868, -18.84017873], [-23.116724978565465, -18.762380044619295], [-23.059155908023897, -18.689682877309767], [-23.04620930462585, -18.59717898108914], [-23.017070041, -18.511862577], [-23.13601905531631, -18.32649038013503], [-23.243150227864707, -18.131778087591822], [-23.404598892914297, -17.979995002168373], [-23.560715862177037, -17.823998072050376]]]}}, {"type": "Feature", "properties": {"pcode": "XK040402", "area_name": "Gomandi", "parent_pcode": "XK0404", "level": "ward"}, "geometry": {"type": "Polygon", "coordinates": [[[-22.561516865273525, -18.23536540911701], [-22.603102460674723, -18.12113174631994], [-23.021373861, -17.757381689], [-23.459292015417308, -17.748797633346594], [-23.517987899, -17.736449256], [-23.560715862, -17.823998072], [-23.404598892914297, -17.979995002168373], [-23.243150227864707, -18.131778087591822], [-23.13601905531631, -18.32649038013503], [-23.017070041, -18.511862577], [-22.916661932794153, -18.420528504350106], [-22.778083783818833, -18.392082899695602], [-22.664992943108068, -18.321644733917978], [-22.561516865273525, -18.23536540911701]]]}}, {"type": "Feature", "properties": {"pcode": "XK040403", "area_name": "Njilume", "parent_pcode": "XK0404", "level": "ward"}, "geometry": {"type": "Polygon", "coordinates": [[[-22.176701647815786, -19.10700991105094], [-22.414961302276744, -18.63794660587261], [-22.561516865, -18.235365409], [-22.664992943108068, -18.321644733917978], [-22.778083783818833, -18.392082899695602], [-22.916661932794153, -18.420528504350106], [-23.017070041, -18.511862577], [-23.04620930462585, -18.59717898108914], [-23.059155908023897, -18.689682877309767], [-23.116724978565465, -18.762380044619295], [-23.16280086783148, -18.840178729925963], [-23.045088744847188, -18.87925843755809], [-22.72106351715739, -18.95258802358469], [-22.429477264, -19.107521975], [-22.366311499652177, -19.093503082248105], [-22.30307314839824, -19.115316038458047], [-22.23991031272263, -19.099851433994157], [-22.176701647815786, -19.10700991105094]]]}}, {"type": "Feature", "properties": {"pcode": "XK040501", "area_name": "Jiche", "parent_pcode": "XK0405", "level": "ward"}, "geometry": {"type": "Polygon", "coordinates": [[[-24.057455422551, -20.119787559616412], [-24.045106922018395, -20.158313442076473], [-23.81608379041454, -20.22732785720215], [-23.60888015295667, -20.346831986540856], [-23.419363227870225, -20.4950306587497], [-23.193281497644666, -20.577289777374357], [-23.004982986878264, -20.434382290328692], [-22.914624203, -20.350510039], [-22.95093982793329, -20.255272143924557], [-22.999581691361467, -20.168213613033878], [-23.060413637458765, -20.08924409694155], [-23.134541029, -20.019097085], [-23.2965270439387, -19.991092965829285], [-23.432316402039795, -19.876351590223518], [-23.598261181792665, -19.861454960339767], [-23.75932512134994, -19.830397843836014], [-24.018373727, -20.059077108], [-24.027150589536014, -20.07489431543248], [-24.043249337124458, -20.085998138656173], [-24.04540419668456, -20.106078188790196], [-24.057455422551, -20.119787559616412]]]}}, {"type": "Feature", "properties": {"pcode": "XK040502", "area_name": "Fanja", "parent_pcode": "XK0405", "level": "ward"}, "geometry": {"type": "Polygon", "coordinates": [[[-23.012106584481597, -19.30623695133451], [-23.29464921426814, -19.465205841299333], [-23.66532773939953, -19.747420164478044], [-23.759325121, -19.830397844], [-23.598261181792665, -19.861454960339767], [-23.432316402039795, -19.876351590223518], [-23.2965270439387, -19.991092965829285], [-23.134541029, -20.019097085], [-23.118385638766554, -19.838399696253543], [-23.00793076568142, -19.673898338532066], [-23.078755815491576, -19.47826197172432], [-23.012106584481597, -19.30623695133451]]]}}, {"type": "Feature", "properties": {"pcode": "XK040503", "area_name": "Ndomamba", "parent_pcode": "XK0405", "level": "ward"}, "geometry": {"type": "Polygon", "coordinates": [[[-22.914624202651794, -20.35051003946137], [-22.83172911971805, -20.27356569751382], [-22.727333924307597, -20.06093976213625], [-22.590065563357584, -19.867896911188414], [-22.471112215, -19.766955559], [-22.54575796221939, -19.609938890426154], [-22.703290086352908, -19.519871910790126], [-22.786460520759913, -19.369740875015676], [-22.896009150452965, -19.24091625891638], [-23.012106584, -19.306236951], [-23.078755815491576, -19.47826197172432], [-23.00793076568142, -19.673898338532066], [-23.118385638766554, -19.838399696253543], [-23.134541029, -20.019097085], [-23.060413637458765, -20.08924409694155], [-22.999581691361467, -20.168213613033878], [-22.95093982793329, -20.255272143924557], [-22.914624202651794, -20.35051003946137]]]}}, {"type": "Feature", "properties": {"pcode": "XK040504", "area_name": "Lanyi", "parent_pcode": "XK0405", "level": "ward"}, "geometry": {"type": "Polygon", "coordinates": [[[-22.47111221504181, -19.766955558997488], [-22.404645159082662, -19.71055298942159], [-22.21017235016635, -19.564545583340124], [-21.96676712259018, -19.55723829588892], [-21.837291383, -19.537628899], [-22.171228014007013, -19.117785888928893], [-22.176701648, -19.107009911], [-22.23991031272263, -19.099851433994157], [-22.30307314839824, -19.115316038458047], [-22.366311499652177, -19.093503082248105], [-22.429477264, -19.107521975], [-22.89097656882823, -19.238084743137165], [-22.89600915, -19.240916259], [-22.786460520759913, -19.369740875015676], [-22.703290086352908, -19.519871910790126], [-22.54575796221939, -19.609938890426154], [-22.47111221504181, -19.766955558997488]]]}}, {"type": "Feature", "properties": {"pcode": "XK050101", "area_name": "Layashi", "parent_pcode": "XK0501", "level": "ward"}, "geometry": {"type": "Polygon", "coordinates": [[[-24.759289441560266, -16.302108020991195], [-24.842681611, -16.411544026], [-24.898705709407373, -16.76039598409802], [-24.92819874143654, -17.107883442269916], [-24.877214392, -17.319274375], [-24.714762120075978, -17.251841970723145], [-24.56206227348312, -17.165583455741935], [-24.416158881069254, -17.066205045511495], [-24.254724346, -16.996807999], [-24.385698996056156, -16.82664351685211], [-24.461931199242535, -16.61671924078621], [-24.63557565789195, -16.477546117139784], [-24.759289441560266, -16.302108020991195]]]}}, {"type": "Feature", "properties": {"pcode": "XK050102", "area_name": "Wasi", "parent_pcode": "XK0501", "level": "ward"}, "geometry": {"type": "Polygon", "coordinates": [[[-24.771695922, -17.791775707], [-24.33450405724333, -17.7633986604149], [-24.008099135, -17.683172119], [-24.05143032276571, -17.369733616069684], [-23.86882173544484, -17.08750204256047], [-23.864755593, -17.060928534], [-23.96502902324357, -17.061813378766995], [-24.06054675797616, -17.033774998734565], [-24.15564559684793, -17.003188974698837], [-24.254724346, -16.996807999], [-24.416158881069254, -17.066205045511495], [-24.56206227348312, -17.165583455741935], [-24.714762120075978, -17.251841970723145], [-24.877214391604685, -17.319274375344687], [-24.845778134420666, -17.449615151689287], [-24.771695922, -17.791775707]]]}}, {"type": "Feature", "properties": {"pcode": "XK050103", "area_name": "Shara", "parent_pcode": "XK0501", "level": "ward"}, "geometry": {"type": "Polygon", "coordinates": [[[-23.864755593087573, -17.060928533954982], [-23.822750455696266, -16.78641185896756], [-23.841416345, -16.476380141], [-24.027031747897546, -16.374844646742204], [-24.24666445438771, -16.336637075513742], [-24.42378337023798, -16.219284193605446], [-24.58692965049481, -16.07591931424472], [-24.759289442, -16.302108021], [-24.63557565789195, -16.477546117139784], [-24.461931199242535, -16.61671924078621], [-24.385698996056156, -16.82664351685211], [-24.254724346, -16.996807999], [-24.15564559684793, -17.003188974698837], [-24.06054675797616, -17.033774998734565], [-23.96502902324357, -17.061813378766995], [-23.864755593087573, -17.060928533954982]]]}}, {"type": "Feature", "properties": {"pcode": "XK050201", "area_name": "Bacha", "parent_pcode": "XK0502", "level": "ward"}, "geometry": {"type": "Polygon", "coordinates": [[[-23.930154120599475, -15.670103074063844], [-23.95657493092097, -15.77802370591855], [-24.515774766211006, -15.982542366202726], [-24.58692965, -16.075919314], [-24.42378337023798, -16.219284193605446], [-24.24666445438771, -16.336637075513742], [-24.027031747897546, -16.374844646742204], [-23.841416345, -16.476380141], [-23.810497221, -16.47104872], [-23.806785041275575, -16.290831502546272], [-23.810231779282244, -16.11053882299276], [-23.804197785363268, -15.930346079765583], [-23.802897742, -15.750103436], [-23.835428940801314, -15.731244041150058], [-23.8587129202546, -15.697675117235127], [-23.8955891077806, -15.685727285259105], [-23.930154120599475, -15.670103074063844]]]}}, {"type": "Feature", "properties": {"pcode": "XK050202", "area_name": "Vumbole", "parent_pcode": "XK0502", "level": "ward"}, "geometry": {"type": "Polygon", "coordinates": [[[-23.389244033052883, -14.89456009530826], [-23.80909752260333, -15.175625259532247], [-23.930154121, -15.670103074], [-23.8955891077806, -15.685727285259105], [-23.8587129202546, -15.697675117235127], [-23.835428940801314, -15.731244041150058], [-23.802897742, -15.750103436], [-23.704518751027052, -15.747111624465994], [-23.608328587527822, -15.717584788682872], [-23.50907160447397, -15.72523682251221], [-23.411060801203664, -15.717781495962443], [-23.459291109291037, -15.60343754630268], [-23.383627084367312, -15.249254510158377], [-23.389244033052883, -14.89456009530826]]]}}, {"type": "Feature", "properties": {"pcode": "XK050203", "area_name": "Dobewa", "parent_pcode": "XK0502", "level": "ward"}, "geometry": {"type": "Polygon", "coordinates": [[[-23.810497220810717, -16.47104871988275], [-23.757543265469746, -16.461917806794183], [-23.67072189278643, -16.462220648590886], [-23.5923691181326, -16.420112395591882], [-23.507679378, -16.409739932], [-23.483416477948452, -16.38205904113052], [-23.459953883539317, -16.35347088277342], [-23.419162005758487, -16.344528088079635], [-23.398169026, -16.313140248], [-23.30929777195613, -15.95904030510016], [-23.411060801, -15.717781496], [-23.50907160447397, -15.72523682251221], [-23.608328587527822, -15.717584788682872], [-23.704518751027052, -15.747111624465994], [-23.802897742, -15.750103436], [-23.804197785363268, -15.930346079765583], [-23.810231779282244, -16.11053882299276], [-23.806785041275575, -16.290831502546272], [-23.810497220810717, -16.47104871988275]]]}}, {"type": "Feature", "properties": {"pcode": "XK050301", "area_name": "Nano", "parent_pcode": "XK0503", "level": "ward"}, "geometry": {"type": "Polygon", "coordinates": [[[-24.008099135151113, -17.683172118704466], [-23.898858646954775, -17.65632207451219], [-23.584602231, -17.722435004], [-23.514009662967297, -17.60274868030597], [-23.554214378651846, -17.45260616678227], [-23.461120510613753, -17.339105047647298], [-23.442411714, -17.205156804], [-23.44343836135227, -17.20325854103581], [-23.44515287095624, -17.201913114292648], [-23.44646861724391, -17.20024720070154], [-23.447730963, -17.198538369], [-23.539025767083025, -17.12721909156651], [-23.653902924722846, -17.10509549501384], [-23.750841103180935, -17.045548988443866], [-23.85587501217565, -17.00289116768744], [-23.86882173544484, -17.08750204256047], [-24.05143032276571, -17.369733616069684], [-24.008099135151113, -17.683172118704466]]]}}, {"type": "Feature", "properties": {"pcode": "XK050302", "area_name": "Shahidu", "parent_pcode": "XK0503", "level": "ward"}, "geometry": {"type": "Polygon", "coordinates": [[[-23.294639604819256, -16.591015865808455], [-23.507679378, -16.409739932], [-23.5923691181326, -16.420112395591882], [-23.67072189278643, -16.462220648590886], [-23.757543265469746, -16.461917806794183], [-23.841416345, -16.476380141], [-23.822750455696266, -16.78641185896756], [-23.825516322, -16.804487656], [-23.69720617613361, -16.799515605978804], [-23.59276530848455, -16.718722650177863], [-23.479743305044824, -16.66518772381307], [-23.352858053, -16.65568949], [-23.338848804448133, -16.639030154134275], [-23.324096160503565, -16.62304001419939], [-23.3059490121201, -16.610105567883306], [-23.294639604819256, -16.591015865808455]]]}}, {"type": "Feature", "properties": {"pcode": "XK050303", "area_name": "Shuni", "parent_pcode": "XK0503", "level": "ward"}, "geometry": {"type": "Polygon", "coordinates": [[[-23.352858053, -16.65568949], [-23.479743305044824, -16.66518772381307], [-23.59276530848455, -16.718722650177863], [-23.69720617613361, -16.799515605978804], [-23.825516321630236, -16.804487655567893], [-23.855875012, -17.002891168], [-23.750841103180935, -17.045548988443866], [-23.653902924722846, -17.10509549501384], [-23.539025767083025, -17.12721909156651], [-23.447730963, -17.198538369], [-23.396880382237452, -17.067568031215213], [-23.38119629109466, -16.93045169712505], [-23.35333391628142, -16.79546374398089], [-23.352858053, -16.65568949]]]}}, {"type": "Feature", "properties": {"pcode": "XK050304", "area_name": "Wali", "parent_pcode": "XK0503", "level": "ward"}, "geometry": {"type": "Polygon", "coordinates": [[[-22.982071460031005, -17.1914364568077], [-23.009594240534096, -17.157279121783795], [-23.1581316809549, -16.895864329227706], [-23.272052734472357, -16.610235075220917], [-23.294639605, -16.591015866], [-23.3059490121201, -16.610105567883306], [-23.324096160503565, -16.62304001419939], [-23.338848804448133, -16.639030154134275], [-23.352858053, -16.65568949], [-23.35333391628142, -16.79546374398089], [-23.38119629109466, -16.93045169712505], [-23.396880382237452, -17.067568031215213], [-23.447730963, -17.198538369], [-23.44646861724391, -17.20024720070154], [-23.44515287095624, -17.201913114292648], [-23.44343836135227, -17.20325854103581], [-23.442411714, -17.205156804], [-23.32780487656382, -17.18568144465669], [-23.21101843739309, -17.23933531565322], [-23.09634347206924, -17.22214575922112], [-22.982071460031005, -17.1914364568077]]]}}, {"type": "Feature", "properties": {"pcode": "XK050305", "area_name": "Jundi", "parent_pcode": "XK0503", "level": "ward"}, "geometry": {"type": "Polygon", "coordinates": [[[-23.584602231393795, -17.722435003841362], [-23.459292015417308, -17.748797633346594], [-23.021373861, -17.757381689], [-22.821340858, -17.39091227], [-22.98207146, -17.191436457], [-23.09634347206924, -17.22214575922112], [-23.21101843739309, -17.23933531565322], [-23.32780487656382, -17.18568144465669], [-23.442411714, -17.205156804], [-23.461120510613753, -17.339105047647298], [-23.554214378651846, -17.45260616678227], [-23.514009662967297, -17.60274868030597], [-23.584602231393795, -17.722435003841362]]]}}, {"type": "Feature", "properties": {"pcode": "XK050401", "area_name": "Ndeba", "parent_pcode": "XK0504", "level": "ward"}, "geometry": {"type": "Polygon", "coordinates": [[[-23.412906100388394, -15.386309481792768], [-23.459291109291037, -15.60343754630268], [-23.349835444, -15.862933982], [-23.28196853347083, -15.853869334481757], [-23.210945008098957, -15.860830497230788], [-23.148691481629058, -15.823267273746238], [-23.08163155, -15.810105677], [-23.069784372012368, -15.708975019695531], [-22.994382987509525, -15.627601715415292], [-22.989435241719153, -15.524326203740637], [-22.96278212, -15.42779833], [-23.07258977145431, -15.387879811105835], [-23.187374056293688, -15.401954163411354], [-23.299097064337815, -15.382815877589177], [-23.412906100388394, -15.386309481792768]]]}}, {"type": "Feature", "properties": {"pcode": "XK050402", "area_name": "Jazo", "parent_pcode": "XK0504", "level": "ward"}, "geometry": {"type": "Polygon", "coordinates": [[[-22.880497038026494, -15.37173656129083], [-23.01830763910882, -15.160552071653598], [-23.353717499, -14.870777344], [-23.389244033, -14.894560095], [-23.383627084367312, -15.249254510158377], [-23.4129061, -15.386309482], [-23.299097064337815, -15.382815877589177], [-23.187374056293688, -15.401954163411354], [-23.07258977145431, -15.387879811105835], [-22.96278212, -15.42779833], [-22.943508907895964, -15.411877652801872], [-22.917133726161612, -15.406380944804432], [-22.901970897560805, -15.384427221385186], [-22.880497038026494, -15.37173656129083]]]}}, {"type": "Feature", "properties": {"pcode": "XK050403", "area_name": "Zikimu", "parent_pcode": "XK0504", "level": "ward"}, "geometry": {"type": "Polygon", "coordinates": [[[-23.349835444413237, -15.862933981865346], [-23.30929777195613, -15.95904030510016], [-23.398169026, -16.313140248], [-23.292111682545787, -16.282807989856682], [-23.179638697132773, -16.283547442679566], [-23.071519286707925, -16.2632020181713], [-22.967258967, -16.224166562], [-22.85789036861485, -16.10400965673947], [-22.822743102, -16.030780051], [-22.892644035829, -15.981687093385922], [-22.943331639650964, -15.91005364275369], [-23.022116419529034, -15.871382942487516], [-23.08163155, -15.810105677], [-23.148691481629058, -15.823267273746238], [-23.210945008098957, -15.860830497230788], [-23.28196853347083, -15.853869334481757], [-23.349835444413237, -15.862933981865346]]]}}, {"type": "Feature", "properties": {"pcode": "XK050404", "area_name": "Mwibo", "parent_pcode": "XK0504", "level": "ward"}, "geometry": {"type": "Polygon", "coordinates": [[[-22.565990372384253, -15.715005253252613], [-22.769279208215476, -15.542169608115504], [-22.880497038, -15.371736561], [-22.901970897560805, -15.384427221385186], [-22.917133726161612, -15.406380944804432], [-22.943508907895964, -15.411877652801872], [-22.96278212, -15.42779833], [-22.989435241719153, -15.524326203740637], [-22.994382987509525, -15.627601715415292], [-23.069784372012368, -15.708975019695531], [-23.08163155, -15.810105677], [-23.022116419529034, -15.871382942487516], [-22.943331639650964, -15.91005364275369], [-22.892644035829, -15.981687093385922], [-22.822743101870213, -16.030780051389016], [-22.78603160357517, -15.954291357360486], [-22.68673748940926, -15.82619477943327], [-22.565990372384253, -15.715005253252613]]]}}, {"type": "Feature", "properties": {"pcode": "XK050501", "area_name": "Lonja", "parent_pcode": "XK0505", "level": "ward"}, "geometry": {"type": "Polygon", "coordinates": [[[-22.876231714222495, -16.291378029006605], [-22.967258967, -16.224166562], [-23.071519286707925, -16.2632020181713], [-23.179638697132773, -16.283547442679566], [-23.292111682545787, -16.282807989856682], [-23.398169026, -16.313140248], [-23.419162005758487, -16.344528088079635], [-23.459953883539317, -16.35347088277342], [-23.483416477948452, -16.38205904113052], [-23.507679378, -16.409739932], [-23.272052734472357, -16.610235075220917], [-23.180797512, -16.839035287], [-23.134383866230603, -16.804118229649124], [-23.073411792766326, -16.80598118784084], [-23.01910528414691, -16.791004444401835], [-22.972495034, -16.756584083], [-22.935788300954528, -16.64289830350538], [-22.890667483040747, -16.530953618601465], [-22.881089692009837, -16.411654150282384], [-22.876231714222495, -16.291378029006605]]]}}, {"type": "Feature", "properties": {"pcode": "XK050502", "area_name": "Lasa", "parent_pcode": "XK0505", "level": "ward"}, "geometry": {"type": "Polygon", "coordinates": [[[-22.821340858410053, -17.39091226965924], [-22.79041064243224, -17.334246728759922], [-22.666982706, -17.209847184], [-22.68913973848706, -17.101833316363624], [-22.765569163393653, -17.016975184796987], [-22.81918788952577, -16.922384692137715], [-22.836582661, -16.812338969], [-22.87129821180981, -16.800197930432045], [-22.904937441069674, -16.78543316816096], [-22.93827253694936, -16.769927027109016], [-22.972495034, -16.756584083], [-23.01910528414691, -16.791004444401835], [-23.073411792766326, -16.80598118784084], [-23.134383866230603, -16.804118229649124], [-23.180797511758147, -16.839035287150914], [-23.1581316809549, -16.895864329227706], [-23.009594240534096, -17.157279121783795], [-22.821340858410053, -17.39091226965924]]]}}, {"type": "Feature", "properties": {"pcode": "XK050503", "area_name": "Yoni", "parent_pcode": "XK0505", "level": "ward"}, "geometry": {"type": "Polygon", "coordinates": [[[-22.420948830229946, -16.661432571846355], [-22.549635149968413, -16.591247397200863], [-22.634606962200465, -16.39976291880229], [-22.818326704379285, -16.33413314398417], [-22.876231714, -16.291378029], [-22.881089692009837, -16.411654150282384], [-22.890667483040747, -16.530953618601465], [-22.935788300954528, -16.64289830350538], [-22.972495034, -16.756584083], [-22.93827253694936, -16.769927027109016], [-22.904937441069674, -16.78543316816096], [-22.87129821180981, -16.800197930432045], [-22.836582661, -16.812338969], [-22.73802892364281, -16.75986413511554], [-22.633094398174833, -16.724963582109872], [-22.514617216112185, -16.727362880894862], [-22.420948830229946, -16.661432571846355]]]}}, {"type": "Feature", "properties": {"pcode": "XK050504", "area_name": "Yimu", "parent_pcode": "XK0505", "level": "ward"}, "geometry": {"type": "Polygon", "coordinates": [[[-22.666982706046458, -17.209847183890634], [-22.439009328735356, -16.98007923013359], [-22.3849112, -16.681087399], [-22.42094883, -16.661432572], [-22.514617216112185, -16.727362880894862], [-22.633094398174833, -16.724963582109872], [-22.73802892364281, -16.75986413511554], [-22.836582661, -16.812338969], [-22.81918788952577, -16.922384692137715], [-22.765569163393653, -17.016975184796987], [-22.68913973848706, -17.101833316363624], [-22.666982706046458, -17.209847183890634]]]}}, {"type": "Feature", "properties": {"pcode": "XK050601", "area_name": "Biniki", "parent_pcode": "XK0506", "level": "ward"}, "geometry": {"type": "Polygon", "coordinates": [[[-22.457892086, -16.155780122], [-22.51661205927946, -16.077619288690805], [-22.5876465015912, -16.013087582547403], [-22.670675965042516, -15.9618314523171], [-22.742724691508666, -15.89842231332989], [-22.78603160357517, -15.954291357360486], [-22.85789036861485, -16.10400965673947], [-22.967258967, -16.224166562], [-22.818326704379285, -16.33413314398417], [-22.660949052, -16.390352796], [-22.61279570535099, -16.34142209028929], [-22.563046076398603, -16.294280017552374], [-22.496730174312408, -16.26570043988115], [-22.456500749, -16.207890987], [-22.458326593467888, -16.194902732967762], [-22.46237742038974, -16.181973884980938], [-22.454859143389633, -16.16873614704682], [-22.457892086, -16.155780122]]]}}, {"type": "Feature", "properties": {"pcode": "XK050602", "area_name": "Dambi", "parent_pcode": "XK0506", "level": "ward"}, "geometry": {"type": "Polygon", "coordinates": [[[-22.261770444622726, -15.946944323981025], [-22.43145998478857, -15.829382642623612], [-22.565990372, -15.715005253], [-22.68673748940926, -15.82619477943327], [-22.742724692, -15.898422313], [-22.670675965042516, -15.9618314523171], [-22.5876465015912, -16.013087582547403], [-22.51661205927946, -16.077619288690805], [-22.457892086, -16.155780122], [-22.418425347335766, -16.09458974793894], [-22.376457162091032, -16.035748529592272], [-22.32265847873779, -15.988017555394881], [-22.261770444622726, -15.946944323981025]]]}}, {"type": "Feature", "properties": {"pcode": "XK050603", "area_name": "Mbudi", "parent_pcode": "XK0506", "level": "ward"}, "geometry": {"type": "Polygon", "coordinates": [[[-22.38491119995784, -16.681087398959743], [-22.34795348833696, -16.47682795185451], [-22.257753189, -16.352450068], [-22.31167824446599, -16.322137154419366], [-22.353744053655458, -16.275519514462538], [-22.403292254017334, -16.23918906627668], [-22.456500749, -16.207890987], [-22.496730174312408, -16.26570043988115], [-22.563046076398603, -16.294280017552374], [-22.61279570535099, -16.34142209028929], [-22.660949051865057, -16.39035279557643], [-22.634606962200465, -16.39976291880229], [-22.549635149968413, -16.591247397200863], [-22.38491119995784, -16.681087398959743]]]}}, {"type": "Feature", "properties": {"pcode": "XK050604", "area_name": "Ndagi", "parent_pcode": "XK0506", "level": "ward"}, "geometry": {"type": "Polygon", "coordinates": [[[-22.25775318946503, -16.352450068437186], [-22.063362012, -16.084402584], [-22.261770445, -15.946944324], [-22.32265847873779, -15.988017555394881], [-22.376457162091032, -16.035748529592272], [-22.418425347335766, -16.09458974793894], [-22.457892086, -16.155780122], [-22.454859143389633, -16.16873614704682], [-22.46237742038974, -16.181973884980938], [-22.458326593467888, -16.194902732967762], [-22.456500749, -16.207890987], [-22.403292254017334, -16.23918906627668], [-22.353744053655458, -16.275519514462538], [-22.31167824446599, -16.322137154419366], [-22.25775318946503, -16.352450068437186]]]}}, {"type": "Feature", "properties": {"pcode": "XK060101", "area_name": "Mishi", "parent_pcode": "XK0601", "level": "ward"}, "geometry": {"type": "Polygon", "coordinates": [[[-24.205933181558322, -12.882522750743963], [-24.245044246733553, -12.921699906579635], [-24.417590793136988, -13.101201889990328], [-24.48626185428176, -13.232387703976558], [-24.564506143013656, -13.358098736550554], [-24.687016361668572, -13.441646096798086], [-24.81937561554536, -13.508503729065371], [-24.94759742750689, -13.572762546638758], [-24.98142244, -13.585141974], [-24.661235719874195, -14.004524847343166], [-24.309245869, -14.064240058], [-24.15824640523785, -13.908443466914846], [-24.088180790914233, -13.681541405112752], [-23.867310354473062, -13.587130852579559], [-23.737129248694423, -13.413044025509084], [-23.787295422636586, -13.32818508875998], [-23.998912846, -12.989158692], [-24.049414368753705, -12.960066074449571], [-24.097200205791033, -12.925701292896992], [-24.161023987500215, -12.92247217408234], [-24.205933181558322, -12.882522750743963]]]}}, {"type": "Feature", "properties": {"pcode": "XK060102", "area_name": "Dobo", "parent_pcode": "XK0601", "level": "ward"}, "geometry": {"type": "Polygon", "coordinates": [[[-24.30924586921928, -14.064240058060342], [-24.093276350241275, -14.100879368285517], [-23.94725534, -14.426681219], [-23.80213758136864, -14.28119438702484], [-23.618803119388392, -14.192504214215477], [-23.446933316564646, -14.086775566563857], [-23.278149440661792, -13.976460694969518], [-23.296312284870627, -13.955015786670238], [-23.58341469828989, -13.673060931028617], [-23.737129249, -13.413044026], [-23.867310354473062, -13.587130852579559], [-24.088180790914233, -13.681541405112752], [-24.15824640523785, -13.908443466914846], [-24.30924586921928, -14.064240058060342]]]}}, {"type": "Feature", "properties": {"pcode": "XK060103", "area_name": "Mihe", "parent_pcode": "XK0601", "level": "ward"}, "geometry": {"type": "Polygon", "coordinates": [[[-23.947255340483466, -14.426681218771293], [-23.856547425620242, -14.62906857772163], [-23.36497295, -14.825008289], [-23.038654596, -14.259232761], [-23.278149441, -13.976460695], [-23.446933316564646, -14.086775566563857], [-23.618803119388392, -14.192504214215477], [-23.80213758136864, -14.28119438702484], [-23.947255340483466, -14.426681218771293]]]}}, {"type": "Feature", "properties": {"pcode": "XK060201", "area_name": "Tamo", "parent_pcode": "XK0602", "level": "ward"}, "geometry": {"type": "Polygon", "coordinates": [[[-23.469865592856827, -12.21052986978241], [-23.501799505353834, -12.254233062265467], [-23.687284728235, -12.425896399657415], [-23.8763007393238, -12.587975154681105], [-24.06913432125738, -12.745492724991898], [-24.205933182, -12.882522751], [-24.161023987500215, -12.92247217408234], [-24.097200205791033, -12.925701292896992], [-24.049414368753705, -12.960066074449571], [-23.998912846, -12.989158692], [-23.615183078962346, -12.961449885212867], [-23.226997853731095, -12.983317157776266], [-23.118941722, -12.942655735], [-23.102374210600995, -12.82662471593717], [-23.177189967827783, -12.71967935208015], [-23.171037386673525, -12.604683823065107], [-23.163986266, -12.489598958], [-23.252567851305766, -12.433107018832379], [-23.330166094695166, -12.364576565267953], [-23.37766898537722, -12.263059490727617], [-23.469865592856827, -12.21052986978241]]]}}, {"type": "Feature", "properties": {"pcode": "XK060202", "area_name": "Bedu", "parent_pcode": "XK0602", "level": "ward"}, "geometry": {"type": "Polygon", "coordinates": [[[-22.856906651837168, -11.755590271081076], [-22.921179652521687, -11.791493163006855], [-23.141091464896313, -11.9139020446966], [-23.35269313380604, -12.050173366892594], [-23.469865593, -12.21052987], [-23.37766898537722, -12.263059490727617], [-23.330166094695166, -12.364576565267953], [-23.252567851305766, -12.433107018832379], [-23.163986266, -12.489598958], [-23.04610866102264, -12.400254010183797], [-22.91134467374856, -12.345591353341776], [-22.764649307840042, -12.315434096072709], [-22.642172909701852, -12.235534431758872], [-22.824347104757127, -12.05273576465398], [-22.856906651837168, -11.755590271081076]]]}}, {"type": "Feature", "properties": {"pcode": "XK060203", "area_name": "Zonya", "parent_pcode": "XK0602", "level": "ward"}, "geometry": {"type": "Polygon", "coordinates": [[[-23.163986266, -12.489598958], [-23.171037386673525, -12.604683823065107], [-23.177189967827783, -12.71967935208015], [-23.102374210600995, -12.82662471593717], [-23.118941721892654, -12.942655734589032], [-22.85341195107952, -12.842737125657287], [-22.466410635, -12.851430989], [-22.538930083995915, -12.568524957539719], [-22.597288477848736, -12.28057272224793], [-22.64217291, -12.235534432], [-22.764649307840042, -12.315434096072709], [-22.91134467374856, -12.345591353341776], [-23.04610866102264, -12.400254010183797], [-23.163986266, -12.489598958]]]}}, {"type": "Feature", "properties": {"pcode": "XK060301", "area_name": "Mwaku", "parent_pcode": "XK0603", "level": "ward"}, "geometry": {"type": "Polygon", "coordinates": [[[-23.09171607939265, -12.932410750316485], [-23.226997853731095, -12.983317157776266], [-23.615183078962346, -12.961449885212867], [-23.998912846, -12.989158692], [-23.787295422636586, -13.32818508875998], [-23.58341469828989, -13.673060931028617], [-23.564333138, -13.691800371], [-23.501641805760052, -13.653049776576605], [-23.44229010042648, -13.607344372864002], [-23.366752806447863, -13.595345633223666], [-23.300071311, -13.564904597], [-23.211640417270093, -13.45736396453544], [-23.150286278586265, -13.337201476486898], [-23.1443765454257, -13.19119352511516], [-23.072202749, -13.076074631], [-23.07810619583641, -13.040297898213131], [-23.073920146640557, -13.003150746750109], [-23.076784866110952, -12.966961274940319], [-23.09171607939265, -12.932410750316485]]]}}, {"type": "Feature", "properties": {"pcode": "XK060302", "area_name": "Bufu", "parent_pcode": "XK0603", "level": "ward"}, "geometry": {"type": "Polygon", "coordinates": [[[-23.038654596034082, -14.259232760741808], [-22.918623577316634, -14.051121227336221], [-22.888506913, -14.019528949], [-22.9176311940257, -13.949677982189735], [-22.966052783371147, -13.886978640615835], [-22.96429233788822, -13.805681725704552], [-22.99361838, -13.735905532], [-23.058816100424597, -13.672697414724475], [-23.158495182129208, -13.671283779620229], [-23.2137425575776, -13.590243523693413], [-23.300071311, -13.564904597], [-23.366752806447863, -13.595345633223666], [-23.44229010042648, -13.607344372864002], [-23.501641805760052, -13.653049776576605], [-23.564333138188452, -13.691800371285291], [-23.296312284870627, -13.955015786670238], [-23.038654596034082, -14.259232760741808]]]}}, {"type": "Feature", "properties": {"pcode": "XK060303", "area_name": "Chefi", "parent_pcode": "XK0603", "level": "ward"}, "geometry": {"type": "Polygon", "coordinates": [[[-23.072202749, -13.076074631], [-23.1443765454257, -13.19119352511516], [-23.150286278586265, -13.337201476486898], [-23.211640417270093, -13.45736396453544], [-23.300071311, -13.564904597], [-23.2137425575776, -13.590243523693413], [-23.158495182129208, -13.671283779620229], [-23.058816100424597, -13.672697414724475], [-22.99361838, -13.735905532], [-22.90281105465374, -13.670163352912944], [-22.82928553687807, -13.583369431822515], [-22.716338751717217, -13.544596317991333], [-22.6476586, -13.45190004], [-22.74012983569945, -13.342507500077195], [-22.84362861727301, -13.245572021243314], [-22.959735355675914, -13.162878885195637], [-23.072202749, -13.076074631]]]}}, {"type": "Feature", "properties": {"pcode": "XK060304", "area_name": "Zasu", "parent_pcode": "XK0603", "level": "ward"}, "geometry": {"type": "Polygon", "coordinates": [[[-22.888506913129802, -14.019528949162472], [-22.396301113, -13.503206741], [-22.457764274107575, -13.483637849978548], [-22.522667464790192, -13.480922063373033], [-22.586892860716862, -13.474885681538492], [-22.6476586, -13.45190004], [-22.716338751717217, -13.544596317991333], [-22.82928553687807, -13.583369431822515], [-22.90281105465374, -13.670163352912944], [-22.99361838, -13.735905532], [-22.96429233788822, -13.805681725704552], [-22.966052783371147, -13.886978640615835], [-22.9176311940257, -13.949677982189735], [-22.888506913129802, -14.019528949162472]]]}}, {"type": "Feature", "properties": {"pcode": "XK060305", "area_name": "Nareya", "parent_pcode": "XK0603", "level": "ward"}, "geometry": {"type": "Polygon", "coordinates": [[[-22.39630111340336, -13.503206741389864], [-22.306109954235193, -13.408596522556277], [-22.158100067, -13.119167682], [-22.253309755185406, -13.073113356767042], [-22.28862839353112, -12.95809185565957], [-22.387958385084648, -12.916782240826679], [-22.466410635, -12.851430989], [-22.85341195107952, -12.842737125657287], [-23.091716079, -12.93241075], [-23.076784866110952, -12.966961274940319], [-23.073920146640557, -13.003150746750109], [-23.07810619583641, -13.040297898213131], [-23.072202749, -13.076074631], [-22.959735355675914, -13.162878885195637], [-22.84362861727301, -13.245572021243314], [-22.74012983569945, -13.342507500077195], [-22.6476586, -13.45190004], [-22.586892860716862, -13.474885681538492], [-22.522667464790192, -13.480922063373033], [-22.457764274107575, -13.483637849978548], [-22.39630111340336, -13.503206741389864]]]}}, {"type": "Feature", "properties": {"pcode": "XK060401", "area_name": "Pivuha", "parent_pcode": "XK0604", "level": "ward"}, "geometry": {"type": "Polygon", "coordinates": [[[-22.13112865555751, -11.453470209755556], [-22.40055416151681, -11.484432310790528], [-22.657264712177, -11.644070303020863], [-22.856906652, -11.755590271], [-22.824347104757127, -12.05273576465398], [-22.630062844, -12.24768601], [-22.544492750462023, -12.220293548310721], [-22.454744283544184, -12.20592367907928], [-22.373113462554866, -12.16625382226092], [-22.287856003, -12.137886985], [-22.21198401520387, -11.975184616343329], [-22.225988571724628, -11.791901056718164], [-22.16044231396491, -11.626834157656102], [-22.13112865555751, -11.453470209755556]]]}}, {"type": "Feature", "properties": {"pcode": "XK060402", "area_name": "Mwijasi", "parent_pcode": "XK0604", "level": "ward"}, "geometry": {"type": "Polygon", "coordinates": [[[-22.63006284371015, -12.247686009654764], [-22.597288477848736, -12.28057272224793], [-22.538930083995915, -12.568524957539719], [-22.466410635, -12.851430989], [-22.387958385084648, -12.916782240826679], [-22.28862839353112, -12.95809185565957], [-22.253309755185406, -13.073113356767042], [-22.158100066794653, -13.119167682405662], [-21.895789209575163, -12.606226766924944], [-21.731926015, -12.480570906], [-21.785334993339752, -12.43279839569909], [-21.81258571831896, -12.365744319180823], [-21.854550256568743, -12.30953597310855], [-21.898403563, -12.254719861], [-21.996361746959423, -12.227495270353696], [-22.097938309431157, -12.212332236254737], [-22.19521070086653, -12.182821614647201], [-22.287856003, -12.137886985], [-22.373113462554866, -12.16625382226092], [-22.454744283544184, -12.20592367907928], [-22.544492750462023, -12.220293548310721], [-22.63006284371015, -12.247686009654764]]]}}, {"type": "Feature", "properties": {"pcode": "XK060403", "area_name": "Nyosi", "parent_pcode": "XK0604", "level": "ward"}, "geometry": {"type": "Polygon", "coordinates": [[[-21.632118707228784, -11.615766287327741], [-21.804273285385065, -11.38550614838924], [-22.099938964886576, -11.449885922698677], [-22.131128656, -11.45347021], [-22.16044231396491, -11.626834157656102], [-22.225988571724628, -11.791901056718164], [-22.21198401520387, -11.975184616343329], [-22.287856003, -12.137886985], [-22.19521070086653, -12.182821614647201], [-22.097938309431157, -12.212332236254737], [-21.996361746959423, -12.227495270353696], [-21.898403563, -12.254719861], [-21.814443202675513, -12.102228420194843], [-21.717490645639284, -11.955151496768234], [-21.713079516957684, -11.769507794899214], [-21.632118707228784, -11.615766287327741]]]}}, {"type": "Feature", "properties": {"pcode": "XK060404", "area_name": "Kurachi", "parent_pcode": "XK0604", "level": "ward"}, "geometry": {"type": "Polygon", "coordinates": [[[-21.172302529243886, -12.051432620458868], [-21.191483579090484, -12.03139251025149], [-21.420249524664726, -11.840295113702329], [-21.625747323123772, -11.624288139055201], [-21.632118707, -11.615766287], [-21.713079516957684, -11.769507794899214], [-21.717490645639284, -11.955151496768234], [-21.814443202675513, -12.102228420194843], [-21.898403563, -12.254719861], [-21.854550256568743, -12.30953597310855], [-21.81258571831896, -12.365744319180823], [-21.785334993339752, -12.43279839569909], [-21.731926014597562, -12.480570906400773], [-21.172302529243886, -12.051432620458868]]]}}, {"type": "Feature", "properties": {"pcode": "XK070101", "area_name": "Bangacho", "parent_pcode": "XK0701", "level": "ward"}, "geometry": {"type": "Polygon", "coordinates": [[[-22.82113730412837, -17.390539349098898], [-23.021373861, -17.757381689], [-22.78137169, -17.966099769], [-22.437324938, -17.729087683], [-22.54160108840327, -17.653886454322496], [-22.643642150475486, -17.576151305213525], [-22.734082139312488, -17.485264015274506], [-22.82113730412837, -17.390539349098898]]]}}, {"type": "Feature", "properties": {"pcode": "XK070102", "area_name": "Jusi", "parent_pcode": "XK0701", "level": "ward"}, "geometry": {"type": "Polygon", "coordinates": [[[-22.4363596040668, -16.965434619522092], [-22.439009328735356, -16.98007923013359], [-22.79041064243224, -17.334246728759922], [-22.821137304, -17.390539349], [-22.734082139312488, -17.485264015274506], [-22.643642150475486, -17.576151305213525], [-22.54160108840327, -17.653886454322496], [-22.437324937693827, -17.729087683094658], [-22.435996608520057, -17.72817260377438], [-22.1676259, -17.779639389], [-22.18271249790538, -17.612257627495467], [-22.106894818452783, -17.446922620291033], [-22.140142809767053, -17.27913194612435], [-22.152589386, -17.111809626], [-22.228418828610867, -17.084689850573223], [-22.293848552493788, -17.037408638223486], [-22.368873361873877, -17.00872895886538], [-22.4363596040668, -16.965434619522092]]]}}, {"type": "Feature", "properties": {"pcode": "XK070103", "area_name": "Tori", "parent_pcode": "XK0701", "level": "ward"}, "geometry": {"type": "Polygon", "coordinates": [[[-22.063362012, -16.084402584], [-22.34795348833696, -16.47682795185451], [-22.436359604, -16.96543462], [-22.368873361873877, -17.00872895886538], [-22.293848552493788, -17.037408638223486], [-22.228418828610867, -17.084689850573223], [-22.152589386, -17.111809626], [-22.075159280671556, -17.099278410970516], [-21.999394678778565, -17.081579788678113], [-21.928866511767172, -17.047634552261126], [-21.857380523, -17.016661063], [-21.84354087988096, -16.794605763148763], [-21.911522297870174, -16.567899922176785], [-21.874807553921077, -16.34714479609023], [-21.806880159177684, -16.12816373282405], [-22.063362012, -16.084402584]]]}}, {"type": "Feature", "properties": {"pcode": "XK070104", "area_name": "Minda", "parent_pcode": "XK0701", "level": "ward"}, "geometry": {"type": "Polygon", "coordinates": [[[-22.167625900308483, -17.779639389327162], [-21.976585443216322, -17.81627616799273], [-21.63074104142531, -17.579690795980536], [-21.253865945, -17.431822606], [-21.324148903, -17.200625225], [-21.452604570383656, -17.140569670538916], [-21.60243102224853, -17.14245867041767], [-21.715020474439388, -17.036413899695397], [-21.857380523, -17.016661063], [-21.928866511767172, -17.047634552261126], [-21.999394678778565, -17.081579788678113], [-22.075159280671556, -17.099278410970516], [-22.152589386, -17.111809626], [-22.140142809767053, -17.27913194612435], [-22.106894818452783, -17.446922620291033], [-22.18271249790538, -17.612257627495467], [-22.167625900308483, -17.779639389327162]]]}}, {"type": "Feature", "properties": {"pcode": "XK070105", "area_name": "Mozu", "parent_pcode": "XK0701", "level": "ward"}, "geometry": {"type": "Polygon", "coordinates": [[[-21.324148902818656, -17.200625224959413], [-21.356076176310864, -17.095599735932456], [-21.40530715991561, -16.754652619298206], [-21.384616652987695, -16.407470488467077], [-21.3760713339763, -16.061371363773947], [-21.686679294285188, -16.14867250519706], [-21.806880159, -16.128163733], [-21.874807553921077, -16.34714479609023], [-21.911522297870174, -16.567899922176785], [-21.84354087988096, -16.794605763148763], [-21.857380523, -17.016661063], [-21.715020474439388, -17.036413899695397], [-21.60243102224853, -17.14245867041767], [-21.452604570383656, -17.140569670538916], [-21.324148902818656, -17.200625224959413]]]}}, {"type": "Feature", "properties": {"pcode": "XK070201", "area_name": "Jovo", "parent_pcode": "XK0702", "level": "ward"}, "geometry": {"type": "Polygon", "coordinates": [[[-22.78137168957874, -17.966099769039662], [-22.603102460674723, -18.12113174631994], [-22.486779635, -18.440665044], [-22.3777430067818, -18.25899866614217], [-22.154424683319192, -18.172799480084638], [-22.089604754178822, -17.954195917469335], [-21.94998391845248, -17.798078586653396], [-21.976585443216322, -17.81627616799273], [-22.435996608520057, -17.72817260377438], [-22.78137168957874, -17.966099769039662]]]}}, {"type": "Feature", "properties": {"pcode": "XK070202", "area_name": "Ngemba", "parent_pcode": "XK0702", "level": "ward"}, "geometry": {"type": "Polygon", "coordinates": [[[-22.486779634957752, -18.440665044337155], [-22.414961302276744, -18.63794660587261], [-22.331856908, -18.801554758], [-22.13781464847989, -18.70263972138483], [-21.90511556076126, -18.692696810864575], [-21.74498424326373, -18.51573272702451], [-21.534333049, -18.45504463], [-21.610734608818728, -18.2709950588332], [-21.653326506399004, -18.07363283921747], [-21.708041331111044, -17.88104405584428], [-21.826324087304336, -17.713485321579157], [-21.949983918, -17.798078587], [-22.089604754178822, -17.954195917469335], [-22.154424683319192, -18.172799480084638], [-22.3777430067818, -18.25899866614217], [-22.486779634957752, -18.440665044337155]]]}}, {"type": "Feature", "properties": {"pcode": "XK070203", "area_name": "Kaku", "parent_pcode": "XK0702", "level": "ward"}, "geometry": {"type": "Polygon", "coordinates": [[[-22.331856908252416, -18.80155475776088], [-22.171228014007013, -19.117785888928893], [-21.83729138272498, -19.53762889870887], [-21.725997934814973, -19.520773251265755], [-21.61615132190557, -19.277846097956214], [-21.450567295741433, -19.068892010984886], [-21.379099145495132, -18.810756640040353], [-21.248507294, -18.612147907], [-21.316791992587923, -18.5671015841437], [-21.384132140295534, -18.5203367931965], [-21.46513707373787, -18.498433022172787], [-21.534333049, -18.45504463], [-21.74498424326373, -18.51573272702451], [-21.90511556076126, -18.692696810864575], [-22.13781464847989, -18.70263972138483], [-22.331856908252416, -18.80155475776088]]]}}, {"type": "Feature", "properties": {"pcode": "XK070204", "area_name": "Yimombi", "parent_pcode": "XK0702", "level": "ward"}, "geometry": {"type": "Polygon", "coordinates": [[[-21.248507293797225, -18.612147907415018], [-21.231942937533393, -18.58695624528954], [-20.989432253120114, -18.45683881449729], [-20.770069687216584, -18.29064001025732], [-20.66861595442768, -18.03489905422463], [-20.612366075, -17.937933613], [-20.77182472625564, -17.810244422862954], [-20.891126512557328, -17.631656075641253], [-21.068057465792634, -17.526113172175574], [-21.253865945, -17.431822606], [-21.63074104142531, -17.579690795980536], [-21.826324087, -17.713485322], [-21.708041331111044, -17.88104405584428], [-21.653326506399004, -18.07363283921747], [-21.610734608818728, -18.2709950588332], [-21.534333049, -18.45504463], [-21.46513707373787, -18.498433022172787], [-21.384132140295534, -18.5203367931965], [-21.316791992587923, -18.5671015841437], [-21.248507293797225, -18.612147907415018]]]}}, {"type": "Feature", "properties": {"pcode": "XK070301", "area_name": "Haju", "parent_pcode": "XK0703", "level": "ward"}, "geometry": {"type": "Polygon", "coordinates": [[[-20.751646306751784, -16.047605303419928], [-20.941044762300844, -16.066146379205755], [-21.316165031955578, -16.044533776805327], [-21.376071334, -16.061371364], [-21.384616652987695, -16.407470488467077], [-21.40530715991561, -16.754652619298206], [-21.391817792, -16.848072673], [-21.262401368771105, -16.805815469022175], [-21.13308471210279, -16.76303901724925], [-20.990048647680915, -16.791666973770894], [-20.861261739, -16.746133381], [-20.85941840156552, -16.567490316572563], [-20.841613467589976, -16.39135200085225], [-20.78987271913257, -16.220539010028464], [-20.751646306751784, -16.047605303419928]]]}}, {"type": "Feature", "properties": {"pcode": "XK070302", "area_name": "Mbivo", "parent_pcode": "XK0703", "level": "ward"}, "geometry": {"type": "Polygon", "coordinates": [[[-20.53326768, -16.971787774], [-20.60126456558064, -16.89502247276378], [-20.716570809400558, -16.88702245560331], [-20.778845985640498, -16.801940512948665], [-20.861261739, -16.746133381], [-20.990048647680915, -16.791666973770894], [-21.13308471210279, -16.76303901724925], [-21.262401368771105, -16.805815469022175], [-21.391817791875734, -16.84807267312728], [-21.356076176310864, -17.095599735932456], [-21.253865945, -17.431822606], [-21.068057465792634, -17.526113172175574], [-20.891126512557328, -17.631656075641253], [-20.77182472625564, -17.810244422862954], [-20.70351836, -17.864941891], [-20.656351162910692, -17.64253106454856], [-20.548047523072555, -17.431773905423565], [-20.582308531684212, -17.193841449358708], [-20.53326768, -16.971787774]]]}}, {"type": "Feature", "properties": {"pcode": "XK070303", "area_name": "Zoma", "parent_pcode": "XK0703", "level": "ward"}, "geometry": {"type": "Polygon", "coordinates": [[[-19.881374790559356, -16.718817146337724], [-20.229402718728274, -16.456856592770503], [-20.568053541, -16.029632573], [-20.751646307, -16.047605303], [-20.78987271913257, -16.220539010028464], [-20.841613467589976, -16.39135200085225], [-20.85941840156552, -16.567490316572563], [-20.861261739, -16.746133381], [-20.778845985640498, -16.801940512948665], [-20.716570809400558, -16.88702245560331], [-20.60126456558064, -16.89502247276378], [-20.53326768, -16.971787774], [-20.367353733984686, -16.916123217771133], [-20.186881302632727, -16.897975163519604], [-20.027939363650624, -16.824344087450314], [-19.881374790559356, -16.718817146337724]]]}}, {"type": "Feature", "properties": {"pcode": "XK070304", "area_name": "Bichi", "parent_pcode": "XK0703", "level": "ward"}, "geometry": {"type": "Polygon", "coordinates": [[[-20.61236607535861, -17.937933613019037], [-20.530560233631846, -17.796913940310212], [-20.26715247752679, -17.7164185128002], [-19.997527368439368, -17.660156088608602], [-19.73057888272959, -17.72710147391436], [-19.46094946745482, -17.78226629109947], [-19.327597329, -17.817716464], [-19.763514510547715, -17.457969512945244], [-19.771616472939503, -16.80143221057575], [-19.881374791, -16.718817146], [-20.027939363650624, -16.824344087450314], [-20.186881302632727, -16.897975163519604], [-20.367353733984686, -16.916123217771133], [-20.53326768, -16.971787774], [-20.582308531684212, -17.193841449358708], [-20.548047523072555, -17.431773905423565], [-20.656351162910692, -17.64253106454856], [-20.70351836047301, -17.864941891330325], [-20.61236607535861, -17.937933613019037]]]}}, {"type": "Feature", "properties": {"pcode": "XK080101", "area_name": "Ngaze", "parent_pcode": "XK0801", "level": "ward"}, "geometry": {"type": "Polygon", "coordinates": [[[-23.258967235783633, -14.64121403338968], [-23.36497295, -14.825008289], [-23.36322868701933, -14.836713586972431], [-23.360085817856383, -14.84807494200453], [-23.353323838681156, -14.858546291433349], [-23.353717499, -14.870777344], [-23.01830763910882, -15.160552071653598], [-22.888363606, -15.359681631], [-22.8021878719264, -15.253741578468833], [-22.730638216494544, -15.13749479645916], [-22.627708607566408, -15.043360892388705], [-22.574455549, -14.914220834], [-22.63507010857851, -14.857147900055336], [-22.71491094837043, -14.819317607279725], [-22.74674719635413, -14.73344187230838], [-22.809933613, -14.678942984], [-22.92196965255083, -14.666864240121415], [-23.034000253823564, -14.65472077221392], [-23.148744453975727, -14.67487338209028], [-23.258967235783633, -14.64121403338968]]]}}, {"type": "Feature", "properties": {"pcode": "XK080102", "area_name": "Gakina", "parent_pcode": "XK0801", "level": "ward"}, "geometry": {"type": "Polygon", "coordinates": [[[-22.776029820735335, -13.901540862266232], [-22.918623577316634, -14.051121227336221], [-23.258967236, -14.641214033], [-23.148744453975727, -14.67487338209028], [-23.034000253823564, -14.65472077221392], [-22.92196965255083, -14.666864240121415], [-22.809933613, -14.678942984], [-22.794834550078672, -14.510210734295514], [-22.727640629972306, -14.35214533041792], [-22.74617008622764, -14.176527367826841], [-22.674867029516935, -14.019303342669106], [-22.776029820735335, -13.901540862266232]]]}}, {"type": "Feature", "properties": {"pcode": "XK080103", "area_name": "Shikodi", "parent_pcode": "XK0801", "level": "ward"}, "geometry": {"type": "Polygon", "coordinates": [[[-22.574455549, -14.914220834], [-22.482347651414525, -14.898918573348332], [-22.384150816671006, -14.920645367891684], [-22.298985347421578, -14.863123659843817], [-22.20592383500735, -14.853620680176846], [-22.25940496273596, -14.57015386797215], [-22.497608333516183, -14.225648219699652], [-22.67486703, -14.019303343], [-22.74617008622764, -14.176527367826841], [-22.727640629972306, -14.35214533041792], [-22.794834550078672, -14.510210734295514], [-22.809933613, -14.678942984], [-22.74674719635413, -14.73344187230838], [-22.71491094837043, -14.819317607279725], [-22.63507010857851, -14.857147900055336], [-22.574455549, -14.914220834]]]}}, {"type": "Feature", "properties": {"pcode": "XK080104", "area_name": "Levanga", "parent_pcode": "XK0801", "level": "ward"}, "geometry": {"type": "Polygon", "coordinates": [[[-22.88836360590821, -15.359681631479559], [-22.769279208215476, -15.542169608115504], [-22.43145998478857, -15.829382642623612], [-22.268022331, -15.942612989], [-22.191900512171987, -15.809130550506183], [-22.095816077403455, -15.684295902795435], [-22.099458311400475, -15.51625973432475], [-22.025159757, -15.381987459], [-22.179281005158327, -14.994836065232663], [-22.205923835, -14.85362068], [-22.298985347421578, -14.863123659843817], [-22.384150816671006, -14.920645367891684], [-22.482347651414525, -14.898918573348332], [-22.574455549, -14.914220834], [-22.627708607566408, -15.043360892388705], [-22.730638216494544, -15.13749479645916], [-22.8021878719264, -15.253741578468833], [-22.88836360590821, -15.359681631479559]]]}}, {"type": "Feature", "properties": {"pcode": "XK080201", "area_name": "Njewu", "parent_pcode": "XK0802", "level": "ward"}, "geometry": {"type": "Polygon", "coordinates": [[[-22.291601245805367, -13.38022518381977], [-22.306109954235193, -13.408596522556277], [-22.776029821, -13.901540862], [-22.497608333516183, -14.225648219699652], [-22.482005487, -14.2482141], [-22.363163381061263, -14.06784846893068], [-22.281284755050088, -13.861899578742767], [-22.14462683304785, -13.693864676264344], [-21.990429128547834, -13.5379694531165], [-22.01832391924893, -13.523201540051105], [-22.291601245805367, -13.38022518381977]]]}}, {"type": "Feature", "properties": {"pcode": "XK080202", "area_name": "Nujise", "parent_pcode": "XK0802", "level": "ward"}, "geometry": {"type": "Polygon", "coordinates": [[[-22.48200548705234, -14.24821409993181], [-22.293574332, -14.52073584], [-22.083590758473978, -14.33785584335848], [-21.84250276712284, -14.21363996388275], [-21.583063305167347, -14.124035657198753], [-21.3352016516011, -14.012595162091086], [-21.53424273064384, -13.904851865674614], [-21.745871676769195, -13.667441770226215], [-21.990429129, -13.537969453], [-22.14462683304785, -13.693864676264344], [-22.281284755050088, -13.861899578742767], [-22.363163381061263, -14.06784846893068], [-22.48200548705234, -14.24821409993181]]]}}, {"type": "Feature", "properties": {"pcode": "XK080203", "area_name": "Ngiloku", "parent_pcode": "XK0802", "level": "ward"}, "geometry": {"type": "Polygon", "coordinates": [[[-22.29357433249333, -14.520735839836076], [-22.25940496273596, -14.57015386797215], [-22.179281005158327, -14.994836065232663], [-22.025159757, -15.381987459], [-21.793498406413725, -15.250642840154054], [-21.58039678003357, -15.095474891279009], [-21.37741664205089, -14.92731496279259], [-21.193794612, -14.734306896], [-21.2288781247974, -14.56540442371275], [-21.273236138684506, -14.397446752472035], [-21.237949993708874, -14.221375665327194], [-21.263354022, -14.051487136], [-21.335201652, -14.012595162], [-21.583063305167347, -14.124035657198753], [-21.84250276712284, -14.21363996388275], [-22.083590758473978, -14.33785584335848], [-22.29357433249333, -14.520735839836076]]]}}, {"type": "Feature", "properties": {"pcode": "XK080301", "area_name": "Fuwime", "parent_pcode": "XK0803", "level": "ward"}, "geometry": {"type": "Polygon", "coordinates": [[[-22.2680223312392, -15.9426129886402], [-22.063362012, -16.084402584], [-21.686679294285188, -16.14867250519706], [-21.338334392, -16.050764816], [-21.295840890864852, -15.896586800333077], [-21.327536058033406, -15.730499276490406], [-21.273232584582544, -15.578217115878779], [-21.237550571, -15.422945652], [-21.295305081293478, -15.31872989945648], [-21.34579328733625, -15.208911086654261], [-21.474838427126222, -15.15966766656035], [-21.52527618105447, -15.049809950489358], [-21.58039678003357, -15.095474891279009], [-21.793498406413725, -15.250642840154054], [-22.025159757, -15.381987459], [-22.099458311400475, -15.51625973432475], [-22.095816077403455, -15.684295902795435], [-22.191900512171987, -15.809130550506183], [-22.2680223312392, -15.9426129886402]]]}}, {"type": "Feature", "properties": {"pcode": "XK080302", "area_name": "Wangaki", "parent_pcode": "XK0803", "level": "ward"}, "geometry": {"type": "Polygon", "coordinates": [[[-20.804034781, -15.405624373], [-20.732777985313593, -15.353733684272465], [-20.702358132256194, -15.263472186993944], [-20.63972284862186, -15.203480637450856], [-20.566806555803687, -15.153149229191124], [-20.696770327319644, -15.019584705559824], [-20.932154876423333, -14.855879374409502], [-21.193794612, -14.734306896], [-21.37741664205089, -14.92731496279259], [-21.525276181, -15.04980995], [-21.474838427126222, -15.15966766656035], [-21.34579328733625, -15.208911086654261], [-21.295305081293478, -15.31872989945648], [-21.237550571, -15.422945652], [-21.12850592072259, -15.435276495981306], [-21.022376713970452, -15.374639818161219], [-20.91334738562255, -15.386587185935248], [-20.804034781, -15.405624373]]]}}, {"type": "Feature", "properties": {"pcode": "XK080303", "area_name": "Diva", "parent_pcode": "XK0803", "level": "ward"}, "geometry": {"type": "Polygon", "coordinates": [[[-21.33833439231399, -16.050764816286687], [-21.316165031955578, -16.044533776805327], [-20.941044762300844, -16.066146379205755], [-20.568053541, -16.029632573], [-20.538890348, -15.966211142], [-20.623269977250043, -15.8346222620849], [-20.62484220714113, -15.663867418637697], [-20.73249784627035, -15.543287547110229], [-20.804034781, -15.405624373], [-20.91334738562255, -15.386587185935248], [-21.022376713970452, -15.374639818161219], [-21.12850592072259, -15.435276495981306], [-21.237550571, -15.422945652], [-21.273232584582544, -15.578217115878779], [-21.327536058033406, -15.730499276490406], [-21.295840890864852, -15.896586800333077], [-21.33833439231399, -16.050764816286687]]]}}, {"type": "Feature", "properties": {"pcode": "XK080304", "area_name": "Zani", "parent_pcode": "XK0803", "level": "ward"}, "geometry": {"type": "Polygon", "coordinates": [[[-20.538890348044337, -15.966211141862173], [-20.302059030968117, -15.4511721648179], [-20.221689653, -15.340076392], [-20.49109222822246, -15.23096128386983], [-20.566806556, -15.153149229], [-20.63972284862186, -15.203480637450856], [-20.702358132256194, -15.263472186993944], [-20.732777985313593, -15.353733684272465], [-20.804034781, -15.405624373], [-20.73249784627035, -15.543287547110229], [-20.62484220714113, -15.663867418637697], [-20.623269977250043, -15.8346222620849], [-20.538890348044337, -15.966211141862173]]]}}, {"type": "Feature", "properties": {"pcode": "XK080401", "area_name": "Vesha", "parent_pcode": "XK0804", "level": "ward"}, "geometry": {"type": "Polygon", "coordinates": [[[-21.421216280409382, -12.242308134475639], [-21.895789209575163, -12.606226766924944], [-22.291601246, -13.380225184], [-22.01832391924893, -13.523201540051105], [-21.752021952, -13.664185724], [-21.60929462734378, -13.50053170513102], [-21.490323009744895, -13.32084325107656], [-21.395399605481686, -13.124922928312541], [-21.269779165, -12.949722243], [-21.357265539496815, -12.783492456653825], [-21.279492103480866, -12.581885274506377], [-21.38715557983299, -12.41997482821174], [-21.421216280409382, -12.242308134475639]]]}}, {"type": "Feature", "properties": {"pcode": "XK080402", "area_name": "Tachu", "parent_pcode": "XK0804", "level": "ward"}, "geometry": {"type": "Polygon", "coordinates": [[[-21.75202195248436, -13.664185723673905], [-21.745871676769195, -13.667441770226215], [-21.53424273064384, -13.904851865674614], [-21.364655993, -13.996651178], [-21.215829446887234, -13.828788078304143], [-21.07085455456359, -13.657820333457549], [-20.896717967532723, -13.510358521131637], [-20.80213016, -13.29877601], [-20.92065957556955, -13.213679183701425], [-21.006803071962686, -13.085192930584654], [-21.17568989717208, -13.067563052758947], [-21.269779165, -12.949722243], [-21.395399605481686, -13.124922928312541], [-21.490323009744895, -13.32084325107656], [-21.60929462734378, -13.50053170513102], [-21.75202195248436, -13.664185723673905]]]}}, {"type": "Feature", "properties": {"pcode": "XK080403", "area_name": "Saba", "parent_pcode": "XK0804", "level": "ward"}, "geometry": {"type": "Polygon", "coordinates": [[[-21.364655992736772, -13.996651177949747], [-21.263354022, -14.051487136], [-20.850872141792646, -13.937094389128085], [-20.487159314520543, -13.737234537567316], [-20.155829348143428, -13.480624160916177], [-20.030211417, -13.385967579], [-20.22905598661502, -13.416092296158803], [-20.414914668330056, -13.331251192889543], [-20.60891269023372, -13.318468768220875], [-20.80213016, -13.29877601], [-20.896717967532723, -13.510358521131637], [-21.07085455456359, -13.657820333457549], [-21.215829446887234, -13.828788078304143], [-21.364655992736772, -13.996651177949747]]]}}, {"type": "Feature", "properties": {"pcode": "XK080404", "area_name": "Chimwa", "parent_pcode": "XK0804", "level": "ward"}, "geometry": {"type": "Polygon", "coordinates": [[[-19.821728411149707, -13.228869873154288], [-19.90107799964902, -13.15554402946897], [-20.07971168831433, -12.924792289715764], [-20.339487196776517, -12.798678538817482], [-20.60219640710866, -12.678795830435142], [-20.804044411559108, -12.47186217676213], [-20.985374762560298, -12.246732308177632], [-21.172302529, -12.05143262], [-21.42121628, -12.242308134], [-21.38715557983299, -12.41997482821174], [-21.279492103480866, -12.581885274506377], [-21.357265539496815, -12.783492456653825], [-21.269779165, -12.949722243], [-21.17568989717208, -13.067563052758947], [-21.006803071962686, -13.085192930584654], [-20.92065957556955, -13.213679183701425], [-20.80213016, -13.29877601], [-20.60891269023372, -13.318468768220875], [-20.414914668330056, -13.331251192889543], [-20.22905598661502, -13.416092296158803], [-20.03021141676925, -13.385967578603683], [-19.821728411149707, -13.228869873154288]]]}}, {"type": "Feature", "properties": {"pcode": "XK080501", "area_name": "Jabiwa", "parent_pcode": "XK0805", "level": "ward"}, "geometry": {"type": "Polygon", "coordinates": [[[-20.49959689735219, -13.744068977466375], [-20.850872141792646, -13.937094389128085], [-21.263354022, -14.051487136], [-21.237949993708874, -14.221375665327194], [-21.273236138684506, -14.397446752472035], [-21.2288781247974, -14.56540442371275], [-21.193794612, -14.734306896], [-21.178486306, -14.741419992], [-20.87231022032421, -14.6935290295004], [-20.590977119121536, -14.56632188545276], [-20.316774905194446, -14.416347961900005], [-20.008555528, -14.374980615], [-20.175834727484116, -14.251901932564277], [-20.222228065812693, -14.034737240013518], [-20.40493671600422, -13.923667368545841], [-20.49959689735219, -13.744068977466375]]]}}, {"type": "Feature", "properties": {"pcode": "XK080502", "area_name": "Vamwe", "parent_pcode": "XK0805", "level": "ward"}, "geometry": {"type": "Polygon", "coordinates": [[[-21.178486306386727, -14.74141999237106], [-20.932154876423333, -14.855879374409502], [-20.696770327319644, -15.019584705559824], [-20.49109222822246, -15.23096128386983], [-20.221689652691936, -15.340076391857538], [-19.916588346537555, -14.918330371601431], [-19.923569425, -14.40734144], [-19.947030682265797, -14.405067568800764], [-19.964635048779954, -14.387412312217219], [-19.988021412171545, -14.384941754483954], [-20.008555528, -14.374980615], [-20.316774905194446, -14.416347961900005], [-20.590977119121536, -14.56632188545276], [-20.87231022032421, -14.6935290295004], [-21.178486306386727, -14.74141999237106]]]}}, {"type": "Feature", "properties": {"pcode": "XK080503", "area_name": "Mwembo", "parent_pcode": "XK0805", "level": "ward"}, "geometry": {"type": "Polygon", "coordinates": [[[-20.130194450577065, -13.46130755726399], [-20.155829348143428, -13.480624160916177], [-20.487159314520543, -13.737234537567316], [-20.499596897, -13.744068977], [-20.40493671600422, -13.923667368545841], [-20.222228065812693, -14.034737240013518], [-20.175834727484116, -14.251901932564277], [-20.008555528, -14.374980615], [-19.988021412171545, -14.384941754483954], [-19.964635048779954, -14.387412312217219], [-19.947030682265797, -14.405067568800764], [-19.923569425075527, -14.407341439780472], [-19.925927466917493, -14.234741564924283], [-19.676911594, -13.689162144], [-19.799336334288117, -13.650309604808086], [-19.889458703967133, -13.54719629724478], [-20.020473508889317, -13.525432415737619], [-20.130194450577065, -13.46130755726399]]]}}, {"type": "Feature", "properties": {"pcode": "XK080504", "area_name": "Numuta", "parent_pcode": "XK0805", "level": "ward"}, "geometry": {"type": "Polygon", "coordinates": [[[-19.661611396332322, -13.65564029244414], [-19.664785036575577, -13.649406558076539], [-19.68675869023112, -13.353593502419399], [-19.821728411, -13.228869873], [-20.130194451, -13.461307557], [-20.020473508889317, -13.525432415737619], [-19.889458703967133, -13.54719629724478], [-19.799336334288117, -13.650309604808086], [-19.676911594404658, -13.68916214434392], [-19.661611396332322, -13.65564029244414]]]}}, {"type": "Feature", "properties": {"pcode": "XK090101", "area_name": "Wisave", "parent_pcode": "XK0901", "level": "ward"}, "geometry": {"type": "Polygon", "coordinates": [[[-20.197156509704566, -15.30616386768741], [-20.302059030968117, -15.4511721648179], [-20.568053541, -16.029632573], [-20.229402718728274, -16.456856592770503], [-20.07961835, -16.569599258], [-19.834648255702046, -16.395600398070563], [-19.513960809259252, -16.386760486149253], [-19.270518851571712, -16.209428368679237], [-19.006254931, -16.077514288], [-19.001100205, -15.972382787], [-19.13856084272101, -15.798133924475106], [-19.37762689882307, -15.736789732608308], [-19.451354593913077, -15.491720366487458], [-19.651473304, -15.387097604], [-19.789801048064522, -15.379721435507493], [-19.930142323931626, -15.385921193985888], [-20.06345863439168, -15.344756208973902], [-20.197156509704566, -15.30616386768741]]]}}, {"type": "Feature", "properties": {"pcode": "XK090102", "area_name": "Mbeji", "parent_pcode": "XK0901", "level": "ward"}, "geometry": {"type": "Polygon", "coordinates": [[[-19.92289796679843, -14.456489683265898], [-19.916588346537555, -14.918330371601431], [-20.19715651, -15.306163868], [-20.06345863439168, -15.344756208973902], [-19.930142323931626, -15.385921193985888], [-19.789801048064522, -15.379721435507493], [-19.651473304, -15.387097604], [-19.486158501599544, -15.223652078431058], [-19.374144136113834, -15.028134676805559], [-19.34569511398572, -14.782334435302493], [-19.18687586, -14.614980416], [-19.376736203591303, -14.60254717497205], [-19.549372767392242, -14.510127663126585], [-19.7480880708863, -14.538816361038911], [-19.92289796679843, -14.456489683265898]]]}}, {"type": "Feature", "properties": {"pcode": "XK090103", "area_name": "Gusho", "parent_pcode": "XK0901", "level": "ward"}, "geometry": {"type": "Polygon", "coordinates": [[[-19.455015838740913, -13.856923297089292], [-19.530206456652454, -13.913748781677054], [-19.661611396, -13.655640292], [-19.925927466917493, -14.234741564924283], [-19.922897967, -14.456489683], [-19.7480880708863, -14.538816361038911], [-19.549372767392242, -14.510127663126585], [-19.376736203591303, -14.60254717497205], [-19.18687586, -14.614980416], [-19.142644753857805, -14.604421563187934], [-19.096317538002697, -14.59934364864123], [-19.06120478439726, -14.564941994554017], [-19.018434845647356, -14.550562458547125], [-19.090635547050127, -14.330496795814469], [-19.342225085306474, -14.138022219262119], [-19.455015838740913, -13.856923297089292]]]}}, {"type": "Feature", "properties": {"pcode": "XK090104", "area_name": "Kinya", "parent_pcode": "XK0901", "level": "ward"}, "geometry": {"type": "Polygon", "coordinates": [[[-19.00110020456608, -15.972382786980852], [-18.991081124736098, -15.768041991235636], [-18.848820129320185, -15.478607290420884], [-18.885993252535446, -15.160881552620449], [-18.814341281, -14.860314061], [-18.99484855845271, -14.62245278401554], [-19.018434846, -14.550562459], [-19.06120478439726, -14.564941994554017], [-19.096317538002697, -14.59934364864123], [-19.142644753857805, -14.604421563187934], [-19.18687586, -14.614980416], [-19.34569511398572, -14.782334435302493], [-19.374144136113834, -15.028134676805559], [-19.486158501599544, -15.223652078431058], [-19.651473304, -15.387097604], [-19.451354593913077, -15.491720366487458], [-19.37762689882307, -15.736789732608308], [-19.13856084272101, -15.798133924475106], [-19.00110020456608, -15.972382786980852]]]}}, {"type": "Feature", "properties": {"pcode": "XK090201", "area_name": "Mwahi", "parent_pcode": "XK0902", "level": "ward"}, "geometry": {"type": "Polygon", "coordinates": [[[-20.079618350056563, -16.569599257818677], [-19.771616472939503, -16.80143221057575], [-19.763514510547715, -17.457969512945244], [-19.355255056, -17.794891525], [-19.285298597263374, -17.630403246986962], [-19.120851302418938, -17.524950946857285], [-19.04996297317772, -17.361044882832026], [-18.981028482, -17.1959181], [-19.111075115285782, -16.988359365618162], [-19.154392215230096, -16.734561137204025], [-19.38186208834315, -16.57894320249033], [-19.44082917055285, -16.33348869820831], [-19.513960809259252, -16.386760486149253], [-19.834648255702046, -16.395600398070563], [-20.079618350056563, -16.569599257818677]]]}}, {"type": "Feature", "properties": {"pcode": "XK090202", "area_name": "Ngagi", "parent_pcode": "XK0902", "level": "ward"}, "geometry": {"type": "Polygon", "coordinates": [[[-18.165794961660957, -17.0242195001692], [-18.146221425156927, -16.981156868006494], [-18.120028869, -16.563113828], [-18.31725196969875, -16.39730511515324], [-18.547234587989742, -16.291282987501347], [-18.810310462356025, -16.245656522519056], [-19.006254931, -16.077514288], [-19.270518851571712, -16.209428368679237], [-19.440829171, -16.333488698], [-19.38186208834315, -16.57894320249033], [-19.154392215230096, -16.734561137204025], [-19.111075115285782, -16.988359365618162], [-18.981028482, -17.1959181], [-18.781695881304444, -17.131742226535724], [-18.562104652405605, -17.163755330620063], [-18.363448834445066, -17.096366058960673], [-18.165794961660957, -17.0242195001692]]]}}, {"type": "Feature", "properties": {"pcode": "XK090203", "area_name": "Ndochi", "parent_pcode": "XK0902", "level": "ward"}, "geometry": {"type": "Polygon", "coordinates": [[[-19.35525505593296, -17.7948915245918], [-19.327597328651535, -17.817716463507235], [-19.20138252879345, -17.851269254302593], [-18.957320906806643, -17.963386733983583], [-18.715025577073853, -18.077126510241627], [-18.46812802578218, -18.180496538198128], [-18.278898221, -18.230130254], [-18.22835423971472, -17.814407944053553], [-18.32943536841116, -17.384235516763322], [-18.165794962, -17.0242195], [-18.363448834445066, -17.096366058960673], [-18.562104652405605, -17.163755330620063], [-18.781695881304444, -17.131742226535724], [-18.981028482, -17.1959181], [-19.04996297317772, -17.361044882832026], [-19.120851302418938, -17.524950946857285], [-19.285298597263374, -17.630403246986962], [-19.35525505593296, -17.7948915245918]]]}}, {"type": "Feature", "properties": {"pcode": "XK090301", "area_name": "Gijambi", "parent_pcode": "XK0903", "level": "ward"}, "geometry": {"type": "Polygon", "coordinates": [[[-18.24783280628404, -13.359136420849707], [-18.250265643473117, -13.359884077710552], [-18.519379391748263, -13.456877171390618], [-18.804097487627036, -13.489170989077115], [-19.08214983516362, -13.558410983379538], [-19.3020332316218, -13.74130633549882], [-19.455015839, -13.856923297], [-19.342225085306474, -14.138022219262119], [-19.192719287, -14.252399254], [-18.972903959914593, -14.165637191654886], [-18.729371485421563, -14.160906970651212], [-18.53198746635289, -13.996560472510152], [-18.288687926, -13.991024589], [-18.25985471039897, -13.834256398115334], [-18.22108855724256, -13.678130427446725], [-18.23022520504994, -13.518907271578547], [-18.24783280628404, -13.359136420849707]]]}}, {"type": "Feature", "properties": {"pcode": "XK090302", "area_name": "Jaga", "parent_pcode": "XK0903", "level": "ward"}, "geometry": {"type": "Polygon", "coordinates": [[[-18.288687926, -13.991024589], [-18.53198746635289, -13.996560472510152], [-18.729371485421563, -14.160906970651212], [-18.972903959914593, -14.165637191654886], [-19.192719286656597, -14.252399253723446], [-19.090635547050127, -14.330496795814469], [-18.99484855845271, -14.62245278401554], [-18.814341281, -14.860314061], [-18.321044247383988, -15.00311730657325], [-18.132600537, -14.913862532], [-18.09816220334429, -14.782983827578114], [-18.069287227989168, -14.650727664714983], [-18.069615931368563, -14.511240823614928], [-18.002511178, -14.388450154], [-18.07401284401185, -14.289063144392294], [-18.182531222797444, -14.216330993998891], [-18.242416815811527, -14.108579525011148], [-18.288687926, -13.991024589]]]}}, {"type": "Feature", "properties": {"pcode": "XK090303", "area_name": "Chonja", "parent_pcode": "XK0903", "level": "ward"}, "geometry": {"type": "Polygon", "coordinates": [[[-17.21793015150843, -14.150635947906252], [-17.322982363247604, -14.032518317909048], [-17.40900575121274, -13.84615663089244], [-17.520293414113045, -13.67368704589014], [-17.520004150026676, -13.466934468663819], [-17.493412114671457, -13.261898921699144], [-17.54356296479268, -13.061701032246066], [-17.58471497151764, -12.859461533008513], [-17.79159852996769, -13.0574604788542], [-17.976827575287693, -13.275851390026801], [-18.247832806, -13.359136421], [-18.23022520504994, -13.518907271578547], [-18.22108855724256, -13.678130427446725], [-18.25985471039897, -13.834256398115334], [-18.288687926, -13.991024589], [-18.242416815811527, -14.108579525011148], [-18.182531222797444, -14.216330993998891], [-18.07401284401185, -14.289063144392294], [-18.002511178, -14.388450154], [-17.79900351366022, -14.35328617541459], [-17.62248239364344, -14.229089960322963], [-17.405945849522777, -14.23691000711626], [-17.21793015150843, -14.150635947906252]]]}}, {"type": "Feature", "properties": {"pcode": "XK090304", "area_name": "Manje", "parent_pcode": "XK0903", "level": "ward"}, "geometry": {"type": "Polygon", "coordinates": [[[-16.805931559620248, -15.04184514191986], [-16.806113376214853, -14.89699463235696], [-16.83411343946166, -14.692492776477163], [-16.9377735463549, -14.513343320227555], [-17.07500469955938, -14.35839960132996], [-17.18651220892267, -14.18596136234714], [-17.217930152, -14.150635948], [-17.405945849522777, -14.23691000711626], [-17.62248239364344, -14.229089960322963], [-17.79900351366022, -14.35328617541459], [-18.002511178, -14.388450154], [-18.069615931368563, -14.511240823614928], [-18.069287227989168, -14.650727664714983], [-18.09816220334429, -14.782983827578114], [-18.132600536947592, -14.91386253164635], [-17.79219987588932, -14.752634628006772], [-17.310235304010444, -15.0208170989465], [-16.805931559620248, -15.04184514191986]]]}}, {"type": "Feature", "properties": {"pcode": "XK090401", "area_name": "Mango", "parent_pcode": "XK0904", "level": "ward"}, "geometry": {"type": "Polygon", "coordinates": [[[-18.148035409330348, -14.921173128839316], [-18.321044247383988, -15.00311730657325], [-18.814341281, -14.860314061], [-18.885993252535446, -15.160881552620449], [-18.848820129320185, -15.478607290420884], [-18.991081124736098, -15.768041991235636], [-19.006254931, -16.077514288], [-18.810310462356025, -16.245656522519056], [-18.547234587989742, -16.291282987501347], [-18.31725196969875, -16.39730511515324], [-18.149204101, -16.538585729], [-18.105991690851575, -16.134263591827395], [-18.17845547669714, -15.72985787063619], [-18.034346207999157, -15.325608638392985], [-18.148035409330348, -14.921173128839316]]]}}, {"type": "Feature", "properties": {"pcode": "XK090402", "area_name": "Femevi", "parent_pcode": "XK0904", "level": "ward"}, "geometry": {"type": "Polygon", "coordinates": [[[-17.40442839663961, -14.968404664919932], [-17.79219987588932, -14.752634628006772], [-18.148035409, -14.921173129], [-18.034346207999157, -15.325608638392985], [-18.17845547669714, -15.72985787063619], [-18.105991690851575, -16.134263591827395], [-18.149204101212394, -16.538585729197152], [-18.120028869, -16.563113828], [-17.703886950826003, -16.42612184592198], [-17.344766635, -16.380068066], [-17.347829563398054, -16.026651287727336], [-17.35346539173851, -15.673343249076249], [-17.30401815004701, -15.317707209988122], [-17.40442839663961, -14.968404664919932]]]}}, {"type": "Feature", "properties": {"pcode": "XK090403", "area_name": "Paku", "parent_pcode": "XK0904", "level": "ward"}, "geometry": {"type": "Polygon", "coordinates": [[[-16.483612125666706, -15.827029819440565], [-16.592127794779742, -15.659889916123033], [-16.669512410123343, -15.476251632989674], [-16.735764598997775, -15.289126315773796], [-16.805854290481637, -15.103404286866363], [-16.80593156, -15.041845142], [-17.310235304010444, -15.0208170989465], [-17.404428397, -14.968404665], [-17.30401815004701, -15.317707209988122], [-17.35346539173851, -15.673343249076249], [-17.347829563398054, -16.026651287727336], [-17.344766635022967, -16.38006806612077], [-17.25457429471048, -16.36850175255475], [-16.88620684127193, -16.11719366738357], [-16.508002660667167, -15.889423183050164], [-16.483612125666706, -15.827029819440565]]]}}, {"type": "Feature", "properties": {"pcode": "XK090501", "area_name": "Wachoja", "parent_pcode": "XK0905", "level": "ward"}, "geometry": {"type": "Polygon", "coordinates": [[[-17.672462383881005, -16.42209194278716], [-17.703886950826003, -16.42612184592198], [-18.120028869, -16.563113828], [-18.146221425156927, -16.981156868006494], [-18.32943536841116, -17.384235516763322], [-18.319997997, -17.424398277], [-18.100010934327557, -17.33793089820843], [-17.864734536870674, -17.395217248456937], [-17.634875185291868, -17.401571327528583], [-17.413517907, -17.327987021], [-17.40007636889328, -17.22458384646426], [-17.36025792823149, -17.12289799019318], [-17.38051461253525, -17.017300828978694], [-17.386475588, -16.912634417], [-17.424721664135816, -16.770613649197045], [-17.54882864860771, -16.67864988436155], [-17.614410503867603, -16.552565905526347], [-17.672462383881005, -16.42209194278716]]]}}, {"type": "Feature", "properties": {"pcode": "XK090502", "area_name": "Tezu", "parent_pcode": "XK0905", "level": "ward"}, "geometry": {"type": "Polygon", "coordinates": [[[-18.27889822127537, -18.230130253953757], [-18.21571946177228, -18.246701621234628], [-17.95997668898329, -18.298555554273555], [-17.701282269918927, -18.33418409416286], [-17.440376320967598, -18.34515136873322], [-17.37421866, -18.295149048], [-17.36913161285085, -18.05376533890815], [-17.462174914560684, -17.816028580020625], [-17.42995646752413, -17.57363655020523], [-17.410024571, -17.331701142], [-17.41079217816565, -17.330673169821047], [-17.4115280847007, -17.329615381447603], [-17.412556574790425, -17.328832784072127], [-17.413517907, -17.327987021], [-17.634875185291868, -17.401571327528583], [-17.864734536870674, -17.395217248456937], [-18.100010934327557, -17.33793089820843], [-18.319997996566137, -17.424398277173392], [-18.22835423971472, -17.814407944053553], [-18.27889822127537, -18.230130253953757]]]}}, {"type": "Feature", "properties": {"pcode": "XK090503", "area_name": "Ndamba", "parent_pcode": "XK0905", "level": "ward"}, "geometry": {"type": "Polygon", "coordinates": [[[-16.734652200242664, -16.658810159556175], [-16.729973176224018, -16.532224727509167], [-16.675949952792024, -16.287559492598113], [-16.574490053660554, -16.059504408673664], [-16.508002661, -15.889423183], [-16.88620684127193, -16.11719366738357], [-17.25457429471048, -16.36850175255475], [-17.672462384, -16.422091943], [-17.614410503867603, -16.552565905526347], [-17.54882864860771, -16.67864988436155], [-17.424721664135816, -16.770613649197045], [-17.386475588, -16.912634417], [-17.20673517872144, -16.89228128696053], [-17.052660456957184, -16.806018398773222], [-16.88379435382545, -16.757739935045997], [-16.734652200242664, -16.658810159556175]]]}}, {"type": "Feature", "properties": {"pcode": "XK090504", "area_name": "Gamba", "parent_pcode": "XK0905", "level": "ward"}, "geometry": {"type": "Polygon", "coordinates": [[[-17.374218659891017, -18.29514904846826], [-17.229979123295102, -18.186132021772146], [-17.050913819479526, -17.992509320453834], [-16.80264348626881, -17.901838969535632], [-16.58029381825958, -17.758940767922113], [-16.64718852193025, -17.519170548631276], [-16.67448601, -17.424127271], [-16.858045056684855, -17.39842962490624], [-17.04436646552975, -17.394715198386194], [-17.232489803871392, -17.405340749569422], [-17.410024571, -17.331701142], [-17.42995646752413, -17.57363655020523], [-17.462174914560684, -17.816028580020625], [-17.36913161285085, -18.05376533890815], [-17.374218659891017, -18.29514904846826]]]}}, {"type": "Feature", "properties": {"pcode": "XK090505", "area_name": "Ndadifa", "parent_pcode": "XK0905", "level": "ward"}, "geometry": {"type": "Polygon", "coordinates": [[[-16.674486010355164, -17.42412727067679], [-16.71590506812814, -17.279916090539906], [-16.71653214818842, -17.030746671840138], [-16.739228343781956, -16.782612282546427], [-16.7346522, -16.65881016], [-16.88379435382545, -16.757739935045997], [-17.052660456957184, -16.806018398773222], [-17.20673517872144, -16.89228128696053], [-17.386475588, -16.912634417], [-17.38051461253525, -17.017300828978694], [-17.36025792823149, -17.12289799019318], [-17.40007636889328, -17.22458384646426], [-17.413517907, -17.327987021], [-17.412556574790425, -17.328832784072127], [-17.4115280847007, -17.329615381447603], [-17.41079217816565, -17.330673169821047], [-17.410024571, -17.331701142], [-17.232489803871392, -17.405340749569422], [-17.04436646552975, -17.394715198386194], [-16.858045056684855, -17.39842962490624], [-16.674486010355164, -17.42412727067679]]]}}]}